DATE,HOUR,DA_DEMD,DEMAND,DA_LMP,DA_EC,DA_CC,DA_MLC,RT_LMP,RT_EC,RT_CC,RT_MLC,DRYBULB,DEWPNT
2003-03-01 00:00:00,0,0.0,1855.0,73.77,72.89,0.0,0.88,79.34,78.83,0.0,0.51,20,15
2003-03-01 01:00:00,1,0.0,1795.0,71.87,71.02,0.0,0.85,138.32,137.51,0.0,0.81,20,16
2003-03-01 02:00:00,2,0.0,1761.0,70.85,70.0,0.0,0.85,152.05,151.19,0.0,0.86,21,17
2003-03-01 03:00:00,3,0.0,1740.0,69.95,69.11,0.0,0.84,151.48,150.55,0.0,0.93,21,17
2003-03-01 04:00:00,4,0.0,1750.0,70.85,69.99,0.0,0.86,147.27,146.43,0.0,0.84,21,17
2003-03-01 05:00:00,5,0.0,1799.0,70.85,69.98,0.0,0.87,158.07,157.09,0.0,0.98,21,17
2003-03-01 06:00:00,6,0.0,1888.0,73.38,73.26,-0.79,0.91,187.41,186.15,0.0,1.26,22,17
2003-03-01 07:00:00,7,0.0,2001.0,80.81,81.01,-1.23,1.03,155.44,154.43,0.0,1.01,23,17
2003-03-01 08:00:00,8,0.0,2135.0,86.0,85.03,-0.11,1.08,142.07,141.06,0.0,1.01,24,18
2003-03-01 09:00:00,9,0.0,2210.0,89.0,88.0,-0.12,1.12,158.81,156.97,0.0,1.84,27,20
2003-03-01 10:00:00,10,0.0,2217.0,89.0,88.02,-0.12,1.1,144.97,143.13,0.0,1.84,30,19
2003-03-01 11:00:00,11,0.0,2184.0,88.0,87.03,-0.12,1.09,104.51,103.19,0.0,1.32,31,20
2003-03-01 12:00:00,12,0.0,2123.0,85.57,84.78,-0.27,1.06,89.8,88.65,0.0,1.15,33,22
2003-03-01 13:00:00,13,0.0,2067.0,80.8,80.69,-0.89,1.0,72.58,71.84,0.0,0.74,35,21
2003-03-01 14:00:00,14,0.0,2032.0,73.93,74.9,-1.9,0.93,65.13,64.6,0.0,0.53,35,23
2003-03-01 15:00:00,15,0.0,2019.0,72.38,73.13,-1.68,0.93,74.22,73.54,0.0,0.68,36,22
2003-03-01 16:00:00,16,0.0,2066.0,73.79,75.32,-2.51,0.98,70.37,69.71,0.0,0.66,36,23
2003-03-01 17:00:00,17,0.0,2186.0,84.75,86.37,-2.76,1.14,85.65,85.06,0.0,0.59,35,24
2003-03-01 18:00:00,18,0.0,2279.0,88.47,91.11,-3.83,1.19,95.37,94.91,0.0,0.46,33,24
2003-03-01 19:00:00,19,0.0,2235.0,80.88,85.54,-5.76,1.1,53.43,53.09,0.0,0.34,32,25
2003-03-01 20:00:00,20,0.0,2168.0,74.0,78.14,-5.13,0.99,90.23,89.38,0.0,0.85,31,28
2003-03-01 21:00:00,21,0.0,2072.0,71.43,73.5,-2.98,0.91,54.49,53.96,0.0,0.53,30,30
2003-03-01 22:00:00,22,0.0,1941.0,70.0,71.48,-2.35,0.87,38.98,38.54,0.0,0.44,30,30
2003-03-01 23:00:00,23,0.0,1797.0,68.83,71.34,-3.37,0.86,68.08,67.23,0.0,0.85,30,30
2003-03-02 00:00:00,0,2058.7,1685.0,92.76,91.42,-0.03,1.37,80.03,79.09,0.0,0.94,30,30
2003-03-02 01:00:00,1,2003.7,1626.0,86.58,85.41,-0.09,1.26,62.55,61.72,0.0,0.83,30,30
2003-03-02 02:00:00,2,1999.5,1583.0,85.24,84.08,-0.09,1.25,29.91,29.47,0.0,0.44,30,30
2003-03-02 03:00:00,3,2145.0,1558.0,85.24,84.07,-0.09,1.26,60.14,59.17,0.0,0.97,30,30
2003-03-02 04:00:00,4,2113.8,1555.0,85.24,84.06,-0.09,1.27,84.19,82.84,0.0,1.35,30,30
2003-03-02 05:00:00,5,1992.6,1581.0,85.26,84.07,-0.08,1.27,76.29,75.24,0.0,1.05,31,31
2003-03-02 06:00:00,6,1748.0,1643.0,87.54,86.31,-0.11,1.34,55.3,54.67,0.0,0.63,31,31
2003-03-02 07:00:00,7,1616.5,1731.0,90.35,89.08,-0.13,1.4,73.36,72.55,0.0,0.81,31,31
2003-03-02 08:00:00,8,1728.5,1881.0,92.76,91.43,-0.14,1.47,88.41,87.58,0.0,0.83,31,31
2003-03-02 09:00:00,9,1813.5,2019.0,95.26,93.91,-0.16,1.51,153.28,151.78,0.0,1.5,32,32
2003-03-02 10:00:00,10,1854.4,2109.0,98.57,97.16,-0.15,1.56,168.93,167.2,0.0,1.73,32,32
2003-03-02 11:00:00,11,1870.6,2161.0,99.28,97.86,-0.14,1.56,143.57,141.71,0.0,1.86,32,32
2003-03-02 12:00:00,12,1861.0,2173.0,97.37,96.01,-0.15,1.51,109.57,108.17,0.0,1.4,33,33
2003-03-02 13:00:00,13,1832.3,2154.0,96.84,95.48,-0.13,1.49,85.58,84.44,0.0,1.14,34,34
2003-03-02 14:00:00,14,1799.1,2112.0,94.8,93.46,-0.12,1.46,77.89,76.91,0.0,0.98,36,36
2003-03-02 15:00:00,15,1807.1,2098.0,95.53,94.15,-0.11,1.49,78.34,77.35,0.0,0.99,35,35
2003-03-02 16:00:00,16,1870.6,2169.0,96.84,95.4,-0.13,1.57,116.17,114.6,0.0,1.57,34,34
2003-03-02 17:00:00,17,1723.9,2258.0,100.5,99.03,-0.19,1.66,139.68,137.98,0.0,1.7,34,34
2003-03-02 18:00:00,18,1765.3,2333.0,108.09,106.51,-0.17,1.75,147.43,145.74,0.0,1.69,35,35
2003-03-02 19:00:00,19,1776.6,2290.0,114.17,112.45,-0.12,1.84,104.6,103.47,0.0,1.13,35,35
2003-03-02 20:00:00,20,1743.5,2208.0,100.5,99.08,-0.15,1.57,70.5,69.77,0.0,0.73,34,34
2003-03-02 21:00:00,21,1912.5,2069.0,98.77,97.38,-0.1,1.49,41.74,41.3,0.0,0.44,34,33
2003-03-02 22:00:00,22,2088.6,1900.0,97.91,96.53,-0.06,1.44,28.0,27.63,0.0,0.37,35,33
2003-03-02 23:00:00,23,2156.6,1756.0,95.61,94.28,-0.08,1.41,31.0,30.57,0.0,0.43,34,31
2003-03-03 00:00:00,0,2506.3,1661.0,92.2,97.5,-6.64,1.34,23.08,22.78,0.0,0.3,33,27
2003-03-03 01:00:00,1,2471.1,1627.0,88.97,94.43,-6.77,1.31,25.11,24.75,0.0,0.36,32,22
2003-03-03 02:00:00,2,2482.3,1634.0,86.44,92.01,-6.85,1.28,45.84,45.15,0.0,0.69,31,19
2003-03-03 03:00:00,3,2476.8,1665.0,87.49,93.36,-7.2,1.33,124.46,122.77,0.0,1.69,25,2
2003-03-03 04:00:00,4,2502.2,1744.0,89.49,95.25,-7.09,1.33,84.0,82.93,0.0,1.07,19,3
2003-03-03 05:00:00,5,2118.9,1946.0,96.87,102.12,-6.65,1.4,126.66,125.34,0.0,1.32,15,3
2003-03-03 06:00:00,6,1872.8,2276.0,101.67,106.4,-6.09,1.36,192.69,190.68,0.0,2.01,12,-3
2003-03-03 07:00:00,7,2085.3,2493.0,115.67,125.19,-11.13,1.61,148.5,147.13,0.0,1.37,8,-8
2003-03-03 08:00:00,8,2140.0,2557.0,126.35,136.15,-11.54,1.74,144.11,142.41,0.0,1.7,6,-13
2003-03-03 09:00:00,9,2149.1,2581.0,126.36,136.32,-11.69,1.73,142.52,140.41,0.0,2.11,5,-15
2003-03-03 10:00:00,10,2137.3,2600.0,116.37,128.58,-13.85,1.64,133.83,131.69,0.0,2.14,6,-16
2003-03-03 11:00:00,11,2100.6,2588.0,111.17,123.95,-14.39,1.61,123.01,120.97,0.0,2.04,8,-15
2003-03-03 12:00:00,12,2081.7,2561.0,109.18,122.49,-14.91,1.6,118.96,116.88,0.0,2.08,9,-16
2003-03-03 13:00:00,13,2067.1,2530.0,107.09,119.04,-13.5,1.55,105.26,103.38,0.0,1.88,10,-14
2003-03-03 14:00:00,14,2045.3,2487.0,104.91,114.35,-10.94,1.5,105.11,103.3,0.0,1.81,11,-13
2003-03-03 15:00:00,15,2062.8,2477.0,106.93,116.22,-10.81,1.52,111.19,109.17,0.0,2.02,12,-13
2003-03-03 16:00:00,16,2132.7,2525.0,108.37,125.97,-19.23,1.63,116.64,114.75,0.0,1.89,12,-15
2003-03-03 17:00:00,17,2257.7,2660.0,124.54,142.55,-19.88,1.87,167.89,165.36,0.0,2.53,11,-13
2003-03-03 18:00:00,18,2277.0,2825.0,135.52,150.71,-17.21,2.02,178.42,176.17,0.0,2.25,9,-14
2003-03-03 19:00:00,19,2270.0,2798.0,130.53,146.81,-18.25,1.97,141.88,139.76,0.0,2.12,8,-12
2003-03-03 20:00:00,20,2179.4,2711.0,122.01,136.61,-16.43,1.83,125.55,123.38,0.0,2.17,6,-11
2003-03-03 21:00:00,21,2043.4,2554.0,110.56,119.29,-10.33,1.6,132.19,130.01,0.0,2.18,4,-12
2003-03-03 22:00:00,22,1871.4,2344.0,100.76,109.13,-9.82,1.45,94.5,93.28,0.0,1.22,3,-11
2003-03-03 23:00:00,23,2112.8,2160.0,97.89,102.79,-6.28,1.38,96.66,95.5,0.0,1.16,2,-11
2003-03-04 00:00:00,0,2194.9,2052.0,100.95,99.53,0.0,1.42,98.48,97.42,0.0,1.06,2,-13
2003-03-04 01:00:00,1,2196.8,2001.0,99.03,97.63,0.0,1.4,96.58,95.63,0.0,0.95,2,-14
2003-03-04 02:00:00,2,2423.4,1985.0,97.63,96.25,0.0,1.38,106.41,105.19,0.0,1.22,2,-15
2003-03-04 03:00:00,3,2167.4,1989.0,100.6,99.17,0.0,1.43,113.65,112.39,0.0,1.26,2,-15
2003-03-04 04:00:00,4,2004.0,2035.0,100.95,99.51,0.0,1.44,118.48,117.08,0.0,1.4,1,-15
2003-03-04 05:00:00,5,2045.3,2203.0,107.51,105.97,0.0,1.54,130.16,128.81,0.0,1.35,1,-15
2003-03-04 06:00:00,6,2058.9,2486.0,124.25,121.08,1.42,1.75,184.11,182.47,0.0,1.64,2,-15
2003-03-04 07:00:00,7,2202.0,2666.0,141.45,137.67,1.81,1.97,220.25,218.34,0.0,1.91,3,-14
2003-03-04 08:00:00,8,2246.8,2698.0,148.52,144.52,1.96,2.04,156.28,154.38,0.0,1.9,6,-12
2003-03-04 09:00:00,9,2245.9,2670.0,144.48,140.65,1.85,1.98,146.3,144.33,0.0,1.97,9,-12
2003-03-04 10:00:00,10,2293.7,2629.0,137.41,133.86,1.67,1.88,125.92,124.18,0.0,1.74,14,-9
2003-03-04 11:00:00,11,2250.7,2583.0,128.5,125.31,1.44,1.75,111.56,109.85,0.0,1.71,19,-2
2003-03-04 12:00:00,12,2230.7,2519.0,124.26,121.21,1.36,1.69,106.85,104.58,0.71,1.56,22,5
2003-03-04 13:00:00,13,2203.6,2481.0,124.27,121.22,1.37,1.68,110.2,107.75,0.72,1.73,26,9
2003-03-04 14:00:00,14,2181.0,2420.0,120.19,117.31,1.24,1.64,93.67,92.14,0.0,1.53,29,9
2003-03-04 15:00:00,15,2198.4,2391.0,124.26,121.22,1.35,1.69,77.01,75.86,0.0,1.15,30,9
2003-03-04 16:00:00,16,2263.3,2420.0,128.17,124.98,1.41,1.78,72.55,71.54,0.0,1.01,31,10
2003-03-04 17:00:00,17,2374.6,2530.0,130.22,126.96,1.43,1.83,126.47,131.63,-7.21,2.05,30,12
2003-03-04 18:00:00,18,2364.6,2671.0,141.02,137.36,1.69,1.97,133.77,132.66,-1.06,2.17,29,13
2003-03-04 19:00:00,19,2400.0,2632.0,135.68,132.24,1.55,1.89,101.7,100.14,0.0,1.56,28,16
2003-03-04 20:00:00,20,2312.5,2531.0,128.5,125.31,1.42,1.77,81.66,80.4,0.0,1.26,27,18
2003-03-04 21:00:00,21,2160.0,2366.0,124.25,121.25,1.3,1.7,55.13,54.27,0.0,0.86,27,21
2003-03-04 22:00:00,22,2004.8,2152.0,106.65,104.34,0.87,1.44,70.28,68.1,0.94,1.24,27,24
2003-03-04 23:00:00,23,2024.6,1959.0,106.36,104.89,0.0,1.47,74.39,72.91,0.0,1.48,28,25
2003-03-05 00:00:00,0,2368.4,1838.0,100.3,98.91,0.0,1.39,56.02,54.94,0.0,1.08,28,26
2003-03-05 01:00:00,1,2312.2,1769.0,97.67,96.32,-0.01,1.36,50.08,49.15,0.0,0.93,28,26
2003-03-05 02:00:00,2,2284.9,1733.0,97.42,96.08,-0.01,1.35,45.29,44.42,0.0,0.87,29,27
2003-03-05 03:00:00,3,2008.6,1721.0,88.29,87.11,-0.05,1.23,44.71,43.79,0.0,0.92,30,28
2003-03-05 04:00:00,4,2338.2,1755.0,81.98,80.91,-0.08,1.15,40.11,39.28,0.0,0.83,31,31
2003-03-05 05:00:00,5,1899.4,1928.0,96.95,95.63,-0.02,1.34,59.3,58.23,0.0,1.07,32,32
2003-03-05 06:00:00,6,2045.6,2120.0,105.1,103.63,0.0,1.47,89.44,87.98,0.0,1.46,32,32
2003-03-05 07:00:00,7,2151.2,2292.0,107.73,106.79,-0.57,1.51,92.64,91.17,0.0,1.47,33,33
2003-03-05 08:00:00,8,2173.4,2320.0,115.93,114.59,-0.28,1.62,104.35,102.61,0.0,1.74,36,33
2003-03-05 09:00:00,9,2038.8,2323.0,121.06,119.48,-0.1,1.68,98.62,96.93,0.0,1.69,37,37
2003-03-05 10:00:00,10,2143.4,2334.0,115.93,114.6,-0.28,1.61,85.42,84.0,0.0,1.42,39,39
2003-03-05 11:00:00,11,2138.6,2323.0,110.96,109.88,-0.45,1.53,86.25,84.78,0.0,1.47,40,40
2003-03-05 12:00:00,12,2233.3,2299.0,123.2,121.52,-0.02,1.7,72.36,71.24,0.0,1.12,41,41
2003-03-05 13:00:00,13,2215.0,2299.0,123.06,121.39,-0.02,1.69,76.55,75.37,0.0,1.18,41,41
2003-03-05 14:00:00,14,2256.2,2277.0,119.29,117.72,-0.06,1.63,89.84,88.36,0.0,1.48,43,43
2003-03-05 15:00:00,15,2279.6,2264.0,114.5,113.05,-0.12,1.57,85.33,83.93,0.0,1.4,41,41
2003-03-05 16:00:00,16,2271.9,2350.0,122.96,121.26,-0.02,1.72,94.23,92.63,0.0,1.6,41,41
2003-03-05 17:00:00,17,2057.0,2500.0,123.2,121.54,-0.09,1.75,108.5,106.7,0.0,1.8,42,42
2003-03-05 18:00:00,18,2133.1,2565.0,124.38,122.67,-0.06,1.77,102.87,101.01,0.0,1.86,42,42
2003-03-05 19:00:00,19,2109.0,2516.0,123.37,121.71,-0.08,1.74,91.04,89.51,0.0,1.53,41,41
2003-03-05 20:00:00,20,2099.0,2425.0,120.74,119.11,-0.05,1.68,62.18,61.18,0.0,1.0,41,41
2003-03-05 21:00:00,21,2216.9,2267.0,107.72,106.58,-0.35,1.49,23.87,23.49,0.0,0.38,40,40
2003-03-05 22:00:00,22,2126.5,2050.0,95.12,94.52,-0.71,1.31,23.6,23.22,0.0,0.38,39,39
2003-03-05 23:00:00,23,1961.4,1870.0,90.8,89.61,-0.04,1.23,26.11,25.68,0.0,0.43,37,36
2003-03-06 00:00:00,0,1840.6,1773.0,91.05,89.78,-0.04,1.31,23.98,23.62,0.0,0.36,36,34
2003-03-06 01:00:00,1,1812.3,1734.0,80.4,79.36,-0.12,1.16,23.71,23.37,0.0,0.34,34,33
2003-03-06 02:00:00,2,1915.9,1710.0,75.53,74.55,-0.1,1.08,23.17,22.85,0.0,0.32,33,30
2003-03-06 03:00:00,3,1888.7,1711.0,75.54,74.55,-0.11,1.1,22.21,21.93,0.0,0.28,31,28
2003-03-06 04:00:00,4,1823.8,1757.0,75.86,74.86,-0.1,1.1,56.51,55.73,0.0,0.78,30,27
2003-03-06 05:00:00,5,1953.7,1910.0,87.35,86.07,0.0,1.28,96.26,94.78,0.0,1.48,29,23
2003-03-06 06:00:00,6,1911.2,2219.0,102.35,100.83,0.0,1.52,110.35,108.53,0.0,1.82,27,20
2003-03-06 07:00:00,7,1663.5,2387.0,104.37,103.43,-0.7,1.64,116.1,114.44,0.0,1.66,25,16
2003-03-06 08:00:00,8,1716.5,2433.0,105.06,104.11,-0.69,1.64,102.34,100.76,0.0,1.58,25,16
2003-03-06 09:00:00,9,1713.2,2442.0,105.38,104.58,-0.84,1.64,105.44,103.81,0.0,1.63,25,12
2003-03-06 10:00:00,10,1716.6,2469.0,105.38,104.58,-0.83,1.63,106.48,104.87,0.0,1.61,24,11
2003-03-06 11:00:00,11,1695.9,2493.0,101.22,100.65,-1.0,1.57,112.68,111.23,0.0,1.45,24,11
2003-03-06 12:00:00,12,1912.5,2502.0,101.19,100.48,-0.86,1.57,126.92,125.22,0.0,1.7,21,19
2003-03-06 13:00:00,13,1913.2,2524.0,96.48,95.77,-0.78,1.49,127.88,126.99,-0.56,1.45,20,17
2003-03-06 14:00:00,14,1870.8,2508.0,96.48,95.78,-0.79,1.49,105.81,106.08,-1.61,1.34,19,18
2003-03-06 15:00:00,15,1878.7,2500.0,99.11,98.3,-0.73,1.54,105.18,103.97,0.0,1.21,19,16
2003-03-06 16:00:00,16,1899.1,2463.0,105.38,104.65,-0.93,1.66,107.4,106.21,0.0,1.19,18,16
2003-03-06 17:00:00,17,1741.7,2628.0,113.82,112.7,-0.68,1.8,134.86,133.76,0.0,1.1,18,15
2003-03-06 18:00:00,18,1804.4,2767.0,120.94,119.66,-0.63,1.91,173.89,172.44,0.0,1.45,17,14
2003-03-06 19:00:00,19,1789.4,2715.0,113.82,112.69,-0.66,1.79,135.88,134.55,0.0,1.33,16,12
2003-03-06 20:00:00,20,1779.5,2604.0,106.39,105.42,-0.69,1.66,111.97,110.66,0.0,1.31,16,4
2003-03-06 21:00:00,21,1612.2,2442.0,99.74,98.91,-0.73,1.56,102.74,101.26,0.0,1.48,15,3
2003-03-06 22:00:00,22,1740.8,2250.0,91.44,91.32,-1.32,1.44,90.75,89.35,0.0,1.4,13,4
2003-03-06 23:00:00,23,2008.7,2072.0,85.29,84.07,0.0,1.22,98.13,96.59,0.0,1.54,11,1
2003-03-07 00:00:00,0,2069.8,1969.0,75.01,73.92,-0.05,1.14,89.1,87.95,0.0,1.15,9,-3
2003-03-07 01:00:00,1,2324.6,1926.0,73.91,72.78,-0.02,1.15,93.03,91.72,0.0,1.31,8,-6
2003-03-07 02:00:00,2,2412.2,1915.0,73.91,72.78,-0.02,1.15,104.52,101.79,1.22,1.51,7,-7
2003-03-07 03:00:00,3,2447.9,1923.0,73.91,72.78,-0.02,1.15,109.51,106.7,1.32,1.49,6,-7
2003-03-07 04:00:00,4,2292.5,1976.0,75.0,73.84,-0.02,1.18,115.42,112.72,1.24,1.46,7,-8
2003-03-07 05:00:00,5,1897.6,2150.0,82.72,81.47,-0.03,1.28,149.76,147.28,0.68,1.8,6,-7
2003-03-07 06:00:00,6,2092.9,2422.0,97.09,95.6,-0.04,1.53,128.13,126.61,0.0,1.52,7,-6
2003-03-07 07:00:00,7,1723.3,2572.0,103.21,102.42,-0.93,1.72,121.62,120.16,0.0,1.46,8,-7
2003-03-07 08:00:00,8,1748.8,2581.0,103.44,102.78,-1.04,1.7,131.88,130.29,0.0,1.59,11,-7
2003-03-07 09:00:00,9,1711.2,2544.0,105.49,104.42,-0.65,1.72,105.72,104.55,0.0,1.17,13,-2
2003-03-07 10:00:00,10,1732.2,2514.0,100.46,99.84,-1.03,1.65,106.36,105.26,0.0,1.1,15,3
2003-03-07 11:00:00,11,1690.3,2472.0,95.92,95.91,-1.57,1.58,110.56,109.46,0.0,1.1,18,2
2003-03-07 12:00:00,12,1670.7,2416.0,95.04,93.91,-0.42,1.55,92.3,91.36,0.0,0.94,21,3
2003-03-07 13:00:00,13,1674.6,2381.0,91.07,90.02,-0.43,1.48,80.35,79.59,0.0,0.76,23,4
2003-03-07 14:00:00,14,1652.4,2321.0,90.43,89.49,-0.54,1.48,71.79,71.33,0.0,0.46,25,9
2003-03-07 15:00:00,15,1666.2,2292.0,91.08,90.12,-0.53,1.49,91.23,90.61,0.0,0.62,26,8
2003-03-07 16:00:00,16,1663.4,2317.0,97.23,97.17,-1.57,1.63,99.98,99.61,-0.28,0.65,27,7
2003-03-07 17:00:00,17,1733.7,2411.0,99.05,99.07,-1.7,1.68,93.12,107.57,-15.11,0.66,26,9
2003-03-07 18:00:00,18,1785.9,2529.0,103.12,102.79,-1.42,1.75,94.12,114.89,-21.57,0.8,25,12
2003-03-07 19:00:00,19,1755.4,2486.0,97.97,97.84,-1.52,1.65,84.1,97.82,-14.54,0.82,23,13
2003-03-07 20:00:00,20,1691.3,2415.0,96.22,95.61,-1.0,1.61,97.32,96.77,-0.24,0.79,21,14
2003-03-07 21:00:00,21,1629.8,2297.0,91.1,90.39,-0.8,1.51,86.72,85.84,0.0,0.88,21,15
2003-03-07 22:00:00,22,1522.0,2138.0,86.05,85.27,-0.63,1.41,91.12,90.2,0.0,0.92,21,16
2003-03-07 23:00:00,23,1835.6,1964.0,75.01,73.92,-0.05,1.14,75.74,74.97,0.0,0.77,22,17
2003-03-08 00:00:00,0,2447.6,1839.0,78.04,77.2,-0.39,1.23,87.02,85.93,0.0,1.09,22,18
2003-03-08 01:00:00,1,2489.5,1769.0,75.67,74.64,-0.16,1.19,87.2,85.99,0.0,1.21,23,20
2003-03-08 02:00:00,2,2649.6,1731.0,75.67,74.64,-0.16,1.19,81.81,80.56,0.0,1.25,25,21
2003-03-08 03:00:00,3,2733.5,1704.0,75.43,74.35,-0.11,1.19,78.27,77.08,0.0,1.19,25,21
2003-03-08 04:00:00,4,2707.0,1710.0,75.67,74.63,-0.17,1.21,79.52,78.32,0.0,1.2,26,20
2003-03-08 05:00:00,5,2531.1,1766.0,77.49,76.41,-0.15,1.23,90.0,88.76,0.0,1.24,25,20
2003-03-08 06:00:00,6,2408.3,1845.0,78.3,77.38,-0.36,1.28,70.44,69.68,0.0,0.76,24,19
2003-03-08 07:00:00,7,2028.9,1961.0,85.49,84.64,-0.53,1.38,84.38,83.53,0.0,0.85,23,18
2003-03-08 08:00:00,8,1830.1,2067.0,90.81,89.84,-0.48,1.45,104.98,103.83,0.0,1.15,27,19
2003-03-08 09:00:00,9,1866.2,2122.0,99.99,98.75,-0.35,1.59,109.77,108.59,0.0,1.18,30,20
2003-03-08 10:00:00,10,1860.7,2121.0,98.66,97.46,-0.37,1.57,92.79,91.78,0.0,1.01,34,21
2003-03-08 11:00:00,11,1842.2,2081.0,95.96,94.84,-0.4,1.52,97.54,96.35,0.0,1.19,35,21
2003-03-08 12:00:00,12,1816.6,2016.0,92.04,90.85,-0.27,1.46,88.4,87.33,0.0,1.07,36,21
2003-03-08 13:00:00,13,1789.7,1956.0,87.0,85.86,-0.23,1.37,78.69,77.85,0.0,0.84,39,21
2003-03-08 14:00:00,14,1787.5,1907.0,84.72,83.65,-0.27,1.34,75.06,74.25,0.0,0.81,41,22
2003-03-08 15:00:00,15,1784.8,1885.0,84.72,83.64,-0.27,1.35,73.82,73.09,0.0,0.73,43,21
2003-03-08 16:00:00,16,1803.4,1925.0,90.81,89.82,-0.5,1.49,81.9,81.02,0.0,0.88,43,22
2003-03-08 17:00:00,17,1899.2,2045.0,99.99,98.73,-0.36,1.62,118.21,116.85,0.0,1.36,42,20
2003-03-08 18:00:00,18,1905.7,2200.0,107.19,105.75,-0.28,1.72,166.76,164.83,0.0,1.93,40,24
2003-03-08 19:00:00,19,1907.5,2169.0,104.99,103.61,-0.29,1.67,118.39,116.94,0.0,1.45,36,26
2003-03-08 20:00:00,20,1900.2,2110.0,91.92,90.73,-0.25,1.44,102.48,101.14,0.0,1.34,34,25
2003-03-08 21:00:00,21,1836.1,2023.0,85.02,83.94,-0.25,1.33,80.9,80.02,0.0,0.88,33,25
2003-03-08 22:00:00,22,1989.0,1904.0,84.72,83.62,-0.2,1.3,80.42,79.47,0.0,0.95,33,26
2003-03-08 23:00:00,23,2292.5,1768.0,77.49,76.58,-0.31,1.22,89.29,87.95,0.0,1.34,33,29
2003-03-09 00:00:00,0,2001.5,1654.0,85.08,83.81,0.0,1.27,79.97,78.69,0.0,1.28,34,31
2003-03-09 01:00:00,1,2195.5,1588.0,81.29,80.04,0.0,1.25,72.9,71.81,0.0,1.09,34,32
2003-03-09 02:00:00,2,2381.4,1550.0,81.11,79.86,0.0,1.25,82.45,81.09,0.0,1.36,35,33
2003-03-09 03:00:00,3,2454.9,1532.0,80.61,79.37,0.0,1.24,82.51,81.15,0.0,1.36,36,33
2003-03-09 04:00:00,4,2443.8,1527.0,80.61,79.37,0.0,1.24,77.03,75.65,0.0,1.38,37,36
2003-03-09 05:00:00,5,2236.4,1559.0,82.24,80.96,0.0,1.28,79.7,78.41,0.0,1.29,37,37
2003-03-09 06:00:00,6,2106.9,1597.0,85.08,83.77,0.0,1.31,69.07,68.16,0.0,0.91,38,36
2003-03-09 07:00:00,7,1709.2,1690.0,90.8,89.41,-0.02,1.41,80.4,79.5,0.0,0.9,39,35
2003-03-09 08:00:00,8,1791.4,1823.0,96.75,95.44,-0.2,1.51,86.13,85.41,0.0,0.72,40,35
2003-03-09 09:00:00,9,1806.9,1945.0,108.68,107.11,-0.13,1.7,111.72,110.57,0.0,1.15,42,35
2003-03-09 10:00:00,10,1821.2,2000.0,108.68,107.12,-0.13,1.69,103.75,102.56,0.0,1.19,37,30
2003-03-09 11:00:00,11,1850.9,2018.0,103.29,101.83,-0.14,1.6,100.03,98.88,0.0,1.15,38,24
2003-03-09 12:00:00,12,1836.9,1999.0,102.58,101.07,-0.06,1.57,94.72,93.56,0.0,1.16,37,17
2003-03-09 13:00:00,13,1810.8,1954.0,96.73,95.32,-0.05,1.46,88.39,87.27,0.0,1.12,38,17
2003-03-09 14:00:00,14,1785.3,1923.0,93.01,91.68,-0.08,1.41,82.78,81.75,0.0,1.03,35,15
2003-03-09 15:00:00,15,1786.8,1937.0,92.27,90.96,-0.09,1.4,82.29,81.31,0.0,0.98,33,9
2003-03-09 16:00:00,16,1844.6,2001.0,102.59,101.17,-0.17,1.59,90.41,89.22,0.0,1.19,31,7
2003-03-09 17:00:00,17,1814.8,2144.0,112.86,111.2,-0.09,1.75,121.14,119.56,0.0,1.58,28,3
2003-03-09 18:00:00,18,1827.2,2414.0,120.01,118.25,-0.07,1.83,150.73,149.32,0.0,1.41,24,-2
2003-03-09 19:00:00,19,1885.6,2414.0,117.08,115.38,-0.08,1.78,147.15,145.71,0.0,1.44,21,-2
2003-03-09 20:00:00,20,1971.8,2333.0,106.24,104.69,-0.04,1.59,126.77,125.29,0.0,1.48,18,-3
2003-03-09 21:00:00,21,1909.4,2199.0,102.17,100.68,-0.03,1.52,113.27,111.73,0.0,1.54,16,-3
2003-03-09 22:00:00,22,1779.2,2061.0,94.95,93.59,-0.06,1.42,83.29,82.21,0.0,1.08,15,-2
2003-03-09 23:00:00,23,2110.2,1943.0,88.14,86.78,0.0,1.36,78.53,77.38,0.0,1.15,14,-3
2003-03-10 00:00:00,0,2169.2,1770.0,85.05,83.66,0.0,1.39,80.72,79.44,0.0,1.28,13,-4
2003-03-10 01:00:00,1,2356.6,1749.0,85.05,83.64,0.0,1.41,79.84,78.42,0.0,1.42,12,-4
2003-03-10 02:00:00,2,2628.2,1737.0,85.68,84.26,0.0,1.42,82.94,81.36,0.0,1.58,11,-2
2003-03-10 03:00:00,3,2631.0,1759.0,85.68,84.26,0.0,1.42,92.37,90.49,0.0,1.88,10,-1
2003-03-10 04:00:00,4,2526.6,1841.0,87.08,85.64,0.0,1.44,87.57,85.89,0.0,1.68,9,-1
2003-03-10 05:00:00,5,1766.2,2024.0,93.06,91.57,0.0,1.49,119.11,117.24,0.0,1.87,8,-1
2003-03-10 06:00:00,6,2012.9,2312.0,104.95,103.24,0.0,1.71,120.9,119.32,0.0,1.58,7,-2
2003-03-10 07:00:00,7,2076.6,2508.0,112.48,110.68,0.0,1.8,140.95,139.51,0.0,1.44,8,-2
2003-03-10 08:00:00,8,2066.3,2527.0,115.69,114.14,-0.28,1.83,137.88,136.27,0.0,1.61,10,-2
2003-03-10 09:00:00,9,2084.2,2537.0,114.56,113.28,-0.53,1.81,124.12,122.46,0.0,1.66,14,-2
2003-03-10 10:00:00,10,2105.3,2550.0,110.0,108.27,0.0,1.73,124.65,122.75,0.0,1.9,15,-1
2003-03-10 11:00:00,11,2221.1,2549.0,107.86,106.16,0.0,1.7,112.95,111.18,0.0,1.77,16,-1
2003-03-10 12:00:00,12,1997.9,2528.0,106.86,105.18,0.0,1.68,111.53,109.75,0.0,1.78,17,-2
2003-03-10 13:00:00,13,1946.5,2514.0,104.95,103.31,0.0,1.64,116.8,114.8,0.0,2.0,17,-1
2003-03-10 14:00:00,14,1902.7,2476.0,104.95,103.3,0.0,1.65,111.75,109.76,0.0,1.99,18,-2
2003-03-10 15:00:00,15,1911.6,2454.0,104.95,103.3,0.0,1.65,113.0,111.0,0.0,2.0,18,-3
2003-03-10 16:00:00,16,1980.0,2533.0,112.76,110.97,0.0,1.79,119.81,117.73,0.0,2.08,18,-3
2003-03-10 17:00:00,17,1920.1,2624.0,124.95,123.19,-0.24,2.0,129.29,127.32,0.0,1.97,16,-5
2003-03-10 18:00:00,18,2038.3,2786.0,129.65,127.59,0.0,2.06,149.07,147.4,0.0,1.67,15,-5
2003-03-10 19:00:00,19,2042.4,2755.0,125.0,123.24,-0.23,1.99,128.48,126.87,0.0,1.61,14,-4
2003-03-10 20:00:00,20,2130.4,2662.0,112.55,111.72,-0.97,1.8,122.11,120.26,0.0,1.85,13,-3
2003-03-10 21:00:00,21,2151.7,2492.0,100.39,98.8,0.0,1.59,106.47,104.85,0.0,1.62,12,-2
2003-03-10 22:00:00,22,1723.2,2313.0,93.06,91.58,0.0,1.48,82.85,81.76,0.0,1.09,12,-3
2003-03-10 23:00:00,23,2040.9,2116.0,89.99,88.58,0.0,1.41,84.66,83.36,0.0,1.3,11,-3
2003-03-11 00:00:00,0,2369.7,1938.0,89.93,88.55,0.0,1.38,87.29,85.63,0.0,1.66,11,-3
2003-03-11 01:00:00,1,2322.1,1851.0,87.31,85.99,-0.02,1.34,83.31,81.88,0.0,1.43,11,-2
2003-03-11 02:00:00,2,2299.1,1822.0,87.1,85.78,-0.03,1.35,82.46,81.07,0.0,1.39,10,-2
2003-03-11 03:00:00,3,2296.4,1818.0,87.1,85.78,-0.03,1.35,83.57,82.12,0.0,1.45,10,-2
2003-03-11 04:00:00,4,2330.1,1872.0,87.49,86.15,-0.02,1.36,85.96,84.5,0.0,1.46,9,-1
2003-03-11 05:00:00,5,1916.9,2059.0,97.45,95.96,0.0,1.49,95.93,94.64,0.0,1.29,9,-1
2003-03-11 06:00:00,6,2187.5,2296.0,111.35,109.62,0.0,1.73,125.25,123.53,0.0,1.72,8,-1
2003-03-11 07:00:00,7,1995.5,2497.0,115.7,114.0,0.0,1.7,118.64,117.03,0.0,1.61,9,-1
2003-03-11 08:00:00,8,2295.8,2553.0,112.5,110.9,-0.02,1.62,119.52,117.91,0.0,1.61,13,1
2003-03-11 09:00:00,9,2291.9,2519.0,113.82,112.2,-0.02,1.64,103.94,102.59,0.0,1.35,16,1
2003-03-11 10:00:00,10,2272.3,2492.0,111.56,110.0,-0.03,1.59,113.61,112.02,0.0,1.59,20,1
2003-03-11 11:00:00,11,2219.9,2457.0,107.12,105.76,-0.18,1.54,106.33,104.83,0.0,1.5,22,1
2003-03-11 12:00:00,12,2176.2,2408.0,102.53,101.35,-0.29,1.47,96.09,94.82,0.0,1.27,26,2
2003-03-11 13:00:00,13,2142.3,2384.0,94.4,93.34,-0.28,1.34,90.95,89.85,0.0,1.1,27,3
2003-03-11 14:00:00,14,2104.6,2323.0,92.23,91.23,-0.32,1.32,88.46,87.45,0.0,1.01,28,4
2003-03-11 15:00:00,15,2118.6,2305.0,94.44,93.38,-0.29,1.35,85.62,84.74,0.0,0.88,30,4
2003-03-11 16:00:00,16,2210.1,2324.0,107.86,106.43,-0.13,1.56,96.56,95.71,0.0,0.85,31,8
2003-03-11 17:00:00,17,2303.6,2421.0,114.59,112.92,-0.01,1.68,120.16,119.09,0.0,1.07,31,8
2003-03-11 18:00:00,18,2140.1,2519.0,115.72,114.04,-0.01,1.69,114.09,113.24,0.0,0.85,31,10
2003-03-11 19:00:00,19,2301.3,2459.0,114.59,112.93,-0.01,1.67,96.09,95.33,0.0,0.76,29,12
2003-03-11 20:00:00,20,2292.5,2420.0,103.19,101.86,-0.17,1.5,88.41,87.64,0.0,0.77,28,14
2003-03-11 21:00:00,21,2114.6,2271.0,90.64,89.56,-0.23,1.31,66.6,66.01,0.0,0.59,27,17
2003-03-11 22:00:00,22,2172.8,2006.0,85.37,84.26,-0.13,1.24,40.27,39.91,0.0,0.36,27,19
2003-03-11 23:00:00,23,2419.1,1824.0,87.34,86.06,-0.02,1.3,56.64,56.0,0.0,0.64,27,21
2003-03-12 00:00:00,0,2000.6,1747.0,74.74,73.79,-0.22,1.17,49.73,49.08,0.0,0.65,27,22
2003-03-12 01:00:00,1,2172.4,1679.0,72.18,71.29,-0.24,1.13,40.62,40.04,0.0,0.58,27,23
2003-03-12 02:00:00,2,2239.0,1634.0,71.75,70.87,-0.25,1.13,62.11,61.18,0.0,0.93,28,24
2003-03-12 03:00:00,3,2247.6,1627.0,72.45,71.53,-0.25,1.17,51.34,50.62,0.0,0.72,28,25
2003-03-12 04:00:00,4,2054.0,1685.0,74.94,73.96,-0.23,1.21,41.4,40.89,0.0,0.51,28,27
2003-03-12 05:00:00,5,1670.1,1864.0,80.09,78.96,-0.16,1.29,71.29,70.5,0.0,0.79,28,27
2003-03-12 06:00:00,6,1883.3,2086.0,92.58,91.09,0.0,1.49,90.55,89.63,0.0,0.92,29,27
2003-03-12 07:00:00,7,2058.0,2332.0,94.04,92.92,-0.41,1.53,91.41,90.23,0.0,1.18,29,27
2003-03-12 08:00:00,8,2034.0,2368.0,97.53,96.12,-0.17,1.58,85.04,84.0,0.0,1.04,32,28
2003-03-12 09:00:00,9,2025.5,2342.0,97.52,96.13,-0.17,1.56,84.14,83.11,0.0,1.03,36,28
2003-03-12 10:00:00,10,1997.5,2342.0,97.52,96.13,-0.16,1.55,79.27,78.3,0.0,0.97,39,28
2003-03-12 11:00:00,11,1982.5,2323.0,94.5,93.26,-0.27,1.51,75.63,74.78,0.0,0.85,40,28
2003-03-12 12:00:00,12,1991.0,2264.0,87.5,86.4,-0.3,1.4,70.62,69.9,0.0,0.72,42,28
2003-03-12 13:00:00,13,1821.6,2230.0,85.6,84.56,-0.29,1.33,70.18,69.49,0.0,0.69,41,29
2003-03-12 14:00:00,14,1789.9,2189.0,83.37,82.41,-0.33,1.29,69.91,69.25,0.0,0.66,44,28
2003-03-12 15:00:00,15,1803.0,2159.0,85.62,84.58,-0.3,1.34,69.22,68.6,0.0,0.62,44,28
2003-03-12 16:00:00,16,1893.8,2190.0,87.53,86.44,-0.29,1.38,69.92,69.39,0.0,0.53,45,29
2003-03-12 17:00:00,17,2102.7,2262.0,104.35,102.66,-0.02,1.71,83.88,83.26,0.0,0.62,44,29
2003-03-12 18:00:00,18,2212.3,2408.0,104.9,103.19,-0.01,1.72,96.96,96.04,0.0,0.92,43,30
2003-03-12 19:00:00,19,2165.7,2391.0,103.08,101.43,-0.04,1.69,85.97,85.09,0.0,0.88,41,30
2003-03-12 20:00:00,20,2066.0,2328.0,97.53,96.1,-0.17,1.6,75.59,74.82,0.0,0.77,40,31
2003-03-12 21:00:00,21,1920.4,2143.0,90.77,89.38,-0.1,1.49,46.51,46.06,0.0,0.45,39,31
2003-03-12 22:00:00,22,1578.3,1885.0,86.48,85.15,-0.06,1.39,19.38,19.16,0.0,0.22,39,33
2003-03-12 23:00:00,23,1798.0,1685.0,81.7,80.51,-0.11,1.3,48.47,47.91,0.0,0.56,37,32
2003-03-13 00:00:00,0,2012.9,1618.0,67.95,67.22,-0.27,1.0,25.25,24.95,0.0,0.3,37,32
2003-03-13 01:00:00,1,2255.8,1563.0,65.33,64.59,-0.24,0.98,22.41,22.13,0.0,0.28,37,32
2003-03-13 02:00:00,2,2174.8,1533.0,65.34,64.56,-0.24,1.02,30.39,30.0,0.0,0.39,35,32
2003-03-13 03:00:00,3,2038.0,1526.0,65.55,64.79,-0.26,1.02,31.02,30.61,0.0,0.41,35,32
2003-03-13 04:00:00,4,2074.7,1584.0,70.12,69.3,-0.27,1.09,40.22,39.69,0.0,0.53,33,31
2003-03-13 05:00:00,5,1990.5,1777.0,83.65,82.46,-0.09,1.28,53.24,52.58,0.0,0.66,34,31
2003-03-13 06:00:00,6,2026.5,2029.0,87.1,85.94,-0.16,1.32,69.27,68.52,0.0,0.75,31,28
2003-03-13 07:00:00,7,1883.5,2295.0,94.06,92.89,-0.27,1.44,86.97,85.94,0.0,1.03,29,23
2003-03-13 08:00:00,8,1912.3,2350.0,99.81,98.45,-0.15,1.51,85.64,84.58,0.0,1.06,29,20
2003-03-13 09:00:00,9,1920.1,2354.0,99.81,98.45,-0.14,1.5,82.3,81.2,0.0,1.1,28,18
2003-03-13 10:00:00,10,1949.2,2372.0,98.59,97.18,-0.08,1.49,88.61,87.39,0.0,1.22,28,16
2003-03-13 11:00:00,11,1987.6,2386.0,89.34,88.19,-0.2,1.35,86.67,85.28,0.0,1.39,29,16
2003-03-13 12:00:00,12,1944.6,2381.0,87.19,86.1,-0.22,1.31,82.66,81.31,0.0,1.35,27,25
2003-03-13 13:00:00,13,1946.4,2387.0,85.58,84.55,-0.21,1.24,83.41,82.08,0.0,1.33,25,25
2003-03-13 14:00:00,14,1908.4,2374.0,85.58,84.55,-0.21,1.24,82.1,80.88,0.0,1.22,25,25
2003-03-13 15:00:00,15,1950.0,2357.0,85.58,84.54,-0.21,1.25,80.67,79.56,0.0,1.11,25,25
2003-03-13 16:00:00,16,2160.1,2362.0,92.22,91.04,-0.17,1.35,85.15,84.02,0.0,1.13,25,25
2003-03-13 17:00:00,17,2053.6,2416.0,106.27,106.51,-1.89,1.65,99.41,98.23,0.0,1.18,25,24
2003-03-13 18:00:00,18,2130.9,2561.0,107.52,108.63,-2.79,1.68,122.16,120.85,0.0,1.31,24,24
2003-03-13 19:00:00,19,2079.5,2516.0,101.88,101.24,-0.94,1.58,97.2,95.95,0.0,1.25,24,24
2003-03-13 20:00:00,20,2009.2,2438.0,97.76,96.28,0.0,1.48,88.02,86.9,0.0,1.12,24,24
2003-03-13 21:00:00,21,1902.5,2288.0,86.79,85.56,-0.03,1.26,71.83,71.03,0.0,0.8,24,24
2003-03-13 22:00:00,22,1682.1,2045.0,87.09,85.82,-0.01,1.28,53.1,52.53,0.0,0.57,24,23
2003-03-13 23:00:00,23,2191.2,1814.0,76.94,75.95,-0.13,1.12,57.9,57.24,0.0,0.66,21,15
2003-03-14 00:00:00,0,2233.2,1749.0,69.66,68.82,-0.13,0.97,57.07,56.44,0.0,0.63,19,7
2003-03-14 01:00:00,1,2363.7,1711.0,65.35,64.61,-0.17,0.91,52.56,51.99,0.0,0.57,16,3
2003-03-14 02:00:00,2,2456.3,1688.0,65.35,64.49,-0.04,0.9,50.27,49.72,0.0,0.55,13,-3
2003-03-14 03:00:00,3,2280.9,1700.0,67.66,66.74,-0.01,0.93,56.69,56.11,0.0,0.58,12,-5
2003-03-14 04:00:00,4,2315.8,1764.0,70.17,69.19,0.0,0.98,71.49,70.72,0.0,0.77,11,-5
2003-03-14 05:00:00,5,2126.6,1957.0,84.83,83.65,-0.02,1.2,87.06,86.2,0.0,0.86,11,-5
2003-03-14 06:00:00,6,1544.6,2218.0,96.61,95.23,0.0,1.38,105.03,104.06,0.0,0.97,10,-4
2003-03-14 07:00:00,7,1155.8,2433.0,102.16,96.27,4.47,1.42,122.67,121.85,0.0,0.82,11,-4
2003-03-14 08:00:00,8,1191.1,2456.0,102.15,96.29,4.47,1.39,105.62,104.82,0.0,0.8,12,-4
2003-03-14 09:00:00,9,1169.7,2432.0,102.52,95.69,5.44,1.39,97.13,96.35,0.0,0.78,14,-4
2003-03-14 10:00:00,10,1131.3,2416.0,101.08,94.43,5.27,1.38,86.55,85.88,0.0,0.67,16,-4
2003-03-14 11:00:00,11,1057.9,2385.0,98.68,92.57,4.76,1.35,83.16,82.48,0.0,0.68,18,-2
2003-03-14 12:00:00,12,1094.1,2332.0,91.49,86.98,3.24,1.27,74.94,74.3,0.0,0.64,20,-2
2003-03-14 13:00:00,13,1584.7,2316.0,90.87,85.19,4.5,1.18,81.74,80.97,0.0,0.77,22,0
2003-03-14 14:00:00,14,1598.6,2242.0,87.35,82.06,4.15,1.14,77.1,76.4,0.0,0.7,24,2
2003-03-14 15:00:00,15,1528.6,2165.0,95.0,88.96,4.8,1.24,72.97,72.44,0.0,0.53,25,0
2003-03-14 16:00:00,16,1518.4,2202.0,101.68,95.33,5.01,1.34,77.44,76.9,0.0,0.54,26,-2
2003-03-14 17:00:00,17,1111.0,2289.0,101.57,96.88,3.23,1.46,79.75,79.27,0.0,0.48,26,-2
2003-03-14 18:00:00,18,1079.5,2458.0,99.84,99.57,-1.22,1.49,112.42,111.91,0.0,0.51,24,-2
2003-03-14 19:00:00,19,1033.3,2433.0,97.92,96.52,-0.05,1.45,97.44,97.02,0.0,0.42,23,-4
2003-03-14 20:00:00,20,1285.6,2349.0,94.71,93.32,0.0,1.39,87.54,86.95,0.0,0.59,22,-2
2003-03-14 21:00:00,21,1202.8,2238.0,80.13,79.1,-0.1,1.13,79.97,79.36,0.0,0.61,22,0
2003-03-14 22:00:00,22,1535.8,2044.0,83.09,81.98,-0.04,1.15,75.77,75.11,0.0,0.66,22,0
2003-03-14 23:00:00,23,2223.1,1924.0,83.39,82.29,-0.03,1.13,85.99,85.14,0.0,0.85,22,1
2003-03-15 00:00:00,0,2189.0,1789.0,54.21,53.45,0.0,0.76,57.06,56.62,0.0,0.44,23,2
2003-03-15 01:00:00,1,2179.9,1693.0,49.7,49.0,0.0,0.7,47.54,47.19,0.0,0.35,23,3
2003-03-15 02:00:00,2,2135.9,1646.0,46.05,45.4,0.0,0.65,53.71,53.3,0.0,0.41,24,3
2003-03-15 03:00:00,3,2160.0,1621.0,46.03,45.38,0.0,0.65,56.25,55.81,0.0,0.44,24,4
2003-03-15 04:00:00,4,2139.0,1639.0,49.7,49.0,0.0,0.7,58.0,57.6,0.0,0.4,24,7
2003-03-15 05:00:00,5,1984.9,1698.0,55.87,55.09,0.0,0.78,67.08,66.67,0.0,0.41,24,8
2003-03-15 06:00:00,6,1800.6,1828.0,56.97,56.19,0.0,0.78,66.42,66.14,0.0,0.28,24,9
2003-03-15 07:00:00,7,1826.9,1954.0,65.7,64.78,0.0,0.92,64.25,64.18,0.0,0.07,24,11
2003-03-15 08:00:00,8,1890.8,2061.0,68.38,67.25,0.17,0.96,85.16,85.12,0.0,0.04,25,15
2003-03-15 09:00:00,9,1954.4,2137.0,71.46,69.64,0.82,1.0,83.06,83.08,0.0,-0.02,27,18
2003-03-15 10:00:00,10,1959.6,2125.0,68.31,67.35,0.0,0.96,81.13,81.09,0.0,0.04,30,20
2003-03-15 11:00:00,11,1942.8,2085.0,68.38,67.24,0.17,0.97,79.39,79.24,0.0,0.15,34,21
2003-03-15 12:00:00,12,1903.6,2018.0,66.16,65.23,0.0,0.93,72.65,72.43,0.0,0.22,37,21
2003-03-15 13:00:00,13,1816.2,1952.0,59.0,58.19,0.0,0.81,67.18,67.01,0.0,0.17,39,22
2003-03-15 14:00:00,14,1789.9,1897.0,55.53,54.77,0.0,0.76,60.18,60.01,0.0,0.17,40,23
2003-03-15 15:00:00,15,1868.0,1860.0,60.48,59.66,0.0,0.82,58.26,58.14,0.0,0.12,40,23
2003-03-15 16:00:00,16,1982.5,1877.0,69.37,68.39,0.0,0.98,66.86,66.71,0.0,0.15,40,23
2003-03-15 17:00:00,17,2082.3,1941.0,73.39,72.34,0.0,1.05,75.04,74.96,0.0,0.08,37,23
2003-03-15 18:00:00,18,2050.1,2116.0,76.02,74.95,0.0,1.07,98.15,98.28,0.0,-0.13,35,24
2003-03-15 19:00:00,19,2102.4,2111.0,72.82,71.79,0.0,1.03,79.23,79.21,0.0,0.02,36,24
2003-03-15 20:00:00,20,1963.9,2049.0,68.31,67.35,0.0,0.96,73.36,73.26,0.0,0.1,33,24
2003-03-15 21:00:00,21,1776.2,1978.0,66.76,65.88,0.0,0.88,73.25,73.07,0.0,0.18,32,24
2003-03-15 22:00:00,22,1626.7,1903.0,57.37,56.71,-0.1,0.76,72.41,72.03,0.0,0.38,32,26
2003-03-15 23:00:00,23,1740.6,1770.0,54.82,54.23,-0.14,0.73,71.41,70.84,0.0,0.57,32,27
2003-03-16 00:00:00,0,2393.6,1633.0,49.91,49.23,0.0,0.68,59.26,58.8,0.0,0.46,32,28
2003-03-16 01:00:00,1,2342.6,1556.0,46.13,45.51,0.01,0.61,56.72,56.28,0.0,0.44,32,27
2003-03-16 02:00:00,2,2491.7,1521.0,46.02,45.4,0.01,0.61,61.79,61.27,0.0,0.52,33,28
2003-03-16 03:00:00,3,2553.9,1514.0,45.5,44.89,0.01,0.6,59.82,59.35,0.0,0.47,33,28
2003-03-16 04:00:00,4,2382.6,1522.0,46.14,45.49,0.01,0.64,54.28,53.79,0.0,0.49,33,28
2003-03-16 05:00:00,5,2397.5,1577.0,49.93,49.23,0.01,0.69,59.67,59.08,0.0,0.59,33,29
2003-03-16 06:00:00,6,2058.9,1637.0,46.02,45.38,0.01,0.63,57.26,56.78,0.0,0.48,34,28
2003-03-16 07:00:00,7,1845.6,1749.0,46.17,45.5,0.02,0.65,52.36,52.12,0.0,0.24,35,29
2003-03-16 08:00:00,8,1993.2,1836.0,54.02,53.25,0.01,0.76,63.6,63.56,0.0,0.04,39,30
2003-03-16 09:00:00,9,2123.5,1877.0,59.5,58.65,0.01,0.84,64.94,64.94,0.0,0.0,42,31
2003-03-16 10:00:00,10,2048.1,1885.0,60.27,59.42,0.01,0.84,66.87,66.83,0.0,0.04,45,32
2003-03-16 11:00:00,11,2013.8,1860.0,60.27,59.43,0.0,0.84,66.59,66.53,0.0,0.06,47,34
2003-03-16 12:00:00,12,2079.6,1816.0,60.27,59.43,0.0,0.84,60.16,60.11,0.0,0.05,51,35
2003-03-16 13:00:00,13,2049.9,1748.0,51.35,50.67,0.01,0.67,50.69,50.6,0.0,0.09,54,36
2003-03-16 14:00:00,14,2030.5,1702.0,54.56,53.84,0.0,0.72,50.36,50.27,0.0,0.09,57,37
2003-03-16 15:00:00,15,2115.2,1675.0,55.99,55.26,0.0,0.73,53.31,53.19,0.0,0.12,58,39
2003-03-16 16:00:00,16,1876.5,1701.0,64.0,63.13,0.0,0.87,57.24,57.15,0.0,0.09,59,38
2003-03-16 17:00:00,17,1962.8,1782.0,67.98,67.07,0.0,0.91,74.25,74.21,0.0,0.04,57,41
2003-03-16 18:00:00,18,2012.1,1967.0,70.06,69.12,0.0,0.94,100.75,101.03,0.0,-0.28,55,43
2003-03-16 19:00:00,19,2024.5,2019.0,68.27,67.36,0.0,0.91,80.35,80.52,0.0,-0.17,54,46
2003-03-16 20:00:00,20,1995.4,1944.0,66.91,66.01,0.0,0.9,69.08,69.11,0.0,-0.03,49,46
2003-03-16 21:00:00,21,2119.4,1868.0,55.99,55.27,0.0,0.72,64.66,64.7,0.0,-0.04,47,47
2003-03-16 22:00:00,22,1935.0,1711.0,46.99,46.38,0.01,0.6,58.82,58.73,0.0,0.09,46,46
2003-03-16 23:00:00,23,2050.5,1558.0,46.02,45.42,0.0,0.6,55.72,55.44,0.0,0.28,47,47
2003-03-17 00:00:00,0,2315.2,1502.0,39.63,39.04,0.11,0.48,53.66,53.25,0.0,0.41,48,48
2003-03-17 01:00:00,1,2430.3,1448.0,38.88,38.28,0.13,0.47,46.48,46.14,0.0,0.34,48,48
2003-03-17 02:00:00,2,2502.2,1424.0,38.86,38.27,0.12,0.47,45.09,44.75,0.0,0.34,48,48
2003-03-17 03:00:00,3,2502.0,1431.0,37.12,36.54,0.13,0.45,44.95,44.62,0.0,0.33,47,47
2003-03-17 04:00:00,4,2274.2,1476.0,39.01,38.41,0.12,0.48,49.07,48.71,0.0,0.36,45,45
2003-03-17 05:00:00,5,2387.9,1716.0,46.05,45.4,0.05,0.6,59.88,59.38,0.0,0.5,45,45
2003-03-17 06:00:00,6,2082.7,1937.0,52.25,51.61,0.01,0.63,59.58,58.96,0.0,0.62,46,46
2003-03-17 07:00:00,7,1994.6,2136.0,55.05,54.35,0.01,0.69,62.32,61.84,0.0,0.48,48,48
2003-03-17 08:00:00,8,2378.8,2188.0,60.42,59.66,0.0,0.76,57.23,56.82,0.0,0.41,50,48
2003-03-17 09:00:00,9,2318.9,2161.0,60.42,59.67,0.0,0.75,59.95,59.56,0.0,0.39,53,49
2003-03-17 10:00:00,10,2261.6,2181.0,59.0,58.28,0.0,0.72,65.67,65.16,0.0,0.51,56,48
2003-03-17 11:00:00,11,2268.4,2210.0,57.0,56.3,0.0,0.7,65.82,65.25,0.0,0.57,58,48
2003-03-17 12:00:00,12,1947.4,2177.0,52.0,51.39,0.0,0.61,59.87,59.39,0.0,0.48,60,48
2003-03-17 13:00:00,13,1967.1,2175.0,51.17,50.57,0.0,0.6,59.74,59.29,0.0,0.45,61,47
2003-03-17 14:00:00,14,1958.2,2137.0,48.44,47.85,0.03,0.56,62.81,62.4,0.0,0.41,63,46
2003-03-17 15:00:00,15,1953.0,2106.0,48.67,48.07,0.03,0.57,64.36,63.99,0.0,0.37,64,47
2003-03-17 16:00:00,16,2076.7,2099.0,54.02,53.36,0.0,0.66,59.44,59.13,0.0,0.31,63,47
2003-03-17 17:00:00,17,2029.6,2130.0,60.42,59.67,0.0,0.75,66.28,65.99,0.0,0.29,63,47
2003-03-17 18:00:00,18,1817.9,2282.0,63.06,62.27,0.0,0.79,77.5,77.34,0.0,0.16,61,46
2003-03-17 19:00:00,19,2125.3,2250.0,60.05,59.3,0.0,0.75,59.82,59.62,0.0,0.2,58,45
2003-03-17 20:00:00,20,2117.2,2133.0,53.28,52.61,0.01,0.66,48.79,48.55,0.0,0.24,57,46
2003-03-17 21:00:00,21,2378.7,1944.0,49.12,48.51,0.02,0.59,39.59,39.39,0.0,0.2,55,46
2003-03-17 22:00:00,22,2405.7,1736.0,44.0,43.38,0.11,0.51,40.85,40.55,0.0,0.3,53,46
2003-03-17 23:00:00,23,2210.8,1597.0,44.66,44.08,0.06,0.52,47.03,46.67,0.0,0.36,52,47
2003-03-18 00:00:00,0,1623.6,1477.0,46.05,45.58,0.0,0.47,47.44,47.07,0.0,0.37,49,46
2003-03-18 01:00:00,1,1535.5,1417.0,42.12,41.68,0.0,0.44,39.58,39.31,0.0,0.27,40,40
2003-03-18 02:00:00,2,1517.5,1380.0,41.56,41.13,0.0,0.43,37.55,37.29,0.0,0.26,40,40
2003-03-18 03:00:00,3,1505.9,1379.0,41.39,40.95,0.0,0.44,33.5,33.25,0.0,0.25,48,42
2003-03-18 04:00:00,4,1532.2,1428.0,42.39,41.95,0.0,0.44,36.15,35.9,0.0,0.25,48,42
2003-03-18 05:00:00,5,1723.4,1690.0,48.15,47.64,0.0,0.51,62.99,62.46,0.0,0.53,49,45
2003-03-18 06:00:00,6,1790.0,1937.0,53.0,52.47,0.0,0.53,69.46,68.83,0.0,0.63,49,45
2003-03-18 07:00:00,7,1469.6,2134.0,57.17,56.58,0.0,0.59,67.08,66.64,0.0,0.44,41,41
2003-03-18 08:00:00,8,1545.0,2160.0,57.62,57.02,0.0,0.6,67.01,66.56,0.0,0.45,43,41
2003-03-18 09:00:00,9,1566.6,2148.0,58.05,57.45,0.0,0.6,65.72,65.18,0.0,0.54,46,42
2003-03-18 10:00:00,10,1551.7,2162.0,58.23,57.63,0.0,0.6,70.76,70.32,0.0,0.44,47,43
2003-03-18 11:00:00,11,1503.5,2098.0,57.18,56.59,0.0,0.59,67.56,67.11,0.0,0.45,48,43
2003-03-18 12:00:00,12,1596.6,2043.0,57.18,56.59,0.0,0.59,58.5,58.09,0.0,0.41,50,42
2003-03-18 13:00:00,13,1445.3,2050.0,53.45,52.92,0.0,0.53,58.17,57.79,0.0,0.38,53,42
2003-03-18 14:00:00,14,1448.4,2014.0,52.99,52.47,0.0,0.52,58.07,57.67,0.0,0.4,55,42
2003-03-18 15:00:00,15,1429.3,1961.0,53.1,52.57,0.0,0.53,59.99,59.62,0.0,0.37,58,37
2003-03-18 16:00:00,16,1615.8,1913.0,58.14,57.54,0.0,0.6,63.42,63.11,0.0,0.31,55,33
2003-03-18 17:00:00,17,1679.7,1939.0,59.14,58.52,0.0,0.62,70.62,70.31,0.0,0.31,52,29
2003-03-18 18:00:00,18,1678.3,2125.0,66.3,65.61,0.0,0.69,85.16,84.89,0.0,0.27,49,24
2003-03-18 19:00:00,19,1752.3,2114.0,62.39,61.74,0.0,0.65,75.79,75.45,0.0,0.34,46,23
2003-03-18 20:00:00,20,1641.3,2000.0,58.61,58.0,0.0,0.61,70.01,69.67,0.0,0.34,43,16
2003-03-18 21:00:00,21,1578.6,1823.0,56.41,55.81,0.0,0.6,60.73,60.31,0.0,0.42,40,13
2003-03-18 22:00:00,22,1439.1,1591.0,50.48,50.01,-0.04,0.51,46.93,46.64,0.0,0.29,37,12
2003-03-18 23:00:00,23,1820.6,1440.0,49.46,48.95,0.0,0.51,46.18,45.89,0.0,0.29,35,12
2003-03-19 00:00:00,0,1584.9,1638.0,44.66,44.26,0.0,0.4,37.13,36.85,0.0,0.28,33,13
2003-03-19 01:00:00,1,1535.3,1595.0,42.32,41.94,0.0,0.38,41.72,41.4,0.0,0.32,31,13
2003-03-19 02:00:00,2,1600.5,1572.0,42.4,42.03,0.0,0.37,36.38,36.19,0.0,0.19,30,10
2003-03-19 03:00:00,3,1528.6,1581.0,44.25,43.83,0.0,0.42,31.19,31.03,0.0,0.16,29,11
2003-03-19 04:00:00,4,1589.1,1629.0,45.66,45.23,0.0,0.43,39.04,38.78,0.0,0.26,28,7
2003-03-19 05:00:00,5,1941.6,1803.0,54.4,53.9,0.0,0.5,58.45,58.01,0.0,0.44,27,8
2003-03-19 06:00:00,6,1971.0,2071.0,60.0,59.46,0.0,0.54,68.12,67.64,0.0,0.48,26,8
2003-03-19 07:00:00,7,1514.0,2251.0,60.42,59.95,-0.07,0.54,66.92,66.47,0.0,0.45,26,13
2003-03-19 08:00:00,8,1550.9,2294.0,60.26,59.72,0.0,0.54,64.68,64.27,0.0,0.41,28,13
2003-03-19 09:00:00,9,1561.3,2287.0,60.22,59.68,0.0,0.54,63.85,63.39,0.0,0.46,29,13
2003-03-19 10:00:00,10,1577.3,2288.0,60.22,59.69,0.0,0.53,65.19,64.69,0.0,0.5,31,13
2003-03-19 11:00:00,11,1537.2,2273.0,58.94,58.41,0.0,0.53,62.82,62.38,0.0,0.44,33,12
2003-03-19 12:00:00,12,1652.2,2236.0,58.32,57.8,0.0,0.52,58.44,58.08,0.0,0.36,33,12
2003-03-19 13:00:00,13,1500.9,2211.0,58.14,57.63,0.0,0.51,56.14,55.83,0.0,0.31,35,13
2003-03-19 14:00:00,14,1490.4,2178.0,57.79,57.3,0.0,0.49,52.25,51.98,0.0,0.27,36,13
2003-03-19 15:00:00,15,1513.5,2152.0,58.12,57.64,0.0,0.48,51.42,51.19,0.0,0.23,36,14
2003-03-19 16:00:00,16,1693.2,2182.0,60.19,59.69,0.0,0.5,59.96,59.74,0.0,0.22,36,12
2003-03-19 17:00:00,17,1543.6,2256.0,64.3,64.81,-1.12,0.61,65.9,65.74,-0.05,0.21,35,14
2003-03-19 18:00:00,18,1552.5,2427.0,73.61,73.04,-0.11,0.68,76.23,76.04,0.0,0.19,33,16
2003-03-19 19:00:00,19,1555.3,2436.0,63.67,63.08,0.0,0.59,70.64,70.26,0.0,0.38,31,15
2003-03-19 20:00:00,20,1488.7,2349.0,59.61,59.09,0.0,0.52,62.42,62.12,0.0,0.3,29,14
2003-03-19 21:00:00,21,1560.8,2202.0,57.53,57.04,0.0,0.49,46.28,46.04,0.0,0.24,27,15
2003-03-19 22:00:00,22,1431.2,2004.0,52.23,51.87,-0.09,0.45,34.99,34.78,0.0,0.21,27,18
2003-03-19 23:00:00,23,1842.3,1827.0,50.28,49.83,0.0,0.45,32.72,32.52,0.0,0.2,26,18
2003-03-20 00:00:00,0,2112.1,1725.0,44.49,44.12,0.0,0.37,44.12,43.66,0.0,0.46,25,20
2003-03-20 01:00:00,1,2307.4,1676.0,42.18,41.83,0.0,0.35,45.14,44.58,0.0,0.56,23,20
2003-03-20 02:00:00,2,2268.1,1655.0,41.65,41.31,0.0,0.34,46.84,46.25,0.0,0.59,22,20
2003-03-20 03:00:00,3,2260.4,1659.0,41.65,41.31,0.0,0.34,46.47,45.87,0.0,0.6,22,20
2003-03-20 04:00:00,4,2154.2,1705.0,44.16,43.77,0.0,0.39,43.89,43.37,0.0,0.52,22,22
2003-03-20 05:00:00,5,2299.9,1863.0,47.19,46.78,0.0,0.41,43.92,43.5,0.0,0.42,22,22
2003-03-20 06:00:00,6,2135.2,2141.0,51.45,51.02,0.0,0.43,47.73,47.2,0.0,0.53,23,23
2003-03-20 07:00:00,7,1711.5,2309.0,58.19,57.65,0.06,0.48,52.72,52.09,0.0,0.63,25,25
2003-03-20 08:00:00,8,1741.7,2341.0,58.19,57.65,0.06,0.48,54.29,53.77,0.0,0.52,26,26
2003-03-20 09:00:00,9,1783.4,2332.0,55.95,55.4,0.09,0.46,53.71,53.16,0.0,0.55,29,27
2003-03-20 10:00:00,10,1670.6,2354.0,55.35,54.79,0.11,0.45,55.58,54.97,0.0,0.61,31,28
2003-03-20 11:00:00,11,1662.7,2352.0,54.97,54.54,-0.01,0.44,52.64,52.04,0.0,0.6,33,29
2003-03-20 12:00:00,12,1681.9,2328.0,53.6,53.21,-0.05,0.44,51.84,51.27,0.0,0.57,34,28
2003-03-20 13:00:00,13,1664.1,2308.0,52.93,52.54,-0.04,0.43,57.29,56.63,0.0,0.66,36,28
2003-03-20 14:00:00,14,1653.8,2283.0,52.04,51.7,-0.08,0.42,61.0,60.24,0.0,0.76,38,29
2003-03-20 15:00:00,15,1681.4,2289.0,52.99,52.63,-0.07,0.43,58.1,57.44,0.0,0.66,39,30
2003-03-20 16:00:00,16,1689.3,2340.0,55.64,55.21,-0.02,0.45,61.57,61.05,0.0,0.52,39,30
2003-03-20 17:00:00,17,1694.4,2423.0,61.96,63.03,-1.6,0.53,70.45,69.79,0.0,0.66,38,33
2003-03-20 18:00:00,18,1687.7,2501.0,64.55,65.4,-1.41,0.56,76.42,75.7,0.0,0.72,38,37
2003-03-20 19:00:00,19,1576.6,2462.0,60.74,60.9,-0.68,0.52,65.39,64.87,0.0,0.52,37,36
2003-03-20 20:00:00,20,1542.4,2368.0,51.86,51.61,-0.2,0.45,59.91,59.36,0.0,0.55,36,36
2003-03-20 21:00:00,21,1675.8,2208.0,50.25,50.05,-0.21,0.41,49.05,48.62,0.0,0.43,36,36
2003-03-20 22:00:00,22,1512.9,1992.0,47.29,47.02,-0.09,0.36,50.0,49.58,0.0,0.42,37,37
2003-03-20 23:00:00,23,1770.0,1817.0,47.16,46.81,-0.02,0.37,60.76,60.34,0.0,0.42,36,34
2003-03-21 00:00:00,0,1603.2,1693.0,40.81,40.48,0.0,0.33,52.32,51.92,0.0,0.4,36,34
2003-03-21 01:00:00,1,1516.1,1633.0,39.72,39.4,0.0,0.32,42.01,41.74,0.0,0.27,36,34
2003-03-21 02:00:00,2,1552.4,1602.0,38.79,38.47,0.0,0.32,45.97,45.66,0.0,0.31,37,35
2003-03-21 03:00:00,3,1685.4,1581.0,38.79,38.47,0.0,0.32,42.48,42.19,0.0,0.29,38,36
2003-03-21 04:00:00,4,1506.0,1613.0,38.79,38.47,0.0,0.32,45.55,45.24,0.0,0.31,40,37
2003-03-21 05:00:00,5,1714.6,1761.0,42.86,42.52,0.0,0.34,54.9,54.6,0.0,0.3,42,40
2003-03-21 06:00:00,6,1826.4,2020.0,46.2,45.85,0.0,0.35,61.28,60.97,0.0,0.31,47,41
2003-03-21 07:00:00,7,1610.4,2223.0,52.33,51.94,0.0,0.39,69.06,68.68,0.0,0.38,48,43
2003-03-21 08:00:00,8,1661.3,2283.0,52.49,52.1,0.0,0.39,71.84,71.33,0.0,0.51,50,50
2003-03-21 09:00:00,9,1666.8,2289.0,52.49,52.1,0.0,0.39,68.56,67.98,0.0,0.58,50,50
2003-03-21 10:00:00,10,1628.2,2280.0,51.53,51.15,-0.01,0.39,63.26,62.8,0.0,0.46,51,50
2003-03-21 11:00:00,11,1656.6,2259.0,50.11,49.75,-0.01,0.37,62.12,61.69,0.0,0.43,54,51
2003-03-21 12:00:00,12,1637.1,2219.0,48.98,48.65,-0.03,0.36,62.57,62.11,0.0,0.46,59,52
2003-03-21 13:00:00,13,1621.1,2190.0,48.77,48.44,-0.03,0.36,62.52,62.0,0.0,0.52,61,51
2003-03-21 14:00:00,14,1628.0,2150.0,48.73,48.41,-0.03,0.35,60.98,60.46,0.0,0.52,61,50
2003-03-21 15:00:00,15,1623.4,2110.0,48.98,48.65,-0.03,0.36,54.01,53.57,0.0,0.44,62,50
2003-03-21 16:00:00,16,1639.2,2087.0,49.58,49.23,-0.02,0.37,50.84,50.45,0.0,0.39,63,50
2003-03-21 17:00:00,17,1689.1,2088.0,50.25,49.87,-0.01,0.39,49.18,48.84,0.0,0.34,62,51
2003-03-21 18:00:00,18,1748.3,2207.0,53.67,53.24,0.0,0.43,66.62,66.06,0.0,0.56,56,53
2003-03-21 19:00:00,19,1679.9,2192.0,52.49,52.07,0.0,0.42,58.02,57.49,0.0,0.53,54,53
2003-03-21 20:00:00,20,1637.2,2106.0,50.23,49.84,-0.01,0.4,48.16,47.76,0.0,0.4,52,52
2003-03-21 21:00:00,21,1548.5,1984.0,46.52,46.23,-0.08,0.37,39.44,39.16,0.0,0.28,52,52
2003-03-21 22:00:00,22,1482.2,1817.0,42.46,42.16,-0.03,0.33,31.46,31.21,0.0,0.25,52,52
2003-03-21 23:00:00,23,1676.9,1649.0,42.9,42.56,0.0,0.34,52.72,52.48,0.0,0.24,52,52
2003-03-22 00:00:00,0,1395.3,1530.0,45.88,45.54,0.02,0.32,41.73,41.59,0.0,0.14,52,51
2003-03-22 01:00:00,1,1560.7,1457.0,45.1,44.77,0.02,0.31,40.44,40.24,0.0,0.2,50,50
2003-03-22 02:00:00,2,1625.8,1418.0,44.37,44.05,0.01,0.31,29.57,29.37,0.0,0.2,48,48
2003-03-22 03:00:00,3,1596.9,1398.0,43.03,42.73,0.0,0.3,1.73,1.72,0.0,0.01,48,48
2003-03-22 04:00:00,4,1511.1,1402.0,42.59,42.3,0.0,0.29,0.0,0.0,0.0,0.0,49,49
2003-03-22 05:00:00,5,1403.7,1453.0,45.15,44.83,0.02,0.3,29.6,29.44,0.0,0.16,49,49
2003-03-22 06:00:00,6,1323.8,1534.0,46.21,45.89,0.0,0.32,40.78,40.6,0.0,0.18,49,48
2003-03-22 07:00:00,7,1475.5,1686.0,49.57,49.23,0.0,0.34,40.26,40.06,0.0,0.2,48,48
2003-03-22 08:00:00,8,1665.5,1861.0,51.57,51.22,-0.01,0.36,52.99,52.73,0.0,0.26,48,48
2003-03-22 09:00:00,9,1802.5,1952.0,51.58,51.22,0.0,0.36,57.67,57.32,0.0,0.35,49,49
2003-03-22 10:00:00,10,1795.6,1990.0,51.58,51.23,0.0,0.35,53.18,52.78,0.0,0.4,49,48
2003-03-22 11:00:00,11,1782.8,1971.0,51.58,51.22,0.0,0.36,50.31,49.96,0.0,0.35,52,49
2003-03-22 12:00:00,12,1721.8,1921.0,51.49,51.14,-0.01,0.36,44.03,43.79,0.0,0.24,54,48
2003-03-22 13:00:00,13,1679.0,1870.0,50.86,50.51,0.0,0.35,43.99,43.77,0.0,0.22,55,46
2003-03-22 14:00:00,14,1653.6,1818.0,49.99,49.63,0.0,0.36,42.22,42.0,0.0,0.22,58,44
2003-03-22 15:00:00,15,1649.2,1789.0,50.37,50.02,0.0,0.35,43.63,43.32,0.0,0.31,59,38
2003-03-22 16:00:00,16,1679.0,1804.0,51.52,51.12,0.04,0.36,38.07,37.79,0.0,0.28,59,41
2003-03-22 17:00:00,17,1814.9,1872.0,53.12,52.74,0.0,0.38,46.38,46.09,0.0,0.29,56,40
2003-03-22 18:00:00,18,1780.6,2011.0,55.25,54.86,0.0,0.39,52.67,52.35,0.0,0.32,55,38
2003-03-22 19:00:00,19,1863.7,1996.0,55.17,54.78,0.0,0.39,52.67,52.35,0.0,0.32,52,35
2003-03-22 20:00:00,20,1858.5,1924.0,52.1,51.72,0.0,0.38,44.45,44.19,0.0,0.26,48,29
2003-03-22 21:00:00,21,1794.4,1829.0,49.36,49.01,0.0,0.35,36.22,36.02,0.0,0.2,47,29
2003-03-22 22:00:00,22,1607.8,1701.0,47.01,46.69,0.0,0.32,25.37,25.22,0.0,0.15,47,29
2003-03-22 23:00:00,23,1386.5,1564.0,46.21,45.86,0.03,0.32,25.09,24.94,0.0,0.15,44,30
2003-03-23 00:00:00,0,1494.0,1470.0,41.44,41.13,0.0,0.31,32.55,32.36,0.0,0.19,43,28
2003-03-23 01:00:00,1,1442.7,1414.0,39.67,39.38,0.0,0.29,29.12,28.97,0.0,0.15,42,28
2003-03-23 02:00:00,2,1558.9,1380.0,39.0,38.71,0.0,0.29,32.03,31.85,0.0,0.18,40,30
2003-03-23 03:00:00,3,1684.3,1365.0,39.0,38.71,0.0,0.29,27.11,26.93,0.0,0.18,39,31
2003-03-23 04:00:00,4,1392.6,1372.0,38.14,37.86,0.0,0.28,25.77,25.61,0.0,0.16,38,33
2003-03-23 05:00:00,5,1331.6,1402.0,42.01,41.7,0.0,0.31,25.24,25.07,0.0,0.17,37,33
2003-03-23 06:00:00,6,1429.7,1448.0,44.99,44.64,0.0,0.35,22.73,22.57,0.0,0.16,36,32
2003-03-23 07:00:00,7,1610.3,1558.0,47.0,46.63,0.0,0.37,4.85,4.81,0.0,0.04,37,32
2003-03-23 08:00:00,8,1541.7,1702.0,47.0,46.66,-0.02,0.36,22.67,22.49,0.0,0.18,40,31
2003-03-23 09:00:00,9,1658.7,1806.0,49.23,48.86,-0.01,0.38,37.11,36.83,0.0,0.28,41,29
2003-03-23 10:00:00,10,1656.9,1857.0,49.53,49.17,-0.01,0.37,41.61,41.34,0.0,0.27,42,29
2003-03-23 11:00:00,11,1674.1,1881.0,49.53,49.17,-0.01,0.37,45.54,45.2,0.0,0.34,43,29
2003-03-23 12:00:00,12,1656.8,1870.0,48.24,47.9,-0.01,0.35,42.22,41.92,0.0,0.3,43,30
2003-03-23 13:00:00,13,1619.4,1831.0,47.1,46.76,0.0,0.34,35.2,34.98,0.0,0.22,44,31
2003-03-23 14:00:00,14,1620.3,1791.0,46.57,46.23,0.0,0.34,27.52,27.34,0.0,0.18,43,31
2003-03-23 15:00:00,15,1633.8,1782.0,46.57,46.24,0.0,0.33,33.19,32.97,0.0,0.22,45,32
2003-03-23 16:00:00,16,1702.0,1835.0,49.29,48.94,-0.01,0.36,30.81,30.61,0.0,0.2,44,30
2003-03-23 17:00:00,17,1828.4,1960.0,53.76,52.44,0.93,0.39,39.4,39.11,0.0,0.29,43,31
2003-03-23 18:00:00,18,1937.0,2104.0,58.7,56.56,1.72,0.42,55.56,55.13,0.0,0.43,43,31
2003-03-23 19:00:00,19,1912.6,2106.0,54.52,53.67,0.46,0.39,47.52,47.13,0.0,0.39,42,31
2003-03-23 20:00:00,20,1884.0,2027.0,52.64,51.25,1.02,0.37,44.06,43.71,0.0,0.35,41,31
2003-03-23 21:00:00,21,1796.3,1889.0,47.98,47.65,0.0,0.33,41.78,41.53,0.0,0.25,41,32
2003-03-23 22:00:00,22,1579.1,1732.0,46.57,46.24,0.0,0.33,25.49,25.37,0.0,0.12,40,32
2003-03-23 23:00:00,23,1557.6,1591.0,43.09,42.76,0.0,0.33,27.05,26.92,0.0,0.13,40,32
2003-03-24 00:00:00,0,1243.6,1497.0,38.58,38.31,0.0,0.27,24.88,24.71,0.0,0.17,39,32
2003-03-24 01:00:00,1,1423.4,1446.0,35.56,35.33,-0.01,0.24,27.36,27.09,0.0,0.27,39,32
2003-03-24 02:00:00,2,1397.1,1427.0,37.92,37.65,0.0,0.27,27.11,26.86,0.0,0.25,39,32
2003-03-24 03:00:00,3,1394.6,1434.0,36.76,36.51,-0.01,0.26,25.75,25.51,0.0,0.24,39,32
2003-03-24 04:00:00,4,1210.0,1485.0,38.17,37.9,0.0,0.27,27.1,26.87,0.0,0.23,38,32
2003-03-24 05:00:00,5,1428.2,1651.0,41.85,41.56,0.0,0.29,40.72,40.45,0.0,0.27,38,32
2003-03-24 06:00:00,6,1865.7,1932.0,47.39,47.03,0.0,0.36,47.49,47.14,0.0,0.35,37,32
2003-03-24 07:00:00,7,1568.6,2146.0,49.81,49.44,-0.01,0.38,48.76,48.33,0.0,0.43,39,32
2003-03-24 08:00:00,8,1660.9,2195.0,50.41,50.03,0.0,0.38,49.77,49.21,0.0,0.56,43,31
2003-03-24 09:00:00,9,1676.1,2202.0,49.92,49.61,-0.06,0.37,49.26,48.7,0.0,0.56,45,31
2003-03-24 10:00:00,10,1626.2,2219.0,50.2,49.88,-0.06,0.38,48.94,48.32,0.0,0.62,45,31
2003-03-24 11:00:00,11,1604.4,2215.0,49.27,48.97,-0.07,0.37,45.78,45.21,0.0,0.57,47,31
2003-03-24 12:00:00,12,1562.9,2187.0,48.3,48.02,-0.09,0.37,44.89,44.36,0.0,0.53,49,30
2003-03-24 13:00:00,13,1541.7,2168.0,48.12,47.85,-0.09,0.36,43.48,42.98,0.0,0.5,51,28
2003-03-24 14:00:00,14,1682.7,2134.0,48.3,48.03,-0.09,0.36,41.19,40.73,0.0,0.46,53,29
2003-03-24 15:00:00,15,1685.3,2107.0,49.34,49.05,-0.07,0.36,39.9,39.47,0.0,0.43,54,30
2003-03-24 16:00:00,16,1667.4,2110.0,49.85,49.53,-0.06,0.38,36.52,36.2,0.0,0.32,54,28
2003-03-24 17:00:00,17,1748.3,2158.0,50.2,49.82,-0.01,0.39,40.15,39.83,0.0,0.32,54,29
2003-03-24 18:00:00,18,1783.0,2315.0,52.76,52.35,0.0,0.41,51.8,51.35,0.0,0.45,53,28
2003-03-24 19:00:00,19,1761.1,2334.0,50.6,50.22,-0.01,0.39,47.81,47.4,0.0,0.41,47,33
2003-03-24 20:00:00,20,1673.2,2239.0,48.11,47.75,-0.02,0.38,49.57,49.06,0.0,0.51,44,32
2003-03-24 21:00:00,21,1623.8,2084.0,46.57,46.21,-0.01,0.37,42.99,42.58,0.0,0.41,41,31
2003-03-24 22:00:00,22,1561.0,1877.0,43.63,43.3,-0.01,0.34,29.95,29.68,0.0,0.27,40,31
2003-03-24 23:00:00,23,1680.4,1701.0,43.32,43.0,0.0,0.32,25.71,25.49,0.0,0.22,38,31
2003-03-25 00:00:00,0,1426.0,1581.0,38.12,37.86,-0.07,0.33,26.31,26.06,0.0,0.25,36,30
2003-03-25 01:00:00,1,1365.9,1533.0,37.09,36.77,-0.01,0.33,25.58,25.36,0.0,0.22,36,30
2003-03-25 02:00:00,2,1343.4,1515.0,35.16,34.88,-0.02,0.3,25.11,24.89,0.0,0.22,35,30
2003-03-25 03:00:00,3,1547.7,1513.0,34.53,34.25,-0.02,0.3,25.1,24.88,0.0,0.22,35,31
2003-03-25 04:00:00,4,1372.8,1565.0,36.65,36.34,-0.01,0.32,32.8,32.51,0.0,0.29,34,30
2003-03-25 05:00:00,5,1617.5,1722.0,40.66,40.39,-0.1,0.37,42.42,42.14,0.0,0.28,35,30
2003-03-25 06:00:00,6,1774.4,2005.0,45.22,44.83,-0.01,0.4,51.48,51.17,0.0,0.31,35,31
2003-03-25 07:00:00,7,1340.6,2190.0,48.24,47.82,0.0,0.42,49.4,48.99,0.0,0.41,37,31
2003-03-25 08:00:00,8,1268.0,2225.0,49.59,49.49,-0.34,0.44,47.25,46.81,0.0,0.44,40,32
2003-03-25 09:00:00,9,1273.3,2223.0,49.04,48.96,-0.35,0.43,47.14,46.61,0.0,0.53,45,31
2003-03-25 10:00:00,10,1364.7,2225.0,48.02,47.61,0.0,0.41,45.87,45.32,0.0,0.55,47,31
2003-03-25 11:00:00,11,1357.0,2223.0,47.95,47.54,0.0,0.41,46.75,46.18,0.0,0.57,49,32
2003-03-25 12:00:00,12,1392.1,2196.0,47.23,46.83,0.0,0.4,45.85,45.25,0.0,0.6,52,34
2003-03-25 13:00:00,13,1336.2,2172.0,48.15,48.02,-0.28,0.41,45.99,45.38,0.0,0.61,54,34
2003-03-25 14:00:00,14,1257.6,2138.0,48.9,49.17,-0.68,0.41,45.26,44.67,0.0,0.59,55,35
2003-03-25 15:00:00,15,1386.4,2113.0,47.23,46.83,0.0,0.4,44.74,44.21,0.0,0.53,55,34
2003-03-25 16:00:00,16,1241.0,2117.0,49.24,48.82,0.0,0.42,44.61,44.15,0.0,0.46,55,34
2003-03-25 17:00:00,17,1280.1,2170.0,51.52,52.04,-0.98,0.46,44.69,44.33,0.0,0.36,54,34
2003-03-25 18:00:00,18,1405.0,2326.0,55.86,56.18,-0.83,0.51,63.55,63.0,0.0,0.55,50,35
2003-03-25 19:00:00,19,1342.5,2343.0,52.47,52.03,-0.03,0.47,53.81,53.29,0.0,0.52,46,34
2003-03-25 20:00:00,20,1410.7,2254.0,48.35,47.97,-0.05,0.43,52.19,51.62,0.0,0.57,42,34
2003-03-25 21:00:00,21,1384.6,2096.0,41.98,41.66,-0.03,0.35,41.71,41.26,0.0,0.45,39,34
2003-03-25 22:00:00,22,1339.6,1885.0,40.14,39.81,0.0,0.33,29.34,29.04,0.0,0.3,37,35
2003-03-25 23:00:00,23,1579.0,1699.0,40.27,39.94,0.0,0.33,28.65,28.36,0.0,0.29,37,35
2003-03-26 00:00:00,0,1498.0,1590.0,35.16,34.84,0.0,0.32,27.97,27.73,0.0,0.24,37,35
2003-03-26 01:00:00,1,1569.3,1534.0,33.5,33.2,0.01,0.29,31.66,31.31,0.0,0.35,37,35
2003-03-26 02:00:00,2,1672.8,1511.0,33.49,33.18,0.01,0.3,27.37,27.05,0.0,0.32,37,35
2003-03-26 03:00:00,3,1684.0,1510.0,32.15,31.85,0.01,0.29,26.03,25.73,0.0,0.3,37,35
2003-03-26 04:00:00,4,1563.2,1550.0,33.88,33.58,0.0,0.3,31.95,31.59,0.0,0.36,37,36
2003-03-26 05:00:00,5,1275.6,1712.0,38.73,38.49,-0.13,0.37,37.97,37.58,0.0,0.39,37,37
2003-03-26 06:00:00,6,1662.5,1978.0,45.22,44.79,0.0,0.43,44.91,44.41,0.0,0.5,39,39
2003-03-26 07:00:00,7,1164.6,2170.0,48.83,48.38,0.0,0.45,48.67,48.06,0.0,0.61,42,39
2003-03-26 08:00:00,8,1294.7,2211.0,48.23,47.79,0.0,0.44,44.88,44.35,0.0,0.53,45,40
2003-03-26 09:00:00,9,1376.2,2221.0,47.29,46.85,0.0,0.44,48.88,48.28,0.0,0.6,49,40
2003-03-26 10:00:00,10,1216.2,2219.0,47.83,47.4,0.0,0.43,48.86,48.24,0.0,0.62,54,41
2003-03-26 11:00:00,11,1283.0,2205.0,46.2,45.77,0.0,0.43,49.62,48.98,0.0,0.64,57,42
2003-03-26 12:00:00,12,1318.0,2191.0,45.68,45.26,0.0,0.42,49.63,49.02,0.0,0.61,60,43
2003-03-26 13:00:00,13,1394.8,2192.0,45.22,44.81,0.0,0.41,48.61,48.01,0.0,0.6,63,43
2003-03-26 14:00:00,14,1304.7,2168.0,44.92,44.55,-0.01,0.38,44.5,43.97,0.0,0.53,63,43
2003-03-26 15:00:00,15,1335.4,2151.0,45.22,44.83,0.0,0.39,46.46,45.89,0.0,0.57,61,42
2003-03-26 16:00:00,16,1233.7,2206.0,47.75,47.37,0.0,0.38,48.05,47.47,0.0,0.58,60,42
2003-03-26 17:00:00,17,1165.4,2292.0,49.22,48.81,0.0,0.41,55.1,54.55,0.0,0.55,57,41
2003-03-26 18:00:00,18,1298.3,2364.0,53.78,53.57,-0.3,0.51,64.27,63.63,0.0,0.64,50,40
2003-03-26 19:00:00,19,1283.5,2331.0,52.31,51.81,0.0,0.5,55.56,54.98,0.0,0.58,45,41
2003-03-26 20:00:00,20,1293.6,2236.0,48.61,48.14,0.0,0.47,52.79,52.22,0.0,0.57,44,42
2003-03-26 21:00:00,21,1265.2,2070.0,44.31,43.91,0.0,0.4,46.0,45.45,0.0,0.55,43,41
2003-03-26 22:00:00,22,1164.1,1872.0,39.76,39.41,0.0,0.35,36.6,36.21,0.0,0.39,42,41
2003-03-26 23:00:00,23,1439.1,1686.0,38.97,38.62,0.0,0.35,36.98,36.55,0.0,0.43,41,41
2003-03-27 00:00:00,0,1652.6,1569.0,34.15,33.83,0.01,0.31,32.23,31.89,0.0,0.34,41,39
2003-03-27 01:00:00,1,1820.2,1512.0,33.5,33.19,0.0,0.31,28.36,28.06,0.0,0.3,41,39
2003-03-27 02:00:00,2,1790.0,1488.0,32.67,32.37,0.0,0.3,34.6,34.2,0.0,0.4,40,39
2003-03-27 03:00:00,3,1781.4,1488.0,32.67,32.37,0.0,0.3,26.95,26.64,0.0,0.31,39,38
2003-03-27 04:00:00,4,1724.8,1535.0,33.5,33.2,0.0,0.3,31.03,30.68,0.0,0.35,38,35
2003-03-27 05:00:00,5,1327.3,1698.0,38.58,38.21,0.0,0.37,36.98,36.68,0.0,0.3,36,33
2003-03-27 06:00:00,6,1763.2,1976.0,43.93,43.5,0.0,0.43,51.72,51.26,0.0,0.46,35,33
2003-03-27 07:00:00,7,1224.8,2152.0,49.07,48.58,0.0,0.49,49.24,48.8,0.0,0.44,37,33
2003-03-27 08:00:00,8,1255.9,2198.0,49.07,48.58,0.0,0.49,49.43,48.83,0.0,0.6,40,32
2003-03-27 09:00:00,9,1256.0,2211.0,49.07,48.58,0.0,0.49,48.93,48.33,0.0,0.6,43,26
2003-03-27 10:00:00,10,1307.8,2217.0,48.69,48.2,0.0,0.49,51.64,51.0,0.0,0.64,46,27
2003-03-27 11:00:00,11,1347.9,2207.0,47.03,46.56,0.0,0.47,48.08,47.47,0.0,0.61,48,25
2003-03-27 12:00:00,12,1364.7,2180.0,45.21,44.78,0.0,0.43,46.92,46.33,0.0,0.59,50,24
2003-03-27 13:00:00,13,1357.7,2166.0,45.21,44.79,0.0,0.42,46.73,46.17,0.0,0.56,52,24
2003-03-27 14:00:00,14,1371.0,2130.0,44.71,44.3,0.0,0.41,42.33,41.87,0.0,0.46,52,24
2003-03-27 15:00:00,15,1472.4,2099.0,45.41,44.99,0.0,0.42,41.03,40.62,0.0,0.41,53,24
2003-03-27 16:00:00,16,1336.5,2108.0,45.95,45.52,-0.01,0.44,41.14,40.77,0.0,0.37,54,23
2003-03-27 17:00:00,17,1374.8,2139.0,49.87,49.35,0.0,0.52,42.69,42.27,0.0,0.42,53,22
2003-03-27 18:00:00,18,1294.8,2277.0,53.69,53.11,0.0,0.58,54.29,53.77,0.0,0.52,50,22
2003-03-27 19:00:00,19,1270.7,2304.0,52.53,51.97,0.0,0.56,47.73,47.28,0.0,0.45,48,22
2003-03-27 20:00:00,20,1166.5,2232.0,48.79,48.27,0.0,0.52,42.98,42.52,0.0,0.46,47,22
2003-03-27 21:00:00,21,1394.5,2084.0,42.75,42.35,-0.02,0.42,37.05,36.69,0.0,0.36,44,23
2003-03-27 22:00:00,22,1472.9,1886.0,37.77,37.41,0.0,0.36,28.06,27.74,0.0,0.32,44,20
2003-03-27 23:00:00,23,1690.8,1706.0,37.77,37.42,0.0,0.35,29.0,28.66,0.0,0.34,42,21
2003-03-28 00:00:00,0,1713.3,1595.0,34.13,33.79,0.0,0.34,28.4,28.07,0.0,0.33,41,20
2003-03-28 01:00:00,1,1731.3,1542.0,33.01,32.68,-0.01,0.34,24.42,24.13,0.0,0.29,43,20
2003-03-28 02:00:00,2,1867.8,1518.0,33.01,32.68,-0.01,0.34,8.34,8.24,0.0,0.1,45,22
2003-03-28 03:00:00,3,1864.7,1516.0,32.8,32.47,0.0,0.33,0.0,0.0,0.0,0.0,44,22
2003-03-28 04:00:00,4,1677.3,1559.0,33.01,32.67,-0.01,0.35,2.74,2.71,0.0,0.03,42,23
2003-03-28 05:00:00,5,1627.8,1707.0,38.95,38.65,-0.12,0.42,31.37,31.02,0.0,0.35,40,22
2003-03-28 06:00:00,6,1797.9,1981.0,45.35,44.84,0.0,0.51,45.14,44.71,0.0,0.43,39,23
2003-03-28 07:00:00,7,1234.0,2158.0,47.62,49.2,-2.14,0.56,45.55,44.98,0.0,0.57,40,25
2003-03-28 08:00:00,8,1265.7,2188.0,47.62,49.23,-2.14,0.53,45.02,44.45,0.0,0.57,43,26
2003-03-28 09:00:00,9,1251.9,2192.0,47.62,49.25,-2.16,0.53,42.81,42.25,0.0,0.56,47,28
2003-03-28 10:00:00,10,1209.3,2196.0,47.5,49.15,-2.17,0.52,42.22,41.67,0.0,0.55,51,28
2003-03-28 11:00:00,11,1230.8,2180.0,45.82,47.63,-2.32,0.51,42.09,41.55,0.0,0.54,54,31
2003-03-28 12:00:00,12,1303.2,2155.0,45.39,45.22,-0.33,0.5,41.08,40.57,0.0,0.51,56,30
2003-03-28 13:00:00,13,1286.6,2136.0,45.59,45.1,0.0,0.49,40.73,40.23,0.0,0.5,58,33
2003-03-28 14:00:00,14,1293.8,2094.0,45.59,45.1,0.0,0.49,39.79,39.35,0.0,0.44,59,29
2003-03-28 15:00:00,15,1201.6,2050.0,44.84,44.37,0.0,0.47,37.52,37.16,0.0,0.36,59,26
2003-03-28 16:00:00,16,1210.5,2034.0,46.61,46.12,0.0,0.49,35.08,34.75,0.0,0.33,58,25
2003-03-28 17:00:00,17,1173.9,2053.0,48.38,47.86,-0.01,0.53,31.87,31.63,0.0,0.24,56,20
2003-03-28 18:00:00,18,1317.3,2168.0,53.06,52.49,-0.06,0.63,43.03,42.65,0.0,0.38,52,20
2003-03-28 19:00:00,19,1276.3,2166.0,52.71,52.08,0.0,0.63,40.62,40.19,0.0,0.43,50,23
2003-03-28 20:00:00,20,1260.6,2085.0,48.71,48.15,0.0,0.56,35.75,35.35,0.0,0.4,48,35
2003-03-28 21:00:00,21,1296.3,1967.0,42.86,42.96,-0.56,0.46,27.77,27.47,0.0,0.3,47,36
2003-03-28 22:00:00,22,1219.5,1808.0,38.21,37.81,0.0,0.4,24.64,24.34,0.0,0.3,47,40
2003-03-28 23:00:00,23,1473.6,1627.0,38.18,37.8,0.0,0.38,24.3,24.07,0.0,0.23,45,40
2003-03-29 00:00:00,0,1410.8,1510.0,31.18,30.87,0.0,0.31,31.33,31.09,0.0,0.24,46,40
2003-03-29 01:00:00,1,1472.9,1441.0,29.48,29.19,0.0,0.29,42.28,41.91,0.0,0.37,45,43
2003-03-29 02:00:00,2,1549.1,1403.0,28.71,28.43,0.0,0.28,32.53,32.26,0.0,0.27,44,44
2003-03-29 03:00:00,3,1523.6,1381.0,28.25,27.98,0.0,0.27,21.45,21.29,0.0,0.16,44,44
2003-03-29 04:00:00,4,1544.4,1387.0,28.69,28.4,0.0,0.29,17.96,17.82,0.0,0.14,45,45
2003-03-29 05:00:00,5,1100.7,1435.0,33.43,33.1,0.0,0.33,23.88,23.66,0.0,0.22,45,45
2003-03-29 06:00:00,6,1339.6,1521.0,35.04,34.69,0.0,0.35,27.04,26.76,0.0,0.28,46,46
2003-03-29 07:00:00,7,1452.6,1666.0,43.71,43.28,0.0,0.43,34.82,34.49,0.0,0.33,48,48
2003-03-29 08:00:00,8,1582.0,1820.0,45.21,44.73,0.0,0.48,48.97,48.52,0.0,0.45,50,50
2003-03-29 09:00:00,9,1631.2,1926.0,46.82,46.34,0.0,0.48,49.83,49.41,0.0,0.42,53,53
2003-03-29 10:00:00,10,1609.6,1959.0,47.83,47.35,0.0,0.48,49.09,48.63,0.0,0.46,54,54
2003-03-29 11:00:00,11,1501.1,1956.0,46.82,46.35,0.0,0.47,53.95,53.49,0.0,0.46,55,55
2003-03-29 12:00:00,12,1508.6,1924.0,44.2,43.75,0.0,0.45,52.35,51.84,0.0,0.51,57,56
2003-03-29 13:00:00,13,1490.6,1884.0,41.93,41.53,0.0,0.4,46.31,45.81,0.0,0.5,58,57
2003-03-29 14:00:00,14,1506.0,1841.0,42.54,39.1,3.06,0.38,44.74,44.28,0.0,0.46,61,57
2003-03-29 15:00:00,15,1500.5,1816.0,41.0,40.49,0.11,0.4,46.3,45.76,0.0,0.54,64,57
2003-03-29 16:00:00,16,1514.4,1854.0,43.52,43.03,0.07,0.42,48.49,47.96,0.0,0.53,65,56
2003-03-29 17:00:00,17,1497.2,1938.0,46.85,46.15,0.22,0.48,52.86,52.36,0.0,0.5,63,56
2003-03-29 18:00:00,18,1545.5,2032.0,55.04,53.54,0.94,0.56,94.83,94.07,0.0,0.76,61,57
2003-03-29 19:00:00,19,1547.3,2001.0,52.18,50.94,0.71,0.53,52.86,52.48,0.0,0.38,60,57
2003-03-29 20:00:00,20,1476.0,1918.0,47.28,46.53,0.28,0.47,51.81,51.43,0.0,0.38,51,51
2003-03-29 21:00:00,21,1598.3,1814.0,43.06,42.41,0.23,0.42,41.84,41.43,0.0,0.41,51,51
2003-03-29 22:00:00,22,1355.5,1671.0,40.91,40.06,0.46,0.39,28.6,28.33,0.0,0.27,51,50
2003-03-29 23:00:00,23,1247.6,1542.0,35.14,34.77,0.04,0.33,41.18,40.8,0.0,0.38,50,48
2003-03-30 00:00:00,0,1221.1,1426.0,34.76,34.4,0.0,0.36,35.47,35.08,0.0,0.39,50,48
2003-03-30 01:00:00,1,1462.8,1366.0,33.6,33.25,0.0,0.35,45.05,44.45,0.0,0.6,49,47
2003-03-30 02:00:00,2,1412.3,1327.0,32.38,32.04,0.0,0.34,34.79,34.38,0.0,0.41,48,47
2003-03-30 03:00:00,3,1639.9,1312.0,31.14,30.81,0.0,0.33,24.96,24.69,0.0,0.27,47,46
2003-03-30 04:00:00,4,1651.0,1312.0,31.41,31.07,0.0,0.34,30.79,30.39,0.0,0.4,45,44
2003-03-30 05:00:00,5,1118.7,1345.0,39.53,39.11,0.0,0.42,29.24,28.89,0.0,0.35,43,42
2003-03-30 06:00:00,6,1371.7,1392.0,43.65,43.17,0.0,0.48,28.48,28.11,0.0,0.37,43,40
2003-03-30 07:00:00,7,1492.6,1519.0,44.25,43.76,0.0,0.49,39.97,39.41,0.0,0.56,41,39
2003-03-30 08:00:00,8,1639.8,1681.0,44.35,43.85,0.0,0.5,47.83,47.27,0.0,0.56,41,37
2003-03-30 09:00:00,9,1667.2,1818.0,46.57,46.05,0.0,0.52,68.06,67.42,0.0,0.64,40,36
2003-03-30 10:00:00,10,1661.5,1899.0,47.22,46.7,0.0,0.52,63.28,62.77,0.0,0.51,40,37
2003-03-30 11:00:00,11,1670.5,1957.0,46.38,45.87,0.0,0.51,73.56,72.94,0.0,0.62,40,37
2003-03-30 12:00:00,12,1684.9,1979.0,44.58,44.09,0.0,0.49,64.5,63.96,0.0,0.54,39,37
2003-03-30 13:00:00,13,1664.0,1977.0,44.33,43.85,0.0,0.48,72.93,72.22,0.0,0.71,38,37
2003-03-30 14:00:00,14,1665.8,1968.0,44.25,43.77,0.0,0.48,63.33,62.65,0.0,0.68,37,36
2003-03-30 15:00:00,15,1789.6,1967.0,44.49,43.99,0.02,0.48,57.71,57.15,0.0,0.56,37,35
2003-03-30 16:00:00,16,1695.6,2015.0,47.65,47.12,0.01,0.52,62.21,61.62,0.0,0.59,36,34
2003-03-30 17:00:00,17,1554.9,2122.0,50.8,50.23,0.0,0.57,77.48,76.88,0.0,0.6,35,33
2003-03-30 18:00:00,18,1647.4,2216.0,64.22,63.5,0.0,0.72,138.11,137.18,0.0,0.93,34,33
2003-03-30 19:00:00,19,1668.7,2201.0,59.3,58.65,0.0,0.65,105.57,104.7,0.0,0.87,33,32
2003-03-30 20:00:00,20,1608.1,2121.0,49.5,48.97,0.0,0.53,65.22,64.62,0.0,0.6,32,31
2003-03-30 21:00:00,21,1648.8,1977.0,46.58,45.86,0.24,0.48,45.43,44.97,0.0,0.46,31,29
2003-03-30 22:00:00,22,1516.6,1813.0,40.0,39.59,0.0,0.41,32.52,32.2,0.0,0.32,30,27
2003-03-30 23:00:00,23,1440.3,1669.0,37.58,37.19,0.0,0.39,29.21,28.88,0.0,0.33,30,27
2003-03-31 00:00:00,0,1669.3,1564.0,37.31,36.71,0.17,0.43,32.43,32.02,0.0,0.41,29,27
2003-03-31 01:00:00,1,1931.3,1519.0,36.05,35.44,0.19,0.42,34.75,34.26,0.0,0.49,29,25
2003-03-31 02:00:00,2,2159.7,1504.0,35.36,34.74,0.21,0.41,31.48,31.02,0.0,0.46,29,25
2003-03-31 03:00:00,3,2167.0,1506.0,35.36,34.74,0.21,0.41,30.44,29.99,0.0,0.45,28,23
2003-03-31 04:00:00,4,2228.2,1557.0,35.68,35.06,0.2,0.42,35.77,35.22,0.0,0.55,28,24
2003-03-31 05:00:00,5,1814.0,1730.0,45.28,44.64,0.1,0.54,38.87,38.39,0.0,0.48,28,23
2003-03-31 06:00:00,6,1697.9,2052.0,50.34,49.75,0.0,0.59,49.94,49.36,0.0,0.58,27,23
2003-03-31 07:00:00,7,1471.6,2284.0,54.78,54.18,-0.04,0.64,58.08,57.24,0.0,0.84,26,21
2003-03-31 08:00:00,8,1516.4,2344.0,54.48,53.89,-0.04,0.63,54.71,53.96,0.0,0.75,26,20
2003-03-31 09:00:00,9,1530.7,2360.0,53.38,52.84,-0.07,0.61,60.1,59.29,0.0,0.81,27,20
2003-03-31 10:00:00,10,1498.0,2379.0,51.42,51.03,-0.21,0.6,56.07,55.3,0.0,0.77,28,18
2003-03-31 11:00:00,11,1491.5,2374.0,50.79,50.39,-0.2,0.6,54.34,53.54,0.0,0.8,29,17
2003-03-31 12:00:00,12,1478.9,2343.0,50.37,49.9,-0.12,0.59,50.58,49.75,0.0,0.83,32,17
2003-03-31 13:00:00,13,1468.3,2324.0,50.19,49.7,-0.1,0.59,46.5,45.73,0.0,0.77,33,17
2003-03-31 14:00:00,14,1587.6,2281.0,50.3,49.62,0.1,0.58,44.44,43.76,0.0,0.68,33,11
2003-03-31 15:00:00,15,1616.1,2265.0,50.76,50.21,-0.03,0.58,41.01,40.42,0.0,0.59,33,9
2003-03-31 16:00:00,16,1476.4,2295.0,54.5,54.04,-0.19,0.65,43.35,42.78,0.0,0.57,33,7
2003-03-31 17:00:00,17,1468.8,2358.0,56.74,56.23,-0.19,0.7,42.49,41.98,0.0,0.51,32,7
2003-03-31 18:00:00,18,1574.0,2494.0,65.33,64.86,-0.32,0.79,55.96,55.27,0.0,0.69,30,14
2003-03-31 19:00:00,19,1502.8,2521.0,59.42,58.82,-0.12,0.72,49.6,48.91,0.0,0.69,29,10
2003-03-31 20:00:00,20,1512.9,2430.0,52.6,52.05,-0.09,0.64,46.11,45.44,0.0,0.67,28,12
2003-03-31 21:00:00,21,1634.1,2269.0,49.53,48.81,0.14,0.58,38.97,38.49,0.0,0.48,27,14
2003-03-31 22:00:00,22,1461.0,2052.0,46.04,45.42,0.09,0.53,28.77,28.35,0.0,0.42,26,14
2003-03-31 23:00:00,23,1684.9,1866.0,45.28,44.68,0.1,0.5,29.45,29.05,0.0,0.4,26,11
2003-04-01 00:00:00,0,1842.2,1747.0,38.73,38.18,0.04,0.51,39.51,38.94,0.0,0.57,25,10
2003-04-01 01:00:00,1,2168.8,1694.0,35.1,34.6,0.04,0.46,39.62,39.02,0.0,0.6,24,10
2003-04-01 02:00:00,2,2143.9,1670.0,35.1,34.6,0.04,0.46,36.03,35.47,0.0,0.56,24,11
2003-04-01 03:00:00,3,2142.1,1669.0,35.1,34.59,0.04,0.47,36.11,35.56,0.0,0.55,23,14
2003-04-01 04:00:00,4,2210.3,1718.0,35.34,34.82,0.04,0.48,40.73,40.1,0.0,0.63,23,16
2003-04-01 05:00:00,5,1393.3,1864.0,44.99,45.57,-1.2,0.62,40.75,40.17,0.0,0.58,22,17
2003-04-01 06:00:00,6,1774.5,2139.0,53.07,53.54,-1.2,0.73,46.37,45.63,0.0,0.74,22,17
2003-04-01 07:00:00,7,1512.4,2310.0,69.51,71.34,-2.79,0.96,47.97,47.23,0.0,0.74,23,18
2003-04-01 08:00:00,8,1704.8,2349.0,54.45,59.83,-6.16,0.78,53.2,52.15,0.2,0.85,25,13
2003-04-01 09:00:00,9,1843.7,2340.0,51.98,58.02,-6.79,0.75,46.66,45.81,0.0,0.85,27,12
2003-04-01 10:00:00,10,1810.6,2337.0,51.87,54.14,-2.97,0.7,47.56,46.71,0.0,0.85,28,12
2003-04-01 11:00:00,11,1824.6,2324.0,48.89,49.5,-1.25,0.64,46.32,45.5,0.0,0.82,31,13
2003-04-01 12:00:00,12,1790.7,2285.0,48.07,47.88,-0.43,0.62,52.67,51.7,0.0,0.97,34,12
2003-04-01 13:00:00,13,1769.5,2292.0,45.86,45.23,0.05,0.58,55.94,54.93,0.0,1.01,35,9
2003-04-01 14:00:00,14,1798.1,2292.0,44.98,44.36,0.05,0.57,45.53,44.77,0.0,0.76,36,9
2003-04-01 15:00:00,15,1764.4,2320.0,45.02,45.55,-1.11,0.58,49.83,48.79,0.18,0.86,35,12
2003-04-01 16:00:00,16,1807.9,2398.0,53.65,53.78,-0.84,0.71,58.5,57.14,0.37,0.99,30,26
2003-04-01 17:00:00,17,1740.1,2477.0,59.18,63.11,-4.78,0.85,63.15,64.09,-1.92,0.98,29,28
2003-04-01 18:00:00,18,1823.7,2547.0,64.34,73.42,-10.08,1.0,94.14,92.89,0.0,1.25,30,28
2003-04-01 19:00:00,19,1774.7,2511.0,64.32,73.26,-9.93,0.99,64.86,63.96,0.0,0.9,30,28
2003-04-01 20:00:00,20,1826.0,2394.0,52.85,52.15,0.0,0.7,49.42,48.8,0.0,0.62,30,28
2003-04-01 21:00:00,21,1701.6,2222.0,44.64,44.0,0.05,0.59,42.65,42.49,-0.46,0.62,30,28
2003-04-01 22:00:00,22,1691.5,1997.0,43.85,43.22,0.05,0.58,34.81,34.26,0.0,0.55,30,28
2003-04-01 23:00:00,23,2025.3,1816.0,38.73,38.19,0.04,0.5,38.02,37.41,0.0,0.61,30,28
2003-04-02 00:00:00,0,2275.0,1694.0,34.67,34.27,-0.03,0.43,36.08,35.44,0.0,0.64,30,28
2003-04-02 01:00:00,1,2326.7,1640.0,33.75,33.37,-0.04,0.42,32.75,32.14,0.0,0.61,31,29
2003-04-02 02:00:00,2,2290.6,1613.0,33.5,33.13,-0.05,0.42,32.78,32.18,0.0,0.6,30,29
2003-04-02 03:00:00,3,2291.3,1611.0,33.47,33.06,-0.01,0.42,33.47,32.84,0.0,0.63,30,29
2003-04-02 04:00:00,4,2353.9,1652.0,34.08,33.69,-0.04,0.43,36.59,35.96,0.0,0.63,30,29
2003-04-02 05:00:00,5,1628.0,1803.0,39.93,39.4,0.0,0.53,39.87,39.25,0.0,0.62,29,28
2003-04-02 06:00:00,6,1923.4,2084.0,50.74,50.08,0.0,0.66,56.36,55.29,0.07,1.0,30,30
2003-04-02 07:00:00,7,1626.7,2269.0,53.53,52.8,0.0,0.73,52.68,51.61,0.13,0.94,31,30
2003-04-02 08:00:00,8,1857.6,2301.0,50.01,49.34,0.0,0.67,56.35,55.21,0.13,1.01,35,32
2003-04-02 09:00:00,9,1856.6,2300.0,50.67,50.0,0.0,0.67,56.86,55.6,0.19,1.07,38,32
2003-04-02 10:00:00,10,1822.2,2298.0,51.13,50.45,0.0,0.68,55.31,54.15,0.11,1.05,41,33
2003-04-02 11:00:00,11,1795.1,2289.0,48.17,47.53,0.0,0.64,58.32,57.13,0.14,1.05,41,33
2003-04-02 12:00:00,12,1755.1,2262.0,48.1,47.46,0.0,0.64,108.3,101.61,4.77,1.92,44,34
2003-04-02 13:00:00,13,1737.3,2265.0,47.83,47.2,0.0,0.63,58.39,55.87,1.37,1.15,45,33
2003-04-02 14:00:00,14,1725.2,2257.0,46.75,46.14,0.0,0.61,45.19,44.18,0.07,0.94,45,34
2003-04-02 15:00:00,15,1722.4,2273.0,47.62,47.0,0.0,0.62,64.76,61.22,2.17,1.37,45,35
2003-04-02 16:00:00,16,1811.3,2340.0,49.78,49.12,0.0,0.66,147.22,135.61,8.5,3.11,43,36
2003-04-02 17:00:00,17,1736.9,2383.0,53.02,52.29,0.0,0.73,56.27,54.13,0.95,1.19,41,40
2003-04-02 18:00:00,18,1718.1,2448.0,59.54,62.78,-4.13,0.89,61.28,59.76,0.41,1.11,39,39
2003-04-02 19:00:00,19,1683.0,2434.0,54.03,54.64,-1.38,0.77,64.03,62.24,0.63,1.16,39,39
2003-04-02 20:00:00,20,1797.9,2334.0,50.21,49.51,0.0,0.7,65.52,63.89,0.43,1.2,39,39
2003-04-02 21:00:00,21,1491.2,2168.0,44.57,43.99,0.0,0.58,41.92,41.23,0.0,0.69,37,37
2003-04-02 22:00:00,22,1251.1,1952.0,42.78,42.22,0.0,0.56,38.08,37.46,0.0,0.62,36,36
2003-04-02 23:00:00,23,1453.5,1762.0,40.34,39.85,0.0,0.49,38.21,37.65,0.0,0.56,36,36
2003-04-03 00:00:00,0,2072.2,1644.0,37.03,36.5,0.0,0.53,36.58,36.05,0.0,0.53,36,36
2003-04-03 01:00:00,1,2007.5,1588.0,36.51,35.99,0.0,0.52,38.23,37.59,0.0,0.64,36,36
2003-04-03 02:00:00,2,1972.0,1556.0,35.79,35.29,-0.01,0.51,36.6,36.01,0.0,0.59,36,36
2003-04-03 03:00:00,3,1969.9,1549.0,35.79,35.28,0.0,0.51,34.01,33.45,0.0,0.56,36,36
2003-04-03 04:00:00,4,2033.5,1588.0,36.51,35.98,0.0,0.53,41.18,40.45,0.0,0.73,36,36
2003-04-03 05:00:00,5,1788.9,1741.0,44.67,43.99,0.0,0.68,44.4,43.62,0.0,0.78,35,35
2003-04-03 06:00:00,6,1868.2,2035.0,50.13,49.37,0.0,0.76,41.18,40.63,0.0,0.55,36,36
2003-04-03 07:00:00,7,1549.0,2256.0,53.14,52.35,0.0,0.79,47.34,46.64,0.0,0.7,35,35
2003-04-03 08:00:00,8,1597.5,2316.0,51.07,50.84,-0.51,0.74,54.73,53.85,0.0,0.88,35,34
2003-04-03 09:00:00,9,1596.8,2324.0,50.97,50.23,0.0,0.74,68.32,67.23,0.0,1.09,36,35
2003-04-03 10:00:00,10,1611.0,2355.0,50.87,50.69,-0.57,0.75,62.31,61.26,0.0,1.05,36,35
2003-04-03 11:00:00,11,1585.7,2366.0,50.13,49.4,0.0,0.73,56.24,55.26,0.0,0.98,36,35
2003-04-03 12:00:00,12,1674.8,2342.0,48.83,48.15,-0.03,0.71,47.95,47.06,0.0,0.89,35,35
2003-04-03 13:00:00,13,1658.2,2344.0,48.27,47.6,-0.03,0.7,46.14,45.22,0.0,0.92,35,35
2003-04-03 14:00:00,14,1649.0,2332.0,48.17,47.53,-0.06,0.7,45.92,45.0,0.0,0.92,35,35
2003-04-03 15:00:00,15,1642.5,2335.0,47.8,47.22,-0.11,0.69,60.34,58.56,0.55,1.23,35,35
2003-04-03 16:00:00,16,1600.2,2382.0,49.99,49.27,-0.02,0.74,60.66,58.1,1.36,1.2,34,34
2003-04-03 17:00:00,17,1702.7,2434.0,51.06,50.32,-0.04,0.78,66.79,63.91,1.77,1.11,34,34
2003-04-03 18:00:00,18,1653.9,2500.0,58.52,61.85,-4.31,0.98,68.57,67.42,0.0,1.15,34,34
2003-04-03 19:00:00,19,1624.1,2476.0,55.0,55.29,-1.15,0.86,52.64,51.28,0.46,0.9,33,33
2003-04-03 20:00:00,20,1609.0,2370.0,50.34,49.59,-0.02,0.77,45.48,44.72,0.07,0.69,33,33
2003-04-03 21:00:00,21,1435.2,2210.0,46.18,45.52,0.0,0.66,45.25,44.51,0.0,0.74,33,33
2003-04-03 22:00:00,22,1230.3,1994.0,42.95,42.35,0.0,0.6,47.15,46.37,0.0,0.78,32,32
2003-04-03 23:00:00,23,1673.8,1816.0,41.46,40.88,0.0,0.58,38.88,38.33,0.0,0.55,32,32
2003-04-04 00:00:00,0,2091.6,1687.0,37.17,36.58,0.0,0.59,40.69,40.16,0.0,0.53,32,32
2003-04-04 01:00:00,1,2013.1,1633.0,36.74,36.16,0.0,0.58,39.22,38.58,0.0,0.64,32,32
2003-04-04 02:00:00,2,1979.0,1603.0,36.45,35.88,0.0,0.57,34.7,33.8,0.38,0.52,32,32
2003-04-04 03:00:00,3,2330.9,1588.0,36.0,35.47,-0.01,0.54,43.91,42.79,0.49,0.63,32,32
2003-04-04 04:00:00,4,2036.6,1636.0,36.74,36.15,0.0,0.59,49.9,49.26,0.0,0.64,32,32
2003-04-04 05:00:00,5,1808.9,1793.0,43.25,42.55,0.0,0.7,46.56,46.02,0.0,0.54,31,31
2003-04-04 06:00:00,6,1986.6,2073.0,47.04,46.41,-0.15,0.78,42.98,42.5,0.0,0.48,30,30
2003-04-04 07:00:00,7,1711.2,2318.0,52.87,52.54,-0.52,0.85,50.27,49.54,0.0,0.73,28,27
2003-04-04 08:00:00,8,1762.8,2406.0,52.49,54.23,-2.59,0.85,54.77,54.05,0.0,0.72,27,25
2003-04-04 09:00:00,9,1784.6,2436.0,52.31,55.68,-4.24,0.87,58.68,57.86,0.0,0.82,27,25
2003-04-04 10:00:00,10,1760.8,2449.0,52.77,56.22,-4.32,0.87,56.82,55.82,0.0,1.0,26,25
2003-04-04 11:00:00,11,1744.3,2449.0,50.88,53.32,-3.27,0.83,55.5,54.46,0.0,1.04,27,25
2003-04-04 12:00:00,12,1718.3,2418.0,50.89,53.17,-3.12,0.84,50.94,49.96,0.0,0.98,26,25
2003-04-04 13:00:00,13,1671.3,2421.0,48.61,51.38,-3.57,0.8,46.47,45.55,0.0,0.92,27,26
2003-04-04 14:00:00,14,1654.8,2402.0,48.04,50.63,-3.38,0.79,47.39,46.49,0.0,0.9,26,25
2003-04-04 15:00:00,15,1839.7,2392.0,47.9,50.36,-3.25,0.79,51.32,50.36,0.0,0.96,26,25
2003-04-04 16:00:00,16,1751.6,2425.0,51.83,54.78,-3.85,0.9,54.18,53.09,0.0,1.09,26,25
2003-04-04 17:00:00,17,1718.1,2452.0,54.99,65.68,-11.8,1.11,53.61,52.52,0.0,1.09,25,24
2003-04-04 18:00:00,18,1643.2,2505.0,61.59,66.95,-6.5,1.14,64.02,61.38,1.43,1.21,25,24
2003-04-04 19:00:00,19,1602.2,2463.0,56.25,57.69,-2.39,0.95,56.92,54.99,0.9,1.03,24,23
2003-04-04 20:00:00,20,1658.5,2359.0,53.29,51.69,0.75,0.85,48.09,47.07,0.19,0.83,24,22
2003-04-04 21:00:00,21,1659.3,2239.0,44.47,43.88,-0.1,0.69,44.68,43.95,0.0,0.73,24,22
2003-04-04 22:00:00,22,1251.7,2062.0,44.77,44.03,0.06,0.68,49.34,48.51,0.0,0.83,24,23
2003-04-04 23:00:00,23,1925.3,1890.0,42.53,41.89,0.0,0.64,65.44,64.41,0.0,1.03,24,22
2003-04-05 00:00:00,0,2079.4,1746.0,40.27,39.57,0.0,0.7,47.05,46.33,0.0,0.72,24,22
2003-04-05 01:00:00,1,2086.6,1680.0,40.01,39.31,0.0,0.7,92.8,91.29,0.0,1.51,24,22
2003-04-05 02:00:00,2,2038.5,1642.0,38.16,37.49,0.0,0.67,69.22,68.13,0.0,1.09,24,23
2003-04-05 03:00:00,3,2270.5,1618.0,38.0,37.34,0.0,0.66,45.62,44.96,0.0,0.66,24,23
2003-04-05 04:00:00,4,2039.6,1627.0,39.65,38.95,0.0,0.7,45.67,45.01,0.0,0.66,24,23
2003-04-05 05:00:00,5,1653.2,1668.0,43.41,42.65,0.0,0.76,55.15,54.39,0.0,0.76,24,23
2003-04-05 06:00:00,6,1609.9,1753.0,45.5,44.66,0.02,0.82,40.64,40.23,0.0,0.41,24,23
2003-04-05 07:00:00,7,2206.3,1895.0,49.43,48.52,0.03,0.88,38.3,37.75,0.17,0.38,24,24
2003-04-05 08:00:00,8,1876.0,2062.0,53.08,51.89,0.22,0.97,49.85,49.16,0.16,0.53,24,23
2003-04-05 09:00:00,9,1961.9,2183.0,54.27,53.33,-0.05,0.99,92.34,90.99,0.32,1.03,25,25
2003-04-05 10:00:00,10,1955.2,2247.0,53.53,53.85,-1.32,1.0,180.09,176.64,1.38,2.07,27,27
2003-04-05 11:00:00,11,1938.4,2255.0,53.35,53.09,-0.72,0.98,78.4,77.18,0.34,0.88,28,28
2003-04-05 12:00:00,12,1896.6,2218.0,52.21,51.92,-0.67,0.96,64.64,63.76,0.19,0.69,30,30
2003-04-05 13:00:00,13,1860.7,2170.0,50.25,50.09,-0.76,0.92,48.89,48.24,0.1,0.55,30,30
2003-04-05 14:00:00,14,1855.4,2126.0,49.29,48.36,0.04,0.89,45.65,45.1,0.03,0.52,31,31
2003-04-05 15:00:00,15,1863.2,2092.0,48.51,48.47,-0.85,0.89,42.74,42.29,0.0,0.45,31,31
2003-04-05 16:00:00,16,1933.6,2123.0,53.77,58.56,-5.91,1.12,40.6,40.22,0.0,0.38,31,31
2003-04-05 17:00:00,17,2042.4,2167.0,59.73,65.29,-6.83,1.27,43.83,43.31,0.0,0.52,31,31
2003-04-05 18:00:00,18,2076.0,2236.0,61.39,68.62,-8.56,1.33,49.56,48.84,0.0,0.72,30,30
2003-04-05 19:00:00,19,1983.9,2212.0,62.27,80.64,-19.92,1.55,43.6,43.05,0.0,0.55,30,30
2003-04-05 20:00:00,20,1951.7,2127.0,55.01,61.22,-7.37,1.16,42.5,42.04,0.0,0.46,30,30
2003-04-05 21:00:00,21,1850.3,2019.0,48.02,53.59,-6.53,0.96,39.18,38.79,0.0,0.39,30,30
2003-04-05 22:00:00,22,1660.7,1874.0,48.64,47.68,0.11,0.85,39.63,39.18,0.0,0.45,31,31
2003-04-05 23:00:00,23,1737.8,1733.0,43.39,42.63,0.0,0.76,43.49,42.99,0.0,0.5,31,31
2003-04-06 00:00:00,0,1959.5,1619.0,40.53,39.11,0.66,0.76,38.77,38.31,0.0,0.46,31,31
2003-04-06 01:00:00,1,0.0,,0.0,0.0,0.0,0.0,0.0,0.0,0.0,0.0,31,30
2003-04-06 02:00:00,2,2333.9,1561.0,40.47,38.92,0.8,0.75,29.68,29.26,0.0,0.42,31,25
2003-04-06 03:00:00,3,2280.9,1525.0,37.79,36.54,0.55,0.7,37.33,36.78,0.0,0.55,31,25
2003-04-06 04:00:00,4,2118.7,1537.0,40.27,39.5,0.0,0.77,34.43,33.95,0.0,0.48,29,22
2003-04-06 05:00:00,5,1588.2,1562.0,43.58,42.75,0.0,0.83,33.88,33.4,0.0,0.48,26,16
2003-04-06 06:00:00,6,1760.8,1600.0,49.03,47.97,0.11,0.95,28.57,28.18,0.0,0.39,24,16
2003-04-06 07:00:00,7,2104.9,1662.0,50.63,49.52,0.13,0.98,29.62,29.19,0.0,0.43,23,13
2003-04-06 08:00:00,8,1855.8,1778.0,55.0,53.55,0.36,1.09,38.52,38.04,0.0,0.48,24,15
2003-04-06 09:00:00,9,1926.1,1886.0,56.51,55.27,0.12,1.12,41.02,40.58,0.0,0.44,25,18
2003-04-06 10:00:00,10,1930.4,1953.0,56.19,55.06,0.03,1.1,41.93,41.61,0.0,0.32,26,17
2003-04-06 11:00:00,11,1928.9,1992.0,55.11,54.03,0.0,1.08,42.47,42.16,0.0,0.31,27,18
2003-04-06 12:00:00,12,1892.8,1992.0,53.46,52.3,0.12,1.04,41.82,41.44,0.0,0.38,29,20
2003-04-06 13:00:00,13,2058.0,1957.0,52.7,51.59,0.1,1.01,40.6,40.22,0.0,0.38,30,19
2003-04-06 14:00:00,14,2024.3,1907.0,50.28,49.33,-0.03,0.98,39.14,38.72,0.0,0.42,31,19
2003-04-06 15:00:00,15,2057.1,1875.0,50.28,49.33,-0.03,0.98,37.54,37.13,0.0,0.41,32,19
2003-04-06 16:00:00,16,2031.2,1880.0,55.0,53.64,0.27,1.09,37.16,36.75,0.0,0.41,34,21
2003-04-06 17:00:00,17,2006.7,1915.0,59.71,58.29,0.2,1.22,38.3,37.82,0.0,0.48,34,20
2003-04-06 18:00:00,18,1950.4,1966.0,64.8,63.7,-0.25,1.35,40.05,39.51,0.0,0.54,34,19
2003-04-06 19:00:00,19,1965.0,2112.0,63.22,62.3,-0.37,1.29,55.5,54.75,0.0,0.75,32,18
2003-04-06 20:00:00,20,2029.6,2190.0,59.97,59.84,-1.08,1.21,51.9,51.19,0.0,0.71,30,18
2003-04-06 21:00:00,21,2118.0,2097.0,47.97,48.34,-1.31,0.94,53.27,52.51,0.0,0.76,29,18
2003-04-06 22:00:00,22,1937.5,1934.0,44.31,43.48,0.0,0.83,39.83,39.37,0.0,0.46,28,18
2003-04-06 23:00:00,23,1787.9,1769.0,42.2,41.4,0.0,0.8,37.01,36.6,0.0,0.41,26,19
2003-04-07 00:00:00,0,0.0,1651.0,39.44,38.68,-0.01,0.77,27.29,27.01,0.0,0.28,26,20
2003-04-07 01:00:00,1,0.0,1596.0,39.44,38.68,-0.01,0.77,26.17,25.91,0.0,0.26,25,19
2003-04-07 02:00:00,2,0.0,1579.0,38.93,38.19,-0.01,0.75,26.89,26.63,0.0,0.26,25,19
2003-04-07 03:00:00,3,0.0,1579.0,38.89,38.14,-0.01,0.76,27.08,26.83,0.0,0.25,26,18
2003-04-07 04:00:00,4,0.0,1621.0,39.69,38.92,0.0,0.77,25.17,24.94,0.0,0.23,26,15
2003-04-07 05:00:00,5,0.0,1787.0,43.79,42.92,0.0,0.87,35.78,35.47,0.0,0.31,24,15
2003-04-07 06:00:00,6,0.0,2095.0,46.47,45.01,0.54,0.92,58.56,57.93,0.0,0.63,24,12
2003-04-07 07:00:00,7,0.0,2334.0,59.91,56.88,1.9,1.13,91.96,90.85,0.0,1.11,24,10
2003-04-07 08:00:00,8,0.0,2415.0,58.29,56.09,1.11,1.09,60.33,59.04,0.47,0.82,24,10
2003-04-07 09:00:00,9,0.0,2432.0,58.35,56.16,1.11,1.08,56.63,55.08,0.75,0.8,25,9
2003-04-07 10:00:00,10,0.0,2447.0,55.83,53.82,0.98,1.03,59.57,57.84,0.93,0.8,27,8
2003-04-07 11:00:00,11,0.0,2445.0,55.4,53.39,0.98,1.03,57.98,56.59,0.51,0.88,28,8
2003-04-07 12:00:00,12,0.0,2426.0,55.27,53.3,0.96,1.01,56.27,54.66,0.78,0.83,28,9
2003-04-07 13:00:00,13,0.0,2414.0,54.19,51.83,1.38,0.98,54.75,53.28,0.67,0.8,29,8
2003-04-07 14:00:00,14,0.0,2382.0,52.58,50.53,1.1,0.95,55.09,53.25,1.08,0.76,30,8
2003-04-07 15:00:00,15,0.0,2354.0,53.82,51.52,1.32,0.98,50.44,49.53,0.22,0.69,30,9
2003-04-07 16:00:00,16,0.0,2378.0,58.56,55.9,1.56,1.1,53.82,52.68,0.35,0.79,32,11
2003-04-07 17:00:00,17,0.0,2407.0,59.63,59.84,-1.42,1.21,57.86,56.22,0.82,0.82,32,15
2003-04-07 18:00:00,18,0.0,2429.0,66.8,67.01,-1.58,1.37,60.11,58.28,1.08,0.75,31,19
2003-04-07 19:00:00,19,0.0,2500.0,63.38,64.12,-2.04,1.3,80.09,77.78,1.35,0.96,30,19
2003-04-07 20:00:00,20,0.0,2475.0,59.26,58.24,-0.13,1.15,59.76,58.65,0.33,0.78,29,19
2003-04-07 21:00:00,21,0.0,2338.0,50.9,49.92,0.0,0.98,47.98,47.19,0.09,0.7,29,20
2003-04-07 22:00:00,22,0.0,2128.0,45.55,44.68,0.0,0.87,40.91,40.37,0.0,0.54,26,25
2003-04-07 23:00:00,23,0.0,1930.0,44.65,43.81,0.0,0.84,47.11,46.55,0.0,0.56,25,24
2003-04-08 00:00:00,0,1715.3,1797.0,45.74,45.04,0.0,0.7,45.58,45.1,0.0,0.48,24,23
2003-04-08 01:00:00,1,1647.9,1734.0,43.86,43.19,0.0,0.67,48.86,48.28,0.0,0.58,24,22
2003-04-08 02:00:00,2,1620.1,1700.0,43.58,42.92,0.0,0.66,44.64,44.17,0.0,0.47,24,22
2003-04-08 03:00:00,3,1623.3,1696.0,43.72,43.04,0.0,0.68,44.64,44.18,0.0,0.46,24,22
2003-04-08 04:00:00,4,1687.3,1732.0,44.6,43.9,0.0,0.7,43.49,43.02,0.0,0.47,24,23
2003-04-08 05:00:00,5,1708.1,1877.0,47.94,47.19,0.0,0.75,33.63,33.3,0.0,0.33,25,24
2003-04-08 06:00:00,6,1987.0,2143.0,57.0,56.28,-0.19,0.91,45.7,45.3,0.0,0.4,25,24
2003-04-08 07:00:00,7,1393.5,2356.0,75.96,75.46,-0.68,1.18,53.98,53.36,0.0,0.62,26,24
2003-04-08 08:00:00,8,1584.3,2429.0,74.55,75.24,-1.84,1.15,52.82,52.32,0.0,0.5,26,24
2003-04-08 09:00:00,9,1602.1,2453.0,72.54,73.97,-2.55,1.12,55.93,55.38,0.0,0.55,27,25
2003-04-08 10:00:00,10,1591.6,2472.0,72.45,74.61,-3.28,1.12,51.45,53.36,-2.53,0.62,27,26
2003-04-08 11:00:00,11,1676.0,2464.0,70.96,72.5,-2.63,1.09,51.56,50.94,-0.04,0.66,28,27
2003-04-08 12:00:00,12,1639.2,2433.0,69.55,72.15,-3.69,1.09,51.79,51.18,-0.07,0.68,30,28
2003-04-08 13:00:00,13,1553.6,2416.0,72.34,73.84,-2.6,1.1,48.22,47.65,0.0,0.57,31,28
2003-04-08 14:00:00,14,1573.2,2385.0,63.92,66.45,-3.52,0.99,46.47,46.03,-0.13,0.57,32,28
2003-04-08 15:00:00,15,1593.0,2376.0,68.43,68.68,-1.29,1.04,46.1,46.68,-1.13,0.55,31,28
2003-04-08 16:00:00,16,1528.2,2388.0,75.16,75.34,-1.36,1.18,46.17,45.9,-0.29,0.56,31,30
2003-04-08 17:00:00,17,1616.6,2401.0,79.11,80.39,-2.59,1.31,67.4,70.78,-4.26,0.88,30,29
2003-04-08 18:00:00,18,1522.9,2410.0,80.59,82.13,-2.89,1.35,43.32,43.28,-0.42,0.46,30,28
2003-04-08 19:00:00,19,1613.6,2476.0,77.03,79.38,-3.63,1.28,49.1,48.55,0.0,0.55,30,28
2003-04-08 20:00:00,20,1729.3,2450.0,75.79,76.18,-1.59,1.2,48.61,48.01,0.0,0.6,30,27
2003-04-08 21:00:00,21,1677.5,2309.0,56.87,54.93,1.07,0.87,36.97,36.53,0.0,0.44,29,27
2003-04-08 22:00:00,22,1479.2,2089.0,49.13,48.38,0.0,0.75,25.1,24.79,0.0,0.31,29,27
2003-04-08 23:00:00,23,1934.0,1889.0,43.72,43.05,0.0,0.67,35.12,34.7,0.0,0.42,28,26
2003-04-09 00:00:00,0,1963.6,1749.0,43.65,42.84,0.0,0.81,37.75,37.19,0.0,0.56,28,27
2003-04-09 01:00:00,1,2186.4,1689.0,43.57,42.77,0.0,0.8,37.23,36.66,0.0,0.57,28,26
2003-04-09 02:00:00,2,2158.9,1657.0,41.9,41.15,-0.03,0.78,33.16,32.68,0.0,0.48,28,25
2003-04-09 03:00:00,3,2159.7,1650.0,41.9,41.15,-0.03,0.78,34.54,34.05,0.0,0.49,28,25
2003-04-09 04:00:00,4,2223.9,1687.0,43.57,42.76,0.0,0.81,37.53,36.97,0.0,0.56,28,27
2003-04-09 05:00:00,5,1702.3,1838.0,46.98,46.14,-0.04,0.88,41.75,41.18,0.0,0.57,27,27
2003-04-09 06:00:00,6,2014.5,2140.0,53.19,52.16,0.0,1.03,51.89,51.18,0.0,0.71,28,27
2003-04-09 07:00:00,7,1804.6,2366.0,65.04,63.82,0.0,1.22,55.06,54.16,0.0,0.9,28,27
2003-04-09 08:00:00,8,1790.7,2427.0,66.04,64.82,0.0,1.22,56.17,55.16,0.0,1.01,28,27
2003-04-09 09:00:00,9,1812.6,2439.0,61.74,60.42,0.18,1.14,59.64,58.33,0.19,1.12,28,27
2003-04-09 10:00:00,10,1829.9,2457.0,60.89,59.92,-0.13,1.1,57.76,55.89,0.81,1.06,29,28
2003-04-09 11:00:00,11,1952.6,2454.0,59.11,58.31,-0.29,1.09,51.15,49.95,0.24,0.96,30,28
2003-04-09 12:00:00,12,1891.2,2423.0,57.78,56.97,-0.26,1.07,48.46,47.51,0.03,0.92,30,29
2003-04-09 13:00:00,13,1889.6,2414.0,55.64,54.68,-0.04,1.0,47.88,47.01,0.0,0.87,31,30
2003-04-09 14:00:00,14,1766.9,2384.0,55.16,54.23,-0.07,1.0,47.1,46.28,0.0,0.82,32,30
2003-04-09 15:00:00,15,1807.3,2371.0,55.07,54.42,-0.35,1.0,45.76,44.95,0.0,0.81,32,31
2003-04-09 16:00:00,16,1888.9,2390.0,58.7,58.0,-0.41,1.11,45.04,44.27,0.0,0.77,32,31
2003-04-09 17:00:00,17,1798.8,2402.0,61.75,60.55,0.0,1.2,49.86,48.95,0.09,0.82,32,31
2003-04-09 18:00:00,18,1813.1,2409.0,68.29,66.95,0.0,1.34,48.65,47.89,0.04,0.72,32,30
2003-04-09 19:00:00,19,1746.3,2440.0,65.27,64.0,0.0,1.27,50.68,49.9,0.0,0.78,32,28
2003-04-09 20:00:00,20,1902.9,2440.0,60.48,59.32,0.0,1.16,45.71,45.03,0.0,0.68,32,28
2003-04-09 21:00:00,21,1808.0,2300.0,50.17,49.54,-0.32,0.95,41.71,41.12,0.0,0.59,31,30
2003-04-09 22:00:00,22,1506.1,2085.0,45.13,44.37,-0.08,0.84,41.79,41.18,0.0,0.61,31,23
2003-04-09 23:00:00,23,1933.6,1884.0,44.15,43.34,0.0,0.81,39.08,38.54,0.0,0.54,30,22
2003-04-10 00:00:00,0,1531.1,1754.0,43.11,42.46,-0.03,0.68,39.17,38.68,0.0,0.49,30,21
2003-04-10 01:00:00,1,1447.2,1697.0,40.35,39.78,-0.07,0.64,39.32,38.98,0.0,0.34,30,17
2003-04-10 02:00:00,2,1432.3,1661.0,39.3,38.73,-0.05,0.62,37.45,37.15,0.0,0.3,31,18
2003-04-10 03:00:00,3,1432.3,1653.0,39.65,39.07,-0.05,0.63,39.27,38.91,0.0,0.36,30,18
2003-04-10 04:00:00,4,1485.4,1695.0,41.0,40.4,-0.06,0.66,37.55,37.16,0.0,0.39,31,20
2003-04-10 05:00:00,5,1835.0,1851.0,49.11,48.26,0.0,0.85,43.73,43.21,0.0,0.52,31,20
2003-04-10 06:00:00,6,1913.4,2119.0,52.52,51.63,-0.04,0.93,50.65,49.96,0.0,0.69,31,20
2003-04-10 07:00:00,7,1627.2,2321.0,56.03,55.1,-0.04,0.97,41.51,41.1,-0.04,0.45,31,21
2003-04-10 08:00:00,8,1676.2,2343.0,56.22,55.31,-0.05,0.96,45.22,44.58,0.0,0.64,33,24
2003-04-10 09:00:00,9,1652.1,2327.0,55.06,54.16,-0.03,0.93,41.45,40.85,0.0,0.6,36,25
2003-04-10 10:00:00,10,1655.8,2311.0,53.98,53.15,-0.08,0.91,40.53,40.0,0.0,0.53,38,25
2003-04-10 11:00:00,11,1673.4,2285.0,53.09,52.48,-0.3,0.91,38.72,38.21,0.0,0.51,41,26
2003-04-10 12:00:00,12,1627.3,2256.0,51.26,50.51,-0.12,0.87,41.0,40.42,0.0,0.58,42,24
2003-04-10 13:00:00,13,1732.6,2227.0,49.16,49.71,-1.39,0.84,40.84,40.23,0.0,0.61,44,24
2003-04-10 14:00:00,14,1709.4,2185.0,48.61,48.08,-0.28,0.81,30.7,30.27,0.0,0.43,46,26
2003-04-10 15:00:00,15,1794.9,2144.0,48.0,47.51,-0.32,0.81,31.54,31.14,0.0,0.4,48,26
2003-04-10 16:00:00,16,1741.3,2141.0,50.3,49.67,-0.23,0.86,39.56,39.09,0.0,0.47,49,24
2003-04-10 17:00:00,17,1639.8,2129.0,53.91,53.07,-0.12,0.96,38.58,38.12,0.0,0.46,49,24
2003-04-10 18:00:00,18,1708.9,2128.0,55.51,54.58,-0.07,1.0,42.43,41.96,0.0,0.47,47,25
2003-04-10 19:00:00,19,1737.4,2226.0,55.24,54.46,-0.21,0.99,51.33,50.71,0.0,0.62,44,24
2003-04-10 20:00:00,20,1736.8,2281.0,53.34,52.59,-0.18,0.93,46.3,45.77,0.0,0.53,41,22
2003-04-10 21:00:00,21,1532.5,2177.0,46.57,46.0,-0.2,0.77,43.12,42.56,0.0,0.56,39,21
2003-04-10 22:00:00,22,1283.4,1958.0,45.74,45.11,-0.1,0.73,42.35,41.87,0.0,0.48,38,20
2003-04-10 23:00:00,23,1741.0,1768.0,44.38,43.7,-0.01,0.69,41.98,41.57,0.0,0.41,36,20
2003-04-11 00:00:00,0,1388.2,1643.0,37.13,36.54,0.0,0.59,40.91,40.52,0.0,0.39,34,21
2003-04-11 01:00:00,1,1589.6,1598.0,37.13,36.54,0.0,0.59,38.87,38.52,0.0,0.35,33,20
2003-04-11 02:00:00,2,1570.0,1573.0,36.84,36.25,0.0,0.59,35.13,34.85,0.0,0.28,32,20
2003-04-11 03:00:00,3,1568.6,1570.0,36.84,36.25,0.0,0.59,37.41,37.09,0.0,0.32,32,21
2003-04-11 04:00:00,4,1334.0,1608.0,37.72,37.14,-0.04,0.62,37.69,37.34,0.0,0.35,31,24
2003-04-11 05:00:00,5,1607.3,1781.0,40.71,40.03,0.0,0.68,50.91,50.29,0.0,0.62,30,26
2003-04-11 06:00:00,6,2001.1,2072.0,46.0,45.22,0.0,0.78,65.41,64.55,0.0,0.86,30,26
2003-04-11 07:00:00,7,1686.1,2285.0,50.73,49.88,0.0,0.85,99.6,98.31,0.0,1.29,31,26
2003-04-11 08:00:00,8,1668.7,2340.0,50.83,50.0,0.0,0.83,59.86,58.46,0.67,0.73,32,27
2003-04-11 09:00:00,9,1779.7,2357.0,50.41,49.58,0.0,0.83,84.14,79.93,3.28,0.93,32,27
2003-04-11 10:00:00,10,1624.7,2367.0,52.07,51.56,-0.33,0.84,76.87,73.45,2.63,0.79,34,27
2003-04-11 11:00:00,11,1882.6,2363.0,48.06,47.29,0.0,0.77,60.24,58.56,1.01,0.67,36,29
2003-04-11 12:00:00,12,1830.0,2344.0,47.95,47.17,0.0,0.78,57.61,56.22,0.58,0.81,37,30
2003-04-11 13:00:00,13,1790.4,2342.0,47.25,46.49,0.0,0.76,77.16,73.55,2.43,1.18,36,33
2003-04-11 14:00:00,14,1742.4,2330.0,46.26,45.52,0.0,0.74,52.59,51.48,0.31,0.8,36,35
2003-04-11 15:00:00,15,1705.4,2311.0,46.2,45.45,0.0,0.75,60.68,58.84,1.03,0.81,35,34
2003-04-11 16:00:00,16,1761.4,2335.0,46.96,46.18,0.0,0.78,62.95,60.95,1.19,0.81,35,34
2003-04-11 17:00:00,17,1800.6,2337.0,49.12,48.29,0.0,0.83,57.33,55.87,0.7,0.76,34,34
2003-04-11 18:00:00,18,1838.3,2318.0,47.25,46.43,0.0,0.82,52.52,51.59,0.24,0.69,34,34
2003-04-11 19:00:00,19,1836.5,2322.0,49.23,48.38,0.0,0.85,60.88,59.19,0.9,0.79,34,34
2003-04-11 20:00:00,20,1813.6,2278.0,49.14,48.31,0.0,0.83,46.69,45.93,0.1,0.66,34,34
2003-04-11 21:00:00,21,1605.9,2163.0,44.99,44.24,0.0,0.75,47.99,46.89,0.44,0.66,35,35
2003-04-11 22:00:00,22,1406.0,1993.0,40.62,39.96,0.0,0.66,46.2,45.63,0.0,0.57,35,35
2003-04-11 23:00:00,23,1577.9,1809.0,39.86,39.23,0.0,0.63,45.73,45.21,0.0,0.52,35,35
2003-04-12 00:00:00,0,1825.0,1664.0,39.3,38.69,0.0,0.61,42.87,42.43,0.0,0.44,36,36
2003-04-12 01:00:00,1,1767.3,1589.0,38.96,38.35,0.0,0.61,41.78,41.4,0.0,0.38,36,36
2003-04-12 02:00:00,2,1968.8,1545.0,37.43,36.84,0.0,0.59,41.52,41.11,0.0,0.41,37,37
2003-04-12 03:00:00,3,1949.0,1519.0,37.43,36.84,0.0,0.59,41.25,40.8,0.0,0.45,37,37
2003-04-12 04:00:00,4,1729.2,1520.0,38.63,38.05,-0.02,0.6,40.86,40.33,0.0,0.53,37,37
2003-04-12 05:00:00,5,1556.1,1564.0,41.18,40.53,0.0,0.65,40.16,39.65,0.0,0.51,38,37
2003-04-12 06:00:00,6,1832.8,1640.0,42.27,41.58,0.0,0.69,39.67,39.28,0.0,0.39,39,39
2003-04-12 07:00:00,7,1863.2,1772.0,45.77,44.94,0.07,0.76,46.95,46.47,0.0,0.48,40,40
2003-04-12 08:00:00,8,1885.5,1944.0,50.72,49.86,0.0,0.86,131.74,130.55,-0.15,1.34,40,40
2003-04-12 09:00:00,9,1845.9,2056.0,49.84,49.0,0.0,0.84,239.2,236.64,-0.06,2.62,41,41
2003-04-12 10:00:00,10,1854.7,2094.0,50.47,49.63,0.0,0.84,397.53,392.04,-0.01,5.5,42,41
2003-04-12 11:00:00,11,1835.8,2070.0,49.84,49.01,0.0,0.83,78.08,77.28,-0.07,0.87,43,42
2003-04-12 12:00:00,12,1794.2,2004.0,47.67,46.88,0.0,0.79,52.55,51.94,0.0,0.61,45,43
2003-04-12 13:00:00,13,1890.1,1942.0,47.31,46.53,0.0,0.78,45.64,45.13,0.0,0.51,46,43
2003-04-12 14:00:00,14,1847.3,1876.0,46.79,46.01,0.0,0.78,41.59,41.21,0.0,0.38,50,44
2003-04-12 15:00:00,15,1823.4,1818.0,45.85,45.08,0.0,0.77,41.57,41.17,0.0,0.4,55,44
2003-04-12 16:00:00,16,1857.3,1791.0,46.94,46.14,0.0,0.8,40.23,39.85,0.0,0.38,58,37
2003-04-12 17:00:00,17,1789.8,1791.0,49.21,48.35,0.0,0.86,38.56,38.23,0.0,0.33,60,24
2003-04-12 18:00:00,18,1754.5,1799.0,55.78,54.8,0.0,0.98,39.31,38.99,0.0,0.32,60,28
2003-04-12 19:00:00,19,1701.3,1872.0,55.78,54.81,0.0,0.97,45.82,45.37,0.0,0.45,58,27
2003-04-12 20:00:00,20,1806.8,1945.0,52.47,51.58,0.0,0.89,52.55,51.89,0.0,0.66,53,28
2003-04-12 21:00:00,21,1879.4,1872.0,46.94,46.16,0.0,0.78,45.39,44.84,0.0,0.55,52,27
2003-04-12 22:00:00,22,1680.4,1756.0,43.69,42.88,0.1,0.71,41.73,41.29,0.0,0.44,50,29
2003-04-12 23:00:00,23,1664.6,1609.0,39.01,38.39,0.0,0.62,37.05,36.68,0.0,0.37,49,30
2003-04-13 00:00:00,0,2489.0,1487.0,37.46,36.87,0.0,0.59,37.17,36.74,0.0,0.43,47,31
2003-04-13 01:00:00,1,2396.2,1411.0,37.1,36.52,0.0,0.58,27.73,27.35,0.0,0.38,45,30
2003-04-13 02:00:00,2,2356.2,1378.0,35.8,35.23,0.0,0.57,22.45,22.15,0.0,0.3,42,31
2003-04-13 03:00:00,3,2335.7,1363.0,35.58,35.02,0.0,0.56,22.18,21.9,0.0,0.28,41,30
2003-04-13 04:00:00,4,2352.9,1365.0,36.46,35.88,0.0,0.58,26.26,25.9,0.0,0.36,40,30
2003-04-13 05:00:00,5,2418.6,1396.0,38.56,37.94,0.0,0.62,33.58,33.16,0.0,0.42,38,30
2003-04-13 06:00:00,6,2268.8,1438.0,42.01,41.33,0.0,0.68,31.41,31.05,0.0,0.36,37,28
2003-04-13 07:00:00,7,2118.3,1544.0,43.1,42.59,-0.22,0.73,36.35,35.91,0.0,0.44,37,28
2003-04-13 08:00:00,8,1917.7,1676.0,47.24,46.31,0.12,0.81,40.74,40.29,0.0,0.45,39,28
2003-04-13 09:00:00,9,2004.5,1778.0,49.06,48.16,0.07,0.83,42.07,41.61,0.0,0.46,42,28
2003-04-13 10:00:00,10,1778.1,1820.0,47.24,46.45,0.0,0.79,42.41,41.99,0.0,0.42,44,29
2003-04-13 11:00:00,11,1775.5,1828.0,46.82,46.05,0.0,0.77,42.62,42.2,0.0,0.42,46,27
2003-04-13 12:00:00,12,1991.5,1817.0,46.82,46.06,0.0,0.76,42.26,41.83,0.0,0.43,47,27
2003-04-13 13:00:00,13,1952.4,1773.0,46.74,45.98,0.0,0.76,42.36,41.92,0.0,0.44,49,27
2003-04-13 14:00:00,14,1924.1,1731.0,46.72,45.86,0.11,0.75,38.18,37.8,0.0,0.38,50,25
2003-04-13 15:00:00,15,1903.3,1707.0,45.82,45.0,0.07,0.75,36.83,36.47,0.0,0.36,52,25
2003-04-13 16:00:00,16,1958.4,1721.0,46.9,46.01,0.11,0.78,38.73,38.37,0.0,0.36,52,22
2003-04-13 17:00:00,17,1883.1,1764.0,49.04,48.02,0.18,0.84,38.56,38.2,0.0,0.36,53,22
2003-04-13 18:00:00,18,1832.5,1810.0,52.68,51.76,0.0,0.92,35.43,35.1,0.0,0.33,52,20
2003-04-13 19:00:00,19,1851.5,1931.0,52.58,51.68,0.0,0.9,54.4,53.85,0.0,0.55,49,16
2003-04-13 20:00:00,20,1831.5,2030.0,58.53,57.55,0.0,0.98,60.86,60.16,0.0,0.7,47,16
2003-04-13 21:00:00,21,1744.2,1919.0,46.82,46.05,0.0,0.77,43.9,43.5,0.0,0.4,45,16
2003-04-13 22:00:00,22,1812.0,1749.0,43.67,42.85,0.12,0.7,30.45,30.12,0.0,0.33,44,16
2003-04-13 23:00:00,23,2293.0,1592.0,39.73,39.09,0.0,0.64,22.68,22.51,0.0,0.17,43,16
2003-04-14 00:00:00,0,1823.8,1484.0,33.49,33.28,-0.34,0.55,21.65,21.47,0.0,0.18,42,14
2003-04-14 01:00:00,1,1852.5,1441.0,30.11,30.23,-0.61,0.49,29.19,28.89,0.0,0.3,40,14
2003-04-14 02:00:00,2,1836.2,1429.0,30.11,30.21,-0.6,0.5,31.55,31.22,0.0,0.33,39,14
2003-04-14 03:00:00,3,1839.4,1437.0,30.11,30.21,-0.6,0.5,32.59,32.25,0.0,0.34,38,14
2003-04-14 04:00:00,4,1895.1,1491.0,31.96,32.15,-0.72,0.53,25.37,25.11,0.0,0.26,37,13
2003-04-14 05:00:00,5,1579.5,1671.0,39.3,38.66,0.0,0.64,39.55,39.06,0.0,0.49,37,12
2003-04-14 06:00:00,6,1649.1,1982.0,46.35,45.83,-0.25,0.77,59.69,59.06,0.0,0.63,36,13
2003-04-14 07:00:00,7,1422.0,2207.0,52.11,51.53,-0.25,0.83,68.58,67.81,0.0,0.77,37,15
2003-04-14 08:00:00,8,1539.0,2249.0,52.29,51.47,0.0,0.82,65.28,64.37,0.0,0.91,39,15
2003-04-14 09:00:00,9,1580.7,2254.0,52.29,51.48,0.0,0.81,65.58,64.66,0.0,0.92,41,18
2003-04-14 10:00:00,10,1592.9,2257.0,50.54,50.52,-0.77,0.79,58.03,57.2,0.0,0.83,42,19
2003-04-14 11:00:00,11,1594.3,2240.0,50.45,50.43,-0.77,0.79,53.35,52.54,0.0,0.81,44,21
2003-04-14 12:00:00,12,1568.2,2209.0,45.95,45.93,-0.7,0.72,51.57,50.74,0.0,0.83,47,42
2003-04-14 13:00:00,13,1547.9,2194.0,45.95,45.94,-0.7,0.71,52.69,51.82,0.0,0.87,51,45
2003-04-14 14:00:00,14,1512.7,2156.0,45.82,45.81,-0.7,0.71,50.41,49.57,0.0,0.84,53,52
2003-04-14 15:00:00,15,1493.0,2120.0,44.47,44.47,-0.68,0.68,47.26,46.53,0.0,0.73,56,55
2003-04-14 16:00:00,16,1538.0,2109.0,45.46,46.16,-1.42,0.72,44.93,44.27,0.0,0.66,57,23
2003-04-14 17:00:00,17,1584.8,2100.0,47.58,48.1,-1.31,0.79,46.3,45.62,0.0,0.68,59,25
2003-04-14 18:00:00,18,1644.9,2106.0,52.29,51.48,-0.03,0.84,48.54,47.72,0.0,0.82,57,57
2003-04-14 19:00:00,19,1402.7,2195.0,53.36,52.57,-0.07,0.86,56.27,55.33,0.0,0.94,53,44
2003-04-14 20:00:00,20,1700.6,2268.0,50.74,50.04,-0.1,0.8,62.94,61.97,0.0,0.97,48,22
2003-04-14 21:00:00,21,1444.5,2124.0,43.78,43.32,-0.22,0.68,49.14,48.35,0.0,0.79,46,19
2003-04-14 22:00:00,22,1541.9,1913.0,40.76,40.13,0.0,0.63,34.37,33.83,0.0,0.54,45,21
2003-04-14 23:00:00,23,1639.5,1705.0,35.86,35.33,-0.02,0.55,32.21,31.71,0.0,0.5,46,23
2003-04-15 00:00:00,0,1777.5,1569.0,34.69,34.19,-0.03,0.53,36.33,35.84,0.0,0.49,47,21
2003-04-15 01:00:00,1,1871.4,1504.0,34.33,33.88,-0.09,0.54,27.49,27.18,0.0,0.31,48,25
2003-04-15 02:00:00,2,1821.1,1465.0,30.09,30.13,-0.52,0.48,26.42,26.09,0.0,0.33,50,31
2003-04-15 03:00:00,3,1815.8,1453.0,30.09,30.13,-0.53,0.49,23.45,23.12,0.0,0.33,52,43
2003-04-15 04:00:00,4,1803.3,1490.0,31.49,31.56,-0.58,0.51,29.95,29.5,0.0,0.45,53,38
2003-04-15 05:00:00,5,1615.5,1643.0,38.11,37.59,-0.09,0.61,29.16,28.76,0.0,0.4,52,38
2003-04-15 06:00:00,6,1854.1,1923.0,43.97,43.39,-0.13,0.71,40.64,40.06,0.0,0.58,51,38
2003-04-15 07:00:00,7,1666.0,2130.0,52.03,50.58,0.63,0.82,45.37,44.63,0.0,0.74,50,37
2003-04-15 08:00:00,8,1473.1,2185.0,53.82,51.43,1.58,0.81,43.46,42.7,0.0,0.76,52,37
2003-04-15 09:00:00,9,1646.0,2190.0,53.84,51.75,1.29,0.8,43.21,42.09,0.33,0.79,57,40
2003-04-15 10:00:00,10,1536.5,2213.0,54.53,52.99,0.73,0.81,48.86,47.36,0.63,0.87,62,42
2003-04-15 11:00:00,11,1556.0,2230.0,55.75,54.54,0.38,0.83,46.28,45.07,0.36,0.85,68,44
2003-04-15 12:00:00,12,1654.4,2214.0,56.08,54.61,0.63,0.84,52.9,50.83,1.08,0.99,70,45
2003-04-15 13:00:00,13,1715.1,2224.0,56.34,55.2,0.3,0.84,46.09,45.13,0.23,0.73,73,46
2003-04-15 14:00:00,14,1782.5,2203.0,53.86,52.55,0.51,0.8,48.86,47.55,0.57,0.74,76,46
2003-04-15 15:00:00,15,1788.4,2184.0,51.92,51.03,0.11,0.78,48.69,46.97,0.99,0.73,78,46
2003-04-15 16:00:00,16,1691.3,2169.0,56.16,54.53,0.79,0.84,43.92,43.01,0.26,0.65,79,46
2003-04-15 17:00:00,17,1743.7,2128.0,53.37,51.87,0.69,0.81,42.39,41.72,0.0,0.67,77,46
2003-04-15 18:00:00,18,1630.3,2110.0,54.72,52.73,1.15,0.84,40.73,40.05,0.0,0.68,74,45
2003-04-15 19:00:00,19,1621.7,2184.0,55.52,53.06,1.63,0.83,40.87,40.17,0.06,0.64,70,44
2003-04-15 20:00:00,20,1740.5,2248.0,53.58,51.49,1.28,0.81,46.11,44.98,0.32,0.81,68,44
2003-04-15 21:00:00,21,1633.0,2115.0,48.75,47.73,0.27,0.75,41.94,41.22,0.0,0.72,67,43
2003-04-15 22:00:00,22,1390.0,1882.0,43.16,42.51,-0.01,0.66,33.25,32.73,0.0,0.52,65,44
2003-04-15 23:00:00,23,1700.4,1671.0,39.35,38.77,0.0,0.58,36.15,35.7,0.0,0.45,68,44
2003-04-16 00:00:00,0,1463.9,1537.0,34.14,34.08,-0.46,0.52,30.3,29.89,0.0,0.41,67,44
2003-04-16 01:00:00,1,1614.1,1470.0,32.1,31.89,-0.29,0.5,33.13,32.62,0.0,0.51,66,44
2003-04-16 02:00:00,2,1868.8,1430.0,31.84,31.64,-0.29,0.49,32.47,31.97,0.0,0.5,64,45
2003-04-16 03:00:00,3,2005.8,1415.0,31.78,31.41,-0.12,0.49,31.28,30.83,0.0,0.45,64,46
2003-04-16 04:00:00,4,1848.6,1440.0,32.16,32.01,-0.36,0.51,32.94,32.46,0.0,0.48,63,47
2003-04-16 05:00:00,5,1568.9,1585.0,36.64,36.41,-0.35,0.58,31.54,31.1,0.0,0.44,62,47
2003-04-16 06:00:00,6,1906.5,1854.0,45.9,45.75,-0.57,0.72,32.55,32.12,0.0,0.43,60,48
2003-04-16 07:00:00,7,1577.5,2083.0,49.44,48.62,0.05,0.77,52.35,51.56,0.0,0.79,60,49
2003-04-16 08:00:00,8,1508.5,2172.0,50.56,49.69,0.1,0.77,56.57,55.72,0.0,0.85,63,48
2003-04-16 09:00:00,9,1463.8,2226.0,51.32,50.4,0.16,0.76,57.09,56.19,0.0,0.9,69,47
2003-04-16 10:00:00,10,1602.0,2248.0,50.5,49.63,0.12,0.75,55.61,54.74,0.0,0.87,73,45
2003-04-16 11:00:00,11,1676.4,2299.0,50.75,50.48,-0.48,0.75,56.71,55.87,0.0,0.84,75,43
2003-04-16 12:00:00,12,1559.7,2292.0,50.42,49.79,-0.11,0.74,66.14,65.19,0.0,0.95,77,45
2003-04-16 13:00:00,13,1686.9,2301.0,50.68,50.37,-0.44,0.75,54.35,53.58,0.0,0.77,78,45
2003-04-16 14:00:00,14,1638.3,2282.0,50.25,49.92,-0.4,0.73,51.03,50.32,0.0,0.71,78,44
2003-04-16 15:00:00,15,1639.3,2233.0,50.38,49.86,-0.21,0.73,43.45,42.8,0.0,0.65,79,46
2003-04-16 16:00:00,16,1500.2,2187.0,52.33,50.65,0.92,0.76,33.81,33.32,0.0,0.49,73,46
2003-04-16 17:00:00,17,1511.0,2138.0,52.19,50.81,0.6,0.78,35.25,34.75,0.0,0.5,68,46
2003-04-16 18:00:00,18,1481.3,2108.0,52.6,51.68,0.12,0.8,22.08,21.75,0.0,0.33,61,43
2003-04-16 19:00:00,19,1508.1,2162.0,51.56,50.59,0.17,0.8,40.91,40.06,0.2,0.65,53,38
2003-04-16 20:00:00,20,1550.0,2197.0,50.84,49.89,0.18,0.77,43.3,42.54,0.07,0.69,46,32
2003-04-16 21:00:00,21,1527.5,2068.0,46.28,45.57,0.0,0.71,42.76,42.07,0.0,0.69,43,25
2003-04-16 22:00:00,22,1312.2,1859.0,43.23,42.6,-0.02,0.65,32.35,31.94,0.0,0.41,40,21
2003-04-16 23:00:00,23,1393.0,1667.0,39.14,38.56,0.0,0.58,32.08,31.75,0.0,0.33,38,21
2003-04-17 00:00:00,0,1329.0,1534.0,37.72,37.17,-0.05,0.6,34.92,34.64,0.0,0.28,37,20
2003-04-17 01:00:00,1,1601.8,1469.0,35.87,35.38,-0.08,0.57,37.59,37.25,0.0,0.34,37,16
2003-04-17 02:00:00,2,1717.7,1444.0,35.42,34.93,-0.08,0.57,34.63,34.31,0.0,0.32,35,10
2003-04-17 03:00:00,3,1722.3,1437.0,35.21,34.73,-0.09,0.57,29.35,29.02,0.0,0.33,34,7
2003-04-17 04:00:00,4,1526.7,1473.0,37.4,36.91,-0.12,0.61,35.14,34.72,0.0,0.42,33,5
2003-04-17 05:00:00,5,1533.1,1640.0,44.79,46.62,-2.6,0.77,37.25,36.81,0.0,0.44,31,1
2003-04-17 06:00:00,6,1932.7,1936.0,53.4,54.43,-1.93,0.9,49.06,48.46,0.0,0.6,29,1
2003-04-17 07:00:00,7,1425.5,2163.0,59.3,59.05,-0.71,0.96,62.2,61.48,0.0,0.72,28,-3
2003-04-17 08:00:00,8,1479.5,2232.0,58.89,58.72,-0.77,0.94,54.75,54.0,0.0,0.75,28,-3
2003-04-17 09:00:00,9,1435.1,2251.0,58.86,58.72,-0.79,0.93,54.21,53.48,0.0,0.73,29,-2
2003-04-17 10:00:00,10,1499.2,2253.0,60.02,60.2,-1.11,0.93,53.57,52.52,0.23,0.82,31,-2
2003-04-17 11:00:00,11,1489.9,2240.0,55.23,55.79,-1.43,0.87,52.7,51.32,0.57,0.81,34,0
2003-04-17 12:00:00,12,1454.4,2212.0,55.09,55.72,-1.49,0.86,52.81,52.09,0.0,0.72,35,4
2003-04-17 13:00:00,13,1440.0,2190.0,54.89,55.65,-1.61,0.85,53.13,52.27,0.0,0.86,37,7
2003-04-17 14:00:00,14,1489.0,2152.0,54.09,54.33,-1.07,0.83,46.8,46.03,0.0,0.77,39,10
2003-04-17 15:00:00,15,1524.3,2109.0,53.51,53.27,-0.58,0.82,41.69,41.03,0.0,0.66,37,10
2003-04-17 16:00:00,16,1587.1,2101.0,54.31,54.37,-0.91,0.85,44.72,44.01,0.0,0.71,37,10
2003-04-17 17:00:00,17,1507.7,2091.0,55.54,55.11,-0.47,0.9,45.83,45.14,0.0,0.69,35,10
2003-04-17 18:00:00,18,1527.5,2099.0,58.72,58.26,-0.51,0.97,47.03,46.32,0.0,0.71,34,10
2003-04-17 19:00:00,19,1474.8,2181.0,58.52,57.99,-0.42,0.95,51.95,51.1,0.0,0.85,32,11
2003-04-17 20:00:00,20,1444.0,2253.0,56.38,55.87,-0.39,0.9,50.41,49.63,0.0,0.78,30,9
2003-04-17 21:00:00,21,1603.7,2151.0,51.66,51.2,-0.35,0.81,45.99,45.23,0.0,0.76,28,10
2003-04-17 22:00:00,22,1398.1,1965.0,43.72,43.04,0.0,0.68,26.26,25.85,0.0,0.41,27,12
2003-04-17 23:00:00,23,1537.1,1771.0,40.21,39.6,0.0,0.61,23.84,23.58,0.0,0.26,26,14
2003-04-18 00:00:00,0,1458.2,1642.0,35.0,34.55,-0.09,0.54,40.65,40.31,0.0,0.34,26,16
2003-04-18 01:00:00,1,1685.2,1587.0,34.39,33.96,-0.1,0.53,39.39,39.09,0.0,0.3,26,17
2003-04-18 02:00:00,2,1690.2,1555.0,33.61,33.19,-0.12,0.54,34.97,34.71,0.0,0.26,26,18
2003-04-18 03:00:00,3,1766.1,1545.0,33.61,33.19,-0.12,0.54,34.62,34.38,0.0,0.24,27,19
2003-04-18 04:00:00,4,1655.2,1568.0,34.32,33.95,-0.17,0.54,38.67,38.4,0.0,0.27,27,19
2003-04-18 05:00:00,5,1534.6,1687.0,39.66,39.17,-0.14,0.63,36.44,36.15,0.0,0.29,27,20
2003-04-18 06:00:00,6,1927.6,1873.0,46.2,45.45,0.0,0.75,40.47,40.07,0.0,0.4,27,19
2003-04-18 07:00:00,7,1565.5,2066.0,49.49,48.67,0.0,0.82,49.15,48.56,0.0,0.59,28,20
2003-04-18 08:00:00,8,1467.2,2178.0,50.2,49.36,0.0,0.84,48.96,48.25,0.0,0.71,29,21
2003-04-18 09:00:00,9,1479.5,2224.0,50.91,50.06,0.0,0.85,51.37,50.56,0.0,0.81,30,22
2003-04-18 10:00:00,10,1554.8,2231.0,50.79,49.95,0.0,0.84,51.39,50.57,0.0,0.82,32,22
2003-04-18 11:00:00,11,1664.0,2204.0,49.33,48.52,0.0,0.81,50.34,49.54,0.0,0.8,34,21
2003-04-18 12:00:00,12,1665.5,2143.0,48.69,47.71,0.19,0.79,48.58,47.92,0.0,0.66,38,23
2003-04-18 13:00:00,13,1624.9,2098.0,48.62,47.64,0.19,0.79,44.64,44.01,0.0,0.63,42,24
2003-04-18 14:00:00,14,1674.7,2043.0,48.0,47.22,0.0,0.78,42.45,41.91,0.0,0.54,44,25
2003-04-18 15:00:00,15,1724.8,1985.0,48.04,47.05,0.2,0.79,39.57,39.07,0.0,0.5,47,24
2003-04-18 16:00:00,16,1586.5,1962.0,49.49,48.68,0.0,0.81,40.21,39.7,0.0,0.51,47,28
2003-04-18 17:00:00,17,1640.7,1947.0,50.07,49.23,0.0,0.84,40.63,40.13,0.0,0.5,47,29
2003-04-18 18:00:00,18,1634.5,1939.0,51.91,51.05,0.0,0.86,38.02,37.51,0.0,0.51,45,30
2003-04-18 19:00:00,19,1640.2,1996.0,52.41,51.54,0.0,0.87,44.53,43.92,0.0,0.61,42,31
2003-04-18 20:00:00,20,1617.1,2053.0,50.8,49.97,0.0,0.83,47.46,46.8,0.0,0.66,39,32
2003-04-18 21:00:00,21,1530.9,1976.0,43.46,42.76,0.0,0.7,40.82,40.3,0.0,0.52,37,32
2003-04-18 22:00:00,22,1304.2,1818.0,41.71,41.08,-0.04,0.67,42.47,41.99,0.0,0.48,35,33
2003-04-18 23:00:00,23,1446.7,1651.0,39.82,39.2,0.0,0.62,40.88,40.56,0.0,0.32,34,33
2003-04-19 00:00:00,0,1302.1,1524.0,39.77,39.19,-0.01,0.59,43.1,42.74,0.0,0.36,34,32
2003-04-19 01:00:00,1,1217.3,1458.0,37.86,37.33,-0.04,0.57,39.01,38.74,0.0,0.27,33,32
2003-04-19 02:00:00,2,1172.6,1426.0,36.43,35.94,-0.06,0.55,35.04,34.82,0.0,0.22,32,32
2003-04-19 03:00:00,3,1402.4,1408.0,35.22,34.77,-0.08,0.53,35.49,35.27,0.0,0.22,32,32
2003-04-19 04:00:00,4,1430.1,1417.0,35.32,34.93,-0.14,0.53,36.06,35.82,0.0,0.24,32,32
2003-04-19 05:00:00,5,1308.7,1462.0,37.86,37.44,-0.15,0.57,36.14,35.9,0.0,0.24,32,32
2003-04-19 06:00:00,6,1562.1,1527.0,42.0,41.35,0.0,0.65,34.81,34.59,0.0,0.22,32,32
2003-04-19 07:00:00,7,1733.9,1663.0,48.9,48.13,0.0,0.77,32.05,31.76,0.0,0.29,32,32
2003-04-19 08:00:00,8,1688.4,1812.0,51.77,50.94,0.0,0.83,47.49,47.03,0.0,0.46,34,32
2003-04-19 09:00:00,9,1697.0,1884.0,53.52,52.67,0.0,0.85,50.22,49.67,0.0,0.55,36,32
2003-04-19 10:00:00,10,1711.8,1900.0,53.38,52.54,0.0,0.84,50.8,50.19,0.0,0.61,41,32
2003-04-19 11:00:00,11,1738.4,1874.0,50.99,50.19,0.0,0.8,39.99,39.56,0.0,0.43,46,29
2003-04-19 12:00:00,12,1821.4,1823.0,49.38,48.62,0.0,0.76,36.16,35.83,0.0,0.33,50,25
2003-04-19 13:00:00,13,1797.2,1771.0,48.34,47.59,0.0,0.75,36.42,36.09,0.0,0.33,52,27
2003-04-19 14:00:00,14,1743.2,1730.0,47.13,46.4,0.0,0.73,33.57,33.24,0.0,0.33,54,30
2003-04-19 15:00:00,15,1703.2,1701.0,46.25,45.54,0.0,0.71,28.13,27.82,0.0,0.31,55,30
2003-04-19 16:00:00,16,1724.0,1702.0,47.2,46.48,0.0,0.72,28.93,28.59,0.0,0.34,55,20
2003-04-19 17:00:00,17,1785.5,1714.0,49.4,48.64,0.0,0.76,33.15,32.77,0.0,0.38,55,20
2003-04-19 18:00:00,18,1681.2,1724.0,50.43,49.62,0.0,0.81,37.06,36.65,0.0,0.41,53,18
2003-04-19 19:00:00,19,1551.4,1796.0,54.51,53.64,0.0,0.87,45.65,45.1,0.0,0.55,50,26
2003-04-19 20:00:00,20,1583.8,1882.0,55.5,54.62,0.0,0.88,53.26,52.51,0.0,0.75,48,33
2003-04-19 21:00:00,21,1760.5,1820.0,49.32,48.55,0.0,0.77,50.03,49.4,0.0,0.63,45,33
2003-04-19 22:00:00,22,1534.6,1690.0,42.36,41.84,-0.13,0.65,49.06,48.43,0.0,0.63,43,31
2003-04-19 23:00:00,23,1320.9,1538.0,39.56,38.96,0.0,0.6,55.12,54.59,0.0,0.53,42,30
2003-04-20 00:00:00,0,1670.8,1416.0,39.71,39.11,-0.01,0.61,50.8,50.43,0.0,0.37,40,31
2003-04-20 01:00:00,1,1596.4,1341.0,35.31,34.85,-0.07,0.53,39.52,39.23,0.0,0.29,38,31
2003-04-20 02:00:00,2,1606.1,1305.0,35.01,34.55,-0.08,0.54,35.41,35.21,0.0,0.2,38,31
2003-04-20 03:00:00,3,1607.1,1291.0,35.01,34.55,-0.08,0.54,34.85,34.71,0.0,0.14,37,30
2003-04-20 04:00:00,4,1587.9,1297.0,35.01,34.6,-0.14,0.55,32.5,32.35,0.0,0.15,37,30
2003-04-20 05:00:00,5,1407.6,1328.0,35.99,35.61,-0.18,0.56,27.63,27.42,0.0,0.21,37,31
2003-04-20 06:00:00,6,1605.2,1372.0,39.9,39.28,0.0,0.62,26.99,26.74,0.0,0.25,38,32
2003-04-20 07:00:00,7,1484.8,1483.0,40.74,40.09,0.0,0.65,33.76,33.44,0.0,0.32,39,32
2003-04-20 08:00:00,8,1583.6,1608.0,49.09,48.3,0.0,0.79,37.94,37.57,0.0,0.37,41,33
2003-04-20 09:00:00,9,1690.2,1691.0,49.17,48.38,0.0,0.79,43.62,43.18,0.0,0.44,44,31
2003-04-20 10:00:00,10,1682.8,1718.0,50.42,49.63,0.0,0.79,42.41,41.96,0.0,0.45,47,30
2003-04-20 11:00:00,11,1746.2,1716.0,48.13,47.39,0.0,0.74,36.1,35.67,0.0,0.43,50,27
2003-04-20 12:00:00,12,1719.0,1687.0,48.13,47.39,0.0,0.74,34.71,34.31,0.0,0.4,54,25
2003-04-20 13:00:00,13,1672.7,1611.0,46.42,45.72,0.0,0.7,26.97,26.63,0.0,0.34,56,24
2003-04-20 14:00:00,14,1624.1,1540.0,43.56,42.91,0.0,0.65,25.35,24.98,0.0,0.37,59,18
2003-04-20 15:00:00,15,1603.2,1498.0,43.01,42.36,0.0,0.65,23.78,23.41,0.0,0.37,58,12
2003-04-20 16:00:00,16,1640.0,1488.0,45.69,45.0,0.0,0.69,24.3,23.9,0.0,0.4,59,13
2003-04-20 17:00:00,17,1709.1,1493.0,47.88,47.15,0.0,0.73,25.19,24.8,0.0,0.39,60,13
2003-04-20 18:00:00,18,1752.3,1522.0,49.25,48.49,0.0,0.76,29.29,28.9,0.0,0.39,60,16
2003-04-20 19:00:00,19,1654.7,1639.0,51.95,51.15,0.0,0.8,45.16,44.54,0.0,0.62,57,15
2003-04-20 20:00:00,20,1658.1,1764.0,56.45,55.58,0.0,0.87,53.16,52.57,0.0,0.59,53,13
2003-04-20 21:00:00,21,1729.4,1695.0,49.1,48.35,0.0,0.75,38.19,37.8,0.0,0.39,51,12
2003-04-20 22:00:00,22,1455.8,1563.0,39.8,39.37,-0.16,0.59,38.78,38.44,0.0,0.34,48,15
2003-04-20 23:00:00,23,1517.0,1429.0,37.44,36.87,0.0,0.57,38.57,38.32,0.0,0.25,46,15
2003-04-21 00:00:00,0,1720.7,1333.0,34.76,34.32,-0.08,0.52,38.09,37.8,0.0,0.29,46,14
2003-04-21 01:00:00,1,1876.2,1290.0,34.37,33.93,-0.09,0.53,33.83,33.58,0.0,0.25,44,14
2003-04-21 02:00:00,2,1853.2,1272.0,34.31,33.87,-0.09,0.53,24.2,24.04,0.0,0.16,42,15
2003-04-21 03:00:00,3,1854.9,1273.0,34.31,33.87,-0.09,0.53,24.53,24.34,0.0,0.19,42,6
2003-04-21 04:00:00,4,1920.6,1315.0,34.76,34.37,-0.14,0.53,38.27,37.99,0.0,0.28,41,8
2003-04-21 05:00:00,5,1594.8,1442.0,41.02,40.48,-0.1,0.64,32.85,32.63,0.0,0.22,43,6
2003-04-21 06:00:00,6,2038.5,1626.0,44.89,44.19,0.0,0.7,43.3,42.97,0.0,0.33,42,9
2003-04-21 07:00:00,7,1583.4,1829.0,48.98,48.22,0.0,0.76,54.24,53.67,0.0,0.57,43,13
2003-04-21 08:00:00,8,1498.5,1961.0,50.38,49.61,0.0,0.77,54.21,53.56,0.0,0.65,47,7
2003-04-21 09:00:00,9,1488.7,2046.0,51.06,50.29,0.0,0.77,52.36,51.71,0.0,0.65,51,28
2003-04-21 10:00:00,10,1522.2,2093.0,51.32,50.58,-0.01,0.75,56.95,56.26,0.0,0.69,55,34
2003-04-21 11:00:00,11,1559.8,2100.0,50.03,49.36,-0.06,0.73,57.02,56.29,0.01,0.72,58,34
2003-04-21 12:00:00,12,1621.5,2079.0,49.59,48.92,-0.06,0.73,53.62,52.83,0.02,0.77,60,32
2003-04-21 13:00:00,13,1587.1,2071.0,49.24,48.58,-0.06,0.72,51.18,50.53,0.01,0.64,64,34
2003-04-21 14:00:00,14,1569.9,2039.0,48.34,47.64,0.0,0.7,51.01,50.31,0.0,0.7,66,36
2003-04-21 15:00:00,15,1556.9,2003.0,48.62,47.91,0.0,0.71,50.78,50.1,0.0,0.68,67,36
2003-04-21 16:00:00,16,1577.8,1996.0,48.45,47.73,0.0,0.72,49.55,48.89,0.0,0.66,67,36
2003-04-21 17:00:00,17,1604.3,1981.0,48.74,48.01,0.0,0.73,48.01,47.42,0.0,0.59,65,35
2003-04-21 18:00:00,18,1586.0,1983.0,49.48,48.73,0.0,0.75,46.02,45.48,0.0,0.54,63,34
2003-04-21 19:00:00,19,1456.6,2053.0,50.38,49.62,0.0,0.76,52.75,51.9,0.19,0.66,58,32
2003-04-21 20:00:00,20,1491.4,2084.0,51.61,50.82,0.0,0.79,57.14,55.9,0.57,0.67,56,31
2003-04-21 21:00:00,21,1526.1,1960.0,43.45,42.8,0.0,0.65,46.32,45.79,0.0,0.53,54,33
2003-04-21 22:00:00,22,1310.9,1772.0,40.52,39.96,-0.04,0.6,37.91,37.55,0.0,0.36,53,33
2003-04-21 23:00:00,23,1378.6,1595.0,37.42,36.88,0.0,0.54,37.42,37.19,0.0,0.23,50,34
2003-04-22 00:00:00,0,1704.6,1468.0,35.63,35.13,-0.03,0.53,43.1,42.78,0.0,0.32,50,29
2003-04-22 01:00:00,1,1962.3,1403.0,35.18,34.7,-0.03,0.51,45.11,44.74,0.0,0.37,49,32
2003-04-22 02:00:00,2,2045.5,1369.0,34.58,34.13,-0.04,0.49,32.59,32.35,0.0,0.24,48,38
2003-04-22 03:00:00,3,2039.2,1360.0,34.58,34.13,-0.04,0.49,32.54,32.32,0.0,0.22,47,41
2003-04-22 04:00:00,4,1935.9,1392.0,35.18,34.74,-0.08,0.52,45.22,44.84,0.0,0.38,46,42
2003-04-22 05:00:00,5,1296.5,1521.0,38.82,38.36,-0.09,0.55,39.5,39.22,0.0,0.28,46,41
2003-04-22 06:00:00,6,1827.5,1744.0,46.07,45.36,0.0,0.71,46.48,46.02,0.0,0.46,45,41
2003-04-22 07:00:00,7,1632.9,1986.0,50.72,49.94,0.0,0.78,53.47,52.88,0.0,0.59,44,43
2003-04-22 08:00:00,8,1479.4,2130.0,55.13,54.34,-0.03,0.82,67.13,66.35,-0.06,0.84,44,44
2003-04-22 09:00:00,9,1486.9,2200.0,53.57,52.8,-0.02,0.79,62.82,62.04,-0.03,0.81,44,42
2003-04-22 10:00:00,10,1491.3,2248.0,53.16,52.4,-0.02,0.78,68.1,67.19,-0.02,0.93,44,43
2003-04-22 11:00:00,11,1479.4,2267.0,52.92,52.16,-0.02,0.78,63.97,63.0,-0.04,1.01,44,43
2003-04-22 12:00:00,12,1508.9,2256.0,50.86,50.12,0.0,0.74,57.75,56.91,-0.03,0.87,45,45
2003-04-22 13:00:00,13,1645.1,2257.0,50.0,49.28,0.0,0.72,51.66,50.93,0.0,0.73,45,45
2003-04-22 14:00:00,14,1499.3,2222.0,48.74,48.07,0.0,0.67,50.12,49.41,0.0,0.71,45,45
2003-04-22 15:00:00,15,1477.9,2185.0,49.13,48.45,0.0,0.68,47.85,47.19,0.0,0.66,45,45
2003-04-22 16:00:00,16,1647.9,2194.0,49.28,48.56,0.0,0.72,50.03,49.3,0.0,0.73,45,45
2003-04-22 17:00:00,17,1553.9,2206.0,49.19,48.5,0.0,0.69,51.79,51.0,-0.01,0.8,45,45
2003-04-22 18:00:00,18,1541.1,2193.0,52.07,51.32,0.0,0.75,50.38,49.68,0.0,0.7,45,45
2003-04-22 19:00:00,19,1409.1,2209.0,54.16,53.38,0.0,0.78,54.99,54.2,-0.02,0.81,45,45
2003-04-22 20:00:00,20,1402.8,2191.0,53.03,52.27,0.0,0.76,57.13,56.25,-0.03,0.91,45,45
2003-04-22 21:00:00,21,1448.6,2056.0,46.85,46.18,0.0,0.67,45.93,45.26,0.0,0.67,44,44
2003-04-22 22:00:00,22,1231.5,1864.0,42.89,42.28,0.0,0.61,42.52,42.0,0.0,0.52,43,43
2003-04-22 23:00:00,23,1312.5,1692.0,37.5,36.98,0.0,0.52,39.8,39.43,0.0,0.37,43,43
2003-04-23 00:00:00,0,1908.3,1561.0,35.25,34.76,0.0,0.49,40.19,39.73,0.0,0.46,43,43
2003-04-23 01:00:00,1,2083.7,1490.0,34.34,33.86,0.0,0.48,43.79,43.14,0.0,0.65,42,42
2003-04-23 02:00:00,2,2276.0,1460.0,34.26,33.78,0.0,0.48,24.79,24.45,0.0,0.34,42,42
2003-04-23 03:00:00,3,2309.6,1447.0,34.26,33.78,0.0,0.48,17.25,17.02,0.0,0.23,42,42
2003-04-23 04:00:00,4,2064.5,1479.0,34.83,34.33,0.0,0.5,33.8,33.35,0.0,0.45,42,42
2003-04-23 05:00:00,5,1617.7,1611.0,37.28,36.75,0.0,0.53,38.69,38.18,0.0,0.51,43,43
2003-04-23 06:00:00,6,1939.5,1819.0,44.53,43.71,0.17,0.65,49.55,48.92,0.0,0.63,43,42
2003-04-23 07:00:00,7,1778.4,2051.0,55.23,50.81,3.67,0.75,57.11,56.39,0.0,0.72,40,38
2003-04-23 08:00:00,8,1695.4,2168.0,54.16,52.87,0.53,0.76,55.7,55.01,0.0,0.69,40,38
2003-04-23 09:00:00,9,1710.3,2217.0,55.15,53.05,1.35,0.75,57.36,56.61,0.0,0.75,41,37
2003-04-23 10:00:00,10,1638.3,2232.0,54.68,53.88,0.04,0.76,76.76,74.47,1.24,1.05,42,37
2003-04-23 11:00:00,11,1623.5,2236.0,54.02,53.54,-0.27,0.75,69.67,67.25,1.41,1.01,44,35
2003-04-23 12:00:00,12,1723.1,2207.0,53.32,52.28,0.31,0.73,62.16,60.19,0.98,0.99,46,34
2003-04-23 13:00:00,13,1708.3,2198.0,51.56,49.61,1.26,0.69,57.08,55.61,0.58,0.89,47,33
2003-04-23 14:00:00,14,1799.9,2168.0,49.84,49.03,0.14,0.67,54.01,52.9,0.28,0.83,47,32
2003-04-23 15:00:00,15,1778.3,2133.0,49.27,48.62,-0.02,0.67,52.72,51.74,0.14,0.84,46,31
2003-04-23 16:00:00,16,1837.3,2139.0,48.98,48.34,-0.03,0.67,47.88,47.12,0.0,0.76,45,31
2003-04-23 17:00:00,17,1869.8,2144.0,49.27,48.59,0.0,0.68,49.0,48.22,0.0,0.78,43,30
2003-04-23 18:00:00,18,1768.0,2161.0,50.37,49.65,0.0,0.72,49.89,49.07,0.0,0.82,42,29
2003-04-23 19:00:00,19,1716.8,2206.0,53.2,52.75,-0.31,0.76,52.75,51.63,0.2,0.92,40,28
2003-04-23 20:00:00,20,1651.5,2234.0,54.24,52.97,0.5,0.77,63.52,61.22,1.18,1.12,39,28
2003-04-23 21:00:00,21,1684.0,2116.0,49.27,48.57,0.0,0.7,50.91,49.95,0.08,0.88,38,27
2003-04-23 22:00:00,22,1441.9,1934.0,40.15,39.58,0.0,0.57,36.51,36.06,0.0,0.45,37,28
2003-04-23 23:00:00,23,1558.9,1750.0,40.06,39.51,0.0,0.55,40.74,40.28,0.0,0.46,36,28
2003-04-24 00:00:00,0,1947.0,1579.0,35.35,34.88,0.0,0.47,37.78,37.36,0.0,0.42,35,27
2003-04-24 01:00:00,1,2113.4,1506.0,34.84,34.37,0.0,0.47,46.03,45.47,0.0,0.56,35,26
2003-04-24 02:00:00,2,2377.2,1485.0,34.15,33.69,0.0,0.46,39.86,39.4,0.0,0.46,35,27
2003-04-24 03:00:00,3,2312.6,1470.0,34.36,33.9,0.0,0.46,31.41,31.03,0.0,0.38,34,28
2003-04-24 04:00:00,4,1908.2,1511.0,34.97,34.49,0.0,0.48,36.45,36.0,0.0,0.45,34,28
2003-04-24 05:00:00,5,1591.9,1569.0,39.68,39.14,0.0,0.54,51.23,50.55,0.0,0.68,34,30
2003-04-24 06:00:00,6,1924.5,1730.0,49.78,48.06,1.03,0.69,53.41,52.61,0.02,0.78,34,30
2003-04-24 07:00:00,7,1910.5,2000.0,56.0,54.75,0.47,0.78,53.14,52.31,0.03,0.8,34,29
2003-04-24 08:00:00,8,1694.9,2026.0,59.75,57.67,1.28,0.8,65.61,64.56,0.0,1.05,35,31
2003-04-24 09:00:00,9,1696.4,2091.0,59.78,57.83,1.15,0.8,63.6,62.52,0.0,1.08,37,28
2003-04-24 10:00:00,10,1706.0,2098.0,56.12,54.85,0.52,0.75,59.21,58.19,0.0,1.02,39,28
2003-04-24 11:00:00,11,1681.6,2129.0,54.94,53.84,0.36,0.74,56.69,55.69,0.0,1.0,41,28
2003-04-24 12:00:00,12,1730.9,2122.0,54.88,53.52,0.64,0.72,53.82,52.82,0.0,1.0,43,28
2003-04-24 13:00:00,13,1751.2,2121.0,54.89,53.8,0.36,0.73,52.84,51.93,0.0,0.91,44,28
2003-04-24 14:00:00,14,1703.7,2102.0,51.85,50.62,0.55,0.68,51.64,50.77,0.0,0.87,45,27
2003-04-24 15:00:00,15,1795.2,2068.0,49.05,48.72,-0.34,0.67,50.14,49.32,0.0,0.82,44,28
2003-04-24 16:00:00,16,1836.3,2051.0,48.91,48.62,-0.38,0.67,49.39,48.6,0.0,0.79,44,28
2003-04-24 17:00:00,17,1862.0,1960.0,49.66,49.02,-0.03,0.67,45.86,45.13,0.0,0.73,46,29
2003-04-24 18:00:00,18,1738.9,1894.0,56.77,54.33,1.68,0.76,41.51,40.91,0.0,0.6,48,27
2003-04-24 19:00:00,19,1726.8,1930.0,59.69,57.46,1.42,0.81,44.28,43.67,0.0,0.61,48,20
2003-04-24 20:00:00,20,1821.2,2016.0,54.89,53.44,0.7,0.75,62.15,61.0,0.06,1.09,45,22
2003-04-24 21:00:00,21,1750.0,1947.0,46.5,45.86,0.0,0.64,51.52,50.62,0.03,0.87,43,21
2003-04-24 22:00:00,22,1438.5,1825.0,41.81,41.24,0.0,0.57,49.0,48.07,0.09,0.84,41,19
2003-04-24 23:00:00,23,1569.2,1692.0,41.79,41.23,0.0,0.56,44.6,43.58,0.39,0.63,36,21
2003-04-25 00:00:00,0,1936.1,1634.0,36.19,35.69,0.0,0.5,62.98,58.87,3.35,0.76,37,25
2003-04-25 01:00:00,1,2103.9,1570.0,35.66,35.15,0.0,0.51,58.67,55.25,2.68,0.74,34,26
2003-04-25 02:00:00,2,2306.9,1540.0,35.41,34.85,0.06,0.5,63.08,59.48,2.75,0.85,34,25
2003-04-25 03:00:00,3,2307.2,1534.0,35.41,34.84,0.06,0.51,52.94,51.08,1.11,0.75,36,23
2003-04-25 04:00:00,4,2129.7,1568.0,36.25,35.72,0.0,0.53,40.76,40.16,0.0,0.6,33,23
2003-04-25 05:00:00,5,1557.0,1692.0,47.36,45.56,1.15,0.65,44.28,43.74,0.0,0.54,32,24
2003-04-25 06:00:00,6,2103.2,1878.0,49.77,48.08,1.0,0.69,53.58,50.83,2.07,0.68,32,23
2003-04-25 07:00:00,7,1925.0,2074.0,53.43,52.7,-0.03,0.76,57.0,56.15,0.0,0.85,35,25
2003-04-25 08:00:00,8,1810.9,2165.0,57.31,56.55,-0.04,0.8,61.75,60.77,0.0,0.98,40,23
2003-04-25 09:00:00,9,1684.4,2188.0,59.67,57.49,1.38,0.8,61.09,60.13,0.0,0.96,43,22
2003-04-25 10:00:00,10,1661.4,2194.0,64.95,61.9,2.19,0.86,56.5,55.57,0.0,0.93,47,20
2003-04-25 11:00:00,11,1634.5,2181.0,61.25,58.7,1.74,0.81,53.49,52.41,0.21,0.87,51,22
2003-04-25 12:00:00,12,1842.0,2146.0,59.66,57.51,1.36,0.79,51.54,50.65,0.06,0.83,53,22
2003-04-25 13:00:00,13,1658.5,2123.0,57.06,55.36,0.95,0.75,49.82,49.06,0.0,0.76,56,24
2003-04-25 14:00:00,14,1654.0,2079.0,52.25,51.27,0.28,0.7,47.12,46.4,0.0,0.72,56,24
2003-04-25 15:00:00,15,1610.6,2027.0,50.59,49.74,0.16,0.69,45.73,45.03,0.0,0.7,59,24
2003-04-25 16:00:00,16,1614.1,1997.0,50.59,49.76,0.14,0.69,43.09,42.42,0.0,0.67,60,24
2003-04-25 17:00:00,17,1618.7,1956.0,51.4,50.42,0.26,0.72,40.74,40.13,0.0,0.61,61,23
2003-04-25 18:00:00,18,1802.5,1925.0,54.84,53.42,0.64,0.78,38.11,37.53,0.0,0.58,61,23
2003-04-25 19:00:00,19,1812.9,1954.0,55.8,54.21,0.81,0.78,43.05,42.41,0.0,0.64,57,25
2003-04-25 20:00:00,20,1772.8,2043.0,55.15,53.67,0.7,0.78,52.15,51.05,0.16,0.94,53,23
2003-04-25 21:00:00,21,1613.6,1961.0,46.52,45.86,0.0,0.66,49.62,48.76,0.0,0.86,49,21
2003-04-25 22:00:00,22,1383.8,1810.0,42.82,42.21,0.0,0.61,39.96,39.37,0.0,0.59,47,21
2003-04-25 23:00:00,23,1783.3,1635.0,40.3,39.73,0.0,0.57,41.46,40.94,0.0,0.52,47,23
2003-04-26 00:00:00,0,2090.0,1509.0,40.29,39.68,0.0,0.61,44.73,44.29,0.0,0.44,47,25
2003-04-26 01:00:00,1,2179.8,1434.0,39.51,38.91,0.0,0.6,39.75,39.38,0.0,0.37,47,28
2003-04-26 02:00:00,2,2234.2,1389.0,37.3,36.73,0.0,0.57,40.35,39.92,0.0,0.43,47,33
2003-04-26 03:00:00,3,2320.7,1363.0,36.91,36.34,0.0,0.57,40.45,40.01,0.0,0.44,48,41
2003-04-26 04:00:00,4,2232.6,1363.0,37.66,37.08,0.0,0.58,39.53,39.01,0.0,0.52,48,44
2003-04-26 05:00:00,5,2054.9,1407.0,40.24,39.61,0.0,0.63,37.19,36.64,0.0,0.55,46,44
2003-04-26 06:00:00,6,1894.8,1472.0,40.3,39.68,0.0,0.62,36.17,35.46,0.14,0.57,45,45
2003-04-26 07:00:00,7,1859.9,1613.0,44.8,44.11,0.0,0.69,37.28,36.58,0.08,0.62,46,46
2003-04-26 08:00:00,8,1959.5,1789.0,50.31,49.13,0.41,0.77,40.96,40.41,0.0,0.55,46,46
2003-04-26 09:00:00,9,1893.3,1926.0,56.25,54.42,0.98,0.85,52.67,51.92,0.0,0.75,47,47
2003-04-26 10:00:00,10,1917.7,2002.0,64.69,61.45,2.31,0.93,61.79,60.86,0.0,0.93,48,48
2003-04-26 11:00:00,11,1927.1,2028.0,56.16,54.44,0.9,0.82,55.71,54.95,0.0,0.76,49,49
2003-04-26 12:00:00,12,1901.7,2003.0,53.48,52.12,0.58,0.78,60.91,60.0,0.0,0.91,48,48
2003-04-26 13:00:00,13,1860.2,1977.0,50.75,49.6,0.42,0.73,52.71,51.87,0.0,0.84,47,47
2003-04-26 14:00:00,14,1785.8,1942.0,50.27,48.92,0.63,0.72,49.34,48.63,0.0,0.71,47,47
2003-04-26 15:00:00,15,1781.6,1921.0,48.33,47.31,0.33,0.69,50.53,49.77,0.0,0.76,47,47
2003-04-26 16:00:00,16,1808.9,1919.0,48.8,47.84,0.27,0.69,58.23,57.34,0.0,0.89,46,46
2003-04-26 17:00:00,17,1816.7,1939.0,49.31,48.33,0.26,0.72,51.36,50.6,0.0,0.76,46,46
2003-04-26 18:00:00,18,1825.7,1939.0,50.7,49.5,0.44,0.76,53.5,52.69,0.0,0.81,46,46
2003-04-26 19:00:00,19,1863.2,1955.0,50.83,49.7,0.37,0.76,51.35,50.55,0.0,0.8,47,47
2003-04-26 20:00:00,20,1849.7,1957.0,53.48,51.91,0.78,0.79,50.13,49.38,0.0,0.75,47,47
2003-04-26 21:00:00,21,1764.1,1865.0,46.37,45.69,0.0,0.68,47.14,46.53,0.0,0.61,48,47
2003-04-26 22:00:00,22,1649.8,1735.0,41.53,40.94,0.0,0.59,41.1,40.65,0.0,0.45,45,45
2003-04-26 23:00:00,23,1906.4,1591.0,40.34,39.76,0.0,0.58,41.19,40.82,0.0,0.37,44,44
2003-04-27 00:00:00,0,1728.6,1467.0,36.46,35.9,0.0,0.56,40.48,40.16,0.0,0.32,44,43
2003-04-27 01:00:00,1,2162.7,1395.0,35.49,34.93,0.0,0.56,38.94,38.61,0.0,0.33,43,42
2003-04-27 02:00:00,2,2116.2,1352.0,35.02,34.47,0.0,0.55,39.3,38.95,0.0,0.35,42,41
2003-04-27 03:00:00,3,2135.3,1331.0,34.44,33.9,0.0,0.54,37.44,37.1,0.0,0.34,41,40
2003-04-27 04:00:00,4,2110.4,1328.0,34.44,33.89,0.0,0.55,38.09,37.73,0.0,0.36,40,39
2003-04-27 05:00:00,5,2144.2,1356.0,35.49,34.92,0.0,0.57,35.96,35.6,0.0,0.36,40,39
2003-04-27 06:00:00,6,2073.3,1396.0,35.94,35.35,0.0,0.59,26.82,26.49,0.02,0.31,40,39
2003-04-27 07:00:00,7,2054.7,1501.0,41.78,41.09,0.0,0.69,24.01,23.74,0.0,0.27,40,39
2003-04-27 08:00:00,8,1744.3,1633.0,45.33,44.59,0.0,0.74,42.27,41.57,0.25,0.45,41,39
2003-04-27 09:00:00,9,1704.1,1725.0,49.46,48.65,0.01,0.8,50.26,49.32,0.45,0.49,44,40
2003-04-27 10:00:00,10,1794.5,1779.0,51.42,50.81,-0.19,0.8,48.99,48.11,0.43,0.45,45,40
2003-04-27 11:00:00,11,1788.9,1798.0,48.66,47.91,0.01,0.74,48.9,47.95,0.43,0.52,49,42
2003-04-27 12:00:00,12,1791.8,1784.0,46.35,45.65,0.0,0.7,44.33,43.47,0.35,0.51,54,45
2003-04-27 13:00:00,13,1763.7,1750.0,45.26,44.58,0.0,0.68,42.52,41.72,0.33,0.47,56,44
2003-04-27 14:00:00,14,1735.8,1708.0,44.0,43.34,0.0,0.66,41.77,41.0,0.32,0.45,58,44
2003-04-27 15:00:00,15,1736.0,1687.0,43.27,42.62,0.0,0.65,40.43,39.75,0.3,0.38,61,44
2003-04-27 16:00:00,16,1778.4,1695.0,44.0,43.34,0.0,0.66,40.37,39.66,0.3,0.41,63,42
2003-04-27 17:00:00,17,1810.6,1722.0,45.09,44.4,0.0,0.69,44.36,43.52,0.36,0.48,64,40
2003-04-27 18:00:00,18,1802.6,1738.0,48.67,47.9,0.01,0.76,45.91,45.03,0.39,0.49,63,35
2003-04-27 19:00:00,19,1821.2,1807.0,50.48,49.14,0.57,0.77,46.59,46.06,0.02,0.51,60,35
2003-04-27 20:00:00,20,1861.1,1956.0,54.68,52.77,1.08,0.83,55.0,54.42,0.0,0.58,58,34
2003-04-27 21:00:00,21,1772.4,1864.0,45.25,44.56,0.0,0.69,49.22,48.65,0.0,0.57,58,32
2003-04-27 22:00:00,22,1538.5,1690.0,41.97,41.34,0.0,0.63,28.95,28.68,0.0,0.27,53,34
2003-04-27 23:00:00,23,1689.4,1524.0,36.46,35.91,0.0,0.55,28.95,28.73,0.0,0.22,53,39
2003-04-28 00:00:00,0,1925.4,1408.0,35.36,34.74,0.0,0.62,48.41,47.95,0.0,0.46,50,39
2003-04-28 01:00:00,1,1920.9,1354.0,34.96,34.34,0.0,0.62,39.11,38.71,0.0,0.4,54,39
2003-04-28 02:00:00,2,2017.0,1331.0,34.96,34.34,0.0,0.62,37.55,37.17,0.0,0.38,50,39
2003-04-28 03:00:00,3,2040.1,1330.0,34.96,34.34,0.0,0.62,36.24,35.89,0.0,0.35,52,37
2003-04-28 04:00:00,4,1899.5,1371.0,35.35,34.71,0.0,0.64,39.35,38.95,0.0,0.4,48,37
2003-04-28 05:00:00,5,1838.7,1524.0,36.61,35.95,0.0,0.66,43.26,42.75,0.0,0.51,48,34
2003-04-28 06:00:00,6,1834.2,1807.0,46.35,45.51,0.0,0.84,45.74,45.13,0.0,0.61,51,29
2003-04-28 07:00:00,7,1786.9,2038.0,46.67,45.83,0.0,0.84,51.5,50.68,0.0,0.82,50,30
2003-04-28 08:00:00,8,1899.7,2123.0,46.83,46.02,-0.01,0.82,50.83,50.05,0.0,0.78,56,27
2003-04-28 09:00:00,9,1970.9,2169.0,48.71,47.86,0.01,0.84,50.42,49.58,0.0,0.84,60,27
2003-04-28 10:00:00,10,1888.0,2208.0,49.45,48.6,0.02,0.83,49.84,48.94,0.0,0.9,63,29
2003-04-28 11:00:00,11,1873.6,2216.0,48.71,47.88,0.01,0.82,51.43,50.4,0.0,1.03,66,27
2003-04-28 12:00:00,12,1827.4,2211.0,51.93,46.65,4.49,0.79,51.03,50.05,0.0,0.98,70,29
2003-04-28 13:00:00,13,1806.1,2218.0,52.56,47.41,4.35,0.8,53.43,52.38,0.0,1.05,72,30
2003-04-28 14:00:00,14,1792.4,2202.0,51.52,46.16,4.58,0.78,52.98,52.03,0.0,0.95,74,31
2003-04-28 15:00:00,15,1799.6,2178.0,51.18,45.75,4.65,0.78,53.49,52.57,0.0,0.92,74,32
2003-04-28 16:00:00,16,1843.9,2170.0,50.73,45.14,4.82,0.77,50.93,50.19,0.0,0.74,76,30
2003-04-28 17:00:00,17,1861.7,2127.0,49.74,43.92,5.06,0.76,47.91,47.33,0.0,0.58,76,33
2003-04-28 18:00:00,18,1965.0,2092.0,51.19,45.66,4.74,0.79,48.8,48.32,0.0,0.48,74,33
2003-04-28 19:00:00,19,1984.2,2114.0,48.71,47.88,0.0,0.83,51.84,51.33,0.0,0.51,71,34
2003-04-28 20:00:00,20,1879.4,2216.0,48.89,48.04,0.0,0.85,57.73,57.12,0.0,0.61,67,35
2003-04-28 21:00:00,21,1645.5,2089.0,42.44,41.7,-0.01,0.75,46.4,45.85,0.0,0.55,65,33
2003-04-28 22:00:00,22,1351.7,1873.0,40.46,39.76,0.0,0.7,27.53,27.18,0.0,0.35,62,34
2003-04-28 23:00:00,23,1751.8,1661.0,36.86,36.23,0.0,0.63,35.81,35.47,0.0,0.34,62,34
2003-04-29 00:00:00,0,1926.3,1519.0,35.0,34.47,0.0,0.53,33.76,33.42,0.0,0.34,60,34
2003-04-29 01:00:00,1,1828.9,1444.0,33.16,32.65,0.0,0.51,26.24,25.99,0.0,0.25,59,35
2003-04-29 02:00:00,2,2018.0,1404.0,32.88,32.41,0.0,0.47,20.19,20.01,0.0,0.18,60,36
2003-04-29 03:00:00,3,2023.6,1386.0,32.4,31.94,0.0,0.46,24.32,24.09,0.0,0.23,60,37
2003-04-29 04:00:00,4,1826.1,1414.0,34.52,33.97,0.0,0.55,25.07,24.81,0.0,0.26,59,37
2003-04-29 05:00:00,5,1514.8,1550.0,36.02,35.45,0.0,0.57,25.83,25.54,0.0,0.29,57,38
2003-04-29 06:00:00,6,2045.1,1815.0,43.5,42.81,0.0,0.69,43.86,43.27,0.0,0.59,56,38
2003-04-29 07:00:00,7,1982.3,2042.0,47.78,46.99,0.01,0.78,48.38,47.62,0.0,0.76,57,39
2003-04-29 08:00:00,8,2037.4,2128.0,49.14,48.36,0.01,0.77,47.54,46.91,0.0,0.63,60,40
2003-04-29 09:00:00,9,1940.8,2182.0,48.83,48.08,0.01,0.74,53.69,52.89,0.0,0.8,65,40
2003-04-29 10:00:00,10,1857.9,2229.0,49.14,48.39,0.01,0.74,57.32,56.36,0.06,0.9,69,42
2003-04-29 11:00:00,11,1735.8,2254.0,51.18,50.43,0.01,0.74,62.58,61.5,0.09,0.99,69,43
2003-04-29 12:00:00,12,1791.3,2260.0,52.25,51.46,0.03,0.76,63.6,62.47,0.1,1.03,72,45
2003-04-29 13:00:00,13,1817.6,2257.0,52.0,51.24,0.01,0.75,63.28,62.19,0.1,0.99,74,42
2003-04-29 14:00:00,14,1801.3,2222.0,51.59,50.83,0.02,0.74,61.65,60.63,0.08,0.94,73,34
2003-04-29 15:00:00,15,1836.5,2179.0,49.96,49.23,0.01,0.72,50.2,49.38,0.0,0.82,71,27
2003-04-29 16:00:00,16,1839.3,2158.0,51.11,49.8,0.62,0.69,46.89,46.14,0.0,0.75,69,23
2003-04-29 17:00:00,17,1990.9,2118.0,47.96,47.28,0.01,0.67,42.45,41.87,0.0,0.58,68,22
2003-04-29 18:00:00,18,1939.1,2078.0,47.78,47.1,0.0,0.68,42.24,41.73,0.0,0.51,67,25
2003-04-29 19:00:00,19,1947.1,2096.0,48.32,47.63,0.0,0.69,44.81,44.25,0.0,0.56,67,29
2003-04-29 20:00:00,20,1961.4,2201.0,48.5,47.8,0.0,0.7,51.55,50.85,0.0,0.7,63,27
2003-04-29 21:00:00,21,1716.8,2090.0,44.24,43.6,0.0,0.64,46.92,46.29,0.0,0.63,60,31
2003-04-29 22:00:00,22,1475.5,1864.0,40.15,39.58,0.0,0.57,32.04,31.64,0.0,0.4,58,36
2003-04-29 23:00:00,23,1559.2,1654.0,37.28,36.76,0.0,0.52,32.46,32.11,0.0,0.35,57,39
2003-04-30 00:00:00,0,1943.8,1510.0,34.93,34.39,0.0,0.54,35.95,35.45,0.0,0.5,55,38
2003-04-30 01:00:00,1,2090.7,1435.0,33.95,33.42,0.0,0.53,39.4,38.82,0.0,0.58,54,36
2003-04-30 02:00:00,2,2065.7,1400.0,32.95,32.43,0.0,0.52,36.34,35.81,0.0,0.53,50,31
2003-04-30 03:00:00,3,2052.4,1385.0,32.9,32.37,0.0,0.53,28.76,28.37,0.0,0.39,49,29
2003-04-30 04:00:00,4,2114.1,1418.0,34.03,33.49,0.0,0.54,19.35,19.1,0.0,0.25,48,28
2003-04-30 05:00:00,5,1825.8,1556.0,35.85,35.26,0.0,0.59,30.11,29.75,0.0,0.36,48,27
2003-04-30 06:00:00,6,2031.4,1823.0,42.99,42.28,0.0,0.71,36.9,36.4,0.0,0.5,47,27
2003-04-30 07:00:00,7,1933.0,2037.0,47.99,47.21,0.0,0.78,48.5,47.76,0.0,0.74,49,27
2003-04-30 08:00:00,8,1771.1,2120.0,49.54,48.77,0.0,0.77,48.42,47.64,0.0,0.78,51,27
2003-04-30 09:00:00,9,1791.8,2150.0,49.84,49.07,0.0,0.77,54.11,53.23,0.0,0.88,52,27
2003-04-30 10:00:00,10,1674.3,2176.0,51.27,50.5,0.0,0.77,61.67,60.63,0.0,1.04,55,28
2003-04-30 11:00:00,11,1680.5,2186.0,51.99,51.21,0.0,0.78,60.25,59.17,0.0,1.08,57,30
2003-04-30 12:00:00,12,1764.8,2179.0,51.27,50.5,0.0,0.77,52.94,52.1,0.0,0.84,58,30
2003-04-30 13:00:00,13,1741.9,2177.0,51.44,50.67,0.0,0.77,55.76,54.86,0.0,0.9,59,28
2003-04-30 14:00:00,14,1776.0,2158.0,49.97,49.23,0.0,0.74,58.03,57.13,0.0,0.9,60,30
2003-04-30 15:00:00,15,1813.3,2129.0,49.19,48.45,0.0,0.74,50.06,49.3,0.0,0.76,62,28
2003-04-30 16:00:00,16,2015.1,2110.0,48.54,47.8,0.01,0.73,48.43,47.68,0.0,0.75,63,30
2003-04-30 17:00:00,17,2002.8,2082.0,47.56,46.82,0.0,0.74,46.91,46.25,0.0,0.66,63,28
2003-04-30 18:00:00,18,1964.4,2054.0,48.89,48.12,0.0,0.77,41.32,40.82,0.0,0.5,63,29
2003-04-30 19:00:00,19,1882.6,2071.0,50.06,49.27,0.0,0.79,43.61,43.1,0.0,0.51,63,31
2003-04-30 20:00:00,20,1786.6,2174.0,51.27,50.46,0.0,0.81,53.02,52.44,0.0,0.58,58,33
2003-04-30 21:00:00,21,1754.1,2067.0,43.13,42.6,-0.16,0.69,46.78,46.22,0.0,0.56,52,32
2003-04-30 22:00:00,22,1460.7,1855.0,41.13,40.49,0.0,0.64,36.7,36.25,0.0,0.45,50,31
2003-04-30 23:00:00,23,1556.7,1647.0,35.38,34.81,0.0,0.57,33.08,32.76,0.0,0.32,49,30
2003-05-01 00:00:00,0,1633.9,1509.0,37.04,36.44,0.0,0.6,40.21,39.77,0.0,0.44,47,30
2003-05-01 01:00:00,1,1807.7,1440.0,35.34,34.77,0.0,0.57,35.77,35.37,0.0,0.4,47,29
2003-05-01 02:00:00,2,2069.7,1412.0,34.18,33.62,0.0,0.56,29.85,29.52,0.0,0.33,46,31
2003-05-01 03:00:00,3,2056.9,1401.0,33.28,32.72,0.0,0.56,33.2,32.82,0.0,0.38,46,32
2003-05-01 04:00:00,4,1967.0,1424.0,35.33,34.74,0.0,0.59,36.54,36.09,0.0,0.45,46,33
2003-05-01 05:00:00,5,1798.0,1560.0,37.04,36.41,0.0,0.63,38.36,37.91,0.0,0.45,45,37
2003-05-01 06:00:00,6,2012.6,1828.0,44.37,43.61,0.0,0.76,41.31,40.74,0.0,0.57,45,40
2003-05-01 07:00:00,7,1701.7,2069.0,51.33,50.44,0.03,0.86,55.6,54.8,0.0,0.8,47,42
2003-05-01 08:00:00,8,1698.5,2161.0,61.39,57.99,2.46,0.94,55.75,54.55,0.5,0.7,48,43
2003-05-01 09:00:00,9,1734.5,2202.0,58.64,55.49,2.26,0.89,64.56,62.07,1.76,0.73,47,47
2003-05-01 10:00:00,10,1758.3,2221.0,61.06,58.13,2.02,0.91,66.38,63.6,2.04,0.74,48,47
2003-05-01 11:00:00,11,1764.5,2245.0,63.12,61.92,0.24,0.96,65.54,62.96,1.8,0.78,50,48
2003-05-01 12:00:00,12,1741.1,2208.0,60.69,59.95,-0.2,0.94,65.5,62.77,1.92,0.81,51,50
2003-05-01 13:00:00,13,1746.5,2202.0,60.67,59.98,-0.23,0.92,74.93,71.08,2.82,1.03,53,51
2003-05-01 14:00:00,14,1714.6,2177.0,59.94,59.27,-0.24,0.91,67.71,64.53,2.13,1.05,56,54
2003-05-01 15:00:00,15,1754.5,2149.0,54.92,54.12,-0.03,0.83,60.74,58.37,1.46,0.91,58,55
2003-05-01 16:00:00,16,1698.4,2142.0,54.26,52.68,0.75,0.83,62.5,60.05,1.48,0.97,60,54
2003-05-01 17:00:00,17,1729.6,2122.0,54.47,52.13,1.5,0.84,59.68,57.59,1.2,0.89,60,56
2003-05-01 18:00:00,18,1619.0,2102.0,64.3,53.75,9.68,0.87,59.77,57.62,1.26,0.89,60,58
2003-05-01 19:00:00,19,1614.0,2120.0,64.27,53.65,9.74,0.88,72.93,69.21,2.64,1.08,60,57
2003-05-01 20:00:00,20,1630.3,2201.0,67.69,56.4,10.36,0.93,71.3,67.83,2.4,1.07,58,56
2003-05-01 21:00:00,21,1530.0,2100.0,54.69,51.98,1.85,0.86,63.75,61.16,1.69,0.9,58,56
2003-05-01 22:00:00,22,1295.5,1877.0,54.37,51.87,1.65,0.85,52.36,50.63,0.94,0.79,56,56
2003-05-01 23:00:00,23,1547.9,1676.0,37.45,36.85,0.0,0.6,34.67,34.33,0.0,0.34,59,57
2003-05-02 00:00:00,0,1954.0,1537.0,37.21,36.62,0.0,0.59,34.12,33.81,0.0,0.31,59,57
2003-05-02 01:00:00,1,1859.6,1463.0,36.45,35.87,0.0,0.58,33.58,33.24,0.0,0.34,59,57
2003-05-02 02:00:00,2,2114.6,1424.0,36.03,35.45,0.0,0.58,32.15,31.76,0.0,0.39,57,56
2003-05-02 03:00:00,3,2096.7,1407.0,35.44,34.87,0.0,0.57,29.7,29.34,0.0,0.36,56,56
2003-05-02 04:00:00,4,2054.1,1430.0,36.32,35.73,0.0,0.59,34.11,33.73,0.0,0.38,56,55
2003-05-02 05:00:00,5,1666.6,1557.0,39.35,38.7,0.0,0.65,37.98,37.5,0.0,0.48,56,55
2003-05-02 06:00:00,6,1880.4,1815.0,46.54,45.76,0.0,0.78,43.7,43.05,0.0,0.65,56,55
2003-05-02 07:00:00,7,1987.1,2044.0,54.46,53.0,0.57,0.89,50.02,49.25,0.03,0.74,56,55
2003-05-02 08:00:00,8,1715.2,2136.0,57.0,54.66,1.46,0.88,64.54,61.63,1.98,0.93,58,56
2003-05-02 09:00:00,9,1709.3,2190.0,59.47,56.56,2.02,0.89,61.11,58.72,1.49,0.9,62,57
2003-05-02 10:00:00,10,1735.6,2237.0,59.47,56.58,2.0,0.89,57.96,56.02,1.14,0.8,66,57
2003-05-02 11:00:00,11,1737.8,2270.0,59.47,56.61,1.98,0.88,64.58,61.98,1.71,0.89,68,58
2003-05-02 12:00:00,12,1704.0,2271.0,59.07,56.42,1.77,0.88,66.32,63.4,1.89,1.03,72,59
2003-05-02 13:00:00,13,1691.3,2277.0,58.97,56.34,1.75,0.88,63.95,61.4,1.52,1.03,72,58
2003-05-02 14:00:00,14,2075.5,2257.0,59.5,56.75,1.85,0.9,67.79,64.76,2.02,1.01,73,57
2003-05-02 15:00:00,15,1602.2,2205.0,58.21,55.74,1.59,0.88,60.54,58.22,1.39,0.93,73,56
2003-05-02 16:00:00,16,1755.5,2173.0,54.79,52.92,1.02,0.85,56.5,54.65,0.99,0.86,71,56
2003-05-02 17:00:00,17,1721.2,2139.0,54.25,52.41,0.98,0.86,53.39,52.1,0.5,0.79,69,56
2003-05-02 18:00:00,18,1758.7,2088.0,54.79,52.82,1.09,0.88,53.84,52.42,0.72,0.7,60,57
2003-05-02 19:00:00,19,1705.3,2065.0,56.66,54.3,1.45,0.91,51.02,50.02,0.35,0.65,55,55
2003-05-02 20:00:00,20,1717.5,2055.0,60.79,57.76,2.06,0.97,54.54,53.02,0.81,0.71,53,53
2003-05-02 21:00:00,21,1532.2,1948.0,52.7,50.65,1.2,0.85,50.34,49.16,0.49,0.69,49,48
2003-05-02 22:00:00,22,1295.1,1785.0,47.99,47.22,0.0,0.77,48.49,47.26,0.58,0.65,47,47
2003-05-02 23:00:00,23,1650.4,1594.0,39.35,38.73,0.0,0.62,32.71,32.56,0.0,0.15,45,45
2003-05-03 00:00:00,0,2142.4,1463.0,38.68,38.06,0.0,0.62,33.74,33.49,0.0,0.25,44,43
2003-05-03 01:00:00,1,2291.5,1389.0,37.19,36.58,0.0,0.61,30.83,30.56,0.0,0.27,44,43
2003-05-03 02:00:00,2,2253.7,1349.0,36.97,36.37,0.0,0.6,31.95,31.64,0.0,0.31,44,43
2003-05-03 03:00:00,3,2256.7,1324.0,36.29,35.7,0.0,0.59,32.53,32.16,0.0,0.37,44,42
2003-05-03 04:00:00,4,2556.4,1326.0,35.81,35.22,0.0,0.59,32.96,32.58,0.0,0.38,44,41
2003-05-03 05:00:00,5,2343.1,1361.0,36.97,36.36,0.0,0.61,33.11,32.7,0.0,0.41,45,41
2003-05-03 06:00:00,6,2264.6,1426.0,39.63,38.97,0.0,0.66,29.21,28.82,0.0,0.39,45,40
2003-05-03 07:00:00,7,1936.3,1578.0,45.41,44.63,0.0,0.78,39.35,38.9,0.0,0.45,45,40
2003-05-03 08:00:00,8,1778.0,1738.0,58.28,49.34,8.09,0.85,41.97,41.62,0.0,0.35,47,39
2003-05-03 09:00:00,9,1896.2,1824.0,58.57,54.08,3.58,0.91,42.27,41.84,0.04,0.39,47,38
2003-05-03 10:00:00,10,1902.7,1856.0,61.14,57.59,2.6,0.95,43.49,41.72,1.45,0.32,47,37
2003-05-03 11:00:00,11,1892.7,1847.0,60.1,56.74,2.44,0.92,41.69,41.25,0.15,0.29,51,36
2003-05-03 12:00:00,12,1882.9,1809.0,58.44,54.77,2.78,0.89,38.15,37.87,0.02,0.26,53,33
2003-05-03 13:00:00,13,1840.3,1768.0,56.13,51.59,3.71,0.83,32.71,32.21,0.29,0.21,57,31
2003-05-03 14:00:00,14,1806.4,1728.0,54.79,49.4,4.59,0.8,27.37,27.18,0.0,0.19,58,31
2003-05-03 15:00:00,15,1824.7,1704.0,47.08,46.32,0.0,0.76,24.21,24.03,0.0,0.18,59,29
2003-05-03 16:00:00,16,1821.5,1701.0,47.0,46.24,0.0,0.76,35.3,34.99,0.0,0.31,60,27
2003-05-03 17:00:00,17,1834.6,1712.0,47.43,46.65,0.0,0.78,34.92,34.62,0.0,0.3,61,24
2003-05-03 18:00:00,18,1822.1,1707.0,53.62,51.71,1.03,0.88,24.51,24.31,0.0,0.2,60,24
2003-05-03 19:00:00,19,1813.7,1727.0,55.91,53.59,1.42,0.9,33.82,33.55,0.0,0.27,59,22
2003-05-03 20:00:00,20,1820.0,1836.0,60.97,57.73,2.26,0.98,45.23,44.11,0.74,0.38,56,23
2003-05-03 21:00:00,21,1753.6,1787.0,56.76,53.88,1.98,0.9,43.17,42.82,0.0,0.35,54,24
2003-05-03 22:00:00,22,1641.8,1650.0,43.13,42.43,0.0,0.7,34.09,33.96,0.0,0.13,53,22
2003-05-03 23:00:00,23,1652.2,1500.0,40.85,40.18,0.0,0.67,36.3,36.29,0.0,0.01,52,20
2003-05-04 00:00:00,0,1733.0,1395.0,36.56,35.97,0.0,0.59,33.48,33.41,0.0,0.07,49,23
2003-05-04 01:00:00,1,2112.4,1330.0,35.25,34.67,0.0,0.58,19.91,19.85,0.0,0.06,47,25
2003-05-04 02:00:00,2,2151.9,1296.0,34.9,34.33,0.0,0.57,23.24,23.15,0.0,0.09,46,24
2003-05-04 03:00:00,3,2241.9,1281.0,33.23,32.69,0.0,0.54,0.0,0.0,0.0,0.0,45,23
2003-05-04 04:00:00,4,2299.4,1283.0,33.23,32.68,0.0,0.55,0.0,0.0,0.0,0.0,45,23
2003-05-04 05:00:00,5,2185.1,1297.0,34.04,33.47,0.0,0.57,0.0,0.0,0.0,0.0,44,23
2003-05-04 06:00:00,6,1984.8,1335.0,35.81,35.19,0.0,0.62,0.0,0.0,0.0,0.0,43,23
2003-05-04 07:00:00,7,1380.8,1438.0,40.01,39.32,-0.01,0.7,26.28,26.07,0.0,0.21,45,24
2003-05-04 08:00:00,8,1620.1,1575.0,43.15,42.42,-0.01,0.74,37.12,36.92,0.0,0.2,47,24
2003-05-04 09:00:00,9,1725.1,1665.0,47.65,46.39,0.47,0.79,34.08,33.87,0.0,0.21,49,26
2003-05-04 10:00:00,10,1764.0,1712.0,51.79,49.67,1.28,0.84,33.48,33.18,0.0,0.3,53,29
2003-05-04 11:00:00,11,1756.6,1725.0,53.69,51.5,1.36,0.83,29.99,29.69,0.0,0.3,55,29
2003-05-04 12:00:00,12,1771.8,1714.0,52.7,50.7,1.18,0.82,32.12,30.68,1.11,0.33,57,28
2003-05-04 13:00:00,13,1763.2,1682.0,49.51,47.86,0.89,0.76,7.45,7.38,0.0,0.07,58,26
2003-05-04 14:00:00,14,1751.1,1652.0,47.3,46.56,-0.01,0.75,0.0,0.0,0.0,0.0,59,26
2003-05-04 15:00:00,15,1694.4,1645.0,43.21,42.52,0.0,0.69,0.0,0.0,0.0,0.0,60,27
2003-05-04 16:00:00,16,1725.4,1665.0,43.21,42.52,0.0,0.69,0.0,0.0,0.0,0.0,61,27
2003-05-04 17:00:00,17,1766.3,1703.0,44.86,44.13,0.0,0.73,35.59,35.26,0.0,0.33,62,24
2003-05-04 18:00:00,18,1756.9,1721.0,53.61,51.38,1.38,0.85,40.56,40.31,0.0,0.25,61,24
2003-05-04 19:00:00,19,1737.9,1774.0,59.47,56.35,2.18,0.94,40.38,40.17,0.0,0.21,61,24
2003-05-04 20:00:00,20,1674.6,1909.0,66.5,61.89,3.59,1.02,49.88,49.67,0.0,0.21,57,29
2003-05-04 21:00:00,21,1723.2,1820.0,59.24,55.54,2.79,0.91,43.12,42.94,0.0,0.18,54,28
2003-05-04 22:00:00,22,1559.3,1644.0,47.59,45.59,1.26,0.74,34.23,34.07,0.0,0.16,50,29
2003-05-04 23:00:00,23,1601.9,1487.0,36.15,35.57,0.0,0.58,28.65,28.6,0.0,0.05,49,28
2003-05-05 00:00:00,0,1219.3,1378.0,33.09,32.61,0.0,0.48,33.42,33.33,0.0,0.09,49,28
2003-05-05 01:00:00,1,1408.2,1325.0,32.63,32.14,0.0,0.49,32.01,31.87,0.0,0.14,49,29
2003-05-05 02:00:00,2,1398.6,1307.0,32.01,31.53,0.0,0.48,23.9,23.83,0.0,0.07,48,31
2003-05-05 03:00:00,3,1401.3,1312.0,30.33,29.88,0.0,0.45,1.93,1.92,0.0,0.01,45,32
2003-05-05 04:00:00,4,1233.3,1353.0,28.74,28.3,0.0,0.44,0.0,0.0,0.0,0.0,47,32
2003-05-05 05:00:00,5,1465.2,1501.0,33.58,33.06,0.0,0.52,0.0,0.0,0.0,0.0,46,32
2003-05-05 06:00:00,6,1888.0,1779.0,42.93,42.26,0.0,0.67,53.61,53.09,0.0,0.52,46,32
2003-05-05 07:00:00,7,1666.9,2032.0,50.01,49.22,0.04,0.75,48.56,48.16,0.0,0.4,52,34
2003-05-05 08:00:00,8,1764.1,2110.0,50.39,49.26,0.4,0.73,51.51,50.84,0.0,0.67,56,34
2003-05-05 09:00:00,9,1700.0,2155.0,53.65,52.07,0.83,0.75,45.27,44.73,0.0,0.54,60,29
2003-05-05 10:00:00,10,1739.7,2192.0,53.99,52.39,0.86,0.74,50.27,49.63,0.0,0.64,61,25
2003-05-05 11:00:00,11,1736.7,2209.0,54.0,52.41,0.85,0.74,53.01,52.27,0.0,0.74,63,27
2003-05-05 12:00:00,12,1702.8,2198.0,53.93,52.36,0.84,0.73,46.59,46.05,0.0,0.54,64,28
2003-05-05 13:00:00,13,1706.2,2200.0,53.65,52.12,0.8,0.73,46.69,46.19,0.0,0.5,65,28
2003-05-05 14:00:00,14,1777.0,2157.0,51.5,50.18,0.62,0.7,50.36,49.91,0.0,0.45,64,27
2003-05-05 15:00:00,15,1751.7,2144.0,50.0,48.88,0.43,0.69,55.11,54.62,0.0,0.49,64,27
2003-05-05 16:00:00,16,1857.7,2126.0,48.34,47.49,0.17,0.68,51.36,50.9,0.0,0.46,63,27
2003-05-05 17:00:00,17,1863.4,2103.0,47.86,47.12,0.06,0.68,44.81,44.38,0.0,0.43,61,25
2003-05-05 18:00:00,18,2032.7,2082.0,50.8,49.6,0.46,0.74,43.58,43.15,0.0,0.43,60,23
2003-05-05 19:00:00,19,1785.1,2124.0,49.99,48.9,0.36,0.73,45.25,44.86,0.0,0.39,58,20
2003-05-05 20:00:00,20,1849.9,2187.0,52.29,50.85,0.69,0.75,48.06,47.58,0.0,0.48,56,20
2003-05-05 21:00:00,21,1661.6,2047.0,47.59,46.75,0.15,0.69,41.2,40.82,0.0,0.38,53,11
2003-05-05 22:00:00,22,1328.4,1826.0,41.38,40.78,0.0,0.6,29.3,28.98,0.0,0.32,52,9
2003-05-05 23:00:00,23,1512.0,1630.0,37.74,37.2,0.0,0.54,31.33,31.08,0.0,0.25,50,13
2003-05-06 00:00:00,0,1323.8,1503.0,32.95,32.5,0.0,0.45,33.39,33.16,0.0,0.23,48,14
2003-05-06 01:00:00,1,1226.9,1429.0,32.0,31.56,0.0,0.44,32.84,32.63,0.0,0.21,47,14
2003-05-06 02:00:00,2,1209.0,1404.0,31.11,30.68,0.0,0.43,32.61,32.42,0.0,0.19,45,20
2003-05-06 03:00:00,3,1250.9,1390.0,30.81,30.38,0.0,0.43,29.15,29.02,0.0,0.13,44,23
2003-05-06 04:00:00,4,1453.9,1423.0,30.82,30.65,-0.27,0.44,25.95,25.81,0.0,0.14,43,28
2003-05-06 05:00:00,5,1471.5,1576.0,33.27,33.02,-0.24,0.49,25.42,25.26,0.0,0.16,42,25
2003-05-06 06:00:00,6,1842.2,1854.0,42.85,42.22,0.0,0.63,47.82,47.48,0.0,0.34,43,33
2003-05-06 07:00:00,7,1697.0,2078.0,50.74,49.93,0.1,0.71,53.99,53.53,0.0,0.46,43,36
2003-05-06 08:00:00,8,1611.9,2164.0,54.68,53.76,0.18,0.74,61.23,60.76,0.0,0.47,43,37
2003-05-06 09:00:00,9,1639.4,2194.0,57.86,56.5,0.6,0.76,72.24,71.58,0.0,0.66,44,39
2003-05-06 10:00:00,10,1672.0,2232.0,59.52,56.59,2.17,0.76,66.96,66.3,0.0,0.66,45,42
2003-05-06 11:00:00,11,1669.1,2231.0,59.5,56.54,2.21,0.75,61.66,61.01,0.0,0.65,46,43
2003-05-06 12:00:00,12,1637.3,2224.0,59.57,56.67,2.15,0.75,50.6,49.91,0.0,0.69,47,46
2003-05-06 13:00:00,13,1631.4,2212.0,59.52,56.64,2.13,0.75,49.42,48.74,0.0,0.68,48,48
2003-05-06 14:00:00,14,1564.5,2190.0,59.35,57.52,1.08,0.75,52.37,51.65,0.0,0.72,50,50
2003-05-06 15:00:00,15,1566.4,2170.0,53.99,52.72,0.57,0.7,55.17,54.43,0.0,0.74,52,51
2003-05-06 16:00:00,16,1575.3,2184.0,53.99,52.7,0.58,0.71,54.07,53.36,0.0,0.71,53,51
2003-05-06 17:00:00,17,1635.9,2183.0,50.13,49.37,0.08,0.68,49.29,48.78,0.0,0.51,53,52
2003-05-06 18:00:00,18,1974.0,2169.0,58.57,56.77,0.99,0.81,52.76,52.23,0.0,0.53,53,52
2003-05-06 19:00:00,19,1545.6,2191.0,57.0,55.46,0.75,0.79,58.31,57.69,0.0,0.62,53,53
2003-05-06 20:00:00,20,1548.2,2214.0,59.26,56.93,1.54,0.79,50.72,50.2,0.0,0.52,53,53
2003-05-06 21:00:00,21,1609.6,2086.0,45.68,45.06,0.0,0.62,40.87,40.43,0.0,0.44,52,52
2003-05-06 22:00:00,22,1299.6,1858.0,40.17,39.62,0.0,0.55,37.35,36.99,0.0,0.36,53,53
2003-05-06 23:00:00,23,1496.9,1661.0,38.67,38.14,0.0,0.53,38.22,37.9,0.0,0.32,52,52
2003-05-07 00:00:00,0,1303.5,1532.0,35.0,34.54,0.0,0.46,40.0,39.55,0.0,0.45,52,52
2003-05-07 01:00:00,1,1343.2,1463.0,34.9,34.44,0.0,0.46,34.49,34.12,0.0,0.37,53,53
2003-05-07 02:00:00,2,1425.9,1431.0,32.24,31.81,0.0,0.43,31.85,31.5,0.0,0.35,53,53
2003-05-07 03:00:00,3,1488.4,1424.0,32.19,31.76,0.0,0.43,30.89,30.54,0.0,0.35,53,53
2003-05-07 04:00:00,4,1522.9,1457.0,31.81,31.63,-0.26,0.44,29.41,29.04,0.0,0.37,52,52
2003-05-07 05:00:00,5,1444.4,1596.0,34.65,34.41,-0.25,0.49,30.37,30.06,0.0,0.31,51,51
2003-05-07 06:00:00,6,2129.9,1868.0,47.73,47.07,0.0,0.66,43.91,43.43,0.0,0.48,51,51
2003-05-07 07:00:00,7,1677.1,2086.0,51.12,50.43,0.0,0.69,49.34,48.7,0.0,0.64,52,52
2003-05-07 08:00:00,8,1766.2,2147.0,52.63,51.98,-0.03,0.68,46.57,45.98,0.0,0.59,54,52
2003-05-07 09:00:00,9,1680.6,2193.0,53.93,53.29,-0.03,0.67,47.17,46.43,0.08,0.66,60,51
2003-05-07 10:00:00,10,1719.6,2232.0,57.63,54.49,2.46,0.68,51.45,50.06,0.69,0.7,65,50
2003-05-07 11:00:00,11,1731.0,2253.0,57.57,54.7,2.2,0.67,53.5,50.35,2.45,0.7,68,47
2003-05-07 12:00:00,12,1720.0,2251.0,55.42,53.91,0.85,0.66,53.55,51.57,1.27,0.71,69,47
2003-05-07 13:00:00,13,1736.8,2259.0,54.2,52.82,0.74,0.64,55.63,53.41,1.46,0.76,71,46
2003-05-07 14:00:00,14,1766.0,2236.0,53.59,52.24,0.72,0.63,51.13,49.39,1.06,0.68,71,47
2003-05-07 15:00:00,15,1833.6,2205.0,53.27,51.99,0.64,0.64,51.97,49.81,1.44,0.72,72,47
2003-05-07 16:00:00,16,1834.2,2168.0,50.57,49.64,0.31,0.62,49.91,48.25,0.9,0.76,70,46
2003-05-07 17:00:00,17,1841.0,2133.0,50.0,49.28,0.1,0.62,42.43,41.7,0.22,0.51,69,46
2003-05-07 18:00:00,18,2041.8,2105.0,52.32,51.65,-0.01,0.68,41.08,40.0,0.59,0.49,68,47
2003-05-07 19:00:00,19,1790.1,2124.0,50.58,49.93,-0.01,0.66,39.79,39.36,0.0,0.43,66,47
2003-05-07 20:00:00,20,1827.0,2212.0,53.41,52.73,-0.02,0.7,49.13,48.55,0.0,0.58,64,47
2003-05-07 21:00:00,21,1650.2,2096.0,49.5,48.88,-0.02,0.64,44.46,43.94,0.0,0.52,63,47
2003-05-07 22:00:00,22,1247.0,1873.0,42.75,42.24,0.0,0.51,42.08,41.6,0.0,0.48,63,47
2003-05-07 23:00:00,23,1420.4,1669.0,35.35,34.94,0.0,0.41,46.41,45.94,0.0,0.47,63,47
2003-05-08 00:00:00,0,1680.4,1536.0,35.27,34.84,0.0,0.43,31.64,31.34,0.0,0.3,61,47
2003-05-08 01:00:00,1,1689.0,1460.0,35.11,34.56,0.11,0.44,37.57,37.18,0.0,0.39,58,50
2003-05-08 02:00:00,2,1751.3,1430.0,34.25,33.82,0.0,0.43,29.84,29.55,0.0,0.29,57,49
2003-05-08 03:00:00,3,1740.7,1404.0,34.29,33.85,0.0,0.44,30.08,29.71,0.0,0.37,53,50
2003-05-08 04:00:00,4,1815.0,1429.0,32.24,31.83,0.0,0.41,29.74,29.36,0.0,0.38,49,48
2003-05-08 05:00:00,5,1729.4,1561.0,35.32,34.85,0.01,0.46,31.08,30.69,0.0,0.39,47,46
2003-05-08 06:00:00,6,1917.8,1845.0,45.08,44.48,0.0,0.6,37.25,36.73,0.0,0.52,46,45
2003-05-08 07:00:00,7,1768.0,2082.0,45.18,44.6,0.0,0.58,44.68,44.04,0.0,0.64,45,45
2003-05-08 08:00:00,8,1854.2,2177.0,49.95,49.34,0.0,0.61,47.05,46.39,0.0,0.66,45,45
2003-05-08 09:00:00,9,1863.6,2206.0,51.24,50.59,0.03,0.62,54.9,53.33,0.75,0.82,45,45
2003-05-08 10:00:00,10,1881.4,2250.0,54.09,52.45,1.02,0.62,53.83,52.1,1.0,0.73,45,45
2003-05-08 11:00:00,11,1868.2,2261.0,54.46,52.42,1.42,0.62,58.92,56.62,1.47,0.83,45,45
2003-05-08 12:00:00,12,1907.1,2231.0,47.54,46.8,0.19,0.55,55.82,53.8,1.18,0.84,45,45
2003-05-08 13:00:00,13,1882.8,2226.0,47.54,46.8,0.18,0.56,58.3,56.21,1.29,0.8,45,45
2003-05-08 14:00:00,14,1848.2,2204.0,46.06,45.53,0.0,0.53,53.82,52.19,0.84,0.79,45,45
2003-05-08 15:00:00,15,1841.2,2177.0,45.18,44.62,0.03,0.53,55.42,53.75,0.92,0.75,46,46
2003-05-08 16:00:00,16,1828.8,2180.0,44.94,44.41,0.0,0.53,62.21,59.9,1.51,0.8,46,46
2003-05-08 17:00:00,17,2074.7,2170.0,45.18,44.62,0.0,0.56,51.62,50.39,0.51,0.72,46,46
2003-05-08 18:00:00,18,1802.0,2155.0,45.18,44.62,0.0,0.56,46.8,46.01,0.2,0.59,47,44
2003-05-08 19:00:00,19,1782.3,2155.0,47.54,46.95,0.0,0.59,50.68,49.57,0.44,0.67,47,45
2003-05-08 20:00:00,20,1825.9,2190.0,50.01,49.38,0.0,0.63,54.38,52.92,0.73,0.73,47,46
2003-05-08 21:00:00,21,1676.0,2065.0,42.65,42.12,0.0,0.53,45.66,44.8,0.23,0.63,46,45
2003-05-08 22:00:00,22,1355.1,1874.0,39.99,39.5,0.0,0.49,41.28,40.5,0.19,0.59,46,45
2003-05-08 23:00:00,23,1538.4,1672.0,38.49,38.01,0.01,0.47,34.62,34.26,0.0,0.36,46,45
2003-05-09 00:00:00,0,1656.7,1536.0,37.61,37.15,0.0,0.46,36.36,36.01,0.0,0.35,47,46
2003-05-09 01:00:00,1,1565.5,1465.0,37.09,36.63,0.0,0.46,36.22,35.84,0.0,0.38,47,46
2003-05-09 02:00:00,2,1642.3,1434.0,35.24,34.8,0.0,0.44,30.6,30.3,0.0,0.3,47,46
2003-05-09 03:00:00,3,2094.5,1420.0,34.42,34.02,0.0,0.4,32.59,32.25,0.0,0.34,47,47
2003-05-09 04:00:00,4,2203.2,1438.0,33.74,33.35,0.0,0.39,32.14,31.78,0.0,0.36,47,47
2003-05-09 05:00:00,5,2234.5,1568.0,35.44,35.01,0.0,0.43,40.56,40.24,0.0,0.32,47,47
2003-05-09 06:00:00,6,2535.6,1833.0,45.88,45.29,-0.01,0.6,54.14,53.69,0.0,0.45,47,47
2003-05-09 07:00:00,7,2124.3,2055.0,49.19,48.54,0.03,0.62,54.64,54.13,0.0,0.51,49,49
2003-05-09 08:00:00,8,1780.9,2121.0,54.75,53.08,1.02,0.65,59.11,58.48,0.0,0.63,51,50
2003-05-09 09:00:00,9,1766.5,2154.0,59.54,56.92,1.93,0.69,61.1,60.43,0.0,0.67,51,50
2003-05-09 10:00:00,10,1808.2,2187.0,59.52,56.86,1.98,0.68,61.38,60.64,0.0,0.74,55,50
2003-05-09 11:00:00,11,1713.5,2193.0,59.5,56.77,2.06,0.67,60.26,59.51,0.0,0.75,57,48
2003-05-09 12:00:00,12,1663.1,2169.0,57.21,54.83,1.73,0.65,61.42,60.69,0.0,0.73,58,47
2003-05-09 13:00:00,13,1648.8,2154.0,57.12,54.76,1.71,0.65,61.35,60.61,0.0,0.74,62,43
2003-05-09 14:00:00,14,1865.9,2124.0,50.08,49.23,0.27,0.58,60.51,59.76,0.0,0.75,63,38
2003-05-09 15:00:00,15,1852.0,2087.0,47.3,46.74,0.0,0.56,57.67,56.99,0.0,0.68,63,36
2003-05-09 16:00:00,16,1842.1,2055.0,46.83,46.26,0.0,0.57,55.27,54.59,0.0,0.68,63,36
2003-05-09 17:00:00,17,1680.9,2001.0,45.56,45.03,0.0,0.53,46.14,45.69,0.0,0.45,64,36
2003-05-09 18:00:00,18,1641.7,1953.0,45.22,44.69,0.0,0.53,44.63,44.2,0.0,0.43,63,36
2003-05-09 19:00:00,19,1625.5,1941.0,45.56,45.02,0.0,0.54,39.84,39.48,0.0,0.36,62,37
2003-05-09 20:00:00,20,1783.1,2022.0,46.83,46.23,0.0,0.6,50.24,49.79,0.0,0.45,54,47
2003-05-09 21:00:00,21,1601.1,1962.0,45.15,44.58,0.0,0.57,49.79,49.29,0.0,0.5,50,46
2003-05-09 22:00:00,22,1441.9,1802.0,38.3,37.86,0.0,0.44,45.3,44.82,0.0,0.48,48,46
2003-05-09 23:00:00,23,1524.5,1614.0,38.7,38.23,0.0,0.47,44.66,44.28,0.0,0.38,47,45
2003-05-10 00:00:00,0,1563.4,1476.0,41.04,40.52,0.0,0.52,45.4,45.05,0.0,0.35,47,45
2003-05-10 01:00:00,1,1460.6,1408.0,37.15,36.66,0.0,0.49,42.2,41.81,0.0,0.39,46,45
2003-05-10 02:00:00,2,1662.4,1351.0,37.15,36.65,0.0,0.5,34.56,34.3,0.0,0.26,45,44
2003-05-10 03:00:00,3,1633.9,1336.0,37.15,36.65,0.0,0.5,33.55,33.32,0.0,0.23,43,43
2003-05-10 04:00:00,4,1643.5,1340.0,37.15,36.64,0.0,0.51,36.93,36.68,0.0,0.25,43,41
2003-05-10 05:00:00,5,1458.6,1365.0,37.15,36.65,0.0,0.5,44.82,44.48,0.0,0.34,44,43
2003-05-10 06:00:00,6,1652.3,1449.0,42.41,41.83,0.0,0.58,43.14,42.71,0.0,0.43,46,42
2003-05-10 07:00:00,7,1611.6,1575.0,45.52,44.9,0.0,0.62,39.98,39.66,0.0,0.32,47,39
2003-05-10 08:00:00,8,1806.4,1725.0,47.15,46.51,0.0,0.64,51.53,51.22,0.0,0.31,50,37
2003-05-10 09:00:00,9,1717.3,1808.0,56.06,55.32,0.0,0.74,57.59,57.32,0.0,0.27,54,38
2003-05-10 10:00:00,10,1675.7,1831.0,56.12,55.41,0.0,0.71,61.01,60.75,0.0,0.26,56,36
2003-05-10 11:00:00,11,1673.5,1833.0,56.53,55.83,0.0,0.7,53.42,53.1,0.0,0.32,58,37
2003-05-10 12:00:00,12,1619.0,1798.0,56.35,55.65,0.0,0.7,46.18,45.91,0.0,0.27,60,36
2003-05-10 13:00:00,13,1705.2,1767.0,50.48,49.85,0.01,0.62,44.71,44.46,0.0,0.25,62,32
2003-05-10 14:00:00,14,1853.4,1735.0,45.78,45.21,0.0,0.57,43.84,43.59,0.0,0.25,64,36
2003-05-10 15:00:00,15,1817.2,1718.0,45.52,44.95,0.0,0.57,43.38,43.13,0.0,0.25,67,33
2003-05-10 16:00:00,16,1813.9,1724.0,45.52,44.94,0.0,0.58,46.45,46.16,0.0,0.29,69,33
2003-05-10 17:00:00,17,1812.3,1734.0,45.78,45.19,0.0,0.59,52.23,51.89,0.0,0.34,69,32
2003-05-10 18:00:00,18,1767.7,1728.0,48.06,47.43,0.0,0.63,48.65,48.3,0.0,0.35,70,34
2003-05-10 19:00:00,19,1615.7,1739.0,52.76,52.07,0.0,0.69,50.23,49.91,0.0,0.32,68,31
2003-05-10 20:00:00,20,1628.2,1842.0,59.85,59.07,0.0,0.78,64.31,64.07,0.0,0.24,65,29
2003-05-10 21:00:00,21,1753.4,1796.0,48.06,47.44,0.0,0.62,60.94,60.55,0.0,0.39,62,28
2003-05-10 22:00:00,22,1570.9,1661.0,45.53,44.95,0.0,0.58,56.35,55.94,0.0,0.41,58,29
2003-05-10 23:00:00,23,1620.2,1511.0,42.41,41.87,0.0,0.54,61.62,61.05,0.0,0.57,61,28
2003-05-11 00:00:00,0,1472.4,1398.0,40.57,40.08,0.0,0.49,39.75,39.39,0.0,0.36,59,29
2003-05-11 01:00:00,1,1862.5,1319.0,40.35,39.83,0.0,0.52,35.82,35.44,0.0,0.38,55,29
2003-05-11 02:00:00,2,1881.8,1272.0,37.33,36.84,0.0,0.49,32.56,32.18,0.0,0.38,58,27
2003-05-11 03:00:00,3,2153.4,1249.0,37.32,36.84,0.0,0.48,35.68,35.24,0.0,0.44,55,30
2003-05-11 04:00:00,4,2133.2,1246.0,37.2,36.7,0.0,0.5,37.78,37.31,0.0,0.47,53,32
2003-05-11 05:00:00,5,2092.5,1249.0,37.32,36.83,0.0,0.49,28.59,28.22,0.0,0.37,50,34
2003-05-11 06:00:00,6,1686.5,1285.0,41.27,40.7,0.0,0.57,33.02,32.57,0.0,0.45,48,36
2003-05-11 07:00:00,7,1418.8,1389.0,42.0,41.43,0.0,0.57,32.05,31.73,0.0,0.32,47,40
2003-05-11 08:00:00,8,1582.5,1541.0,45.56,44.94,0.0,0.62,37.2,36.96,0.0,0.24,48,39
2003-05-11 09:00:00,9,1733.8,1652.0,48.34,47.69,0.0,0.65,42.92,42.58,0.0,0.34,51,41
2003-05-11 10:00:00,10,1668.0,1700.0,50.09,49.45,0.0,0.64,49.19,48.71,0.0,0.48,53,41
2003-05-11 11:00:00,11,1644.4,1713.0,53.0,52.34,0.0,0.66,45.5,45.05,0.0,0.45,57,42
2003-05-11 12:00:00,12,1654.3,1700.0,50.35,49.73,0.0,0.62,48.36,47.83,0.0,0.53,60,42
2003-05-11 13:00:00,13,1803.1,1668.0,47.59,47.01,0.0,0.58,43.72,43.28,0.0,0.44,63,41
2003-05-11 14:00:00,14,1783.5,1639.0,44.44,43.9,0.0,0.54,41.06,40.64,0.0,0.42,65,41
2003-05-11 15:00:00,15,1781.1,1635.0,43.82,43.29,0.0,0.53,40.47,40.06,0.0,0.41,65,42
2003-05-11 16:00:00,16,1802.5,1667.0,44.63,44.08,0.0,0.55,41.67,41.26,0.0,0.41,63,43
2003-05-11 17:00:00,17,1810.4,1725.0,45.98,45.4,0.0,0.58,47.53,47.04,0.0,0.49,60,42
2003-05-11 18:00:00,18,1792.1,1787.0,48.45,47.84,0.01,0.6,52.59,52.02,0.0,0.57,56,40
2003-05-11 19:00:00,19,1616.4,1847.0,52.49,51.72,0.12,0.65,62.69,62.06,0.0,0.63,51,44
2003-05-11 20:00:00,20,1595.2,1873.0,61.38,60.34,0.26,0.78,59.66,59.09,0.0,0.57,50,46
2003-05-11 21:00:00,21,1790.9,1770.0,47.23,46.65,0.0,0.58,42.51,42.11,0.0,0.4,50,43
2003-05-11 22:00:00,22,1683.6,1609.0,40.35,39.86,0.0,0.49,31.61,31.29,0.0,0.32,49,41
2003-05-11 23:00:00,23,1925.8,1465.0,37.32,36.86,0.0,0.46,30.95,30.65,0.0,0.3,47,42
2003-05-12 00:00:00,0,1773.5,1370.0,37.11,36.64,0.0,0.47,23.07,22.82,0.0,0.25,45,43
2003-05-12 01:00:00,1,1835.3,1313.0,35.81,35.36,0.0,0.45,17.18,16.98,0.0,0.2,45,45
2003-05-12 02:00:00,2,2105.0,1298.0,35.81,35.34,0.0,0.47,0.0,0.0,0.0,0.0,44,44
2003-05-12 03:00:00,3,2249.0,1293.0,35.36,34.89,0.0,0.47,0.0,0.0,0.0,0.0,43,42
2003-05-12 04:00:00,4,2030.0,1329.0,35.81,35.33,0.0,0.48,0.0,0.0,0.0,0.0,42,41
2003-05-12 05:00:00,5,1719.8,1478.0,38.39,37.89,0.0,0.5,26.92,26.61,0.0,0.31,41,41
2003-05-12 06:00:00,6,1846.1,1776.0,48.4,47.79,-0.01,0.62,46.53,45.98,0.0,0.55,41,41
2003-05-12 07:00:00,7,1779.2,2040.0,52.26,51.62,0.0,0.64,55.32,54.68,0.0,0.64,41,41
2003-05-12 08:00:00,8,1709.9,2142.0,55.1,54.44,0.01,0.65,57.12,56.51,0.0,0.61,41,41
2003-05-12 09:00:00,9,1703.0,2194.0,58.0,57.32,0.01,0.67,59.53,58.78,0.0,0.75,42,42
2003-05-12 10:00:00,10,1676.1,2234.0,57.29,56.57,0.07,0.65,60.84,60.1,0.0,0.74,42,42
2003-05-12 11:00:00,11,1677.7,2236.0,57.6,56.9,0.06,0.64,53.75,53.0,0.0,0.75,44,43
2003-05-12 12:00:00,12,1712.7,2217.0,55.59,54.97,0.0,0.62,48.99,48.35,0.0,0.64,45,43
2003-05-12 13:00:00,13,1707.9,2202.0,55.59,54.93,0.04,0.62,48.68,47.95,0.0,0.73,46,44
2003-05-12 14:00:00,14,1655.1,2170.0,53.83,53.19,0.04,0.6,52.8,52.0,0.0,0.8,49,45
2003-05-12 15:00:00,15,1716.2,2153.0,53.55,52.94,0.0,0.61,47.22,46.57,0.0,0.65,51,46
2003-05-12 16:00:00,16,1725.7,2174.0,54.0,53.38,0.01,0.61,53.51,52.79,0.0,0.72,51,48
2003-05-12 17:00:00,17,1787.2,2176.0,55.0,54.37,-0.01,0.64,55.13,54.55,0.0,0.58,51,49
2003-05-12 18:00:00,18,1840.2,2158.0,53.2,52.57,0.01,0.62,49.72,49.12,0.0,0.6,52,50
2003-05-12 19:00:00,19,1774.6,2177.0,54.0,53.3,0.06,0.64,50.15,49.53,0.0,0.62,52,51
2003-05-12 20:00:00,20,1835.8,2206.0,57.71,57.02,-0.01,0.7,50.67,50.04,0.0,0.63,53,52
2003-05-12 21:00:00,21,1743.5,2077.0,48.93,48.35,0.0,0.58,37.8,37.33,0.0,0.47,52,52
2003-05-12 22:00:00,22,1412.7,1849.0,40.97,40.48,0.0,0.49,29.7,29.35,0.0,0.35,49,48
2003-05-12 23:00:00,23,1539.3,1653.0,39.0,38.54,0.0,0.46,27.12,26.79,0.0,0.33,49,48
2003-05-13 00:00:00,0,1786.6,1517.0,36.84,36.22,0.14,0.48,32.85,32.41,0.0,0.44,48,47
2003-05-13 01:00:00,1,2153.5,1455.0,36.83,36.21,0.14,0.48,33.42,33.0,0.0,0.42,47,47
2003-05-13 02:00:00,2,2206.0,1426.0,36.62,36.0,0.14,0.48,30.3,29.93,0.0,0.37,45,45
2003-05-13 03:00:00,3,2228.8,1405.0,36.62,36.0,0.15,0.47,32.1,31.67,0.0,0.43,45,45
2003-05-13 04:00:00,4,2084.3,1441.0,36.83,36.19,0.15,0.49,35.54,35.02,0.0,0.52,46,46
2003-05-13 05:00:00,5,1924.0,1581.0,37.86,37.19,0.16,0.51,39.78,39.26,0.0,0.52,46,45
2003-05-13 06:00:00,6,2014.2,1853.0,47.38,46.72,0.01,0.65,50.15,49.42,0.0,0.73,46,44
2003-05-13 07:00:00,7,1649.8,2087.0,54.61,53.36,0.54,0.71,75.78,74.7,0.0,1.08,47,44
2003-05-13 08:00:00,8,1896.6,2141.0,50.08,49.44,0.01,0.63,60.6,59.75,0.0,0.85,49,45
2003-05-13 09:00:00,9,1800.6,2178.0,53.64,52.85,0.13,0.66,55.82,54.78,0.0,1.04,51,44
2003-05-13 10:00:00,10,1648.3,2211.0,54.4,53.62,0.12,0.66,56.1,55.04,0.0,1.06,53,43
2003-05-13 11:00:00,11,1744.5,2216.0,54.23,53.05,0.53,0.65,52.01,51.06,0.0,0.95,55,43
2003-05-13 12:00:00,12,1900.8,2195.0,53.14,52.37,0.13,0.64,53.13,52.18,0.0,0.95,55,43
2003-05-13 13:00:00,13,1878.2,2189.0,53.14,52.34,0.17,0.63,48.45,47.62,0.0,0.83,56,44
2003-05-13 14:00:00,14,1877.7,2166.0,49.6,48.98,0.03,0.59,44.35,43.59,0.0,0.76,54,42
2003-05-13 15:00:00,15,1840.3,2147.0,49.43,48.82,0.01,0.6,45.02,44.25,0.0,0.77,54,42
2003-05-13 16:00:00,16,1840.7,2149.0,50.87,50.14,0.11,0.62,50.72,49.93,0.0,0.79,54,41
2003-05-13 17:00:00,17,1844.5,2139.0,49.6,48.98,0.01,0.61,50.16,49.37,0.0,0.79,52,41
2003-05-13 18:00:00,18,1824.0,2111.0,49.43,48.8,0.01,0.62,47.18,46.47,0.0,0.71,52,41
2003-05-13 19:00:00,19,1809.7,2137.0,49.43,48.79,0.01,0.63,47.94,47.22,0.0,0.72,51,41
2003-05-13 20:00:00,20,1865.1,2192.0,49.43,48.76,0.03,0.64,50.84,50.03,0.0,0.81,50,41
2003-05-13 21:00:00,21,1634.9,2074.0,49.34,48.7,0.01,0.63,50.41,49.63,0.0,0.78,49,42
2003-05-13 22:00:00,22,1305.6,1852.0,41.38,40.86,0.0,0.52,37.52,36.95,0.0,0.57,48,42
2003-05-13 23:00:00,23,1771.6,1652.0,38.23,37.75,0.0,0.48,29.65,29.24,0.0,0.41,47,42
2003-05-14 00:00:00,0,1903.7,1527.0,35.37,34.9,0.0,0.47,32.69,32.24,0.0,0.45,47,42
2003-05-14 01:00:00,1,2294.4,1457.0,34.69,34.22,0.0,0.47,25.35,25.01,0.0,0.34,47,42
2003-05-14 02:00:00,2,2258.2,1428.0,33.13,32.68,0.0,0.45,28.09,27.7,0.0,0.39,46,42
2003-05-14 03:00:00,3,2250.2,1416.0,33.01,32.56,0.0,0.45,30.35,29.94,0.0,0.41,46,43
2003-05-14 04:00:00,4,2305.2,1443.0,34.69,34.21,0.0,0.48,31.59,31.15,0.0,0.44,45,44
2003-05-14 05:00:00,5,1777.2,1574.0,36.85,36.33,0.0,0.52,26.47,26.14,0.0,0.33,46,44
2003-05-14 06:00:00,6,2111.3,1848.0,47.38,46.63,0.09,0.66,47.87,47.15,0.0,0.72,45,44
2003-05-14 07:00:00,7,1792.4,2081.0,50.98,50.25,0.03,0.7,55.5,54.53,0.0,0.97,46,44
2003-05-14 08:00:00,8,1843.4,2155.0,50.39,49.73,0.0,0.66,56.87,55.97,0.0,0.9,48,45
2003-05-14 09:00:00,9,1741.0,2185.0,54.93,53.88,0.35,0.7,59.6,58.66,0.0,0.94,52,45
2003-05-14 10:00:00,10,1744.8,2207.0,56.41,55.24,0.46,0.71,60.45,59.47,0.0,0.98,55,45
2003-05-14 11:00:00,11,1746.0,2214.0,56.17,55.04,0.43,0.7,56.74,55.76,0.0,0.98,57,44
2003-05-14 12:00:00,12,1717.8,2208.0,54.93,53.92,0.33,0.68,57.63,56.61,0.0,1.02,57,44
2003-05-14 13:00:00,13,1730.2,2200.0,54.0,53.03,0.3,0.67,57.52,56.61,0.0,0.91,58,45
2003-05-14 14:00:00,14,1833.2,2175.0,50.39,49.76,0.0,0.63,56.11,55.15,0.0,0.96,56,49
2003-05-14 15:00:00,15,1808.5,2149.0,49.34,48.72,0.0,0.62,53.34,52.46,0.0,0.88,55,51
2003-05-14 16:00:00,16,1803.9,2137.0,49.03,48.4,0.0,0.63,53.2,52.45,0.0,0.75,58,47
2003-05-14 17:00:00,17,1804.0,2117.0,48.16,47.54,0.0,0.62,53.41,52.65,0.0,0.76,57,47
2003-05-14 18:00:00,18,1770.5,2097.0,47.85,47.14,0.08,0.63,52.92,52.15,0.0,0.77,57,45
2003-05-14 19:00:00,19,1755.7,2113.0,47.85,47.16,0.05,0.64,51.5,50.78,0.0,0.72,57,46
2003-05-14 20:00:00,20,1810.8,2180.0,48.58,47.87,0.06,0.65,46.58,45.99,0.0,0.59,55,46
2003-05-14 21:00:00,21,1645.4,2073.0,48.74,48.04,0.06,0.64,45.61,44.99,0.0,0.62,54,46
2003-05-14 22:00:00,22,1304.4,1848.0,41.53,40.92,0.06,0.55,45.16,44.66,0.0,0.5,53,44
2003-05-14 23:00:00,23,1572.1,1658.0,38.4,37.8,0.09,0.51,43.94,43.6,0.0,0.34,53,44
2003-05-15 00:00:00,0,1445.7,1524.0,36.85,36.33,0.0,0.52,39.6,39.26,0.0,0.34,53,44
2003-05-15 01:00:00,1,1422.5,1458.0,33.01,32.54,0.0,0.47,30.89,30.63,0.0,0.26,51,46
2003-05-15 02:00:00,2,1642.6,1428.0,31.99,31.53,0.0,0.46,34.25,33.96,0.0,0.29,50,44
2003-05-15 03:00:00,3,1644.8,1416.0,30.88,30.44,0.0,0.44,32.28,32.04,0.0,0.24,50,43
2003-05-15 04:00:00,4,1687.3,1443.0,33.16,32.67,0.0,0.49,31.43,31.17,0.0,0.26,50,42
2003-05-15 05:00:00,5,1394.7,1564.0,37.15,36.6,0.0,0.55,34.18,33.85,0.0,0.33,49,42
2003-05-15 06:00:00,6,1761.4,1843.0,50.31,49.57,0.0,0.74,44.85,44.24,0.0,0.61,49,42
2003-05-15 07:00:00,7,1545.7,2076.0,53.84,53.07,-0.01,0.78,55.4,54.48,0.0,0.92,51,43
2003-05-15 08:00:00,8,1533.8,2140.0,54.94,53.69,0.5,0.75,55.53,54.64,0.0,0.89,52,44
2003-05-15 09:00:00,9,1592.8,2178.0,55.4,54.2,0.45,0.75,57.78,56.79,0.0,0.99,53,45
2003-05-15 10:00:00,10,1601.4,2211.0,57.42,55.86,0.81,0.75,58.3,57.56,-0.16,0.9,58,46
2003-05-15 11:00:00,11,1591.7,2222.0,57.45,55.72,0.97,0.76,52.77,51.95,-0.03,0.85,59,44
2003-05-15 12:00:00,12,1610.3,2218.0,53.85,52.45,0.7,0.7,59.38,55.53,2.92,0.93,60,42
2003-05-15 13:00:00,13,1768.7,2217.0,53.67,52.14,0.83,0.7,57.6,56.63,0.0,0.97,61,40
2003-05-15 14:00:00,14,1776.6,2183.0,52.04,50.61,0.75,0.68,57.41,56.59,0.0,0.82,61,42
2003-05-15 15:00:00,15,1777.1,2146.0,47.67,47.03,0.0,0.64,54.19,53.49,0.0,0.7,61,42
2003-05-15 16:00:00,16,1760.1,2133.0,47.67,47.03,0.0,0.64,51.68,51.04,0.0,0.64,60,42
2003-05-15 17:00:00,17,1725.4,2107.0,49.64,48.97,0.0,0.67,51.1,50.5,0.0,0.6,58,42
2003-05-15 18:00:00,18,1711.5,2086.0,49.0,48.32,0.0,0.68,49.62,49.01,0.0,0.61,56,41
2003-05-15 19:00:00,19,1718.2,2092.0,48.34,47.66,0.0,0.68,51.61,50.98,0.0,0.63,54,42
2003-05-15 20:00:00,20,1764.5,2151.0,49.99,49.28,0.0,0.71,55.37,54.73,0.0,0.64,52,43
2003-05-15 21:00:00,21,1622.6,2053.0,46.77,46.11,0.0,0.66,49.55,48.88,0.0,0.67,51,43
2003-05-15 22:00:00,22,1289.9,1850.0,39.14,38.59,0.0,0.55,44.78,44.17,0.0,0.61,49,45
2003-05-15 23:00:00,23,1676.6,1652.0,36.58,36.07,0.0,0.51,31.61,31.33,0.0,0.28,48,45
2003-05-16 00:00:00,0,1654.7,1512.0,36.86,36.34,0.01,0.51,32.98,32.7,0.0,0.28,47,45
2003-05-16 01:00:00,1,1726.1,1442.0,34.47,33.99,0.0,0.48,32.75,32.42,0.0,0.33,46,45
2003-05-16 02:00:00,2,1938.4,1418.0,34.47,33.98,0.0,0.49,22.87,22.64,0.0,0.23,46,44
2003-05-16 03:00:00,3,1927.9,1400.0,34.81,34.31,0.0,0.5,27.41,27.13,0.0,0.28,45,41
2003-05-16 04:00:00,4,1756.3,1423.0,34.81,34.31,0.0,0.5,34.09,33.69,0.0,0.4,44,40
2003-05-16 05:00:00,5,1409.4,1545.0,37.92,37.35,0.01,0.56,35.69,35.3,0.0,0.39,44,40
2003-05-16 06:00:00,6,1814.8,1812.0,50.2,49.46,0.0,0.74,58.84,58.33,0.0,0.51,44,41
2003-05-16 07:00:00,7,1563.3,2046.0,57.58,56.74,0.01,0.83,69.26,68.74,0.0,0.52,44,40
2003-05-16 08:00:00,8,1647.5,2130.0,56.42,55.65,-0.01,0.78,75.15,74.65,0.0,0.5,44,39
2003-05-16 09:00:00,9,1593.9,2156.0,57.84,57.06,-0.01,0.79,72.43,72.03,0.0,0.4,45,39
2003-05-16 10:00:00,10,1631.6,2177.0,58.12,56.47,0.88,0.77,72.16,71.5,0.0,0.66,46,39
2003-05-16 11:00:00,11,1642.4,2170.0,57.22,55.73,0.72,0.77,59.2,58.62,0.0,0.58,46,38
2003-05-16 12:00:00,12,1656.8,2153.0,55.62,54.42,0.46,0.74,57.87,57.11,0.0,0.76,47,38
2003-05-16 13:00:00,13,1645.8,2150.0,55.4,54.23,0.44,0.73,56.76,55.99,0.0,0.77,46,39
2003-05-16 14:00:00,14,1677.1,2114.0,52.48,51.78,0.0,0.7,53.51,52.8,0.0,0.71,45,39
2003-05-16 15:00:00,15,1634.0,2073.0,52.36,51.65,0.0,0.71,52.95,52.3,0.0,0.65,46,39
2003-05-16 16:00:00,16,1714.5,2048.0,55.01,53.84,0.42,0.75,53.57,52.98,0.0,0.59,46,39
2003-05-16 17:00:00,17,1711.6,2012.0,53.94,53.19,0.01,0.74,52.67,52.1,0.0,0.57,46,39
2003-05-16 18:00:00,18,1686.6,1975.0,53.85,53.07,0.01,0.77,52.54,51.99,0.0,0.55,46,38
2003-05-16 19:00:00,19,1654.7,1971.0,53.85,53.07,0.0,0.78,51.78,51.25,0.0,0.53,46,37
2003-05-16 20:00:00,20,1691.7,2049.0,55.7,54.89,0.01,0.8,57.58,56.94,0.0,0.64,44,36
2003-05-16 21:00:00,21,1559.3,1993.0,50.55,49.82,0.01,0.72,54.06,53.44,0.0,0.62,41,36
2003-05-16 22:00:00,22,1243.4,1832.0,46.11,45.45,0.01,0.65,62.14,61.5,0.0,0.64,40,37
2003-05-16 23:00:00,23,1452.8,1643.0,39.56,38.97,0.03,0.56,60.75,60.3,0.0,0.45,40,37
2003-05-17 00:00:00,0,1286.8,1514.0,38.58,38.05,0.0,0.53,57.22,56.78,0.14,0.3,40,38
2003-05-17 01:00:00,1,1448.5,1439.0,37.47,36.96,0.0,0.51,52.05,51.64,0.11,0.3,40,38
2003-05-17 02:00:00,2,1599.2,1398.0,35.93,35.43,0.0,0.5,46.5,46.22,0.0,0.28,39,38
2003-05-17 03:00:00,3,1660.4,1376.0,35.62,35.13,0.0,0.49,44.47,44.22,0.0,0.25,39,39
2003-05-17 04:00:00,4,1637.7,1377.0,35.93,35.42,0.0,0.51,45.96,45.68,0.0,0.28,39,39
2003-05-17 05:00:00,5,1201.3,1417.0,39.48,38.52,0.41,0.55,48.01,47.72,0.0,0.29,39,37
2003-05-17 06:00:00,6,1685.9,1498.0,45.47,44.82,-0.01,0.66,49.03,48.73,0.0,0.3,39,36
2003-05-17 07:00:00,7,1605.3,1648.0,51.28,50.53,-0.02,0.77,59.91,59.56,0.0,0.35,39,36
2003-05-17 08:00:00,8,1599.3,1804.0,56.79,55.97,-0.02,0.84,75.05,74.68,0.0,0.37,39,36
2003-05-17 09:00:00,9,1565.9,1884.0,60.63,59.76,-0.01,0.88,93.31,92.82,0.0,0.49,40,36
2003-05-17 10:00:00,10,1561.2,1893.0,64.84,63.92,0.0,0.92,72.76,72.27,0.0,0.49,41,36
2003-05-17 11:00:00,11,1586.4,1872.0,60.75,59.88,0.02,0.85,53.7,52.88,0.49,0.33,44,36
2003-05-17 12:00:00,12,1677.1,1833.0,55.72,54.94,0.0,0.78,58.83,57.45,0.95,0.43,49,38
2003-05-17 13:00:00,13,1637.8,1791.0,55.73,54.52,0.43,0.78,53.05,50.99,1.63,0.43,53,39
2003-05-17 14:00:00,14,1609.7,1747.0,55.73,54.44,0.52,0.77,49.78,45.54,3.87,0.37,56,38
2003-05-17 15:00:00,15,1725.1,1720.0,52.14,51.38,0.02,0.74,49.58,45.02,4.2,0.36,57,37
2003-05-17 16:00:00,16,1609.6,1718.0,54.51,53.24,0.49,0.78,55.32,50.17,4.7,0.45,58,38
2003-05-17 17:00:00,17,1602.1,1725.0,56.39,55.56,0.0,0.83,52.73,50.8,1.5,0.43,56,36
2003-05-17 18:00:00,18,1557.4,1725.0,58.77,57.91,0.0,0.86,49.55,49.07,0.0,0.48,56,40
2003-05-17 19:00:00,19,1586.0,1739.0,55.72,54.9,0.0,0.82,51.2,50.61,0.0,0.59,54,35
2003-05-17 20:00:00,20,1419.0,1829.0,67.57,66.57,0.0,1.0,65.86,65.17,0.0,0.69,51,32
2003-05-17 21:00:00,21,1626.3,1803.0,59.1,58.24,0.0,0.86,57.98,57.4,0.0,0.58,48,34
2003-05-17 22:00:00,22,1543.4,1679.0,53.27,51.68,0.85,0.74,51.7,51.16,0.0,0.54,45,32
2003-05-17 23:00:00,23,1346.3,1534.0,43.64,43.03,0.0,0.61,53.09,52.7,0.05,0.34,44,32
2003-05-18 00:00:00,0,1378.4,1418.0,42.24,41.64,0.0,0.6,55.29,54.21,0.8,0.28,43,30
2003-05-18 01:00:00,1,1533.6,1350.0,41.4,40.81,0.0,0.59,48.49,47.99,0.21,0.29,44,28
2003-05-18 02:00:00,2,1716.7,1319.0,40.59,40.01,0.0,0.58,43.76,43.46,0.0,0.3,44,24
2003-05-18 03:00:00,3,1758.6,1304.0,39.11,38.54,0.0,0.57,47.51,47.21,0.0,0.3,43,20
2003-05-18 04:00:00,4,1766.0,1308.0,39.12,38.55,0.0,0.57,46.77,46.44,0.0,0.33,43,20
2003-05-18 05:00:00,5,1574.9,1317.0,40.59,40.0,0.0,0.59,39.61,39.26,0.0,0.35,43,20
2003-05-18 06:00:00,6,1660.6,1366.0,46.17,45.48,-0.01,0.7,34.34,33.91,0.0,0.43,43,23
2003-05-18 07:00:00,7,1505.4,1473.0,50.99,50.35,-0.16,0.8,35.72,35.41,0.0,0.31,47,28
2003-05-18 08:00:00,8,1436.2,1601.0,52.53,51.75,-0.02,0.8,45.4,45.15,0.0,0.25,49,31
2003-05-18 09:00:00,9,1460.7,1694.0,56.9,56.07,-0.02,0.85,47.97,47.61,0.0,0.36,52,37
2003-05-18 10:00:00,10,1544.5,1730.0,59.0,58.15,-0.01,0.86,48.85,48.45,0.0,0.4,56,37
2003-05-18 11:00:00,11,1565.9,1747.0,56.9,56.08,0.01,0.81,49.29,48.85,0.0,0.44,58,37
2003-05-18 12:00:00,12,1647.4,1738.0,53.34,52.58,0.0,0.76,48.15,47.74,0.0,0.41,59,37
2003-05-18 13:00:00,13,1683.4,1708.0,52.09,51.35,0.0,0.74,46.59,46.26,0.0,0.33,64,36
2003-05-18 14:00:00,14,1670.0,1684.0,50.6,49.88,0.0,0.72,38.15,37.81,0.0,0.34,65,36
2003-05-18 15:00:00,15,1649.1,1675.0,50.02,49.31,0.0,0.71,36.62,36.27,0.0,0.35,67,36
2003-05-18 16:00:00,16,1676.9,1698.0,50.2,49.47,0.0,0.73,40.57,38.56,1.63,0.38,69,35
2003-05-18 17:00:00,17,1717.1,1728.0,51.26,50.5,0.0,0.76,43.32,42.62,0.29,0.41,68,35
2003-05-18 18:00:00,18,1718.1,1751.0,52.3,51.54,0.0,0.76,44.11,43.63,0.06,0.42,67,36
2003-05-18 19:00:00,19,1708.7,1783.0,53.81,53.03,0.0,0.78,49.89,47.88,1.54,0.47,67,37
2003-05-18 20:00:00,20,1642.3,1896.0,61.63,60.73,0.0,0.9,70.41,65.84,4.02,0.55,65,34
2003-05-18 21:00:00,21,1724.0,1847.0,52.87,52.12,0.0,0.75,45.43,44.65,0.39,0.39,62,60
2003-05-18 22:00:00,22,1513.2,1668.0,48.45,47.76,0.0,0.69,32.55,31.46,0.75,0.34,58,55
2003-05-18 23:00:00,23,1262.1,1501.0,44.49,43.88,0.0,0.61,30.44,30.15,0.0,0.29,55,44
2003-05-19 00:00:00,0,1957.6,1386.0,39.05,38.47,0.0,0.58,37.99,37.68,0.0,0.31,54,38
2003-05-19 01:00:00,1,2101.6,1328.0,36.57,36.03,0.0,0.54,44.96,44.23,0.27,0.46,53,36
2003-05-19 02:00:00,2,2350.7,1313.0,36.57,36.03,0.0,0.54,40.07,39.67,0.0,0.4,51,35
2003-05-19 03:00:00,3,2356.8,1308.0,36.02,35.48,0.0,0.54,37.44,37.04,0.0,0.4,51,38
2003-05-19 04:00:00,4,2361.6,1351.0,36.57,36.02,0.0,0.55,37.54,37.13,0.0,0.41,52,51
2003-05-19 05:00:00,5,2012.9,1480.0,42.67,42.03,0.0,0.64,41.87,41.39,0.0,0.48,53,53
2003-05-19 06:00:00,6,1725.0,1763.0,64.17,60.77,2.49,0.91,59.9,57.03,2.1,0.77,55,55
2003-05-19 07:00:00,7,1696.3,2011.0,53.88,53.11,0.0,0.77,55.92,53.91,1.29,0.72,58,40
2003-05-19 08:00:00,8,1813.8,2119.0,54.66,53.91,-0.01,0.76,59.76,57.25,1.59,0.92,63,40
2003-05-19 09:00:00,9,1758.2,2186.0,55.21,54.47,0.0,0.74,69.73,65.82,2.79,1.12,66,40
2003-05-19 10:00:00,10,1794.2,2248.0,58.39,56.72,0.89,0.78,77.99,73.43,3.32,1.24,69,41
2003-05-19 11:00:00,11,1768.9,2279.0,59.91,57.94,1.17,0.8,62.25,59.5,1.71,1.04,71,41
2003-05-19 12:00:00,12,1766.0,2292.0,55.29,54.04,0.52,0.73,69.73,66.11,2.44,1.18,73,41
2003-05-19 13:00:00,13,1746.2,2308.0,65.74,62.8,2.09,0.85,74.11,70.14,2.76,1.21,75,41
2003-05-19 14:00:00,14,1725.8,2295.0,64.48,61.73,1.91,0.84,59.71,57.26,1.45,1.0,76,42
2003-05-19 15:00:00,15,1736.8,2283.0,71.68,67.76,3.0,0.92,57.92,55.76,1.28,0.88,78,42
2003-05-19 16:00:00,16,1741.2,2277.0,72.1,67.75,3.41,0.94,60.92,58.51,1.61,0.8,78,42
2003-05-19 17:00:00,17,1735.6,2238.0,64.73,61.81,2.05,0.87,60.36,58.0,1.56,0.8,77,42
2003-05-19 18:00:00,18,1801.8,2195.0,64.46,61.54,2.05,0.87,56.23,54.31,1.13,0.79,77,43
2003-05-19 19:00:00,19,1788.2,2170.0,61.0,58.71,1.46,0.83,52.96,51.46,0.75,0.75,76,42
2003-05-19 20:00:00,20,1749.7,2236.0,68.95,65.16,2.85,0.94,95.75,89.57,4.8,1.38,73,43
2003-05-19 21:00:00,21,1733.4,2147.0,50.14,49.43,0.0,0.71,46.2,45.3,0.21,0.69,70,44
2003-05-19 22:00:00,22,1330.0,1913.0,45.02,44.39,0.0,0.63,40.24,39.6,0.0,0.64,67,45
2003-05-19 23:00:00,23,1576.5,1686.0,42.67,42.08,0.0,0.59,43.02,42.37,0.0,0.65,60,45
2003-05-20 00:00:00,0,2059.2,1539.0,39.75,39.18,0.0,0.57,43.89,43.31,0.0,0.58,60,45
2003-05-20 01:00:00,1,2454.3,1459.0,38.65,38.1,0.0,0.55,41.55,41.01,0.0,0.54,60,46
2003-05-20 02:00:00,2,2471.5,1428.0,36.88,36.35,0.0,0.53,37.12,36.66,0.0,0.46,61,46
2003-05-20 03:00:00,3,2452.1,1387.0,36.45,35.92,0.0,0.53,37.03,36.59,0.0,0.44,61,45
2003-05-20 04:00:00,4,2505.7,1443.0,36.58,36.04,0.0,0.54,38.15,36.49,1.13,0.53,62,44
2003-05-20 05:00:00,5,2174.2,1546.0,41.13,40.51,0.0,0.62,41.81,40.94,0.32,0.55,60,45
2003-05-20 06:00:00,6,1858.7,1812.0,48.5,47.8,-0.01,0.71,52.71,50.6,1.33,0.78,60,45
2003-05-20 07:00:00,7,1674.9,2051.0,52.77,52.03,-0.01,0.75,67.67,65.79,0.95,0.93,63,45
2003-05-20 08:00:00,8,1775.5,2177.0,52.12,51.42,0.0,0.7,68.17,65.1,2.16,0.91,66,45
2003-05-20 09:00:00,9,1825.5,2243.0,58.75,57.03,0.95,0.77,69.21,65.9,2.3,1.01,70,42
2003-05-20 10:00:00,10,1750.8,2304.0,59.83,57.74,1.32,0.77,53.26,51.65,0.68,0.93,73,37
2003-05-20 11:00:00,11,1810.4,2355.0,54.94,53.53,0.7,0.71,63.98,60.26,2.84,0.88,76,35
2003-05-20 12:00:00,12,1914.3,2364.0,53.0,51.9,0.4,0.7,74.52,72.94,0.3,1.28,77,36
2003-05-20 13:00:00,13,1833.8,2387.0,56.0,54.4,0.88,0.72,181.39,162.48,16.13,2.78,77,37
2003-05-20 14:00:00,14,1815.7,2374.0,55.93,54.17,1.03,0.73,266.51,250.59,11.99,3.93,78,38
2003-05-20 15:00:00,15,1827.3,2353.0,53.43,52.15,0.58,0.7,130.44,130.12,-1.57,1.89,79,41
2003-05-20 16:00:00,16,1834.2,2331.0,53.82,52.28,0.83,0.71,71.66,74.58,-3.74,0.82,80,42
2003-05-20 17:00:00,17,1904.3,2278.0,53.03,51.63,0.69,0.71,49.39,62.29,-13.58,0.68,79,36
2003-05-20 18:00:00,18,1865.5,2213.0,50.63,49.93,0.0,0.7,44.63,57.62,-13.74,0.75,75,41
2003-05-20 19:00:00,19,1844.2,2188.0,49.62,48.94,0.0,0.68,45.6,57.39,-12.58,0.79,73,40
2003-05-20 20:00:00,20,1917.0,2254.0,50.34,49.63,0.0,0.71,64.11,69.28,-6.28,1.11,69,42
2003-05-20 21:00:00,21,1706.5,2159.0,45.45,44.82,-0.01,0.64,46.73,46.0,0.0,0.73,65,43
2003-05-20 22:00:00,22,1320.6,1921.0,46.62,45.98,0.0,0.64,39.94,39.04,0.24,0.66,63,40
2003-05-20 23:00:00,23,1746.4,1702.0,38.65,38.12,0.0,0.53,41.21,40.53,0.07,0.61,60,40
2003-05-21 00:00:00,0,2494.9,1552.0,40.44,39.96,0.0,0.48,43.33,42.74,0.0,0.59,59,38
2003-05-21 01:00:00,1,2397.9,1475.0,39.72,39.25,0.0,0.47,37.71,37.23,0.0,0.48,58,36
2003-05-21 02:00:00,2,2624.2,1443.0,37.19,36.75,0.0,0.44,38.01,37.51,0.0,0.5,57,35
2003-05-21 03:00:00,3,2604.1,1415.0,36.29,35.85,0.0,0.44,36.67,36.11,0.0,0.56,57,34
2003-05-21 04:00:00,4,2622.6,1436.0,38.36,37.89,0.0,0.47,39.33,38.71,0.0,0.62,58,35
2003-05-21 05:00:00,5,2303.3,1557.0,42.46,41.93,0.0,0.53,41.23,40.69,0.0,0.54,57,36
2003-05-21 06:00:00,6,1942.8,1835.0,51.77,51.09,0.0,0.68,50.2,49.61,0.0,0.59,55,37
2003-05-21 07:00:00,7,2234.2,2072.0,55.04,53.72,0.64,0.68,52.66,52.07,0.0,0.59,56,40
2003-05-21 08:00:00,8,2292.5,2165.0,57.27,55.75,0.84,0.68,51.64,50.87,0.0,0.77,57,42
2003-05-21 09:00:00,9,2237.2,2212.0,58.6,56.94,0.98,0.68,54.37,53.5,0.0,0.87,54,50
2003-05-21 10:00:00,10,2241.5,2249.0,56.92,55.54,0.72,0.66,52.39,51.55,0.0,0.84,54,52
2003-05-21 11:00:00,11,2217.3,2267.0,56.16,54.89,0.63,0.64,52.55,51.68,0.0,0.87,54,54
2003-05-21 12:00:00,12,2186.5,2255.0,55.59,54.38,0.57,0.64,52.66,51.76,0.0,0.9,55,55
2003-05-21 13:00:00,13,2160.4,2257.0,58.0,56.51,0.83,0.66,52.21,51.34,0.0,0.87,56,56
2003-05-21 14:00:00,14,2188.0,2236.0,57.38,55.96,0.76,0.66,45.62,44.89,0.0,0.73,56,56
2003-05-21 15:00:00,15,2158.7,2214.0,56.39,55.08,0.66,0.65,48.9,48.13,0.0,0.77,57,57
2003-05-21 16:00:00,16,2173.7,2235.0,55.8,54.52,0.61,0.67,49.97,49.31,0.0,0.66,58,56
2003-05-21 17:00:00,17,2275.9,2228.0,55.71,54.45,0.59,0.67,53.76,53.04,0.0,0.72,58,56
2003-05-21 18:00:00,18,2221.5,2197.0,55.64,54.23,0.73,0.68,51.25,50.54,0.0,0.71,57,56
2003-05-21 19:00:00,19,2193.6,2173.0,54.58,53.28,0.64,0.66,50.87,50.14,0.0,0.73,54,50
2003-05-21 20:00:00,20,2201.4,2191.0,57.51,55.78,1.01,0.72,50.91,50.19,0.0,0.72,54,50
2003-05-21 21:00:00,21,2119.3,2066.0,54.0,52.68,0.66,0.66,41.93,41.35,0.0,0.58,53,50
2003-05-21 22:00:00,22,1800.4,1873.0,47.51,46.93,0.0,0.58,34.11,33.67,0.0,0.44,53,49
2003-05-21 23:00:00,23,1862.7,1664.0,40.84,40.34,0.0,0.5,25.27,25.01,0.0,0.26,51,49
2003-05-22 00:00:00,0,2133.0,1525.0,39.5,38.99,0.0,0.51,41.02,40.56,0.0,0.46,52,47
2003-05-22 01:00:00,1,2305.0,1453.0,36.44,35.95,0.0,0.49,33.39,33.03,0.0,0.36,52,46
2003-05-22 02:00:00,2,2262.0,1431.0,34.89,34.42,0.0,0.47,32.0,31.6,0.0,0.4,52,46
2003-05-22 03:00:00,3,2371.5,1405.0,33.99,33.53,0.0,0.46,31.67,31.24,0.0,0.43,52,46
2003-05-22 04:00:00,4,2293.1,1429.0,34.89,34.41,0.0,0.48,34.18,33.75,0.0,0.43,52,46
2003-05-22 05:00:00,5,1982.3,1573.0,40.65,40.09,0.0,0.56,48.99,48.61,0.0,0.38,52,45
2003-05-22 06:00:00,6,1763.3,1840.0,51.04,50.3,0.0,0.74,69.92,69.45,0.0,0.47,52,45
2003-05-22 07:00:00,7,2045.5,2048.0,53.0,52.21,0.04,0.75,76.4,75.81,0.0,0.59,51,45
2003-05-22 08:00:00,8,1998.5,2152.0,55.71,54.28,0.68,0.75,65.28,64.56,0.0,0.72,51,43
2003-05-22 09:00:00,9,1919.6,2187.0,59.79,57.85,1.15,0.79,52.68,51.98,0.0,0.7,51,41
2003-05-22 10:00:00,10,2043.7,2219.0,55.38,54.1,0.56,0.72,52.69,51.95,0.0,0.74,52,41
2003-05-22 11:00:00,11,2195.6,2226.0,53.05,52.22,0.13,0.7,49.45,48.75,0.0,0.7,52,42
2003-05-22 12:00:00,12,2184.3,2215.0,52.47,51.72,0.06,0.69,48.88,48.18,0.0,0.7,53,42
2003-05-22 13:00:00,13,2176.4,2210.0,53.41,52.56,0.15,0.7,51.96,51.25,0.0,0.71,52,42
2003-05-22 14:00:00,14,2151.9,2179.0,54.88,53.81,0.36,0.71,53.59,52.85,0.0,0.74,52,43
2003-05-22 15:00:00,15,2124.3,2156.0,51.84,51.16,0.01,0.67,54.78,54.11,0.0,0.67,52,42
2003-05-22 16:00:00,16,2108.5,2168.0,51.83,51.13,0.01,0.69,58.93,58.26,0.0,0.67,50,42
2003-05-22 17:00:00,17,2080.0,2163.0,50.45,49.78,0.0,0.67,60.29,59.64,0.0,0.65,48,45
2003-05-22 18:00:00,18,2066.5,2155.0,50.3,49.62,-0.01,0.69,51.77,51.18,0.0,0.59,47,47
2003-05-22 19:00:00,19,2084.2,2151.0,50.28,49.59,-0.01,0.7,50.72,50.09,0.0,0.63,47,47
2003-05-22 20:00:00,20,2134.7,2184.0,51.83,51.09,0.01,0.73,55.48,54.72,0.0,0.76,46,46
2003-05-22 21:00:00,21,2037.1,2078.0,48.39,47.72,0.0,0.67,53.6,52.87,0.0,0.73,46,46
2003-05-22 22:00:00,22,1731.8,1865.0,41.23,40.66,0.0,0.57,35.32,34.96,0.0,0.36,46,45
2003-05-22 23:00:00,23,1832.9,1667.0,39.0,38.47,0.0,0.53,24.72,24.45,0.0,0.27,46,46
2003-05-23 00:00:00,0,1665.0,1535.0,38.19,37.67,0.0,0.52,26.23,25.91,0.0,0.32,45,45
2003-05-23 01:00:00,1,1853.6,1465.0,34.98,34.54,0.0,0.44,18.67,18.45,0.0,0.22,46,46
2003-05-23 02:00:00,2,2062.0,1447.0,32.82,32.4,0.0,0.42,1.44,1.42,0.0,0.02,46,46
2003-05-23 03:00:00,3,2170.5,1419.0,31.92,31.5,0.0,0.42,0.0,0.0,0.0,0.0,46,46
2003-05-23 04:00:00,4,2089.5,1449.0,32.98,32.55,0.0,0.43,25.0,24.7,0.0,0.3,46,46
2003-05-23 05:00:00,5,1727.1,1579.0,38.66,38.1,0.0,0.56,40.78,40.4,0.0,0.38,46,46
2003-05-23 06:00:00,6,1618.2,1835.0,51.22,50.47,0.0,0.75,54.06,53.57,0.0,0.49,46,46
2003-05-23 07:00:00,7,1638.8,2083.0,54.97,54.19,0.0,0.78,71.65,70.84,0.0,0.81,46,46
2003-05-23 08:00:00,8,1625.1,2176.0,56.35,54.65,0.94,0.76,58.2,57.46,0.0,0.74,46,46
2003-05-23 09:00:00,9,1733.2,2220.0,56.74,54.9,1.08,0.76,59.5,58.56,0.0,0.94,46,46
2003-05-23 10:00:00,10,1719.4,2238.0,58.8,56.74,1.3,0.76,70.26,69.1,0.0,1.16,47,47
2003-05-23 11:00:00,11,1723.7,2239.0,56.41,54.74,0.94,0.73,55.95,54.98,0.0,0.97,47,47
2003-05-23 12:00:00,12,1698.1,2216.0,58.0,55.41,1.85,0.74,48.04,47.15,0.0,0.89,48,48
2003-05-23 13:00:00,13,1733.2,2200.0,55.46,53.33,1.42,0.71,51.99,51.04,0.0,0.95,49,49
2003-05-23 14:00:00,14,1774.5,2163.0,52.77,51.02,1.08,0.67,47.7,46.87,0.0,0.83,49,49
2003-05-23 15:00:00,15,1648.7,2132.0,53.01,51.14,1.18,0.69,50.57,49.71,0.0,0.86,49,49
2003-05-23 16:00:00,16,1612.5,2123.0,52.38,51.27,0.41,0.7,50.94,50.11,0.0,0.83,48,48
2003-05-23 17:00:00,17,1725.9,2112.0,50.29,49.6,0.0,0.69,49.77,49.04,0.0,0.73,48,48
2003-05-23 18:00:00,18,1970.2,2101.0,49.78,49.07,0.0,0.71,47.9,47.18,0.0,0.72,47,47
2003-05-23 19:00:00,19,1699.1,2082.0,46.94,46.27,0.0,0.67,45.42,44.78,0.0,0.64,47,47
2003-05-23 20:00:00,20,1742.7,2086.0,48.43,47.74,-0.01,0.7,48.31,47.61,0.0,0.7,47,47
2003-05-23 21:00:00,21,1628.5,1989.0,45.86,45.2,0.0,0.66,34.01,33.54,0.0,0.47,47,47
2003-05-23 22:00:00,22,1657.2,1817.0,38.33,37.8,0.0,0.53,31.19,30.84,0.0,0.35,46,46
2003-05-23 23:00:00,23,2133.6,1629.0,35.91,35.41,0.0,0.5,28.45,28.2,0.0,0.25,45,45
2003-05-24 00:00:00,0,1785.7,1500.0,35.74,35.18,0.01,0.55,33.23,32.91,0.0,0.32,44,44
2003-05-24 01:00:00,1,1920.9,1426.0,32.33,31.81,0.0,0.52,37.31,36.94,0.0,0.37,44,44
2003-05-24 02:00:00,2,2160.2,1386.0,30.91,30.41,0.0,0.5,32.12,31.78,0.0,0.34,44,44
2003-05-24 03:00:00,3,2125.0,1362.0,29.03,28.56,0.0,0.47,28.79,28.5,0.0,0.29,44,44
2003-05-24 04:00:00,4,2139.7,1360.0,29.97,29.48,0.0,0.49,23.32,23.1,0.0,0.22,43,43
2003-05-24 05:00:00,5,1966.2,1381.0,32.33,31.8,0.0,0.53,28.6,28.31,0.0,0.29,43,43
2003-05-24 06:00:00,6,1479.3,1443.0,36.77,36.15,0.0,0.62,27.16,26.9,0.0,0.26,43,43
2003-05-24 07:00:00,7,1495.2,1576.0,40.44,39.76,0.0,0.68,34.46,34.18,0.0,0.28,43,43
2003-05-24 08:00:00,8,1643.0,1737.0,46.06,45.29,0.0,0.77,48.36,47.98,0.0,0.38,43,43
2003-05-24 09:00:00,9,1723.6,1862.0,51.0,50.16,0.0,0.84,51.17,50.82,0.0,0.35,43,43
2003-05-24 10:00:00,10,1768.8,1928.0,53.36,50.55,1.99,0.82,53.99,53.55,0.0,0.44,43,43
2003-05-24 11:00:00,11,1791.2,1938.0,50.8,48.51,1.51,0.78,51.28,50.78,0.0,0.5,44,44
2003-05-24 12:00:00,12,1776.6,1920.0,49.03,47.1,1.18,0.75,47.26,46.86,0.0,0.4,44,44
2003-05-24 13:00:00,13,1741.7,1874.0,45.73,44.29,0.73,0.71,50.4,49.9,0.0,0.5,45,45
2003-05-24 14:00:00,14,1683.7,1836.0,47.74,45.89,1.12,0.73,48.35,47.99,0.0,0.36,45,45
2003-05-24 15:00:00,15,1665.6,1811.0,46.05,44.5,0.84,0.71,46.63,46.24,0.0,0.39,46,46
2003-05-24 16:00:00,16,1664.9,1817.0,43.36,42.67,0.0,0.69,48.74,48.28,0.0,0.46,46,46
2003-05-24 17:00:00,17,1657.0,1841.0,42.99,42.3,0.0,0.69,48.81,48.37,0.0,0.44,46,46
2003-05-24 18:00:00,18,1644.7,1860.0,42.69,41.99,0.0,0.7,48.93,48.48,0.0,0.45,45,45
2003-05-24 19:00:00,19,1641.4,1864.0,45.81,44.48,0.6,0.73,42.76,42.42,0.0,0.34,45,45
2003-05-24 20:00:00,20,1676.6,1896.0,48.77,46.93,1.06,0.78,48.38,48.08,0.0,0.3,45,45
2003-05-24 21:00:00,21,1667.2,1831.0,42.69,41.99,0.0,0.7,45.39,45.09,0.0,0.3,45,45
2003-05-24 22:00:00,22,1548.1,1701.0,36.86,36.28,0.0,0.58,33.67,33.42,0.0,0.25,44,44
2003-05-24 23:00:00,23,1669.6,1555.0,34.98,34.42,0.0,0.56,39.0,38.72,0.0,0.28,44,44
2003-05-25 00:00:00,0,1284.1,1439.0,33.95,33.46,0.0,0.49,29.88,29.65,0.0,0.23,44,44
2003-05-25 01:00:00,1,1620.3,1368.0,31.39,30.92,0.0,0.47,25.95,25.7,0.0,0.25,45,45
2003-05-25 02:00:00,2,1794.4,1326.0,27.99,27.57,0.0,0.42,22.46,22.19,0.0,0.27,44,44
2003-05-25 03:00:00,3,1828.1,1299.0,28.7,28.27,0.0,0.43,9.64,9.52,0.0,0.12,45,45
2003-05-25 04:00:00,4,1831.6,1296.0,27.99,27.56,0.0,0.43,0.0,0.0,0.0,0.0,45,45
2003-05-25 05:00:00,5,1660.9,1298.0,30.29,29.82,0.0,0.47,0.0,0.0,0.0,0.0,45,45
2003-05-25 06:00:00,6,1301.9,1336.0,31.9,31.4,0.0,0.5,0.0,0.0,0.0,0.0,46,45
2003-05-25 07:00:00,7,1404.0,1439.0,36.9,36.3,0.0,0.6,27.47,27.26,0.0,0.21,47,46
2003-05-25 08:00:00,8,1546.2,1572.0,42.41,41.73,0.0,0.68,38.83,38.64,0.0,0.19,48,47
2003-05-25 09:00:00,9,1659.6,1686.0,44.69,43.99,0.0,0.7,41.41,41.14,0.0,0.27,49,47
2003-05-25 10:00:00,10,1723.4,1750.0,46.22,44.92,0.61,0.69,42.33,41.99,0.0,0.34,50,49
2003-05-25 11:00:00,11,1760.5,1776.0,46.19,44.88,0.64,0.67,48.0,47.59,0.0,0.41,52,50
2003-05-25 12:00:00,12,1763.0,1763.0,47.27,45.76,0.83,0.68,47.75,47.34,0.0,0.41,52,51
2003-05-25 13:00:00,13,1722.6,1733.0,46.02,44.48,0.88,0.66,42.92,42.58,0.0,0.34,52,50
2003-05-25 14:00:00,14,1712.9,1699.0,46.38,44.79,0.94,0.65,39.63,39.37,0.0,0.26,53,50
2003-05-25 15:00:00,15,1689.0,1678.0,46.02,44.47,0.89,0.66,32.55,32.32,0.0,0.23,53,50
2003-05-25 16:00:00,16,1673.4,1680.0,46.11,44.72,0.73,0.66,39.22,39.01,0.0,0.21,54,51
2003-05-25 17:00:00,17,1687.0,1698.0,46.11,44.68,0.75,0.68,35.46,35.22,0.0,0.24,55,51
2003-05-25 18:00:00,18,1705.4,1712.0,46.16,44.79,0.69,0.68,36.87,36.59,0.0,0.28,55,51
2003-05-25 19:00:00,19,1766.4,1730.0,46.53,45.09,0.75,0.69,38.27,37.99,0.0,0.28,55,52
2003-05-25 20:00:00,20,1854.2,1792.0,52.46,49.97,1.73,0.76,41.89,41.59,0.0,0.3,54,51
2003-05-25 21:00:00,21,1796.2,1751.0,46.77,45.3,0.78,0.69,42.17,41.86,0.0,0.31,53,52
2003-05-25 22:00:00,22,1653.9,1622.0,36.9,36.35,0.0,0.55,27.58,27.4,0.0,0.18,52,51
2003-05-25 23:00:00,23,1383.1,1477.0,35.09,34.58,0.0,0.51,27.37,27.22,0.0,0.15,51,51
2003-05-26 00:00:00,0,1543.0,1361.0,25.2,24.82,0.0,0.38,20.86,20.76,0.0,0.1,51,50
2003-05-26 01:00:00,1,1698.9,1290.0,23.57,23.21,0.0,0.36,22.79,22.67,0.0,0.12,50,50
2003-05-26 02:00:00,2,2057.3,1256.0,20.96,20.64,0.0,0.32,8.78,8.73,0.0,0.05,50,50
2003-05-26 03:00:00,3,2081.8,1235.0,20.16,19.85,0.0,0.31,0.0,0.0,0.0,0.0,49,49
2003-05-26 04:00:00,4,2061.9,1237.0,22.22,21.89,0.0,0.33,0.0,0.0,0.0,0.0,49,49
2003-05-26 05:00:00,5,1870.1,1259.0,23.57,23.21,0.0,0.36,0.0,0.0,0.0,0.0,49,49
2003-05-26 06:00:00,6,1327.9,1304.0,27.66,27.23,0.0,0.43,0.0,0.0,0.0,0.0,49,49
2003-05-26 07:00:00,7,1465.9,1418.0,40.45,39.8,0.0,0.65,18.58,18.46,0.0,0.12,49,49
2003-05-26 08:00:00,8,1615.8,1577.0,43.87,43.16,0.0,0.71,49.01,48.76,0.0,0.25,49,49
2003-05-26 09:00:00,9,1711.6,1730.0,46.87,46.14,0.0,0.73,47.54,47.3,0.0,0.24,50,50
2003-05-26 10:00:00,10,1779.1,1843.0,46.58,45.85,0.01,0.72,52.62,52.25,0.0,0.37,50,50
2003-05-26 11:00:00,11,1807.1,1908.0,46.28,44.91,0.69,0.68,56.65,56.26,0.0,0.39,50,50
2003-05-26 12:00:00,12,1814.6,1914.0,46.88,45.41,0.79,0.68,52.59,52.15,0.0,0.44,50,50
2003-05-26 13:00:00,13,1781.7,1875.0,46.1,44.61,0.82,0.67,53.25,52.82,0.0,0.43,50,50
2003-05-26 14:00:00,14,1763.0,1842.0,45.21,43.84,0.72,0.65,50.4,49.94,0.0,0.46,49,49
2003-05-26 15:00:00,15,1728.4,1852.0,45.28,44.01,0.61,0.66,47.68,47.22,0.0,0.46,48,48
2003-05-26 16:00:00,16,1741.7,1905.0,45.35,44.17,0.52,0.66,50.93,50.42,0.0,0.51,48,47
2003-05-26 17:00:00,17,1738.0,1938.0,45.35,44.16,0.53,0.66,55.73,55.24,0.0,0.49,47,47
2003-05-26 18:00:00,18,1744.5,1915.0,45.38,44.23,0.49,0.66,54.5,54.05,0.0,0.45,47,47
2003-05-26 19:00:00,19,1766.0,1911.0,45.27,44.14,0.46,0.67,52.72,52.27,0.0,0.45,47,46
2003-05-26 20:00:00,20,1834.7,1924.0,46.0,45.3,0.01,0.69,52.54,52.1,0.0,0.44,46,46
2003-05-26 21:00:00,21,1760.1,1824.0,42.16,41.54,0.0,0.62,38.41,38.07,0.0,0.34,46,46
2003-05-26 22:00:00,22,1580.9,1647.0,37.03,36.49,0.0,0.54,31.64,31.38,0.0,0.26,45,45
2003-05-26 23:00:00,23,1387.9,1484.0,30.66,30.21,0.0,0.45,28.29,28.13,0.0,0.16,45,45
2003-05-27 00:00:00,0,1567.7,1367.0,25.89,25.51,0.01,0.37,24.22,24.05,0.0,0.17,45,45
2003-05-27 01:00:00,1,1723.9,1309.0,23.38,23.04,0.01,0.33,21.16,20.99,0.0,0.17,45,45
2003-05-27 02:00:00,2,1674.5,1287.0,21.87,21.55,0.0,0.32,19.92,19.71,0.0,0.21,46,46
2003-05-27 03:00:00,3,1703.1,1277.0,20.68,20.38,0.0,0.3,23.95,23.67,0.0,0.28,47,47
2003-05-27 04:00:00,4,1690.3,1314.0,23.12,22.79,0.0,0.33,18.56,18.3,0.0,0.26,47,47
2003-05-27 05:00:00,5,1355.8,1457.0,30.0,29.56,0.0,0.44,23.27,22.93,0.0,0.34,47,47
2003-05-27 06:00:00,6,1645.2,1757.0,40.0,39.41,0.0,0.59,34.99,34.43,0.0,0.56,48,48
2003-05-27 07:00:00,7,1877.8,2025.0,50.02,49.29,0.0,0.73,48.58,47.85,0.0,0.73,49,49
2003-05-27 08:00:00,8,1837.1,2132.0,52.97,52.2,0.02,0.75,46.72,45.98,0.0,0.74,50,49
2003-05-27 09:00:00,9,1869.3,2182.0,54.6,53.81,0.04,0.75,47.82,47.01,0.0,0.81,51,49
2003-05-27 10:00:00,10,1914.8,2220.0,54.6,53.82,0.04,0.74,49.28,48.42,0.0,0.86,52,50
2003-05-27 11:00:00,11,1995.8,2247.0,50.4,49.72,0.0,0.68,52.91,51.98,0.0,0.93,53,50
2003-05-27 12:00:00,12,2042.9,2231.0,50.14,49.46,0.0,0.68,48.5,47.75,0.0,0.75,55,50
2003-05-27 13:00:00,13,2115.9,2224.0,49.61,48.94,0.0,0.67,50.29,49.47,0.0,0.82,55,50
2003-05-27 14:00:00,14,2094.2,2193.0,48.0,47.35,0.0,0.65,50.43,49.61,0.0,0.82,57,50
2003-05-27 15:00:00,15,2065.7,2170.0,49.07,48.41,0.0,0.66,48.97,48.22,0.0,0.75,59,51
2003-05-27 16:00:00,16,2046.8,2163.0,50.02,49.33,0.0,0.69,47.52,46.78,0.0,0.74,61,50
2003-05-27 17:00:00,17,2028.7,2143.0,49.07,48.39,0.0,0.68,43.51,42.86,0.0,0.65,61,50
2003-05-27 18:00:00,18,2016.0,2107.0,50.02,49.32,0.0,0.7,44.34,43.67,0.0,0.67,61,50
2003-05-27 19:00:00,19,2022.6,2111.0,48.07,47.39,0.0,0.68,52.97,52.08,0.0,0.89,60,51
2003-05-27 20:00:00,20,2084.6,2183.0,50.02,49.31,0.0,0.71,60.44,59.45,0.0,0.99,58,51
2003-05-27 21:00:00,21,1990.3,2099.0,45.74,45.1,0.0,0.64,51.75,50.94,0.0,0.81,57,52
2003-05-27 22:00:00,22,1678.8,1877.0,40.07,39.51,0.0,0.56,44.56,43.99,0.0,0.57,56,52
2003-05-27 23:00:00,23,1497.4,1667.0,35.44,34.94,0.0,0.5,29.88,29.59,0.0,0.29,54,52
2003-05-28 00:00:00,0,1713.7,1529.0,33.09,32.63,0.03,0.43,27.8,27.51,0.0,0.29,54,52
2003-05-28 01:00:00,1,1845.8,1461.0,32.26,31.81,0.03,0.42,29.7,29.36,0.0,0.34,54,52
2003-05-28 02:00:00,2,1910.8,1428.0,31.45,31.01,0.03,0.41,30.1,29.72,0.0,0.38,53,51
2003-05-28 03:00:00,3,1895.2,1412.0,30.01,29.59,0.03,0.39,32.7,32.27,0.0,0.43,53,52
2003-05-28 04:00:00,4,1920.8,1439.0,30.99,30.57,0.01,0.41,35.87,35.39,0.0,0.48,53,52
2003-05-28 05:00:00,5,1737.5,1562.0,36.01,35.53,0.0,0.48,35.72,35.37,0.0,0.35,52,52
2003-05-28 06:00:00,6,1683.3,1840.0,46.82,46.19,0.0,0.63,59.56,59.09,0.0,0.47,53,53
2003-05-28 07:00:00,7,1790.9,2083.0,51.01,50.34,0.0,0.67,57.37,57.09,0.0,0.28,53,53
2003-05-28 08:00:00,8,1856.3,2174.0,52.52,51.85,0.0,0.67,63.29,62.88,0.0,0.41,53,53
2003-05-28 09:00:00,9,1855.8,2216.0,54.18,53.49,0.0,0.69,62.2,61.75,0.0,0.45,55,54
2003-05-28 10:00:00,10,1819.0,2266.0,57.8,56.22,0.86,0.72,68.07,67.59,0.0,0.48,57,55
2003-05-28 11:00:00,11,1834.0,2268.0,55.41,53.95,0.78,0.68,65.31,64.87,0.0,0.44,58,55
2003-05-28 12:00:00,12,1833.0,2260.0,52.44,51.73,0.05,0.66,56.83,56.24,0.0,0.59,60,54
2003-05-28 13:00:00,13,1834.2,2264.0,52.07,51.4,0.03,0.64,52.56,51.8,0.0,0.76,61,51
2003-05-28 14:00:00,14,1810.8,2233.0,52.87,51.68,0.54,0.65,51.89,51.19,0.0,0.7,61,52
2003-05-28 15:00:00,15,1881.0,2213.0,52.47,51.39,0.43,0.65,55.52,54.75,0.0,0.77,63,51
2003-05-28 16:00:00,16,1901.1,2219.0,55.61,53.58,1.34,0.69,56.59,55.92,0.0,0.67,62,52
2003-05-28 17:00:00,17,1873.5,2196.0,51.81,51.14,0.0,0.67,55.53,54.9,0.0,0.63,56,52
2003-05-28 18:00:00,18,1852.7,2149.0,50.63,49.99,0.0,0.64,52.25,51.67,0.0,0.58,57,54
2003-05-28 19:00:00,19,1989.6,2140.0,49.93,49.28,0.0,0.65,51.14,50.57,0.0,0.57,57,55
2003-05-28 20:00:00,20,1909.0,2183.0,51.01,50.35,0.0,0.66,54.83,54.11,0.0,0.72,56,53
2003-05-28 21:00:00,21,1954.3,2097.0,47.14,46.53,0.0,0.61,48.22,47.69,0.0,0.53,54,52
2003-05-28 22:00:00,22,1758.6,1881.0,41.24,40.69,0.02,0.53,51.51,51.01,0.0,0.5,53,51
2003-05-28 23:00:00,23,1564.1,1676.0,37.3,36.82,0.0,0.48,49.26,48.73,0.0,0.53,52,51
2003-05-29 00:00:00,0,1632.1,1535.0,36.89,36.4,0.01,0.48,48.03,47.48,0.0,0.55,52,51
2003-05-29 01:00:00,1,1801.7,1459.0,36.89,36.38,0.01,0.5,64.7,63.94,0.0,0.76,53,52
2003-05-29 02:00:00,2,2000.8,1427.0,36.89,36.37,0.01,0.51,48.95,48.35,0.0,0.6,52,51
2003-05-29 03:00:00,3,2064.0,1411.0,34.24,33.76,0.0,0.48,40.64,40.23,0.0,0.41,52,52
2003-05-29 04:00:00,4,2087.3,1434.0,34.82,34.34,0.0,0.48,41.86,41.44,0.0,0.42,52,51
2003-05-29 05:00:00,5,1515.8,1550.0,36.89,36.39,0.0,0.5,35.87,35.49,0.0,0.38,51,51
2003-05-29 06:00:00,6,1750.4,1829.0,43.97,43.37,0.0,0.6,44.41,43.94,0.0,0.47,52,51
2003-05-29 07:00:00,7,1937.3,2067.0,49.08,48.44,0.0,0.64,45.88,45.36,0.0,0.52,53,51
2003-05-29 08:00:00,8,1897.8,2160.0,53.75,53.06,0.0,0.69,49.91,49.29,0.0,0.62,54,52
2003-05-29 09:00:00,9,1943.9,2200.0,55.0,54.3,0.0,0.7,52.78,52.12,0.0,0.66,58,52
2003-05-29 10:00:00,10,1940.9,2242.0,56.03,55.32,0.0,0.71,53.97,53.28,0.0,0.69,59,52
2003-05-29 11:00:00,11,1962.1,2263.0,55.51,54.81,0.0,0.7,55.0,54.36,0.0,0.64,64,53
2003-05-29 12:00:00,12,1959.2,2251.0,54.44,53.76,0.0,0.68,52.98,52.28,0.0,0.7,65,52
2003-05-29 13:00:00,13,1971.9,2262.0,54.0,53.32,0.01,0.67,52.94,52.25,0.0,0.69,67,52
2003-05-29 14:00:00,14,1930.5,2244.0,55.04,54.36,0.0,0.68,58.59,57.9,0.0,0.69,65,58
2003-05-29 15:00:00,15,1916.0,2221.0,52.85,52.18,0.0,0.67,55.76,55.09,0.0,0.67,68,53
2003-05-29 16:00:00,16,1902.4,2215.0,53.1,52.43,0.0,0.67,57.47,56.89,0.0,0.58,68,52
2003-05-29 17:00:00,17,2029.5,2179.0,52.85,52.17,0.0,0.68,51.84,51.32,0.0,0.52,69,53
2003-05-29 18:00:00,18,2000.9,2141.0,50.96,50.31,0.0,0.65,47.5,47.04,0.0,0.46,67,51
2003-05-29 19:00:00,19,2016.5,2128.0,50.95,50.29,0.0,0.66,51.33,50.76,0.0,0.57,62,56
2003-05-29 20:00:00,20,2062.9,2194.0,52.85,52.16,0.0,0.69,77.45,76.56,0.0,0.89,59,56
2003-05-29 21:00:00,21,2003.2,2134.0,45.13,44.54,0.0,0.59,49.26,48.71,0.0,0.55,58,56
2003-05-29 22:00:00,22,1758.5,1918.0,44.39,43.81,0.0,0.58,42.27,41.8,0.0,0.47,58,55
2003-05-29 23:00:00,23,1577.3,1700.0,44.83,44.23,0.02,0.58,36.28,35.93,0.0,0.35,56,54
2003-05-30 00:00:00,0,1456.7,1547.0,38.01,37.54,0.0,0.47,36.39,36.02,0.0,0.37,55,54
2003-05-30 01:00:00,1,1390.1,1467.0,36.31,35.86,0.0,0.45,34.77,34.41,0.0,0.36,54,53
2003-05-30 02:00:00,2,1610.6,1432.0,36.48,36.0,0.0,0.48,33.73,33.31,0.0,0.42,54,52
2003-05-30 03:00:00,3,1841.8,1411.0,35.54,35.07,0.0,0.47,39.17,38.66,0.0,0.51,55,52
2003-05-30 04:00:00,4,1809.0,1430.0,35.78,35.31,0.0,0.47,36.53,36.07,0.0,0.46,55,52
2003-05-30 05:00:00,5,1474.1,1543.0,36.72,36.25,0.0,0.47,39.9,39.38,0.0,0.52,55,53
2003-05-30 06:00:00,6,1683.3,1814.0,50.66,50.0,0.0,0.66,47.4,46.84,0.0,0.56,57,53
2003-05-30 07:00:00,7,1903.5,2057.0,49.01,48.39,0.0,0.62,47.85,47.25,0.0,0.6,57,53
2003-05-30 08:00:00,8,1864.1,2162.0,54.43,53.04,0.73,0.66,52.32,51.66,0.0,0.66,59,53
2003-05-30 09:00:00,9,1963.0,2219.0,54.57,53.01,0.9,0.66,51.76,51.04,0.0,0.72,62,54
2003-05-30 10:00:00,10,1964.6,2263.0,55.09,53.51,0.92,0.66,49.99,49.31,0.0,0.68,66,54
2003-05-30 11:00:00,11,1984.9,2289.0,55.07,53.47,0.94,0.66,51.88,51.13,0.0,0.75,67,53
2003-05-30 12:00:00,12,1987.0,2280.0,55.85,54.17,1.02,0.66,50.25,49.49,0.0,0.76,68,53
2003-05-30 13:00:00,13,1987.7,2287.0,59.64,57.37,1.57,0.7,50.03,49.27,0.0,0.76,69,53
2003-05-30 14:00:00,14,1969.1,2266.0,54.48,53.15,0.69,0.64,44.68,44.03,0.0,0.65,70,52
2003-05-30 15:00:00,15,2008.2,2234.0,54.54,53.2,0.69,0.65,46.05,45.41,0.0,0.64,72,51
2003-05-30 16:00:00,16,2030.5,2213.0,55.15,53.57,0.92,0.66,51.63,50.92,0.0,0.71,73,52
2003-05-30 17:00:00,17,1988.5,2147.0,55.0,53.38,0.94,0.68,47.9,47.28,0.0,0.62,73,52
2003-05-30 18:00:00,18,1969.3,2085.0,50.0,49.37,0.0,0.63,42.61,42.1,0.0,0.51,73,51
2003-05-30 19:00:00,19,1970.1,2043.0,49.91,49.28,0.0,0.63,41.79,41.31,0.0,0.48,72,49
2003-05-30 20:00:00,20,2038.1,2086.0,50.53,49.88,0.0,0.65,47.27,46.71,0.0,0.56,68,52
2003-05-30 21:00:00,21,1920.4,2053.0,49.18,48.56,0.0,0.62,50.67,50.03,0.0,0.64,65,50
2003-05-30 22:00:00,22,1723.6,1876.0,54.4,51.86,1.89,0.65,51.85,51.37,0.0,0.48,61,51
2003-05-30 23:00:00,23,1582.5,1673.0,46.2,45.6,0.03,0.57,51.93,51.49,0.0,0.44,58,52
2003-05-31 00:00:00,0,1372.7,1518.0,36.5,36.04,0.0,0.46,49.61,48.62,0.53,0.46,58,52
2003-05-31 01:00:00,1,1523.8,1434.0,33.19,32.77,0.0,0.42,38.71,38.35,0.0,0.36,57,51
2003-05-31 02:00:00,2,1734.2,1383.0,31.52,31.1,0.0,0.42,33.49,33.18,0.0,0.31,56,51
2003-05-31 03:00:00,3,1698.8,1351.0,28.76,28.38,0.0,0.38,37.93,37.58,0.0,0.35,54,51
2003-05-31 04:00:00,4,1685.7,1347.0,29.65,29.25,0.0,0.4,32.83,32.54,0.0,0.29,52,50
2003-05-31 05:00:00,5,1724.8,1360.0,30.84,30.43,0.0,0.41,33.04,32.72,0.0,0.32,53,50
2003-05-31 06:00:00,6,1542.8,1437.0,40.48,39.94,0.0,0.54,42.4,41.95,0.0,0.45,54,50
2003-05-31 07:00:00,7,1444.8,1586.0,44.0,43.42,0.0,0.58,45.04,44.41,0.0,0.63,58,49
2003-05-31 08:00:00,8,1651.9,1750.0,50.18,49.51,0.01,0.66,55.8,55.14,0.0,0.66,58,49
2003-05-31 09:00:00,9,1501.4,1854.0,53.82,53.0,0.12,0.7,66.15,65.45,0.0,0.7,59,49
2003-05-31 10:00:00,10,1497.1,1903.0,55.01,54.14,0.18,0.69,56.74,56.2,0.0,0.54,61,50
2003-05-31 11:00:00,11,1507.9,1913.0,55.56,54.68,0.19,0.69,50.34,49.83,0.0,0.51,63,50
2003-05-31 12:00:00,12,1511.5,1899.0,51.37,50.68,0.05,0.64,42.59,42.09,0.0,0.5,63,50
2003-05-31 13:00:00,13,1547.7,1879.0,54.0,52.34,1.0,0.66,48.23,47.65,0.0,0.58,64,50
2003-05-31 14:00:00,14,1761.3,1854.0,50.54,49.89,0.02,0.63,52.55,51.91,0.0,0.64,64,52
2003-05-31 15:00:00,15,1740.3,1840.0,49.59,48.96,0.0,0.63,44.29,43.81,0.0,0.48,64,54
2003-05-31 16:00:00,16,1725.4,1846.0,50.67,50.0,0.02,0.65,43.24,42.81,0.0,0.43,64,58
2003-05-31 17:00:00,17,1547.4,1868.0,51.8,51.08,0.05,0.67,52.37,51.8,0.0,0.57,63,57
2003-05-31 18:00:00,18,1510.8,1866.0,51.4,50.73,0.0,0.67,57.22,56.63,0.0,0.59,63,58
2003-05-31 19:00:00,19,1519.5,1884.0,51.96,51.28,0.0,0.68,95.41,94.51,0.0,0.9,61,59
2003-05-31 20:00:00,20,1492.9,1909.0,55.67,55.11,-0.19,0.75,153.42,152.11,0.0,1.31,60,59
2003-05-31 21:00:00,21,1539.6,1847.0,51.32,50.65,0.0,0.67,55.34,54.83,0.0,0.51,59,59
2003-05-31 22:00:00,22,1660.6,1720.0,43.88,43.3,0.01,0.57,44.77,44.38,0.0,0.39,58,58
2003-05-31 23:00:00,23,1405.3,1563.0,41.49,40.96,0.0,0.53,41.16,40.86,0.0,0.3,58,58
2003-06-01 00:00:00,0,1921.4,1445.0,45.42,44.8,0.0,0.62,47.7,47.28,0.0,0.42,56,56
2003-06-01 01:00:00,1,2031.8,1371.0,40.71,40.14,0.0,0.57,47.8,47.3,0.0,0.5,57,57
2003-06-01 02:00:00,2,1827.0,1322.0,40.21,39.64,0.0,0.57,60.82,60.16,0.0,0.66,57,57
2003-06-01 03:00:00,3,1738.9,1297.0,38.74,37.68,0.53,0.53,44.91,44.45,0.0,0.46,57,57
2003-06-01 04:00:00,4,1807.2,1293.0,38.55,38.01,0.0,0.54,38.55,38.16,0.0,0.39,56,56
2003-06-01 05:00:00,5,1733.3,1304.0,38.55,38.01,0.0,0.54,40.46,39.91,0.0,0.55,56,56
2003-06-01 06:00:00,6,1796.1,1330.0,40.71,40.13,0.0,0.58,29.97,29.56,0.0,0.41,55,55
2003-06-01 07:00:00,7,1754.9,1437.0,45.74,45.08,0.0,0.66,30.2,29.8,0.0,0.4,55,55
2003-06-01 08:00:00,8,1853.6,1594.0,44.11,43.5,0.0,0.61,38.74,38.42,0.0,0.32,54,54
2003-06-01 09:00:00,9,1979.2,1740.0,50.53,49.84,0.0,0.69,163.29,162.78,0.0,0.51,53,53
2003-06-01 10:00:00,10,2059.6,1834.0,51.36,50.36,0.32,0.68,109.14,108.76,0.0,0.38,54,54
2003-06-01 11:00:00,11,1965.4,1897.0,54.47,52.8,0.97,0.7,75.36,75.04,0.0,0.32,54,54
2003-06-01 12:00:00,12,1963.0,1909.0,54.5,52.78,1.03,0.69,81.02,80.64,0.0,0.38,55,54
2003-06-01 13:00:00,13,2063.2,1883.0,51.33,50.14,0.54,0.65,139.83,139.02,0.0,0.81,56,55
2003-06-01 14:00:00,14,2025.3,1850.0,47.52,46.9,0.0,0.62,82.34,81.82,0.0,0.52,56,55
2003-06-01 15:00:00,15,2012.0,1834.0,46.78,46.17,0.0,0.61,53.53,53.12,0.0,0.41,56,55
2003-06-01 16:00:00,16,2016.7,1847.0,47.99,47.36,0.0,0.63,55.11,54.61,0.0,0.5,57,54
2003-06-01 17:00:00,17,2034.6,1880.0,48.97,48.31,0.0,0.66,96.93,96.01,0.0,0.92,58,54
2003-06-01 18:00:00,18,2062.5,1877.0,50.02,49.35,0.0,0.67,56.52,56.12,0.0,0.4,58,55
2003-06-01 19:00:00,19,2059.4,1871.0,52.14,51.37,0.08,0.69,51.48,51.08,0.0,0.4,57,53
2003-06-01 20:00:00,20,2064.2,1909.0,57.06,56.29,0.01,0.76,84.31,83.64,0.0,0.67,54,51
2003-06-01 21:00:00,21,2011.2,1848.0,54.47,52.71,1.05,0.71,55.22,54.81,0.0,0.41,51,48
2003-06-01 22:00:00,22,1895.7,1682.0,42.84,42.27,0.01,0.56,55.34,54.87,0.0,0.47,50,46
2003-06-01 23:00:00,23,1858.1,1521.0,40.71,40.17,0.0,0.54,66.8,66.29,0.0,0.51,49,45
2003-06-02 00:00:00,0,2403.5,1407.0,38.59,38.04,0.0,0.55,81.0,80.33,0.0,0.67,49,44
2003-06-02 01:00:00,1,2588.1,1346.0,36.15,35.63,0.0,0.52,49.63,49.21,0.0,0.42,49,43
2003-06-02 02:00:00,2,2575.7,1323.0,34.58,34.09,0.0,0.49,69.89,69.24,0.0,0.65,48,41
2003-06-02 03:00:00,3,2563.6,1315.0,30.03,29.6,0.0,0.43,47.75,47.32,0.0,0.43,47,38
2003-06-02 04:00:00,4,2595.6,1354.0,34.67,34.16,0.0,0.51,58.14,57.54,0.0,0.6,46,37
2003-06-02 05:00:00,5,2370.4,1475.0,39.95,39.37,0.0,0.58,64.23,63.46,0.0,0.77,45,37
2003-06-02 06:00:00,6,1850.2,1761.0,48.0,47.32,0.0,0.68,38.38,37.85,0.0,0.53,45,38
2003-06-02 07:00:00,7,1835.8,2003.0,52.8,51.64,0.45,0.71,49.95,49.22,0.0,0.73,47,39
2003-06-02 08:00:00,8,1910.6,2102.0,52.48,51.21,0.59,0.68,49.09,48.39,0.0,0.7,50,39
2003-06-02 09:00:00,9,1959.0,2156.0,59.64,57.54,1.35,0.75,48.55,47.84,0.0,0.71,53,38
2003-06-02 10:00:00,10,2001.8,2203.0,60.56,59.79,0.0,0.77,51.83,51.03,0.0,0.8,57,38
2003-06-02 11:00:00,11,1902.2,2218.0,66.59,63.3,2.46,0.83,49.16,48.37,0.0,0.79,60,37
2003-06-02 12:00:00,12,2067.4,2214.0,59.99,59.22,0.0,0.77,48.13,47.33,0.0,0.8,63,37
2003-06-02 13:00:00,13,2071.0,2221.0,59.23,57.8,0.69,0.74,45.64,44.89,0.0,0.75,64,40
2003-06-02 14:00:00,14,2027.3,2196.0,57.9,57.17,0.0,0.73,47.01,46.28,0.0,0.73,66,39
2003-06-02 15:00:00,15,2010.8,2169.0,57.92,57.18,0.0,0.74,50.13,49.42,0.0,0.71,66,38
2003-06-02 16:00:00,16,1993.9,2163.0,57.92,57.17,0.0,0.75,54.88,54.12,0.0,0.76,67,39
2003-06-02 17:00:00,17,1996.4,2136.0,55.86,55.13,0.0,0.73,51.53,50.82,0.0,0.71,67,39
2003-06-02 18:00:00,18,1964.8,2093.0,52.22,51.54,0.0,0.68,45.24,44.68,0.0,0.56,66,41
2003-06-02 19:00:00,19,1989.1,2078.0,52.03,51.35,0.0,0.68,32.47,32.06,0.0,0.41,65,41
2003-06-02 20:00:00,20,2051.2,2149.0,53.4,52.7,0.0,0.7,44.37,43.78,0.0,0.59,62,41
2003-06-02 21:00:00,21,1968.2,2102.0,50.03,49.37,0.0,0.66,44.68,44.16,0.0,0.52,59,41
2003-06-02 22:00:00,22,1687.3,1876.0,46.5,44.79,1.13,0.58,32.14,31.86,0.0,0.28,56,41
2003-06-02 23:00:00,23,1761.5,1662.0,43.77,43.2,0.0,0.57,30.13,29.87,0.0,0.26,54,41
2003-06-03 00:00:00,0,2291.1,1518.0,50.34,49.69,0.0,0.65,33.0,32.61,0.0,0.39,52,42
2003-06-03 01:00:00,1,2247.0,1446.0,46.05,45.45,0.0,0.6,33.39,32.91,0.0,0.48,51,43
2003-06-03 02:00:00,2,2194.0,1408.0,44.68,44.09,0.0,0.59,32.36,31.89,0.0,0.47,50,43
2003-06-03 03:00:00,3,2175.6,1395.0,43.72,43.14,0.0,0.58,29.53,29.12,0.0,0.41,48,43
2003-06-03 04:00:00,4,2210.6,1423.0,44.14,43.55,0.0,0.59,37.69,37.17,0.0,0.52,48,43
2003-06-03 05:00:00,5,2307.3,1534.0,50.28,49.61,0.0,0.67,48.04,47.41,0.0,0.63,48,41
2003-06-03 06:00:00,6,2202.5,1808.0,57.63,56.88,0.0,0.75,48.49,47.68,0.0,0.81,47,41
2003-06-03 07:00:00,7,2503.7,2041.0,60.48,56.31,3.45,0.72,45.21,44.51,0.0,0.7,52,38
2003-06-03 08:00:00,8,2499.7,2135.0,63.43,57.02,5.7,0.71,33.21,32.7,0.0,0.51,56,41
2003-06-03 09:00:00,9,2629.0,2173.0,59.1,55.79,2.64,0.67,43.59,42.95,0.0,0.64,59,37
2003-06-03 10:00:00,10,2640.5,2217.0,63.0,57.46,4.85,0.69,47.36,46.63,0.0,0.73,61,40
2003-06-03 11:00:00,11,2640.3,2247.0,75.0,62.96,11.29,0.75,47.54,46.78,0.0,0.76,63,41
2003-06-03 12:00:00,12,2656.4,2248.0,72.39,58.28,13.42,0.69,50.32,49.53,0.0,0.79,65,42
2003-06-03 13:00:00,13,2669.9,2254.0,73.5,59.59,13.19,0.72,52.63,51.76,0.0,0.87,66,43
2003-06-03 14:00:00,14,2659.1,2227.0,74.07,60.81,12.54,0.72,51.06,50.27,0.0,0.79,68,42
2003-06-03 15:00:00,15,2640.8,2197.0,60.99,60.26,0.0,0.73,47.35,46.65,0.0,0.7,67,43
2003-06-03 16:00:00,16,2624.9,2189.0,69.85,63.75,5.32,0.78,47.62,46.98,0.0,0.64,67,44
2003-06-03 17:00:00,17,2590.9,2153.0,60.99,60.24,0.0,0.75,46.59,45.99,0.0,0.6,67,43
2003-06-03 18:00:00,18,2548.4,2114.0,66.71,60.27,5.69,0.75,46.42,45.81,0.0,0.61,66,44
2003-06-03 19:00:00,19,2569.6,2103.0,58.33,57.61,0.0,0.72,45.71,45.1,0.0,0.61,65,46
2003-06-03 20:00:00,20,2689.8,2162.0,60.44,58.45,1.25,0.74,49.57,48.91,0.0,0.66,63,47
2003-06-03 21:00:00,21,2468.7,2099.0,62.46,59.93,1.77,0.76,47.22,46.55,0.0,0.67,62,49
2003-06-03 22:00:00,22,2339.6,1884.0,54.59,52.87,1.06,0.66,31.93,31.52,0.0,0.41,60,48
2003-06-03 23:00:00,23,2282.3,1698.0,50.4,49.77,0.0,0.63,35.54,35.23,0.0,0.31,59,50
2003-06-04 00:00:00,0,1755.8,1536.0,38.07,37.54,0.0,0.53,30.15,29.87,0.0,0.28,57,51
2003-06-04 01:00:00,1,1797.7,1462.0,32.76,32.3,0.0,0.46,21.24,21.05,0.0,0.19,56,51
2003-06-04 02:00:00,2,1921.6,1424.0,31.37,30.92,0.0,0.45,25.26,25.0,0.0,0.26,55,51
2003-06-04 03:00:00,3,1905.0,1409.0,30.66,30.22,0.0,0.44,23.03,22.8,0.0,0.23,54,50
2003-06-04 04:00:00,4,1917.9,1433.0,32.26,31.79,0.0,0.47,33.21,32.86,0.0,0.35,54,50
2003-06-04 05:00:00,5,1769.2,1554.0,40.08,39.48,0.0,0.6,40.0,39.61,0.0,0.39,53,50
2003-06-04 06:00:00,6,1699.6,1822.0,50.1,49.35,0.0,0.75,54.84,54.29,0.0,0.55,53,51
2003-06-04 07:00:00,7,1816.6,2062.0,52.19,51.43,0.0,0.76,53.68,53.14,0.0,0.54,53,52
2003-06-04 08:00:00,8,1925.3,2151.0,53.46,52.7,0.0,0.76,58.67,57.93,0.0,0.74,54,52
2003-06-04 09:00:00,9,1929.2,2207.0,55.45,54.68,0.0,0.77,72.53,71.62,0.0,0.91,57,52
2003-06-04 10:00:00,10,2005.7,2251.0,55.7,54.93,0.0,0.77,76.32,75.4,0.0,0.92,60,53
2003-06-04 11:00:00,11,1882.7,2270.0,55.45,54.69,0.0,0.76,71.12,70.29,0.0,0.83,60,51
2003-06-04 12:00:00,12,2015.1,2262.0,54.44,53.68,0.0,0.76,55.68,54.93,0.0,0.75,59,51
2003-06-04 13:00:00,13,2019.6,2260.0,54.44,53.69,0.0,0.75,52.19,51.43,0.0,0.76,59,52
2003-06-04 14:00:00,14,2020.7,2233.0,52.9,52.18,0.0,0.72,51.19,50.4,0.0,0.79,60,51
2003-06-04 15:00:00,15,2082.4,2208.0,52.19,51.47,0.0,0.72,50.53,49.75,0.0,0.78,60,52
2003-06-04 16:00:00,16,1987.9,2207.0,52.5,51.77,0.0,0.73,54.18,53.44,0.0,0.74,60,53
2003-06-04 17:00:00,17,2043.4,2183.0,51.89,51.15,0.0,0.74,52.04,51.34,0.0,0.7,58,53
2003-06-04 18:00:00,18,2060.3,2146.0,51.03,50.3,0.0,0.73,50.52,49.82,0.0,0.7,58,54
2003-06-04 19:00:00,19,1982.9,2128.0,50.1,49.38,0.0,0.72,50.61,49.96,0.0,0.65,56,53
2003-06-04 20:00:00,20,2044.2,2176.0,50.86,50.13,0.0,0.73,53.84,53.11,0.0,0.73,55,53
2003-06-04 21:00:00,21,1960.0,2105.0,48.82,48.12,0.0,0.7,48.57,47.97,0.0,0.6,54,54
2003-06-04 22:00:00,22,1773.5,1886.0,44.76,44.12,0.0,0.64,31.34,31.03,0.0,0.31,53,53
2003-06-04 23:00:00,23,1590.2,1677.0,41.14,40.57,0.0,0.57,27.46,27.21,0.0,0.25,53,53
2003-06-05 00:00:00,0,2446.5,1540.0,38.62,38.08,0.0,0.54,33.02,32.67,0.0,0.35,53,53
2003-06-05 01:00:00,1,2606.0,1468.0,35.94,35.43,0.0,0.51,39.23,38.74,0.0,0.49,52,52
2003-06-05 02:00:00,2,2636.0,1430.0,34.88,34.38,0.0,0.5,30.8,30.43,0.0,0.37,52,52
2003-06-05 03:00:00,3,2622.1,1417.0,31.1,30.65,0.0,0.45,31.5,31.14,0.0,0.36,52,52
2003-06-05 04:00:00,4,2647.5,1442.0,34.85,34.34,0.0,0.51,40.01,39.56,0.0,0.45,52,52
2003-06-05 05:00:00,5,2232.9,1560.0,38.62,38.05,0.0,0.57,48.22,47.77,0.0,0.45,52,52
2003-06-05 06:00:00,6,1672.3,1835.0,49.94,49.21,0.0,0.73,50.22,49.7,0.0,0.52,52,52
2003-06-05 07:00:00,7,1758.1,2083.0,53.28,52.51,0.0,0.77,69.8,69.06,0.0,0.74,52,52
2003-06-05 08:00:00,8,1818.5,2182.0,62.35,61.47,0.01,0.87,76.86,75.98,0.0,0.88,53,53
2003-06-05 09:00:00,9,1897.5,2228.0,59.93,59.1,0.01,0.82,56.38,55.73,0.0,0.65,53,53
2003-06-05 10:00:00,10,1940.3,2263.0,59.93,59.11,0.01,0.81,56.94,56.09,0.0,0.85,54,54
2003-06-05 11:00:00,11,1834.1,2277.0,58.82,58.02,0.01,0.79,50.67,49.88,0.0,0.79,54,54
2003-06-05 12:00:00,12,1951.2,2264.0,57.44,55.91,0.77,0.76,55.55,54.57,0.0,0.98,54,54
2003-06-05 13:00:00,13,1950.4,2270.0,57.38,55.76,0.87,0.75,56.57,55.51,0.0,1.06,55,55
2003-06-05 14:00:00,14,1932.0,2244.0,55.68,54.31,0.64,0.73,48.7,47.84,0.0,0.86,56,56
2003-06-05 15:00:00,15,1937.6,2226.0,53.03,52.32,0.0,0.71,51.4,50.59,0.0,0.81,57,56
2003-06-05 16:00:00,16,1906.5,2230.0,56.59,55.14,0.69,0.76,55.31,54.41,0.0,0.9,57,57
2003-06-05 17:00:00,17,1880.8,2202.0,53.08,52.34,0.0,0.74,49.83,49.08,0.0,0.75,58,58
2003-06-05 18:00:00,18,1990.0,2159.0,52.0,51.27,0.0,0.73,46.07,45.39,0.0,0.68,59,58
2003-06-05 19:00:00,19,1984.7,2154.0,52.0,51.27,0.0,0.73,47.34,46.67,0.0,0.67,58,57
2003-06-05 20:00:00,20,1866.1,2197.0,53.07,52.32,0.0,0.75,57.56,56.71,0.0,0.85,58,58
2003-06-05 21:00:00,21,1949.1,2121.0,49.82,49.13,0.0,0.69,44.9,44.29,0.0,0.61,58,58
2003-06-05 22:00:00,22,1903.8,1904.0,38.62,38.09,0.0,0.53,42.45,41.94,0.0,0.51,58,58
2003-06-05 23:00:00,23,2188.0,1697.0,38.33,37.8,0.0,0.53,35.73,35.36,0.0,0.37,58,58
2003-06-06 00:00:00,0,2527.2,1550.0,39.45,38.88,0.0,0.57,46.31,45.76,0.0,0.55,58,57
2003-06-06 01:00:00,1,2448.8,1477.0,39.41,38.83,0.0,0.58,50.99,50.44,0.0,0.55,56,55
2003-06-06 02:00:00,2,2412.7,1435.0,37.38,36.82,0.0,0.56,43.14,42.69,0.0,0.45,55,53
2003-06-06 03:00:00,3,2682.9,1421.0,36.0,35.46,0.0,0.54,42.65,42.24,0.0,0.41,54,53
2003-06-06 04:00:00,4,2546.0,1445.0,36.63,36.07,0.0,0.56,47.66,47.17,0.0,0.49,53,52
2003-06-06 05:00:00,5,2522.5,1554.0,39.1,38.5,0.0,0.6,51.31,50.79,0.0,0.52,52,52
2003-06-06 06:00:00,6,2009.1,1822.0,49.92,49.16,0.0,0.76,54.24,53.57,0.0,0.67,54,52
2003-06-06 07:00:00,7,2229.8,2069.0,53.23,52.45,0.0,0.78,57.15,56.33,0.0,0.82,56,53
2003-06-06 08:00:00,8,2062.1,2184.0,59.3,55.67,2.84,0.79,54.17,53.44,0.0,0.73,57,54
2003-06-06 09:00:00,9,2186.1,2241.0,56.71,54.76,1.19,0.76,59.39,58.63,0.0,0.76,61,54
2003-06-06 10:00:00,10,2233.6,2276.0,56.66,54.7,1.21,0.75,61.49,60.71,0.0,0.78,63,55
2003-06-06 11:00:00,11,2264.0,2296.0,57.22,55.46,1.0,0.76,59.97,59.15,0.0,0.82,66,56
2003-06-06 12:00:00,12,2225.0,2301.0,57.3,55.56,0.97,0.77,58.47,57.66,0.0,0.81,69,56
2003-06-06 13:00:00,13,2214.4,2302.0,57.3,55.56,0.98,0.76,57.12,56.31,0.0,0.81,71,57
2003-06-06 14:00:00,14,2133.0,2288.0,55.28,54.54,0.0,0.74,69.65,68.59,0.0,1.06,73,59
2003-06-06 15:00:00,15,2081.5,2265.0,56.0,55.24,0.0,0.76,66.34,65.32,0.0,1.02,74,65
2003-06-06 16:00:00,16,2093.6,2253.0,56.69,55.92,0.0,0.77,67.46,66.48,0.0,0.98,75,67
2003-06-06 17:00:00,17,1994.8,2189.0,60.44,59.59,0.0,0.85,55.86,55.05,0.0,0.81,75,67
2003-06-06 18:00:00,18,2067.3,2124.0,53.19,52.44,0.0,0.75,45.59,44.98,0.0,0.61,75,66
2003-06-06 19:00:00,19,2085.6,2074.0,50.98,50.26,0.0,0.72,45.9,49.43,-4.18,0.65,73,65
2003-06-06 20:00:00,20,2053.6,2111.0,53.19,52.43,0.0,0.76,76.36,81.56,-6.44,1.24,70,61
2003-06-06 21:00:00,21,2035.8,2093.0,49.56,48.86,0.0,0.7,64.19,63.33,0.0,0.86,66,56
2003-06-06 22:00:00,22,1843.4,1920.0,39.96,39.41,0.0,0.55,52.61,51.96,0.0,0.65,64,55
2003-06-06 23:00:00,23,1916.2,1713.0,39.74,39.18,0.0,0.56,45.22,44.83,0.0,0.39,64,57
2003-06-07 00:00:00,0,1468.6,1560.0,40.11,39.54,0.0,0.57,33.84,33.55,0.0,0.29,61,54
2003-06-07 01:00:00,1,1947.1,1470.0,38.71,38.12,0.0,0.59,40.99,40.57,0.0,0.42,62,55
2003-06-07 02:00:00,2,2126.4,1418.0,37.53,36.96,0.0,0.57,41.69,41.19,0.0,0.5,60,56
2003-06-07 03:00:00,3,2116.4,1388.0,36.67,36.1,0.0,0.57,40.02,39.56,0.0,0.46,58,55
2003-06-07 04:00:00,4,2135.6,1383.0,36.67,36.1,0.0,0.57,42.0,41.51,0.0,0.49,58,56
2003-06-07 05:00:00,5,2161.2,1382.0,36.67,36.1,0.0,0.57,30.37,29.92,0.0,0.45,56,55
2003-06-07 06:00:00,6,1921.7,1476.0,40.09,39.45,0.0,0.64,40.15,39.54,0.0,0.61,58,56
2003-06-07 07:00:00,7,1791.2,1641.0,48.14,47.39,0.0,0.75,35.41,34.87,0.0,0.54,63,57
2003-06-07 08:00:00,8,1756.8,1814.0,55.62,54.77,0.0,0.85,49.34,48.57,0.0,0.77,63,57
2003-06-07 09:00:00,9,1714.4,1924.0,58.0,57.12,0.0,0.88,63.19,62.21,0.0,0.98,64,58
2003-06-07 10:00:00,10,1743.7,1981.0,61.1,60.19,0.01,0.9,57.63,56.75,0.0,0.88,64,58
2003-06-07 11:00:00,11,1789.9,2001.0,58.0,57.15,0.0,0.85,61.44,60.49,0.0,0.95,64,62
2003-06-07 12:00:00,12,1792.0,1986.0,57.08,56.25,0.0,0.83,61.69,60.81,0.0,0.88,63,62
2003-06-07 13:00:00,13,1766.6,1955.0,53.65,52.88,0.0,0.77,60.26,59.32,0.0,0.94,63,62
2003-06-07 14:00:00,14,1860.7,1917.0,52.79,52.04,0.0,0.75,57.03,56.12,0.0,0.91,61,61
2003-06-07 15:00:00,15,1863.9,1896.0,50.67,49.94,0.0,0.73,52.86,52.05,0.0,0.81,60,59
2003-06-07 16:00:00,16,1842.6,1895.0,50.18,49.45,0.0,0.73,57.45,56.51,0.0,0.94,59,59
2003-06-07 17:00:00,17,1834.2,1896.0,53.48,52.69,0.0,0.79,60.86,59.93,0.0,0.93,58,58
2003-06-07 18:00:00,18,1640.7,1871.0,56.66,55.81,0.0,0.85,58.3,57.4,0.0,0.9,58,58
2003-06-07 19:00:00,19,1673.3,1877.0,56.28,55.43,0.0,0.85,72.69,70.41,1.17,1.11,57,57
2003-06-07 20:00:00,20,1761.2,1894.0,56.28,55.43,0.0,0.85,78.24,75.53,1.53,1.18,57,57
2003-06-07 21:00:00,21,1782.8,1851.0,52.68,51.9,0.0,0.78,57.88,56.72,0.36,0.8,56,56
2003-06-07 22:00:00,22,1671.3,1723.0,44.8,44.15,0.0,0.65,38.12,37.7,0.0,0.42,57,57
2003-06-07 23:00:00,23,1779.4,1568.0,40.36,39.76,0.0,0.6,53.53,53.03,0.0,0.5,56,56
2003-06-08 00:00:00,0,1866.4,1446.0,43.91,43.25,0.0,0.66,64.22,63.74,0.0,0.48,56,56
2003-06-08 01:00:00,1,2041.0,1372.0,39.94,39.32,0.0,0.62,51.4,51.06,0.0,0.34,56,56
2003-06-08 02:00:00,2,2219.2,1329.0,39.46,38.83,0.0,0.63,36.53,36.32,0.0,0.21,56,56
2003-06-08 03:00:00,3,2261.1,1299.0,39.46,38.83,0.0,0.63,35.63,35.37,0.0,0.26,56,56
2003-06-08 04:00:00,4,2240.5,1293.0,37.94,37.33,0.0,0.61,34.2,33.92,0.0,0.28,56,56
2003-06-08 05:00:00,5,2229.9,1287.0,37.83,37.22,0.0,0.61,32.1,31.81,0.0,0.29,56,56
2003-06-08 06:00:00,6,1958.3,1332.0,41.3,40.62,0.0,0.68,37.56,37.16,0.0,0.4,56,56
2003-06-08 07:00:00,7,1838.6,1453.0,52.27,51.42,0.0,0.85,42.61,42.29,0.0,0.32,56,56
2003-06-08 08:00:00,8,1784.2,1608.0,52.3,51.46,0.0,0.84,45.63,45.28,0.0,0.35,56,56
2003-06-08 09:00:00,9,1750.8,1740.0,58.99,57.13,0.94,0.92,46.52,46.17,0.0,0.35,57,57
2003-06-08 10:00:00,10,1607.5,1817.0,59.92,58.03,0.99,0.9,51.51,51.14,0.0,0.37,58,57
2003-06-08 11:00:00,11,1622.1,1860.0,61.1,59.01,1.18,0.91,46.38,45.91,0.0,0.47,59,57
2003-06-08 12:00:00,12,1640.4,1861.0,59.18,57.38,0.94,0.86,47.36,46.87,0.0,0.49,61,56
2003-06-08 13:00:00,13,1754.2,1826.0,56.63,55.27,0.55,0.81,45.71,45.28,0.0,0.43,61,57
2003-06-08 14:00:00,14,1734.4,1787.0,56.88,55.25,0.82,0.81,42.31,41.88,0.0,0.43,62,56
2003-06-08 15:00:00,15,1602.1,1772.0,58.54,56.67,1.04,0.83,42.57,42.16,0.0,0.41,64,56
2003-06-08 16:00:00,16,1735.3,1790.0,50.14,49.41,0.0,0.73,45.17,44.78,0.0,0.39,63,57
2003-06-08 17:00:00,17,1784.7,1823.0,50.72,49.96,0.0,0.76,45.78,45.35,0.0,0.43,63,57
2003-06-08 18:00:00,18,1786.7,1844.0,50.35,49.59,0.0,0.76,44.99,44.55,0.0,0.44,63,57
2003-06-08 19:00:00,19,1793.9,1862.0,54.94,54.12,0.0,0.82,45.28,44.86,0.0,0.42,62,58
2003-06-08 20:00:00,20,1698.4,1941.0,56.41,55.57,0.0,0.84,54.35,53.86,0.0,0.49,62,58
2003-06-08 21:00:00,21,1795.8,1898.0,52.38,51.61,0.0,0.77,53.99,53.62,0.0,0.37,59,58
2003-06-08 22:00:00,22,1656.8,1731.0,48.12,47.44,0.0,0.68,57.71,57.43,0.0,0.28,58,57
2003-06-08 23:00:00,23,2004.8,1563.0,42.11,41.51,0.0,0.6,59.7,59.35,0.0,0.35,57,57
2003-06-09 00:00:00,0,2464.6,1437.0,37.56,36.98,0.0,0.58,49.97,49.61,0.0,0.36,56,55
2003-06-09 01:00:00,1,2689.5,1371.0,34.95,34.41,0.0,0.54,37.26,36.96,0.0,0.3,56,55
2003-06-09 02:00:00,2,2568.7,1346.0,31.66,31.15,0.0,0.51,33.67,33.39,0.0,0.28,56,55
2003-06-09 03:00:00,3,2636.3,1341.0,31.19,30.69,0.0,0.5,37.79,37.47,0.0,0.32,55,55
2003-06-09 04:00:00,4,2653.2,1379.0,32.85,32.32,0.0,0.53,39.46,39.08,0.0,0.38,55,55
2003-06-09 05:00:00,5,2405.8,1510.0,37.84,37.23,0.0,0.61,41.31,40.91,0.0,0.4,54,54
2003-06-09 06:00:00,6,1844.8,1801.0,42.3,41.66,0.0,0.64,44.25,43.72,0.0,0.53,54,54
2003-06-09 07:00:00,7,1745.9,2070.0,50.93,50.16,0.0,0.77,58.84,58.0,0.0,0.84,54,54
2003-06-09 08:00:00,8,1892.7,2186.0,51.63,49.82,1.07,0.74,68.69,67.72,0.0,0.97,55,55
2003-06-09 09:00:00,9,2007.2,2245.0,54.73,53.86,0.08,0.79,57.09,56.2,0.0,0.89,55,55
2003-06-09 10:00:00,10,1948.5,2291.0,54.92,54.21,-0.08,0.79,55.62,54.69,0.0,0.93,55,55
2003-06-09 11:00:00,11,1979.5,2309.0,54.92,54.13,0.01,0.78,56.49,55.51,0.0,0.98,56,56
2003-06-09 12:00:00,12,1974.8,2300.0,55.98,55.16,0.04,0.78,52.94,52.12,0.0,0.82,57,56
2003-06-09 13:00:00,13,1955.4,2298.0,58.11,57.38,-0.07,0.8,54.16,53.31,0.0,0.85,59,57
2003-06-09 14:00:00,14,1949.9,2275.0,55.97,55.18,0.02,0.77,53.96,53.13,0.0,0.83,60,58
2003-06-09 15:00:00,15,1939.3,2265.0,56.52,55.56,0.18,0.78,54.42,53.59,0.0,0.83,62,58
2003-06-09 16:00:00,16,1917.2,2281.0,56.28,55.31,0.18,0.79,55.09,54.37,0.0,0.72,66,60
2003-06-09 17:00:00,17,1980.5,2243.0,54.66,53.75,0.14,0.77,54.76,54.01,0.0,0.75,68,64
2003-06-09 18:00:00,18,1999.8,2195.0,48.95,48.25,0.0,0.7,53.87,53.12,0.0,0.75,69,66
2003-06-09 19:00:00,19,2015.0,2164.0,49.28,48.58,0.0,0.7,53.82,53.02,0.0,0.8,68,66
2003-06-09 20:00:00,20,2069.8,2215.0,52.21,51.52,-0.07,0.76,57.8,56.94,0.0,0.86,65,63
2003-06-09 21:00:00,21,2005.3,2183.0,49.31,48.59,0.0,0.72,50.59,49.85,0.0,0.74,62,60
2003-06-09 22:00:00,22,2083.5,1960.0,44.82,44.17,0.0,0.65,34.42,33.95,0.0,0.47,61,61
2003-06-09 23:00:00,23,1858.7,1733.0,40.15,39.58,0.0,0.57,41.2,40.76,0.0,0.44,61,60
2003-06-10 00:00:00,0,2230.9,1584.0,40.59,39.97,0.0,0.62,46.98,46.51,0.0,0.47,60,60
2003-06-10 01:00:00,1,2405.4,1512.0,39.51,38.9,0.0,0.61,41.09,40.65,0.0,0.44,59,59
2003-06-10 02:00:00,2,2373.8,1470.0,35.6,35.05,0.0,0.55,37.86,37.34,0.0,0.52,58,58
2003-06-10 03:00:00,3,2423.7,1446.0,35.6,35.04,0.0,0.56,33.86,33.39,0.0,0.47,58,57
2003-06-10 04:00:00,4,2359.5,1468.0,37.09,36.5,0.0,0.59,36.59,36.09,0.0,0.5,58,58
2003-06-10 05:00:00,5,2455.8,1564.0,39.51,38.88,0.0,0.63,34.13,33.57,0.0,0.56,58,56
2003-06-10 06:00:00,6,1577.9,1854.0,43.86,43.2,-0.01,0.67,45.25,44.43,0.0,0.82,56,56
2003-06-10 07:00:00,7,1753.3,2109.0,51.31,50.18,0.37,0.76,47.61,46.89,0.0,0.72,58,56
2003-06-10 08:00:00,8,1906.0,2218.0,54.75,52.54,1.42,0.79,51.09,50.35,0.0,0.74,60,56
2003-06-10 09:00:00,9,1864.6,2264.0,58.0,56.32,0.84,0.84,50.96,50.2,0.0,0.76,61,56
2003-06-10 10:00:00,10,1919.1,2316.0,63.66,62.32,0.42,0.92,52.27,51.46,0.0,0.81,64,57
2003-06-10 11:00:00,11,1673.2,2346.0,61.84,59.96,1.0,0.88,53.65,52.76,0.0,0.89,66,56
2003-06-10 12:00:00,12,1933.6,2349.0,61.62,59.69,1.06,0.87,50.56,49.7,0.0,0.86,68,55
2003-06-10 13:00:00,13,2016.7,2369.0,61.38,59.39,1.14,0.85,52.91,51.98,0.0,0.93,70,55
2003-06-10 14:00:00,14,2004.6,2359.0,59.86,57.41,1.63,0.82,53.43,52.49,0.0,0.94,71,56
2003-06-10 15:00:00,15,1996.6,2340.0,59.81,57.33,1.65,0.83,54.09,53.16,0.0,0.93,73,56
2003-06-10 16:00:00,16,1974.7,2332.0,59.1,56.41,1.87,0.82,56.02,55.07,0.0,0.95,74,56
2003-06-10 17:00:00,17,2043.9,2290.0,58.0,55.22,1.97,0.81,52.39,51.56,0.0,0.83,75,56
2003-06-10 18:00:00,18,1974.8,2226.0,53.44,52.3,0.36,0.78,33.43,32.92,0.0,0.51,74,56
2003-06-10 19:00:00,19,2021.0,2190.0,51.89,51.13,0.0,0.76,38.28,37.7,0.0,0.58,72,56
2003-06-10 20:00:00,20,2052.6,2238.0,55.26,51.38,3.11,0.77,49.18,48.42,0.0,0.76,68,68
2003-06-10 21:00:00,21,2012.7,2193.0,52.0,47.88,3.41,0.71,38.1,37.55,0.0,0.55,66,66
2003-06-10 22:00:00,22,1836.5,1957.0,45.48,44.82,0.0,0.66,36.46,36.0,0.0,0.46,67,65
2003-06-10 23:00:00,23,1643.4,1737.0,42.76,42.14,0.0,0.62,35.7,35.27,0.0,0.43,63,61
2003-06-11 00:00:00,0,2019.0,1592.0,36.62,36.09,0.0,0.53,23.67,23.45,0.0,0.22,60,60
2003-06-11 01:00:00,1,2214.1,1509.0,30.9,30.44,0.0,0.46,20.56,20.35,0.0,0.21,60,59
2003-06-11 02:00:00,2,2168.8,1469.0,27.26,26.85,0.0,0.41,19.34,19.12,0.0,0.22,59,59
2003-06-11 03:00:00,3,2147.5,1453.0,25.85,25.46,0.0,0.39,16.07,15.9,0.0,0.17,58,58
2003-06-11 04:00:00,4,2167.5,1475.0,28.67,28.23,0.0,0.44,17.12,16.93,0.0,0.19,57,57
2003-06-11 05:00:00,5,2241.3,1577.0,35.6,35.06,0.0,0.54,23.18,22.88,0.0,0.3,57,57
2003-06-11 06:00:00,6,1662.7,1850.0,47.39,46.67,0.0,0.72,42.51,41.83,0.0,0.68,57,57
2003-06-11 07:00:00,7,1891.2,2098.0,51.38,50.61,0.0,0.77,47.47,46.65,0.0,0.82,60,60
2003-06-11 08:00:00,8,2085.2,2221.0,49.87,49.21,-0.08,0.74,50.36,48.73,0.72,0.91,61,61
2003-06-11 09:00:00,9,2149.3,2302.0,51.85,51.48,-0.39,0.76,53.44,50.02,2.56,0.86,65,65
2003-06-11 10:00:00,10,2240.5,2350.0,52.94,52.63,-0.46,0.77,52.11,51.17,0.0,0.94,64,59
2003-06-11 11:00:00,11,2142.5,2384.0,55.0,55.07,-0.87,0.8,50.49,49.6,0.0,0.89,66,62
2003-06-11 12:00:00,12,2168.2,2394.0,53.79,54.26,-1.25,0.78,50.54,49.61,0.0,0.93,68,64
2003-06-11 13:00:00,13,2177.0,2407.0,53.79,54.28,-1.27,0.78,52.77,51.71,0.0,1.06,70,66
2003-06-11 14:00:00,14,2144.1,2388.0,55.96,54.72,0.46,0.78,52.53,51.51,0.0,1.02,69,67
2003-06-11 15:00:00,15,2154.9,2373.0,54.67,53.98,-0.08,0.77,53.53,52.57,0.0,0.96,67,67
2003-06-11 16:00:00,16,2110.6,2373.0,55.93,54.75,0.39,0.79,53.17,52.3,0.0,0.87,69,69
2003-06-11 17:00:00,17,2197.9,2356.0,55.65,54.31,0.54,0.8,53.26,52.53,0.0,0.73,69,69
2003-06-11 18:00:00,18,2076.8,2322.0,51.41,50.76,-0.1,0.75,50.85,50.14,0.0,0.71,68,68
2003-06-11 19:00:00,19,2044.2,2287.0,49.48,48.77,0.0,0.71,50.32,49.6,0.0,0.72,68,68
2003-06-11 20:00:00,20,2160.6,2308.0,51.13,50.38,0.0,0.75,51.92,51.15,0.0,0.77,67,67
2003-06-11 21:00:00,21,2108.6,2259.0,48.76,48.05,0.0,0.71,52.11,51.36,0.08,0.67,67,67
2003-06-11 22:00:00,22,1824.7,2037.0,43.42,42.79,0.0,0.63,42.7,41.59,0.61,0.5,66,66
2003-06-11 23:00:00,23,1632.1,1807.0,42.81,42.2,0.0,0.61,45.0,44.52,0.0,0.48,66,66
2003-06-12 00:00:00,0,1981.9,1660.0,41.42,40.82,0.0,0.6,30.99,30.7,0.0,0.29,65,65
2003-06-12 01:00:00,1,2123.3,1577.0,35.91,35.37,0.0,0.54,33.3,32.99,0.0,0.31,64,64
2003-06-12 02:00:00,2,2179.7,1539.0,32.88,32.38,0.0,0.5,36.51,36.23,0.0,0.28,64,64
2003-06-12 03:00:00,3,2397.7,1524.0,30.42,29.95,0.0,0.47,41.14,40.79,0.0,0.35,64,64
2003-06-12 04:00:00,4,2379.9,1543.0,30.5,30.03,0.0,0.47,44.85,44.43,0.0,0.42,65,65
2003-06-12 05:00:00,5,2260.1,1655.0,37.44,36.85,0.0,0.59,41.16,40.76,0.0,0.4,64,64
2003-06-12 06:00:00,6,2349.2,1951.0,50.0,49.23,0.0,0.77,48.96,48.41,0.0,0.55,64,64
2003-06-12 07:00:00,7,2821.6,2215.0,51.47,50.69,0.0,0.78,56.1,55.39,0.0,0.71,65,65
2003-06-12 08:00:00,8,2710.4,2327.0,56.74,54.09,1.82,0.83,59.52,58.76,0.0,0.76,66,66
2003-06-12 09:00:00,9,2605.9,2388.0,59.29,56.92,1.51,0.86,60.58,59.84,0.0,0.74,67,65
2003-06-12 10:00:00,10,2592.3,2441.0,60.68,58.15,1.65,0.88,60.96,60.22,0.0,0.74,68,65
2003-06-12 11:00:00,11,2605.1,2466.0,62.0,59.04,2.07,0.89,55.65,55.0,0.0,0.65,68,63
2003-06-12 12:00:00,12,2650.5,2458.0,61.0,58.6,1.53,0.87,52.48,51.82,0.0,0.66,69,64
2003-06-12 13:00:00,13,2623.0,2472.0,62.29,59.55,1.87,0.87,56.77,56.08,0.0,0.69,70,64
2003-06-12 14:00:00,14,2614.4,2454.0,65.42,62.1,2.41,0.91,59.85,59.15,0.0,0.7,68,66
2003-06-12 15:00:00,15,2600.0,2427.0,62.44,59.33,2.22,0.89,57.14,56.49,0.0,0.65,70,66
2003-06-12 16:00:00,16,2654.0,2396.0,63.0,59.82,2.28,0.9,54.47,53.93,0.0,0.54,69,65
2003-06-12 17:00:00,17,2644.5,2341.0,62.07,59.26,1.92,0.89,51.45,50.88,0.0,0.57,69,64
2003-06-12 18:00:00,18,2587.8,2288.0,58.03,56.04,1.14,0.85,50.76,50.16,0.0,0.6,68,64
2003-06-12 19:00:00,19,2563.8,2268.0,56.12,54.51,0.79,0.82,50.28,49.69,0.0,0.59,67,64
2003-06-12 20:00:00,20,2590.5,2328.0,58.18,56.23,1.09,0.86,53.72,53.12,0.0,0.6,65,63
2003-06-12 21:00:00,21,2578.1,2272.0,55.11,52.96,1.34,0.81,53.56,52.95,0.0,0.61,65,62
2003-06-12 22:00:00,22,2291.8,2052.0,49.65,47.73,1.2,0.72,48.84,48.36,0.0,0.48,63,62
2003-06-12 23:00:00,23,2083.0,1823.0,47.46,46.74,0.01,0.71,49.07,48.64,0.0,0.43,61,61
2003-06-13 00:00:00,0,2006.8,1669.0,41.3,40.68,0.0,0.62,35.72,35.4,0.0,0.32,61,61
2003-06-13 01:00:00,1,2592.7,1585.0,40.45,39.8,0.0,0.65,37.94,37.48,0.0,0.46,61,61
2003-06-13 02:00:00,2,2592.2,1538.0,38.42,37.81,0.0,0.61,36.8,36.36,0.0,0.44,60,60
2003-06-13 03:00:00,3,2851.0,1512.0,37.26,36.66,0.0,0.6,31.22,30.86,0.0,0.36,60,60
2003-06-13 04:00:00,4,2878.7,1528.0,37.26,36.65,0.0,0.61,39.87,39.4,0.0,0.47,59,59
2003-06-13 05:00:00,5,2698.0,1643.0,40.37,39.71,0.0,0.66,45.2,44.64,0.0,0.56,58,58
2003-06-13 06:00:00,6,2263.9,1892.0,51.16,50.34,0.0,0.82,46.82,46.25,0.0,0.57,57,57
2003-06-13 07:00:00,7,2533.2,2137.0,55.0,50.27,3.92,0.81,55.07,54.25,0.0,0.82,57,56
2003-06-13 08:00:00,8,2701.0,2249.0,61.78,52.95,7.98,0.85,52.58,51.8,0.0,0.78,57,57
2003-06-13 09:00:00,9,2574.0,2299.0,66.44,56.28,9.27,0.89,55.96,55.14,0.0,0.82,56,56
2003-06-13 10:00:00,10,2619.5,2332.0,67.37,59.28,7.17,0.92,58.93,58.11,0.0,0.82,56,56
2003-06-13 11:00:00,11,2724.5,2338.0,61.5,56.3,4.33,0.87,60.48,59.67,0.0,0.81,56,56
2003-06-13 12:00:00,12,2631.9,2310.0,65.13,55.45,8.83,0.85,52.51,51.71,0.0,0.8,57,56
2003-06-13 13:00:00,13,2715.0,2294.0,63.53,54.23,8.47,0.83,50.82,50.04,0.0,0.78,56,55
2003-06-13 14:00:00,14,2758.7,2254.0,58.23,52.07,5.36,0.8,52.16,51.36,0.0,0.8,55,55
2003-06-13 15:00:00,15,2761.8,2219.0,64.0,54.49,8.67,0.84,49.85,49.17,0.0,0.68,54,54
2003-06-13 16:00:00,16,2816.3,2209.0,56.64,55.77,0.0,0.87,49.07,48.43,0.0,0.64,54,54
2003-06-13 17:00:00,17,2752.7,2175.0,55.74,54.86,0.0,0.88,48.82,48.23,0.0,0.59,53,53
2003-06-13 18:00:00,18,2715.5,2132.0,51.89,51.08,0.0,0.81,48.78,48.2,0.0,0.58,53,53
2003-06-13 19:00:00,19,2627.2,2096.0,51.2,50.39,0.0,0.81,47.76,47.21,0.0,0.55,53,53
2003-06-13 20:00:00,20,2663.3,2087.0,52.0,51.17,0.0,0.83,48.59,48.04,0.0,0.55,53,53
2003-06-13 21:00:00,21,2626.6,2010.0,49.56,48.78,0.0,0.78,42.97,42.54,0.0,0.43,53,53
2003-06-13 22:00:00,22,2339.6,1847.0,47.44,46.7,0.0,0.74,40.98,40.6,0.0,0.38,53,53
2003-06-13 23:00:00,23,2096.2,1658.0,46.84,46.12,0.0,0.72,34.09,33.81,0.0,0.28,53,53
2003-06-14 00:00:00,0,1762.2,1519.0,39.54,38.94,0.0,0.6,30.31,30.07,0.0,0.24,53,53
2003-06-14 01:00:00,1,2180.9,1440.0,39.54,38.91,0.0,0.63,38.9,38.53,0.0,0.37,54,54
2003-06-14 02:00:00,2,2432.7,1398.0,37.83,37.23,0.0,0.6,24.46,24.22,0.0,0.24,53,53
2003-06-14 03:00:00,3,2616.5,1370.0,32.01,31.5,0.0,0.51,31.94,31.57,0.0,0.37,53,53
2003-06-14 04:00:00,4,2573.3,1364.0,32.01,31.49,0.0,0.52,33.96,33.52,0.0,0.44,53,53
2003-06-14 05:00:00,5,2524.0,1385.0,32.01,31.49,0.0,0.52,31.71,31.28,0.0,0.43,53,53
2003-06-14 06:00:00,6,2555.6,1462.0,34.68,34.11,0.0,0.57,26.39,25.99,0.0,0.4,53,53
2003-06-14 07:00:00,7,2058.6,1606.0,35.33,34.76,0.0,0.57,28.83,28.45,0.0,0.38,53,53
2003-06-14 08:00:00,8,1777.1,1781.0,42.11,41.44,0.0,0.67,40.68,40.3,0.0,0.38,54,54
2003-06-14 09:00:00,9,1911.0,1913.0,50.0,49.2,0.0,0.8,46.71,46.21,0.0,0.5,55,55
2003-06-14 10:00:00,10,1975.0,1971.0,52.54,51.72,0.0,0.82,46.8,46.38,0.0,0.42,57,57
2003-06-14 11:00:00,11,1994.2,1983.0,52.99,52.18,0.0,0.81,44.0,43.65,0.0,0.35,60,60
2003-06-14 12:00:00,12,1974.4,1978.0,50.45,49.69,0.0,0.76,45.06,44.69,0.0,0.37,65,61
2003-06-14 13:00:00,13,1969.4,1971.0,47.35,46.65,0.0,0.7,44.07,43.72,0.0,0.35,68,63
2003-06-14 14:00:00,14,1948.5,1952.0,47.32,46.61,0.0,0.71,44.26,43.86,0.0,0.4,72,64
2003-06-14 15:00:00,15,1946.3,1937.0,47.35,46.64,0.0,0.71,44.88,44.49,0.0,0.39,73,65
2003-06-14 16:00:00,16,1878.2,1941.0,46.61,45.91,0.0,0.7,45.22,44.84,0.0,0.38,71,64
2003-06-14 17:00:00,17,1865.9,1945.0,46.61,45.89,0.0,0.72,43.63,43.23,0.0,0.4,71,64
2003-06-14 18:00:00,18,1791.4,1930.0,45.25,44.54,0.0,0.71,42.62,42.23,0.0,0.39,72,64
2003-06-14 19:00:00,19,1769.7,1918.0,45.76,45.04,0.0,0.72,42.55,42.16,0.0,0.39,70,64
2003-06-14 20:00:00,20,1766.0,1950.0,47.36,46.67,-0.07,0.76,44.88,44.44,0.0,0.44,69,63
2003-06-14 21:00:00,21,1768.6,1954.0,43.49,42.82,0.0,0.67,45.13,44.71,0.0,0.42,66,62
2003-06-14 22:00:00,22,1654.2,1821.0,42.11,41.47,0.0,0.64,41.71,41.37,0.0,0.34,65,61
2003-06-14 23:00:00,23,1690.8,1645.0,38.36,37.78,0.0,0.58,42.81,42.64,0.0,0.17,65,60
2003-06-15 00:00:00,0,1842.6,1509.0,32.35,31.85,0.0,0.5,43.62,43.46,0.0,0.16,61,61
2003-06-15 01:00:00,1,2223.7,1414.0,30.0,29.52,0.0,0.48,27.1,26.97,0.0,0.13,60,60
2003-06-15 02:00:00,2,2176.9,1366.0,23.35,22.97,0.0,0.38,21.83,21.65,0.0,0.18,59,59
2003-06-15 03:00:00,3,2377.0,1335.0,23.0,22.62,0.0,0.38,1.34,1.33,0.0,0.01,59,59
2003-06-15 04:00:00,4,2362.1,1320.0,22.13,21.76,0.0,0.37,0.0,0.0,0.0,0.0,60,58
2003-06-15 05:00:00,5,2362.3,1298.0,22.13,21.76,0.0,0.37,0.0,0.0,0.0,0.0,60,58
2003-06-15 06:00:00,6,2377.4,1352.0,21.91,21.53,0.0,0.38,0.0,0.0,0.0,0.0,59,57
2003-06-15 07:00:00,7,1969.7,1482.0,30.48,29.95,0.0,0.53,18.94,18.75,0.0,0.19,61,58
2003-06-15 08:00:00,8,1655.2,1655.0,34.67,34.08,0.0,0.59,57.04,56.53,0.0,0.51,63,56
2003-06-15 09:00:00,9,1594.0,1797.0,41.92,41.22,0.0,0.7,45.93,45.46,0.0,0.47,66,57
2003-06-15 10:00:00,10,1691.5,1882.0,42.2,41.51,0.0,0.69,37.47,37.06,0.0,0.41,68,58
2003-06-15 11:00:00,11,1750.2,1925.0,43.41,42.71,0.0,0.7,40.67,40.26,0.0,0.41,71,57
2003-06-15 12:00:00,12,1752.0,1925.0,43.41,42.72,0.0,0.69,49.1,47.46,1.04,0.6,72,57
2003-06-15 13:00:00,13,1751.4,1900.0,42.19,41.53,0.0,0.66,46.27,44.92,0.74,0.61,74,53
2003-06-15 14:00:00,14,1735.9,1882.0,42.19,41.54,0.0,0.65,39.97,38.07,1.4,0.5,73,55
2003-06-15 15:00:00,15,1751.0,1873.0,42.19,41.54,0.0,0.65,37.22,36.78,0.0,0.44,75,52
2003-06-15 16:00:00,16,1785.8,1883.0,42.77,42.1,0.0,0.67,39.8,39.34,0.0,0.46,75,51
2003-06-15 17:00:00,17,1809.0,1894.0,43.26,42.57,0.0,0.69,41.41,40.93,0.0,0.48,74,50
2003-06-15 18:00:00,18,1747.9,1889.0,42.77,42.08,0.0,0.69,35.46,35.02,0.0,0.44,75,49
2003-06-15 19:00:00,19,1740.0,1882.0,43.26,42.57,0.0,0.69,33.11,32.67,0.0,0.44,73,47
2003-06-15 20:00:00,20,1780.9,1948.0,47.33,46.57,0.0,0.76,40.53,40.05,0.0,0.48,69,41
2003-06-15 21:00:00,21,1768.6,1961.0,42.77,42.1,0.0,0.67,41.17,40.64,0.0,0.53,65,44
2003-06-15 22:00:00,22,1636.1,1789.0,41.04,40.41,0.0,0.63,25.97,25.67,0.0,0.3,63,44
2003-06-15 23:00:00,23,1704.4,1595.0,33.57,33.06,0.0,0.51,23.1,22.93,0.0,0.17,60,46
2003-06-16 00:00:00,0,2401.0,1465.0,28.69,28.26,0.0,0.43,18.44,18.27,0.0,0.17,58,47
2003-06-16 01:00:00,1,2604.7,1390.0,25.79,25.4,0.0,0.39,6.55,6.48,0.0,0.07,56,51
2003-06-16 02:00:00,2,2565.8,1364.0,23.36,23.0,0.0,0.36,0.0,0.0,0.0,0.0,52,50
2003-06-16 03:00:00,3,2353.6,1348.0,20.09,19.77,0.0,0.32,0.0,0.0,0.0,0.0,51,49
2003-06-16 04:00:00,4,2309.8,1380.0,21.69,21.35,0.0,0.34,0.0,0.0,0.0,0.0,51,48
2003-06-16 05:00:00,5,2386.0,1481.0,26.21,25.8,0.0,0.41,19.4,19.17,0.0,0.23,51,48
2003-06-16 06:00:00,6,1557.5,1761.0,42.33,41.66,0.0,0.67,45.99,45.33,0.0,0.66,51,48
2003-06-16 07:00:00,7,1788.9,2036.0,45.07,44.37,0.0,0.7,45.03,44.38,0.0,0.65,52,48
2003-06-16 08:00:00,8,1896.6,2167.0,47.02,45.56,0.76,0.7,30.57,30.11,0.0,0.46,52,47
2003-06-16 09:00:00,9,2031.8,2232.0,48.66,46.33,1.64,0.69,35.52,34.97,0.0,0.55,55,47
2003-06-16 10:00:00,10,2052.8,2281.0,51.97,48.65,2.6,0.72,45.22,44.5,0.0,0.72,56,46
2003-06-16 11:00:00,11,2082.3,2305.0,52.75,49.98,2.04,0.73,47.36,46.58,0.0,0.78,58,47
2003-06-16 12:00:00,12,2136.1,2302.0,49.24,47.21,1.34,0.69,46.97,46.06,0.03,0.88,58,47
2003-06-16 13:00:00,13,2091.1,2315.0,51.47,48.86,1.91,0.7,46.53,45.36,0.31,0.86,59,47
2003-06-16 14:00:00,14,2139.0,2301.0,47.67,47.0,0.0,0.67,44.98,43.92,0.23,0.83,59,47
2003-06-16 15:00:00,15,2142.2,2281.0,47.67,46.99,0.0,0.68,46.91,45.64,0.41,0.86,60,47
2003-06-16 16:00:00,16,2176.4,2273.0,48.36,47.67,0.0,0.69,45.41,44.3,0.32,0.79,62,48
2003-06-16 17:00:00,17,2165.9,2234.0,47.44,46.75,0.0,0.69,44.46,43.49,0.2,0.77,62,48
2003-06-16 18:00:00,18,2066.9,2186.0,47.44,46.75,0.0,0.69,39.3,38.62,0.01,0.67,62,48
2003-06-16 19:00:00,19,2028.4,2145.0,46.91,46.23,0.0,0.68,27.36,26.96,0.0,0.4,62,47
2003-06-16 20:00:00,20,2059.4,2169.0,50.0,48.12,1.16,0.72,33.01,32.53,0.0,0.48,60,47
2003-06-16 21:00:00,21,2022.4,2143.0,42.87,42.24,0.0,0.63,43.2,42.5,0.0,0.7,57,47
2003-06-16 22:00:00,22,1809.6,1921.0,41.0,40.4,0.0,0.6,32.39,31.92,0.0,0.47,54,46
2003-06-16 23:00:00,23,2179.2,1696.0,35.16,34.65,0.0,0.51,25.83,25.44,0.0,0.39,52,46
2003-06-17 00:00:00,0,2177.3,1547.0,22.13,21.8,0.0,0.33,23.12,22.79,0.0,0.33,50,49
2003-06-17 01:00:00,1,2542.4,1470.0,18.48,18.2,0.0,0.28,18.54,18.26,0.0,0.28,48,48
2003-06-17 02:00:00,2,2676.5,1435.0,16.34,16.09,0.0,0.25,19.72,19.44,0.0,0.28,47,47
2003-06-17 03:00:00,3,2811.8,1414.0,16.3,16.05,0.0,0.25,9.78,9.66,0.0,0.12,48,48
2003-06-17 04:00:00,4,2704.3,1442.0,16.34,16.08,0.0,0.26,0.0,0.0,0.0,0.0,47,47
2003-06-17 05:00:00,5,2354.3,1547.0,20.09,19.77,0.0,0.32,24.24,23.98,0.0,0.26,48,48
2003-06-17 06:00:00,6,1644.4,1810.0,38.17,37.56,0.0,0.61,42.63,41.96,0.0,0.67,48,48
2003-06-17 07:00:00,7,1773.2,2056.0,41.03,40.4,0.0,0.63,43.91,43.17,0.0,0.74,48,48
2003-06-17 08:00:00,8,1906.5,2158.0,41.29,40.65,0.0,0.64,40.57,39.82,0.0,0.75,49,49
2003-06-17 09:00:00,9,1995.1,2213.0,43.0,42.34,0.0,0.66,42.33,41.54,0.0,0.79,51,51
2003-06-17 10:00:00,10,2017.0,2281.0,45.88,45.19,0.0,0.69,42.29,41.51,0.0,0.78,56,52
2003-06-17 11:00:00,11,2044.8,2322.0,46.41,45.72,0.0,0.69,45.25,44.34,0.0,0.91,59,51
2003-06-17 12:00:00,12,2057.8,2334.0,47.49,46.78,0.0,0.71,44.5,43.63,0.0,0.87,63,50
2003-06-17 13:00:00,13,2068.4,2360.0,47.52,46.99,-0.19,0.72,46.35,45.42,0.0,0.93,65,52
2003-06-17 14:00:00,14,1998.9,2348.0,47.52,46.98,-0.17,0.71,46.37,45.45,0.0,0.92,67,51
2003-06-17 15:00:00,15,1993.1,2327.0,47.09,46.56,-0.18,0.71,40.19,38.62,0.8,0.77,68,53
2003-06-17 16:00:00,16,2038.3,2318.0,48.0,47.49,-0.22,0.73,41.54,40.29,0.54,0.71,69,51
2003-06-17 17:00:00,17,2010.1,2272.0,46.43,45.81,-0.09,0.71,45.28,44.47,0.02,0.79,70,51
2003-06-17 18:00:00,18,1920.1,2209.0,42.99,42.33,0.0,0.66,37.35,36.7,0.0,0.65,70,52
2003-06-17 19:00:00,19,1887.0,2156.0,42.83,42.18,0.0,0.65,33.8,33.26,0.0,0.54,66,52
2003-06-17 20:00:00,20,1938.6,2178.0,43.01,42.35,0.0,0.66,41.69,41.01,0.0,0.68,62,50
2003-06-17 21:00:00,21,1839.2,2145.0,42.15,41.51,0.0,0.64,41.98,41.34,0.0,0.64,59,50
2003-06-17 22:00:00,22,2173.1,1927.0,34.82,34.29,0.0,0.53,30.54,30.15,0.0,0.39,56,50
2003-06-17 23:00:00,23,2047.4,1710.0,32.41,31.92,0.0,0.49,9.39,9.3,0.0,0.09,54,50
2003-06-18 00:00:00,0,2075.8,1568.0,22.21,21.89,0.0,0.32,28.84,28.64,0.0,0.2,53,52
2003-06-18 01:00:00,1,2313.3,1490.0,15.0,14.78,0.0,0.22,33.53,33.2,0.0,0.33,52,52
2003-06-18 02:00:00,2,2315.7,1452.0,12.11,11.93,0.0,0.18,32.14,31.79,0.0,0.35,52,52
2003-06-18 03:00:00,3,2343.8,1435.0,10.89,10.72,0.0,0.17,24.0,23.75,0.0,0.25,52,52
2003-06-18 04:00:00,4,2323.3,1459.0,12.34,12.16,0.0,0.18,26.06,25.79,0.0,0.27,53,53
2003-06-18 05:00:00,5,2112.6,1564.0,20.32,20.0,0.0,0.32,37.98,37.56,0.0,0.42,53,53
2003-06-18 06:00:00,6,1776.5,1815.0,40.85,40.23,0.0,0.62,29.11,28.76,0.0,0.35,54,54
2003-06-18 07:00:00,7,1802.6,2077.0,49.78,48.98,0.0,0.8,52.1,50.98,0.33,0.79,55,55
2003-06-18 08:00:00,8,1898.6,2198.0,45.24,44.51,0.0,0.73,60.4,58.05,1.4,0.95,56,56
2003-06-18 09:00:00,9,1960.8,2250.0,47.52,46.77,0.0,0.75,51.5,50.39,0.27,0.84,56,56
2003-06-18 10:00:00,10,1877.2,2308.0,52.42,51.6,0.0,0.82,53.31,52.3,0.06,0.95,57,57
2003-06-18 11:00:00,11,1897.3,2332.0,52.06,51.25,0.0,0.81,50.34,49.45,0.0,0.89,57,57
2003-06-18 12:00:00,12,1899.8,2331.0,53.08,52.26,0.0,0.82,48.33,47.52,0.0,0.81,58,58
2003-06-18 13:00:00,13,1853.6,2338.0,59.47,56.16,2.43,0.88,47.76,46.93,0.0,0.83,59,59
2003-06-18 14:00:00,14,1929.8,2316.0,49.72,48.95,0.0,0.77,53.3,51.82,0.52,0.96,60,60
2003-06-18 15:00:00,15,1892.1,2303.0,52.82,52.01,0.0,0.81,74.51,70.66,2.69,1.16,62,62
2003-06-18 16:00:00,16,1813.8,2298.0,62.15,58.28,2.94,0.93,78.93,74.68,3.07,1.18,62,62
2003-06-18 17:00:00,17,1850.6,2264.0,58.0,54.77,2.35,0.88,49.91,48.62,0.49,0.8,62,62
2003-06-18 18:00:00,18,1925.1,2235.0,47.52,46.77,0.0,0.75,48.0,47.41,0.0,0.59,62,62
2003-06-18 19:00:00,19,1925.1,2217.0,45.24,44.53,0.0,0.71,53.06,52.46,0.0,0.6,62,62
2003-06-18 20:00:00,20,1940.8,2227.0,45.97,45.24,0.0,0.73,61.04,60.41,0.0,0.63,61,61
2003-06-18 21:00:00,21,1879.8,2147.0,44.93,43.8,0.43,0.7,66.69,66.05,0.0,0.64,61,61
2003-06-18 22:00:00,22,1584.5,1938.0,42.14,41.52,0.0,0.62,34.76,34.42,0.0,0.34,61,61
2003-06-18 23:00:00,23,1868.2,1734.0,29.87,29.44,0.0,0.43,40.02,39.71,0.0,0.31,61,61
2003-06-19 00:00:00,0,1735.9,1602.0,36.91,36.35,0.0,0.56,43.0,42.6,0.0,0.4,61,61
2003-06-19 01:00:00,1,2191.4,1527.0,36.86,36.29,0.0,0.57,42.24,41.81,0.0,0.43,60,60
2003-06-19 02:00:00,2,2361.0,1489.0,36.7,36.11,0.0,0.59,39.81,39.38,0.0,0.43,60,60
2003-06-19 03:00:00,3,2346.2,1469.0,30.02,29.54,0.0,0.48,27.12,26.83,0.0,0.29,60,60
2003-06-19 04:00:00,4,2373.0,1489.0,31.75,31.24,0.0,0.51,38.1,37.66,0.0,0.44,60,60
2003-06-19 05:00:00,5,2239.0,1600.0,38.05,37.43,0.0,0.62,50.16,49.52,0.0,0.64,60,60
2003-06-19 06:00:00,6,1775.1,1848.0,45.97,45.24,0.0,0.73,45.24,44.72,0.0,0.52,60,60
2003-06-19 07:00:00,7,1995.3,2106.0,51.13,50.32,0.0,0.81,57.03,56.37,0.0,0.66,60,60
2003-06-19 08:00:00,8,2100.2,2240.0,46.53,45.79,0.0,0.74,48.37,47.87,0.0,0.5,62,60
2003-06-19 09:00:00,9,2139.5,2323.0,51.0,50.2,0.0,0.8,47.79,47.32,0.0,0.47,62,59
2003-06-19 10:00:00,10,2094.3,2383.0,54.97,54.11,0.0,0.86,50.7,50.18,0.0,0.52,64,59
2003-06-19 11:00:00,11,2047.1,2411.0,54.92,54.08,0.0,0.84,56.67,56.07,0.0,0.6,65,59
2003-06-19 12:00:00,12,2052.8,2419.0,53.77,52.96,0.0,0.81,61.32,60.63,0.0,0.69,66,60
2003-06-19 13:00:00,13,2093.4,2439.0,57.18,56.32,0.0,0.86,60.41,59.66,0.0,0.75,69,60
2003-06-19 14:00:00,14,2044.8,2424.0,52.24,51.45,0.0,0.79,62.87,62.13,0.0,0.74,68,60
2003-06-19 15:00:00,15,2100.0,2390.0,53.77,52.96,0.0,0.81,58.76,58.02,0.0,0.74,68,61
2003-06-19 16:00:00,16,2191.7,2374.0,57.18,56.3,0.0,0.88,48.13,47.48,0.0,0.65,68,60
2003-06-19 17:00:00,17,2157.2,2337.0,51.74,50.94,0.0,0.8,47.82,47.16,0.0,0.66,70,62
2003-06-19 18:00:00,18,2139.5,2291.0,45.68,44.97,0.0,0.71,51.16,50.44,0.0,0.72,70,61
2003-06-19 19:00:00,19,2095.4,2247.0,44.23,43.55,0.0,0.68,51.62,50.93,0.0,0.69,70,62
2003-06-19 20:00:00,20,2109.9,2266.0,44.23,43.68,-0.14,0.69,58.88,58.12,0.0,0.76,67,62
2003-06-19 21:00:00,21,2025.1,2255.0,46.74,45.19,0.84,0.71,66.62,65.89,0.0,0.73,64,62
2003-06-19 22:00:00,22,1858.5,2050.0,41.57,40.93,0.0,0.64,48.52,48.04,0.0,0.48,64,60
2003-06-19 23:00:00,23,1594.5,1820.0,38.17,37.59,0.0,0.58,39.23,38.87,0.0,0.36,63,60
2003-06-20 00:00:00,0,1775.9,1667.0,38.15,37.57,0.0,0.58,44.64,44.19,0.0,0.45,64,61
2003-06-20 01:00:00,1,2157.6,1575.0,36.65,36.08,0.0,0.57,41.17,40.73,0.0,0.44,64,60
2003-06-20 02:00:00,2,2365.3,1531.0,34.18,33.64,0.0,0.54,40.85,40.38,0.0,0.47,63,60
2003-06-20 03:00:00,3,2566.4,1512.0,30.5,30.01,0.0,0.49,41.55,41.0,0.0,0.55,62,60
2003-06-20 04:00:00,4,2463.6,1527.0,30.74,30.24,0.0,0.5,42.26,41.68,0.0,0.58,62,60
2003-06-20 05:00:00,5,2170.1,1632.0,38.15,37.53,0.0,0.62,44.14,43.45,0.0,0.69,62,60
2003-06-20 06:00:00,6,1673.5,1853.0,49.99,49.19,0.0,0.8,43.84,43.21,0.0,0.63,61,60
2003-06-20 07:00:00,7,1911.4,2093.0,50.31,49.51,0.0,0.8,47.69,47.07,0.0,0.62,60,59
2003-06-20 08:00:00,8,2087.6,2240.0,47.86,47.11,0.0,0.75,63.54,62.87,0.0,0.67,59,59
2003-06-20 09:00:00,9,2182.0,2318.0,47.99,47.25,0.0,0.74,73.68,73.21,0.0,0.47,59,59
2003-06-20 10:00:00,10,2090.1,2362.0,52.18,51.38,0.0,0.8,67.39,66.95,0.0,0.44,59,58
2003-06-20 11:00:00,11,2105.8,2384.0,52.18,51.39,0.0,0.79,86.26,88.45,-2.87,0.68,60,58
2003-06-20 12:00:00,12,2154.2,2378.0,51.53,50.74,0.0,0.79,62.45,61.82,0.0,0.63,62,58
2003-06-20 13:00:00,13,2125.5,2376.0,53.0,52.2,0.0,0.8,56.77,56.16,0.0,0.61,64,58
2003-06-20 14:00:00,14,2217.2,2347.0,51.22,50.44,0.0,0.78,49.32,48.8,0.0,0.52,67,59
2003-06-20 15:00:00,15,2203.6,2310.0,51.99,51.2,0.0,0.79,48.62,48.09,0.0,0.53,68,58
2003-06-20 16:00:00,16,2248.5,2286.0,52.18,51.37,0.0,0.81,51.3,50.72,0.0,0.58,69,58
2003-06-20 17:00:00,17,2171.4,2223.0,51.6,50.77,0.0,0.83,50.01,49.41,0.0,0.6,69,58
2003-06-20 18:00:00,18,2039.9,2155.0,46.06,45.32,0.0,0.74,44.62,44.15,0.0,0.47,69,57
2003-06-20 19:00:00,19,1990.6,2096.0,49.41,48.63,0.0,0.78,42.18,41.75,0.0,0.43,67,57
2003-06-20 20:00:00,20,1997.1,2109.0,49.19,48.4,0.0,0.79,44.03,43.62,0.0,0.41,65,56
2003-06-20 21:00:00,21,1957.9,2078.0,47.98,47.21,0.0,0.77,39.23,38.83,0.0,0.4,63,54
2003-06-20 22:00:00,22,1737.3,1912.0,39.99,39.37,0.0,0.62,26.13,25.91,0.0,0.22,61,54
2003-06-20 23:00:00,23,1550.5,1716.0,35.14,34.6,0.0,0.54,36.24,36.02,0.0,0.22,61,53
2003-06-21 00:00:00,0,1926.9,1566.0,40.12,39.49,0.0,0.63,76.9,76.43,0.0,0.47,60,52
2003-06-21 01:00:00,1,2279.2,1474.0,39.96,39.32,0.0,0.64,54.08,53.61,0.0,0.47,59,53
2003-06-21 02:00:00,2,2489.4,1423.0,35.1,34.53,0.0,0.57,46.38,45.87,0.0,0.51,59,53
2003-06-21 03:00:00,3,2691.4,1396.0,35.0,34.43,0.0,0.57,44.16,43.72,0.0,0.44,58,53
2003-06-21 04:00:00,4,2689.1,1391.0,34.23,33.67,0.0,0.56,41.64,41.23,0.0,0.41,58,52
2003-06-21 05:00:00,5,2442.3,1395.0,36.86,36.25,0.0,0.61,44.95,44.54,0.0,0.41,57,52
2003-06-21 06:00:00,6,2097.1,1469.0,40.12,39.45,0.0,0.67,41.96,41.66,0.0,0.3,58,51
2003-06-21 07:00:00,7,1925.5,1621.0,41.78,41.08,0.0,0.7,36.66,36.18,0.0,0.48,58,51
2003-06-21 08:00:00,8,1905.8,1810.0,43.11,42.39,0.0,0.72,45.08,44.54,0.0,0.54,59,53
2003-06-21 09:00:00,9,1767.1,1940.0,50.99,50.15,0.0,0.84,49.5,48.95,0.0,0.55,61,54
2003-06-21 10:00:00,10,1870.5,2011.0,51.09,50.26,0.0,0.83,50.75,50.14,0.0,0.61,64,54
2003-06-21 11:00:00,11,1890.8,2033.0,51.09,50.27,0.0,0.82,47.92,47.36,0.0,0.56,68,52
2003-06-21 12:00:00,12,1869.9,2014.0,50.51,49.7,0.0,0.81,48.38,47.78,0.0,0.6,70,51
2003-06-21 13:00:00,13,1877.1,1981.0,48.62,47.83,0.0,0.79,47.11,46.54,0.0,0.57,70,52
2003-06-21 14:00:00,14,1851.6,1945.0,47.53,46.77,0.0,0.76,44.86,44.3,0.0,0.56,67,51
2003-06-21 15:00:00,15,1842.2,1919.0,46.71,45.94,0.0,0.77,43.92,43.49,0.0,0.43,66,53
2003-06-21 16:00:00,16,1859.1,1925.0,47.53,46.75,0.0,0.78,41.92,41.53,0.0,0.39,63,54
2003-06-21 17:00:00,17,1852.7,1930.0,47.53,46.74,0.0,0.79,40.67,40.33,0.0,0.34,60,56
2003-06-21 18:00:00,18,1743.6,1905.0,45.63,44.87,0.0,0.76,37.2,36.88,0.0,0.32,58,55
2003-06-21 19:00:00,19,1731.6,1886.0,46.0,45.23,0.0,0.77,36.62,36.33,0.0,0.29,57,57
2003-06-21 20:00:00,20,1737.1,1883.0,50.0,49.15,0.0,0.85,41.34,41.02,0.0,0.32,53,53
2003-06-21 21:00:00,21,1718.4,1832.0,45.56,44.81,0.0,0.75,35.12,34.86,0.0,0.26,53,53
2003-06-21 22:00:00,22,1642.0,1706.0,41.73,41.06,0.0,0.67,36.41,36.13,0.0,0.28,53,52
2003-06-21 23:00:00,23,1484.0,1561.0,35.1,34.55,0.0,0.55,32.22,32.02,0.0,0.2,54,54
2003-06-22 00:00:00,0,1919.5,1441.0,34.98,34.44,0.0,0.54,33.51,33.21,0.0,0.3,54,54
2003-06-22 01:00:00,1,2282.6,1371.0,34.98,34.43,0.0,0.55,37.1,36.65,0.0,0.45,55,54
2003-06-22 02:00:00,2,2449.8,1328.0,31.89,31.38,0.0,0.51,29.93,29.57,0.0,0.36,55,55
2003-06-22 03:00:00,3,2403.6,1300.0,29.98,29.5,0.0,0.48,30.81,30.43,0.0,0.38,55,55
2003-06-22 04:00:00,4,2380.9,1289.0,29.31,28.84,0.0,0.47,32.11,31.68,0.0,0.43,55,55
2003-06-22 05:00:00,5,2380.6,1293.0,29.98,29.49,0.0,0.49,37.33,36.75,0.0,0.58,54,54
2003-06-22 06:00:00,6,2410.7,1330.0,32.0,31.46,0.0,0.54,33.97,33.51,0.0,0.46,55,55
2003-06-22 07:00:00,7,2072.8,1433.0,40.6,39.89,0.0,0.71,40.52,39.85,0.0,0.67,55,55
2003-06-22 08:00:00,8,1507.9,1580.0,40.39,39.7,0.0,0.69,36.47,35.98,0.0,0.49,55,55
2003-06-22 09:00:00,9,1675.6,1723.0,44.47,43.72,0.0,0.75,37.83,37.38,0.0,0.45,56,56
2003-06-22 10:00:00,10,1779.3,1820.0,45.13,44.38,0.0,0.75,44.68,44.16,0.0,0.52,54,54
2003-06-22 11:00:00,11,1835.8,1890.0,45.95,45.21,0.0,0.74,43.35,42.91,0.0,0.44,54,54
2003-06-22 12:00:00,12,1861.1,1913.0,46.65,45.9,0.0,0.75,42.77,42.31,0.0,0.46,53,53
2003-06-22 13:00:00,13,1829.5,1903.0,45.14,44.42,0.0,0.72,40.84,40.4,0.0,0.44,55,55
2003-06-22 14:00:00,14,1818.0,1863.0,44.47,43.76,0.0,0.71,31.42,31.12,0.0,0.3,55,55
2003-06-22 15:00:00,15,1833.4,1844.0,44.05,43.34,0.0,0.71,34.65,34.29,0.0,0.36,56,56
2003-06-22 16:00:00,16,1893.9,1867.0,45.46,44.73,0.0,0.73,44.45,43.93,0.0,0.52,55,55
2003-06-22 17:00:00,17,1914.0,1912.0,46.8,46.02,0.0,0.78,41.97,41.51,0.0,0.46,55,55
2003-06-22 18:00:00,18,1851.8,1918.0,44.71,43.97,0.0,0.74,41.81,41.38,0.0,0.43,54,54
2003-06-22 19:00:00,19,1808.9,1910.0,45.78,45.03,0.0,0.75,43.84,43.41,0.0,0.43,54,54
2003-06-22 20:00:00,20,1857.4,1914.0,49.45,48.64,0.0,0.81,56.88,56.32,0.0,0.56,54,54
2003-06-22 21:00:00,21,1827.3,1849.0,46.8,46.05,0.0,0.75,47.52,47.17,0.0,0.35,56,55
2003-06-22 22:00:00,22,1697.5,1703.0,41.15,40.5,0.0,0.65,34.06,33.85,0.0,0.21,55,54
2003-06-22 23:00:00,23,1569.9,1547.0,41.42,40.78,0.0,0.64,24.5,24.34,0.0,0.16,56,55
2003-06-23 00:00:00,0,1669.7,1429.0,41.86,41.22,0.0,0.64,31.95,31.62,0.0,0.33,57,55
2003-06-23 01:00:00,1,2090.1,1367.0,42.12,41.46,0.0,0.66,37.47,36.94,0.0,0.53,57,54
2003-06-23 02:00:00,2,2115.0,1346.0,37.78,37.18,0.0,0.6,30.65,30.24,0.0,0.41,57,55
2003-06-23 03:00:00,3,2276.2,1341.0,37.67,37.07,0.0,0.6,28.01,27.63,0.0,0.38,57,54
2003-06-23 04:00:00,4,2091.9,1372.0,33.58,33.04,0.0,0.54,20.28,20.04,0.0,0.24,56,54
2003-06-23 05:00:00,5,2139.6,1485.0,34.71,34.16,0.0,0.55,21.61,21.36,0.0,0.25,56,55
2003-06-23 06:00:00,6,1752.9,1728.0,40.3,39.67,0.0,0.63,28.4,28.11,0.0,0.29,57,57
2003-06-23 07:00:00,7,2083.3,1989.0,45.82,45.12,0.0,0.7,23.03,22.81,0.0,0.22,58,57
2003-06-23 08:00:00,8,2184.5,2144.0,46.68,45.98,0.0,0.7,36.17,35.78,0.0,0.39,62,59
2003-06-23 09:00:00,9,2317.0,2242.0,49.78,49.75,-0.71,0.74,44.32,43.76,0.0,0.56,63,58
2003-06-23 10:00:00,10,2353.5,2344.0,54.4,54.53,-0.93,0.8,48.79,48.16,0.0,0.63,61,58
2003-06-23 11:00:00,11,2394.7,2412.0,52.97,56.8,-4.65,0.82,47.41,46.76,0.0,0.65,67,60
2003-06-23 12:00:00,12,2412.6,2441.0,54.19,57.16,-3.79,0.82,45.1,44.49,0.0,0.61,70,59
2003-06-23 13:00:00,13,2374.3,2479.0,54.58,67.03,-13.4,0.95,47.68,47.07,0.0,0.61,72,61
2003-06-23 14:00:00,14,2280.0,2490.0,55.46,68.47,-13.98,0.97,48.6,48.04,0.0,0.56,73,61
2003-06-23 15:00:00,15,2329.6,2485.0,54.64,67.07,-13.38,0.95,50.0,49.42,0.0,0.58,75,61
2003-06-23 16:00:00,16,2502.2,2486.0,53.55,65.32,-12.69,0.92,52.19,51.5,0.0,0.69,76,63
2003-06-23 17:00:00,17,2483.8,2453.0,55.59,67.25,-12.63,0.97,55.8,55.38,0.0,0.42,75,64
2003-06-23 18:00:00,18,2357.5,2380.0,51.96,58.26,-7.13,0.83,46.56,46.23,0.0,0.33,74,64
2003-06-23 19:00:00,19,2294.7,2332.0,53.37,52.94,-0.33,0.76,43.09,42.81,0.0,0.28,72,65
2003-06-23 20:00:00,20,2341.5,2372.0,53.37,53.14,-0.53,0.76,47.16,46.75,0.0,0.41,71,65
2003-06-23 21:00:00,21,2287.4,2322.0,49.21,48.71,-0.2,0.7,45.49,45.11,0.0,0.38,71,65
2003-06-23 22:00:00,22,2011.9,2105.0,46.84,46.18,0.0,0.66,40.93,40.58,0.0,0.35,70,65
2003-06-23 23:00:00,23,1751.4,1876.0,47.72,47.04,0.0,0.68,40.68,40.41,0.0,0.27,69,65
2003-06-24 00:00:00,0,1622.4,1712.0,42.83,42.21,0.0,0.62,49.39,49.0,0.0,0.39,67,63
2003-06-24 01:00:00,1,1798.1,1620.0,42.0,41.37,0.0,0.63,39.07,38.7,0.0,0.37,67,64
2003-06-24 02:00:00,2,1994.9,1575.0,40.33,39.71,0.0,0.62,44.65,44.25,0.0,0.4,67,65
2003-06-24 03:00:00,3,2146.1,1547.0,40.15,39.53,0.0,0.62,44.67,44.24,0.0,0.43,66,64
2003-06-24 04:00:00,4,2208.6,1564.0,33.25,32.73,0.0,0.52,26.78,26.53,0.0,0.25,65,63
2003-06-24 05:00:00,5,2360.2,1659.0,37.0,36.42,0.0,0.58,22.67,22.46,0.0,0.21,65,64
2003-06-24 06:00:00,6,2157.4,1901.0,45.68,44.97,0.0,0.71,36.62,36.25,0.0,0.37,66,64
2003-06-24 07:00:00,7,1964.2,2182.0,58.4,59.13,-1.62,0.89,47.88,47.42,0.0,0.46,69,65
2003-06-24 08:00:00,8,2192.0,2368.0,57.8,50.68,6.37,0.75,53.22,52.73,0.0,0.49,72,66
2003-06-24 09:00:00,9,2341.0,2504.0,64.37,56.42,7.12,0.83,48.91,48.25,0.0,0.66,77,67
2003-06-24 10:00:00,10,2433.0,2644.0,65.74,60.95,3.91,0.88,57.84,57.24,0.0,0.6,78,68
2003-06-24 11:00:00,11,2425.4,2733.0,68.07,63.8,3.36,0.91,58.08,57.57,0.0,0.51,80,67
2003-06-24 12:00:00,12,2330.0,2799.0,67.13,63.3,2.94,0.89,55.44,54.84,0.0,0.6,82,66
2003-06-24 13:00:00,13,2273.1,2870.0,74.43,68.22,5.25,0.96,56.28,55.68,0.0,0.6,84,67
2003-06-24 14:00:00,14,2186.4,2884.0,75.3,71.24,3.07,0.99,56.09,55.59,0.0,0.5,85,69
2003-06-24 15:00:00,15,2360.2,2909.0,73.33,70.87,1.48,0.98,62.57,64.04,-2.09,0.62,86,70
2003-06-24 16:00:00,16,2331.9,2926.0,72.97,71.96,0.0,1.01,60.81,69.28,-9.13,0.66,86,70
2003-06-24 17:00:00,17,2302.6,2898.0,73.11,63.94,8.26,0.91,57.85,59.34,-2.16,0.67,85,72
2003-06-24 18:00:00,18,2437.9,2850.0,63.92,60.81,2.23,0.88,52.41,53.68,-1.78,0.51,87,69
2003-06-24 19:00:00,19,2421.2,2784.0,61.92,57.54,3.56,0.82,54.18,64.52,-11.09,0.75,85,70
2003-06-24 20:00:00,20,2391.9,2772.0,64.07,57.01,6.23,0.83,54.32,60.56,-6.95,0.71,81,71
2003-06-24 21:00:00,21,2305.1,2733.0,59.36,53.43,5.16,0.77,52.55,55.24,-3.27,0.58,76,72
2003-06-24 22:00:00,22,2012.9,2468.0,52.48,45.95,5.88,0.65,46.09,45.61,0.0,0.48,75,73
2003-06-24 23:00:00,23,1814.9,2184.0,50.38,49.66,0.0,0.72,49.68,49.12,0.0,0.56,73,71
2003-06-25 00:00:00,0,2062.6,1991.0,45.0,44.4,0.0,0.6,48.29,47.7,0.0,0.59,74,67
2003-06-25 01:00:00,1,2574.9,1855.0,44.72,44.11,0.0,0.61,47.58,46.91,0.0,0.67,74,65
2003-06-25 02:00:00,2,2532.0,1779.0,42.99,42.39,0.0,0.6,46.82,46.12,0.0,0.7,73,62
2003-06-25 03:00:00,3,2511.6,1729.0,42.85,42.24,0.0,0.61,45.38,44.66,0.0,0.72,72,61
2003-06-25 04:00:00,4,2726.1,1731.0,40.94,40.35,0.0,0.59,40.11,39.5,0.0,0.61,70,60
2003-06-25 05:00:00,5,2726.4,1798.0,41.37,40.78,0.0,0.59,30.96,30.53,0.0,0.43,71,60
2003-06-25 06:00:00,6,2719.4,2041.0,45.12,44.47,0.0,0.65,41.17,40.59,0.0,0.58,72,57
2003-06-25 07:00:00,7,2505.4,2343.0,53.24,51.62,0.89,0.73,47.34,46.61,0.0,0.73,72,59
2003-06-25 08:00:00,8,2540.2,2562.0,54.93,52.97,1.22,0.74,49.01,48.35,0.0,0.66,75,60
2003-06-25 09:00:00,9,2689.6,2731.0,60.3,58.55,0.94,0.81,49.96,49.27,0.0,0.69,79,64
2003-06-25 10:00:00,10,2531.7,2877.0,67.59,63.97,2.76,0.86,61.2,60.25,0.0,0.95,81,64
2003-06-25 11:00:00,11,2340.5,2975.0,79.0,77.72,0.25,1.03,68.21,67.28,0.0,0.93,84,64
2003-06-25 12:00:00,12,2262.5,3035.0,80.0,75.54,3.48,0.98,59.75,58.81,0.08,0.86,86,64
2003-06-25 13:00:00,13,2371.0,3094.0,82.15,77.32,3.84,0.99,76.09,72.33,2.67,1.09,87,63
2003-06-25 14:00:00,14,2279.0,3117.0,83.44,79.24,3.19,1.01,78.16,68.51,8.66,0.99,88,64
2003-06-25 15:00:00,15,2298.5,3134.0,90.07,79.47,9.57,1.03,79.5,81.17,-2.77,1.1,88,64
2003-06-25 16:00:00,16,2305.7,3128.0,90.0,81.82,7.12,1.06,81.83,90.68,-10.03,1.18,87,64
2003-06-25 17:00:00,17,2324.8,3072.0,90.0,80.82,8.12,1.06,64.52,72.54,-8.93,0.91,86,68
2003-06-25 18:00:00,18,2504.6,2999.0,76.79,73.49,2.33,0.97,55.98,64.64,-9.49,0.83,85,67
2003-06-25 19:00:00,19,2494.7,2921.0,70.48,67.79,1.82,0.87,54.06,61.74,-8.48,0.8,83,68
2003-06-25 20:00:00,20,2538.0,2914.0,63.0,60.67,1.53,0.8,62.75,63.13,-1.22,0.84,80,67
2003-06-25 21:00:00,21,2564.2,2863.0,60.0,58.03,1.2,0.77,58.08,57.65,-0.34,0.77,79,66
2003-06-25 22:00:00,22,2217.3,2603.0,54.87,52.38,1.79,0.7,48.9,48.05,0.25,0.6,77,66
2003-06-25 23:00:00,23,2153.4,2329.0,47.8,47.16,0.0,0.64,50.62,49.88,0.0,0.74,77,66
2003-06-26 00:00:00,0,2994.9,2136.0,47.04,46.45,0.0,0.59,50.22,48.98,0.27,0.97,77,66
2003-06-26 01:00:00,1,2909.0,2010.0,45.81,45.22,0.0,0.59,45.42,44.57,0.0,0.85,76,67
2003-06-26 02:00:00,2,2862.0,1937.0,45.48,44.88,0.0,0.6,44.44,43.58,0.0,0.86,75,67
2003-06-26 03:00:00,3,2912.5,1894.0,44.69,44.09,0.0,0.6,45.26,44.39,0.0,0.87,74,68
2003-06-26 04:00:00,4,2936.1,1902.0,44.69,44.08,0.0,0.61,46.59,45.65,0.0,0.94,75,68
2003-06-26 05:00:00,5,2982.3,1985.0,45.67,45.05,0.0,0.62,42.75,41.84,0.0,0.91,74,67
2003-06-26 06:00:00,6,3377.2,2239.0,49.39,48.73,0.0,0.66,49.41,47.26,1.14,1.01,74,68
2003-06-26 07:00:00,7,2422.5,2558.0,60.47,57.38,2.35,0.74,52.44,51.42,0.05,0.97,75,69
2003-06-26 08:00:00,8,2464.6,2796.0,54.0,55.88,-2.6,0.72,60.14,58.9,0.3,0.94,78,70
2003-06-26 09:00:00,9,2617.7,2977.0,56.3,63.94,-8.46,0.82,69.67,67.59,1.15,0.93,82,71
2003-06-26 10:00:00,10,2518.6,3123.0,61.74,69.94,-9.08,0.88,82.57,78.87,2.72,0.98,83,70
2003-06-26 11:00:00,11,2371.8,3219.0,65.82,74.68,-9.8,0.94,86.74,82.75,3.04,0.95,85,70
2003-06-26 12:00:00,12,2412.9,3278.0,66.72,75.99,-10.2,0.93,92.84,88.4,3.55,0.89,86,70
2003-06-26 13:00:00,13,2434.4,3327.0,68.47,83.94,-16.49,1.02,94.17,89.72,3.56,0.89,86,71
2003-06-26 14:00:00,14,2353.1,3331.0,77.58,109.68,-33.42,1.32,103.01,97.5,4.49,1.02,87,72
2003-06-26 15:00:00,15,2338.7,3329.0,69.78,97.06,-28.44,1.16,82.98,79.58,2.73,0.67,88,71
2003-06-26 16:00:00,16,2493.8,3326.0,70.69,105.38,-35.98,1.29,85.84,82.37,2.76,0.71,88,72
2003-06-26 17:00:00,17,2434.8,3282.0,69.0,86.94,-19.01,1.07,76.67,74.55,1.55,0.57,87,71
2003-06-26 18:00:00,18,2504.8,3209.0,61.45,71.8,-11.24,0.89,67.89,67.7,-0.38,0.57,87,71
2003-06-26 19:00:00,19,2624.7,3122.0,59.44,73.19,-14.65,0.9,63.51,62.5,0.4,0.61,86,72
2003-06-26 20:00:00,20,2654.9,3109.0,58.0,72.1,-14.99,0.89,62.74,61.09,0.96,0.69,83,73
2003-06-26 21:00:00,21,2561.5,3053.0,55.23,62.69,-8.25,0.79,63.92,63.83,-0.64,0.73,81,73
2003-06-26 22:00:00,22,2732.7,2788.0,51.97,50.79,0.54,0.64,51.09,49.56,0.78,0.75,79,74
2003-06-26 23:00:00,23,2756.0,2497.0,47.6,46.87,0.12,0.61,50.38,49.04,0.52,0.82,76,73
2003-06-27 00:00:00,0,2993.2,2280.0,50.33,49.07,0.53,0.73,56.58,54.24,1.22,1.12,75,73
2003-06-27 01:00:00,1,3211.4,2148.0,46.54,45.63,0.22,0.69,45.54,44.53,0.04,0.97,74,73
2003-06-27 02:00:00,2,3167.0,2065.0,45.65,44.5,0.47,0.68,44.28,43.18,0.0,1.1,73,73
2003-06-27 03:00:00,3,3136.3,2011.0,45.34,44.19,0.47,0.68,44.94,43.95,0.0,0.99,73,72
2003-06-27 04:00:00,4,3147.2,2005.0,45.29,44.07,0.53,0.69,44.08,43.07,0.0,1.01,74,71
2003-06-27 05:00:00,5,2980.9,2072.0,45.8,44.59,0.51,0.7,44.95,44.01,0.0,0.94,74,71
2003-06-27 06:00:00,6,2820.9,2310.0,54.45,52.54,1.08,0.83,50.57,49.22,0.28,1.07,73,71
2003-06-27 07:00:00,7,2452.4,2613.0,61.05,63.31,-3.24,0.98,59.5,57.84,0.53,1.13,74,72
2003-06-27 08:00:00,8,2535.9,2863.0,64.37,68.06,-4.72,1.03,78.63,75.01,2.07,1.55,78,73
2003-06-27 09:00:00,9,2509.7,3066.0,65.59,118.33,-54.52,1.78,95.52,90.11,3.59,1.82,80,73
2003-06-27 10:00:00,10,2604.1,3218.0,71.08,140.64,-71.63,2.07,86.48,81.86,3.14,1.48,83,73
2003-06-27 11:00:00,11,2637.3,3324.0,74.05,155.52,-83.73,2.26,101.73,95.57,4.47,1.69,85,74
2003-06-27 12:00:00,12,2671.9,3365.0,73.23,143.68,-72.5,2.05,112.51,103.0,7.65,1.86,85,73
2003-06-27 13:00:00,13,2622.0,3383.0,77.25,140.14,-64.88,1.99,141.66,129.45,10.29,1.92,87,73
2003-06-27 14:00:00,14,2527.6,3363.0,80.0,146.99,-69.08,2.09,142.86,131.45,9.57,1.84,87,70
2003-06-27 15:00:00,15,2518.5,3334.0,78.51,140.83,-64.31,1.99,153.17,142.15,9.1,1.92,87,72
2003-06-27 16:00:00,16,2679.2,3282.0,78.07,140.02,-63.97,2.02,176.22,160.02,13.55,2.65,87,69
2003-06-27 17:00:00,17,2701.7,3186.0,70.94,98.71,-29.21,1.44,115.57,106.53,7.16,1.88,87,69
2003-06-27 18:00:00,18,2601.0,3045.0,65.1,73.63,-9.62,1.09,69.01,66.08,1.81,1.12,86,70
2003-06-27 19:00:00,19,2503.9,2909.0,62.75,84.44,-22.94,1.25,58.48,56.85,0.71,0.92,83,71
2003-06-27 20:00:00,20,2494.7,2850.0,61.77,68.37,-7.62,1.02,62.84,60.62,1.13,1.09,79,68
2003-06-27 21:00:00,21,2527.1,2761.0,61.32,61.64,-1.25,0.93,64.5,62.49,0.86,1.15,76,66
2003-06-27 22:00:00,22,2316.7,2506.0,56.5,54.67,1.01,0.82,50.94,50.08,0.04,0.82,74,63
2003-06-27 23:00:00,23,1948.6,2209.0,46.47,45.78,0.0,0.69,49.23,48.51,0.0,0.72,71,61
2003-06-28 00:00:00,0,1765.4,1990.0,40.89,40.23,0.0,0.66,49.28,48.4,0.0,0.88,68,57
2003-06-28 01:00:00,1,1958.5,1835.0,39.74,39.08,0.0,0.66,44.97,44.29,0.0,0.68,66,55
2003-06-28 02:00:00,2,2115.7,1740.0,38.68,38.03,0.0,0.65,43.84,43.17,0.0,0.67,64,54
2003-06-28 03:00:00,3,2287.2,1673.0,36.94,36.33,0.0,0.61,44.13,43.45,0.0,0.68,63,51
2003-06-28 04:00:00,4,2350.5,1639.0,34.4,33.83,0.0,0.57,42.21,41.61,0.0,0.6,63,51
2003-06-28 05:00:00,5,2362.8,1626.0,35.22,34.62,0.0,0.6,40.63,40.04,0.0,0.59,63,51
2003-06-28 06:00:00,6,1973.8,1697.0,38.68,38.06,0.0,0.62,39.55,38.95,0.0,0.6,62,51
2003-06-28 07:00:00,7,1852.4,1835.0,39.74,39.1,0.0,0.64,41.02,40.5,0.0,0.52,63,52
2003-06-28 08:00:00,8,1749.5,2012.0,44.0,43.3,0.0,0.7,45.5,45.03,0.0,0.47,64,52
2003-06-28 09:00:00,9,1840.1,2155.0,48.79,48.0,0.0,0.79,52.02,51.42,0.0,0.6,67,54
2003-06-28 10:00:00,10,1951.5,2241.0,51.0,50.18,0.0,0.82,53.53,54.72,-1.87,0.68,70,54
2003-06-28 11:00:00,11,1989.4,2287.0,50.76,50.39,-0.44,0.81,50.74,50.13,0.0,0.61,72,56
2003-06-28 12:00:00,12,1996.0,2290.0,51.54,50.73,0.0,0.81,51.56,50.93,0.0,0.63,74,57
2003-06-28 13:00:00,13,1994.7,2282.0,51.03,50.23,0.0,0.8,51.1,50.49,0.0,0.61,75,56
2003-06-28 14:00:00,14,2020.0,2276.0,52.37,51.54,0.0,0.83,49.33,48.72,0.0,0.61,76,59
2003-06-28 15:00:00,15,2013.3,2287.0,51.03,50.22,0.0,0.81,50.55,49.89,0.0,0.66,76,58
2003-06-28 16:00:00,16,2005.6,2305.0,51.03,50.23,0.0,0.8,54.85,54.12,0.0,0.73,78,57
2003-06-28 17:00:00,17,1963.7,2310.0,49.81,49.02,0.0,0.79,56.02,55.27,0.0,0.75,77,54
2003-06-28 18:00:00,18,1926.2,2284.0,48.94,48.16,0.0,0.78,51.91,51.23,0.0,0.68,78,56
2003-06-28 19:00:00,19,1870.3,2236.0,47.38,46.63,0.0,0.75,47.66,47.09,0.0,0.57,77,57
2003-06-28 20:00:00,20,1903.6,2223.0,48.8,48.01,0.0,0.79,49.57,48.9,0.0,0.67,73,61
2003-06-28 21:00:00,21,1873.6,2221.0,46.9,46.16,0.0,0.74,53.26,52.47,0.0,0.79,69,61
2003-06-28 22:00:00,22,1739.9,2076.0,43.88,43.19,0.0,0.69,48.91,48.23,0.0,0.68,69,60
2003-06-28 23:00:00,23,1540.8,1877.0,40.9,40.26,0.0,0.64,43.98,43.47,0.0,0.51,66,60
2003-06-29 00:00:00,0,1941.2,1716.0,43.53,42.79,0.0,0.74,44.16,43.62,0.0,0.54,64,59
2003-06-29 01:00:00,1,2102.1,1617.0,40.91,40.2,0.0,0.71,44.2,43.5,0.0,0.7,64,57
2003-06-29 02:00:00,2,2029.3,1543.0,38.0,37.34,0.0,0.66,42.38,41.67,0.0,0.71,64,56
2003-06-29 03:00:00,3,2222.9,1496.0,34.45,33.83,0.0,0.62,41.73,41.08,0.0,0.65,65,56
2003-06-29 04:00:00,4,2194.3,1474.0,32.53,31.94,0.0,0.59,41.12,40.54,0.0,0.58,66,57
2003-06-29 05:00:00,5,2172.5,1459.0,32.57,31.98,0.0,0.59,34.34,33.86,0.0,0.48,65,57
2003-06-29 06:00:00,6,2251.9,1496.0,31.85,31.26,0.0,0.59,34.51,33.97,0.0,0.54,65,57
2003-06-29 07:00:00,7,2188.5,1608.0,32.9,32.3,0.0,0.6,30.65,30.17,0.0,0.48,64,59
2003-06-29 08:00:00,8,1855.9,1764.0,39.76,39.04,0.0,0.72,35.38,34.86,0.0,0.52,66,60
2003-06-29 09:00:00,9,1732.9,1910.0,43.97,43.19,0.0,0.78,43.75,43.15,0.0,0.6,66,60
2003-06-29 10:00:00,10,1829.6,2031.0,45.4,44.6,0.0,0.8,51.86,51.09,-0.01,0.78,72,57
2003-06-29 11:00:00,11,1861.6,2129.0,48.38,47.55,0.0,0.83,60.99,60.44,-0.38,0.93,73,61
2003-06-29 12:00:00,12,1886.2,2180.0,49.4,48.57,0.0,0.83,68.82,68.65,-0.84,1.01,76,63
2003-06-29 13:00:00,13,1888.2,2196.0,49.11,48.36,-0.06,0.81,56.19,55.65,-0.36,0.9,76,61
2003-06-29 14:00:00,14,1885.2,2218.0,49.11,48.36,-0.06,0.81,60.23,59.88,-0.57,0.92,75,64
2003-06-29 15:00:00,15,1891.4,2241.0,49.07,48.33,-0.07,0.81,58.23,57.83,-0.3,0.7,78,64
2003-06-29 16:00:00,16,1910.3,2269.0,49.4,48.59,0.0,0.81,56.21,55.78,-0.4,0.83,78,65
2003-06-29 17:00:00,17,1893.1,2280.0,49.46,48.63,0.0,0.83,50.26,54.07,-4.68,0.87,77,65
2003-06-29 18:00:00,18,1884.0,2267.0,49.4,48.57,0.0,0.83,43.93,50.69,-7.54,0.78,75,65
2003-06-29 19:00:00,19,1875.6,2236.0,48.26,47.44,0.0,0.82,47.05,47.33,-1.08,0.8,74,66
2003-06-29 20:00:00,20,1932.9,2269.0,49.46,48.62,0.0,0.84,52.44,51.57,-0.06,0.93,71,65
2003-06-29 21:00:00,21,1915.8,2256.0,49.4,48.56,0.0,0.84,49.46,48.72,0.0,0.74,69,64
2003-06-29 22:00:00,22,1789.4,2072.0,41.96,41.25,0.0,0.71,40.69,40.13,0.0,0.56,67,62
2003-06-29 23:00:00,23,1589.2,1866.0,40.0,39.33,0.0,0.67,37.43,36.99,0.0,0.44,66,60
2003-06-30 00:00:00,0,2068.0,1705.0,40.3,39.62,0.0,0.68,39.34,38.84,0.0,0.5,66,59
2003-06-30 01:00:00,1,2157.5,1623.0,36.49,35.86,0.0,0.63,41.72,41.09,0.0,0.63,65,59
2003-06-30 02:00:00,2,2444.1,1576.0,34.44,33.84,0.0,0.6,41.31,40.67,0.0,0.64,65,60
2003-06-30 03:00:00,3,2503.0,1550.0,32.79,32.22,0.0,0.57,41.38,40.69,0.0,0.69,64,62
2003-06-30 04:00:00,4,2525.9,1575.0,32.79,32.21,0.0,0.58,44.44,43.65,0.0,0.79,63,63
2003-06-30 05:00:00,5,2500.6,1669.0,39.0,38.29,0.0,0.71,42.24,41.51,0.0,0.73,63,63
2003-06-30 06:00:00,6,1960.1,1902.0,41.0,40.28,0.0,0.72,36.4,35.8,0.0,0.6,64,64
2003-06-30 07:00:00,7,1992.3,2170.0,44.07,43.31,0.0,0.76,40.76,40.12,0.0,0.64,65,65
2003-06-30 08:00:00,8,1989.2,2343.0,50.58,49.97,-0.26,0.87,47.17,46.47,0.0,0.7,68,66
2003-06-30 09:00:00,9,2184.2,2495.0,52.21,51.8,-0.47,0.88,66.23,65.21,0.0,1.02,70,67
2003-06-30 10:00:00,10,2158.2,2634.0,57.45,57.39,-0.9,0.96,92.52,91.38,0.0,1.14,74,66
2003-06-30 11:00:00,11,2090.9,2710.0,59.53,60.22,-1.68,0.99,98.16,97.22,0.0,0.94,77,66
2003-06-30 12:00:00,12,1994.4,2752.0,61.84,62.24,-1.42,1.02,66.96,66.21,0.0,0.75,74,67
2003-06-30 13:00:00,13,2035.6,2817.0,62.5,62.85,-1.36,1.01,64.33,63.47,0.0,0.86,79,67
2003-06-30 14:00:00,14,2045.8,2814.0,62.51,62.94,-1.46,1.03,64.1,63.18,0.0,0.92,79,63
2003-06-30 15:00:00,15,2053.5,2753.0,62.51,62.79,-1.29,1.01,60.64,63.41,-3.62,0.85,76,67
2003-06-30 16:00:00,16,2052.2,2718.0,63.77,64.02,-1.28,1.03,60.56,83.85,-24.44,1.15,72,68
2003-06-30 17:00:00,17,2312.0,2657.0,57.76,59.96,-3.19,0.99,59.32,67.04,-8.71,0.99,70,66
2003-06-30 18:00:00,18,2360.4,2565.0,56.19,58.02,-2.78,0.95,51.19,52.13,-1.69,0.75,71,67
2003-06-30 19:00:00,19,2348.5,2467.0,53.04,54.2,-2.06,0.9,48.59,47.86,0.0,0.73,72,64
2003-06-30 20:00:00,20,2379.6,2439.0,54.27,55.43,-2.08,0.92,49.98,49.2,0.0,0.78,69,59
2003-06-30 21:00:00,21,2326.8,2390.0,49.21,48.4,0.0,0.81,48.81,48.12,0.0,0.69,67,57
2003-06-30 22:00:00,22,2256.8,2159.0,43.96,43.24,0.0,0.72,36.59,36.13,0.0,0.46,66,56
2003-06-30 23:00:00,23,2162.5,1904.0,41.34,40.68,0.0,0.66,34.72,34.21,0.0,0.51,65,54
2003-07-01 00:00:00,0,2376.0,1728.0,41.19,40.47,0.0,0.72,37.88,37.31,0.0,0.57,63,54
2003-07-01 01:00:00,1,2483.2,1622.0,39.58,38.89,0.0,0.69,41.48,40.82,0.0,0.66,62,54
2003-07-01 02:00:00,2,2650.1,1565.0,38.98,38.28,0.0,0.7,41.91,41.11,0.0,0.8,61,54
2003-07-01 03:00:00,3,2647.9,1532.0,34.0,33.39,0.0,0.61,41.65,40.83,0.0,0.82,60,54
2003-07-01 04:00:00,4,2635.6,1537.0,34.0,33.38,0.0,0.62,38.36,37.61,0.0,0.75,59,54
2003-07-01 05:00:00,5,2613.9,1604.0,39.08,38.37,0.0,0.71,33.34,32.69,0.0,0.65,58,54
2003-07-01 06:00:00,6,2287.4,1832.0,41.19,40.44,0.0,0.75,37.08,36.4,0.0,0.68,59,55
2003-07-01 07:00:00,7,1888.1,2106.0,47.7,46.85,0.0,0.85,42.93,42.13,0.0,0.8,63,57
2003-07-01 08:00:00,8,1986.0,2290.0,49.27,48.82,-0.42,0.87,46.05,45.36,0.0,0.69,69,57
2003-07-01 09:00:00,9,2150.2,2413.0,54.19,54.82,-1.6,0.97,50.55,49.78,0.0,0.77,71,57
2003-07-01 10:00:00,10,2401.4,2511.0,55.6,59.58,-5.0,1.02,53.68,52.8,0.0,0.88,72,58
2003-07-01 11:00:00,11,2327.4,2566.0,58.83,62.87,-5.12,1.08,56.23,55.3,0.0,0.93,73,57
2003-07-01 12:00:00,12,2321.6,2594.0,59.6,63.56,-5.04,1.08,54.32,53.43,0.0,0.89,74,58
2003-07-01 13:00:00,13,2259.3,2633.0,63.0,66.29,-4.39,1.1,55.07,54.2,0.0,0.87,76,57
2003-07-01 14:00:00,14,2141.0,2647.0,64.83,67.96,-4.27,1.14,55.02,54.17,0.0,0.85,76,56
2003-07-01 15:00:00,15,2233.5,2647.0,63.07,66.66,-4.68,1.09,63.24,62.23,0.0,1.01,77,56
2003-07-01 16:00:00,16,2268.1,2647.0,63.07,66.67,-4.71,1.11,57.38,56.5,0.0,0.88,77,56
2003-07-01 17:00:00,17,2434.4,2609.0,55.97,58.6,-3.62,0.99,48.97,48.27,0.0,0.7,77,56
2003-07-01 18:00:00,18,2383.6,2532.0,51.95,51.09,0.0,0.86,46.64,46.03,0.0,0.61,77,54
2003-07-01 19:00:00,19,2274.4,2456.0,52.95,51.74,0.33,0.88,46.04,45.39,0.0,0.65,75,57
2003-07-01 20:00:00,20,2311.9,2435.0,54.48,53.18,0.38,0.92,45.68,44.99,0.0,0.69,72,60
2003-07-01 21:00:00,21,2152.8,2398.0,49.83,48.99,0.0,0.84,46.88,46.16,0.0,0.72,69,58
2003-07-01 22:00:00,22,1827.9,2175.0,44.67,43.92,0.0,0.75,43.27,42.64,0.0,0.63,66,57
2003-07-01 23:00:00,23,2094.4,1924.0,42.71,42.0,0.0,0.71,43.13,42.57,0.0,0.56,65,57
2003-07-02 00:00:00,0,2172.9,1742.0,41.92,41.17,0.0,0.75,44.18,43.56,0.0,0.62,63,56
2003-07-02 01:00:00,1,2077.2,1635.0,39.22,38.52,0.0,0.7,41.17,40.65,0.0,0.52,66,54
2003-07-02 02:00:00,2,2266.7,1575.0,37.83,37.14,0.0,0.69,40.94,40.43,0.0,0.51,64,55
2003-07-02 03:00:00,3,2427.9,1541.0,36.0,35.34,0.0,0.66,41.25,40.72,0.0,0.53,64,55
2003-07-02 04:00:00,4,2427.4,1553.0,36.18,35.5,0.0,0.68,39.87,39.35,0.0,0.52,64,55
2003-07-02 05:00:00,5,2099.1,1628.0,39.39,38.65,0.0,0.74,31.5,31.04,0.0,0.46,63,54
2003-07-02 06:00:00,6,2096.2,1844.0,40.92,40.16,0.0,0.76,34.56,34.19,0.0,0.37,62,55
2003-07-02 07:00:00,7,1897.1,2115.0,46.7,45.84,0.0,0.86,44.19,43.7,0.0,0.49,65,56
2003-07-02 08:00:00,8,2156.0,2304.0,46.89,46.04,0.0,0.85,46.04,45.52,0.0,0.52,69,60
2003-07-02 09:00:00,9,2356.8,2440.0,53.1,52.61,-0.46,0.95,48.57,47.92,0.0,0.65,73,60
2003-07-02 10:00:00,10,2344.0,2556.0,56.13,55.7,-0.56,0.99,50.26,49.61,0.0,0.65,73,59
2003-07-02 11:00:00,11,2341.2,2640.0,60.94,60.74,-0.87,1.07,52.11,51.36,0.0,0.75,76,54
2003-07-02 12:00:00,12,2234.6,2676.0,62.0,61.68,-0.74,1.06,55.42,54.56,0.0,0.86,78,55
2003-07-02 13:00:00,13,2228.6,2729.0,64.91,64.61,-0.8,1.1,55.82,55.01,0.0,0.81,79,56
2003-07-02 14:00:00,14,2235.0,2755.0,65.34,65.13,-0.91,1.12,57.31,56.59,0.0,0.72,80,57
2003-07-02 15:00:00,15,2235.7,2760.0,67.17,66.84,-0.8,1.13,57.06,56.32,0.0,0.74,80,55
2003-07-02 16:00:00,16,2229.1,2759.0,67.24,67.28,-1.2,1.16,53.87,53.18,0.0,0.69,81,55
2003-07-02 17:00:00,17,2294.6,2712.0,56.92,56.28,-0.35,0.99,50.89,50.19,0.0,0.7,81,52
2003-07-02 18:00:00,18,2299.8,2622.0,55.14,54.18,0.0,0.96,45.36,44.77,0.0,0.59,80,54
2003-07-02 19:00:00,19,2386.8,2540.0,53.34,52.42,0.0,0.92,45.9,45.3,0.0,0.6,77,58
2003-07-02 20:00:00,20,2393.8,2532.0,53.66,52.73,0.0,0.93,48.35,47.67,0.0,0.68,74,62
2003-07-02 21:00:00,21,2404.0,2503.0,50.24,49.37,0.0,0.87,50.08,49.32,0.0,0.76,71,62
2003-07-02 22:00:00,22,1996.1,2285.0,45.92,45.12,0.0,0.8,46.12,45.45,0.0,0.67,69,61
2003-07-02 23:00:00,23,1926.4,2038.0,41.25,40.55,0.0,0.7,41.81,41.22,0.0,0.59,69,60
2003-07-03 00:00:00,0,1919.0,1842.0,39.41,38.69,0.0,0.72,42.6,42.02,0.0,0.58,69,60
2003-07-03 01:00:00,1,2060.3,1731.0,37.22,36.53,0.0,0.69,41.65,41.06,0.0,0.59,68,61
2003-07-03 02:00:00,2,2265.0,1671.0,34.35,33.71,0.0,0.64,37.68,37.15,0.0,0.53,66,61
2003-07-03 03:00:00,3,2463.3,1630.0,33.89,33.26,0.0,0.63,40.82,40.22,0.0,0.6,67,61
2003-07-03 04:00:00,4,2486.9,1636.0,33.58,32.95,0.0,0.63,40.54,39.94,0.0,0.6,66,61
2003-07-03 05:00:00,5,2139.6,1702.0,35.94,35.28,0.0,0.66,35.57,35.04,0.0,0.53,65,60
2003-07-03 06:00:00,6,2002.1,1925.0,38.9,38.21,0.0,0.69,37.31,36.74,0.0,0.57,64,60
2003-07-03 07:00:00,7,1889.8,2198.0,44.0,43.23,0.0,0.77,41.52,40.97,0.0,0.55,66,60
2003-07-03 08:00:00,8,2161.3,2389.0,44.81,44.01,0.0,0.8,48.94,48.24,-0.03,0.73,68,60
2003-07-03 09:00:00,9,2324.4,2524.0,49.0,48.11,0.0,0.89,53.58,52.77,0.0,0.81,72,59
2003-07-03 10:00:00,10,2388.3,2626.0,57.71,51.42,5.35,0.94,57.16,56.31,0.0,0.85,73,59
2003-07-03 11:00:00,11,2373.7,2687.0,55.1,52.79,1.35,0.96,58.0,57.1,0.0,0.9,75,62
2003-07-03 12:00:00,12,2326.9,2708.0,56.69,54.59,1.11,0.99,56.8,55.9,0.0,0.9,74,63
2003-07-03 13:00:00,13,2288.8,2736.0,58.19,56.05,1.14,1.0,51.61,50.67,0.0,0.94,75,64
2003-07-03 14:00:00,14,2264.7,2730.0,58.1,57.09,0.0,1.01,49.99,49.07,0.0,0.92,75,64
2003-07-03 15:00:00,15,2146.6,2703.0,58.18,57.17,0.0,1.01,50.53,49.65,0.0,0.88,75,64
2003-07-03 16:00:00,16,2247.6,2668.0,57.05,56.06,0.0,0.99,49.76,48.9,0.0,0.86,74,65
2003-07-03 17:00:00,17,2142.8,2600.0,58.1,57.08,0.0,1.02,45.53,44.81,0.0,0.72,72,66
2003-07-03 18:00:00,18,2345.5,2508.0,52.36,51.43,0.0,0.93,42.79,42.15,0.0,0.64,71,65
2003-07-03 19:00:00,19,2299.8,2406.0,50.17,49.27,0.0,0.9,41.42,40.86,0.0,0.56,71,66
2003-07-03 20:00:00,20,2317.0,2359.0,50.17,49.26,0.0,0.91,45.82,45.17,0.0,0.65,69,66
2003-07-03 21:00:00,21,2269.5,2313.0,49.84,48.94,0.0,0.9,46.52,45.85,0.0,0.67,67,66
2003-07-03 22:00:00,22,2002.4,2134.0,44.27,43.48,0.0,0.79,42.58,41.95,0.0,0.63,66,65
2003-07-03 23:00:00,23,1856.7,1921.0,41.34,40.6,0.0,0.74,37.41,36.83,0.0,0.58,65,65
2003-07-04 00:00:00,0,1902.6,1758.0,38.04,37.4,0.0,0.64,36.07,35.53,0.0,0.54,64,64
2003-07-04 01:00:00,1,2283.3,1641.0,36.2,35.58,0.0,0.62,29.84,29.35,0.0,0.49,64,64
2003-07-04 02:00:00,2,2665.4,1572.0,34.8,34.19,0.0,0.61,26.96,26.52,0.0,0.44,64,64
2003-07-04 03:00:00,3,2756.6,1533.0,29.19,28.68,0.0,0.51,27.14,26.66,0.0,0.48,63,63
2003-07-04 04:00:00,4,2739.7,1522.0,27.63,27.15,0.0,0.48,26.93,26.43,0.0,0.5,63,63
2003-07-04 05:00:00,5,2805.6,1524.0,29.0,28.49,0.0,0.51,26.35,25.83,0.0,0.52,62,62
2003-07-04 06:00:00,6,2570.5,1585.0,32.92,32.33,0.0,0.59,27.52,26.93,0.0,0.59,63,63
2003-07-04 07:00:00,7,2000.0,1703.0,40.45,39.71,0.0,0.74,0.0,0.0,0.0,0.0,64,64
2003-07-04 08:00:00,8,1915.5,1873.0,44.5,43.68,0.0,0.82,22.21,21.87,0.0,0.34,65,65
2003-07-04 09:00:00,9,2075.0,2055.0,47.21,46.36,0.0,0.85,42.49,41.91,0.0,0.58,69,67
2003-07-04 10:00:00,10,2135.9,2221.0,55.54,54.57,0.0,0.97,47.55,46.86,0.0,0.69,76,69
2003-07-04 11:00:00,11,1989.5,2357.0,58.02,57.02,0.0,1.0,47.9,47.14,0.0,0.76,80,67
2003-07-04 12:00:00,12,1951.3,2429.0,63.36,63.65,-1.38,1.09,49.27,48.45,0.0,0.82,82,64
2003-07-04 13:00:00,13,1911.1,2437.0,63.55,65.57,-3.15,1.13,50.03,49.2,0.0,0.83,83,62
2003-07-04 14:00:00,14,1844.7,2435.0,66.62,68.39,-2.95,1.18,50.6,49.76,0.0,0.84,85,65
2003-07-04 15:00:00,15,1835.4,2451.0,66.78,68.88,-3.28,1.18,50.6,49.79,0.0,0.81,89,65
2003-07-04 16:00:00,16,1959.4,2478.0,67.38,75.65,-9.57,1.3,52.98,52.14,0.0,0.84,86,68
2003-07-04 17:00:00,17,1958.6,2475.0,62.2,67.47,-6.46,1.19,53.61,52.78,0.0,0.83,85,67
2003-07-04 18:00:00,18,1912.7,2426.0,58.02,57.01,0.0,1.01,49.54,48.81,0.0,0.73,85,68
2003-07-04 19:00:00,19,2095.7,2370.0,55.26,54.29,0.0,0.97,48.06,47.39,0.0,0.67,83,67
2003-07-04 20:00:00,20,2128.0,2367.0,54.24,53.28,0.0,0.96,49.05,48.32,0.0,0.73,81,69
2003-07-04 21:00:00,21,2118.2,2345.0,49.7,48.84,0.0,0.86,50.86,50.0,0.0,0.86,79,68
2003-07-04 22:00:00,22,1968.5,2229.0,44.97,44.21,0.0,0.76,46.65,45.93,0.0,0.72,77,72
2003-07-04 23:00:00,23,1765.1,2064.0,43.88,43.16,0.0,0.72,46.32,45.61,0.0,0.71,75,70
2003-07-05 00:00:00,0,1739.3,1902.0,41.32,40.64,0.0,0.68,47.74,46.97,0.0,0.77,74,69
2003-07-05 01:00:00,1,1880.0,1786.0,38.86,38.21,0.0,0.65,45.06,44.4,0.0,0.66,73,67
2003-07-05 02:00:00,2,2061.1,1712.0,37.28,36.65,0.0,0.63,44.59,43.94,0.0,0.65,73,66
2003-07-05 03:00:00,3,2259.4,1662.0,36.32,35.7,0.0,0.62,42.13,41.49,0.0,0.64,71,66
2003-07-05 04:00:00,4,2236.9,1648.0,34.07,33.49,0.0,0.58,41.41,40.79,0.0,0.62,72,65
2003-07-05 05:00:00,5,2184.8,1635.0,33.69,33.12,0.0,0.57,38.65,38.02,0.0,0.63,71,66
2003-07-05 06:00:00,6,2065.5,1702.0,36.05,35.42,0.0,0.63,34.08,33.56,0.0,0.52,70,66
2003-07-05 07:00:00,7,1747.8,1879.0,41.32,40.6,0.0,0.72,34.04,33.6,0.0,0.44,72,68
2003-07-05 08:00:00,8,1946.2,2106.0,45.5,44.7,0.0,0.8,46.14,45.57,0.0,0.57,76,69
2003-07-05 09:00:00,9,2100.2,2328.0,49.0,48.15,0.0,0.85,52.83,52.13,0.0,0.7,78,69
2003-07-05 10:00:00,10,2242.8,2493.0,51.9,51.01,0.0,0.89,56.07,55.4,0.0,0.67,81,70
2003-07-05 11:00:00,11,2172.3,2603.0,54.45,53.53,0.0,0.92,61.02,60.27,0.0,0.75,82,69
2003-07-05 12:00:00,12,2154.6,2669.0,57.21,56.25,0.0,0.96,66.28,65.55,0.0,0.73,84,70
2003-07-05 13:00:00,13,2052.1,2674.0,60.28,60.55,-1.29,1.02,61.35,60.69,0.0,0.66,85,70
2003-07-05 14:00:00,14,1924.0,2663.0,63.28,63.19,-0.99,1.08,61.08,60.46,0.0,0.62,86,70
2003-07-05 15:00:00,15,2033.9,2657.0,63.27,62.68,-0.48,1.07,60.59,59.99,0.0,0.6,86,71
2003-07-05 16:00:00,16,2037.0,2644.0,59.79,59.25,-0.48,1.02,63.7,63.07,0.0,0.63,86,70
2003-07-05 17:00:00,17,1982.5,2631.0,58.14,57.13,0.0,1.01,61.8,61.21,0.0,0.59,85,70
2003-07-05 18:00:00,18,2108.6,2581.0,54.43,53.48,0.0,0.95,59.02,58.4,0.0,0.62,85,71
2003-07-05 19:00:00,19,2099.8,2526.0,54.18,53.23,0.0,0.95,60.36,59.61,0.0,0.75,83,71
2003-07-05 20:00:00,20,2192.1,2515.0,52.0,51.08,0.0,0.92,63.13,62.32,0.0,0.81,80,72
2003-07-05 21:00:00,21,2154.2,2494.0,48.0,47.15,0.0,0.85,62.43,61.63,0.0,0.8,77,72
2003-07-05 22:00:00,22,1993.1,2336.0,44.31,43.54,0.0,0.77,49.23,48.67,0.0,0.56,76,71
2003-07-05 23:00:00,23,1816.4,2139.0,42.02,41.31,0.0,0.71,51.28,50.67,0.0,0.61,74,71
2003-07-06 00:00:00,0,1830.3,1966.0,41.09,40.43,0.0,0.66,51.28,50.58,0.0,0.7,73,70
2003-07-06 01:00:00,1,1980.6,1861.0,39.96,39.31,0.0,0.65,56.5,55.52,0.0,0.98,73,70
2003-07-06 02:00:00,2,2159.3,1788.0,39.67,39.02,0.0,0.65,55.2,54.23,0.0,0.97,73,70
2003-07-06 03:00:00,3,2115.4,1732.0,37.28,36.67,0.0,0.61,47.53,46.75,0.0,0.78,72,69
2003-07-06 04:00:00,4,2096.4,1714.0,36.12,35.53,0.0,0.59,46.81,46.05,0.0,0.76,73,69
2003-07-06 05:00:00,5,2186.5,1703.0,34.77,34.19,0.0,0.58,42.89,42.19,0.0,0.7,72,69
2003-07-06 06:00:00,6,2391.6,1739.0,34.77,34.17,0.0,0.6,43.07,42.31,0.0,0.76,72,69
2003-07-06 07:00:00,7,2112.2,1875.0,36.7,36.05,0.0,0.65,41.7,41.1,0.0,0.6,72,69
2003-07-06 08:00:00,8,1944.7,2069.0,39.82,39.13,0.0,0.69,46.56,45.91,0.0,0.65,75,69
2003-07-06 09:00:00,9,1899.0,2267.0,40.82,40.12,0.0,0.7,51.2,50.38,0.0,0.82,78,68
2003-07-06 10:00:00,10,2023.9,2418.0,44.01,43.27,0.0,0.74,59.77,58.84,0.0,0.93,79,65
2003-07-06 11:00:00,11,2119.7,2529.0,46.21,45.45,0.0,0.76,65.34,64.37,0.0,0.97,81,66
2003-07-06 12:00:00,12,2156.5,2585.0,47.41,46.64,0.0,0.77,71.39,70.39,0.0,1.0,83,63
2003-07-06 13:00:00,13,2202.5,2597.0,48.17,47.4,0.0,0.77,74.2,73.21,0.0,0.99,82,64
2003-07-06 14:00:00,14,2213.6,2600.0,48.64,47.86,0.0,0.78,77.47,76.48,0.0,0.99,85,63
2003-07-06 15:00:00,15,2227.0,2608.0,48.64,47.86,0.0,0.78,80.8,79.83,0.0,0.97,86,58
2003-07-06 16:00:00,16,2215.0,2631.0,49.23,48.44,0.0,0.79,73.03,72.24,0.0,0.79,86,58
2003-07-06 17:00:00,17,2224.5,2642.0,48.64,47.85,0.0,0.79,88.18,87.17,0.0,1.01,85,60
2003-07-06 18:00:00,18,2171.4,2605.0,47.66,46.88,0.0,0.78,68.31,67.51,0.0,0.8,83,61
2003-07-06 19:00:00,19,2153.9,2536.0,47.26,46.49,0.0,0.77,56.74,56.07,0.0,0.67,82,63
2003-07-06 20:00:00,20,2209.3,2550.0,47.38,46.6,0.0,0.78,75.87,74.9,0.0,0.97,78,64
2003-07-06 21:00:00,21,2183.4,2514.0,44.16,43.44,0.0,0.72,71.22,70.35,0.0,0.87,75,64
2003-07-06 22:00:00,22,1990.6,2317.0,41.36,40.69,0.0,0.67,47.15,46.55,0.0,0.6,73,63
2003-07-06 23:00:00,23,2005.6,2097.0,41.36,40.7,0.0,0.66,43.94,43.37,0.0,0.57,75,62
2003-07-07 00:00:00,0,2765.3,1914.0,41.8,41.08,0.0,0.72,47.43,46.79,0.0,0.64,74,61
2003-07-07 01:00:00,1,2846.2,1812.0,40.52,39.82,0.0,0.7,44.75,44.11,0.0,0.64,73,61
2003-07-07 02:00:00,2,3096.4,1753.0,39.76,39.08,0.0,0.68,42.27,41.62,0.0,0.65,72,61
2003-07-07 03:00:00,3,3057.7,1704.0,38.76,38.1,0.0,0.66,41.06,40.43,0.0,0.63,69,61
2003-07-07 04:00:00,4,3079.4,1709.0,38.76,38.09,0.0,0.67,41.13,40.49,0.0,0.64,68,61
2003-07-07 05:00:00,5,2869.8,1791.0,40.15,39.45,0.0,0.7,42.29,41.6,0.0,0.69,68,61
2003-07-07 06:00:00,6,2702.9,2035.0,41.8,41.08,0.0,0.72,45.97,45.28,0.0,0.69,68,61
2003-07-07 07:00:00,7,2075.8,2352.0,46.52,45.74,0.0,0.78,57.28,56.34,0.0,0.94,74,60
2003-07-07 08:00:00,8,2286.9,2561.0,48.19,47.38,0.0,0.81,62.27,61.35,0.0,0.92,73,62
2003-07-07 09:00:00,9,2363.9,2727.0,52.43,51.55,0.0,0.88,74.45,73.23,0.0,1.22,76,62
2003-07-07 10:00:00,10,2276.7,2874.0,56.35,55.42,0.0,0.93,86.42,85.02,0.0,1.4,77,60
2003-07-07 11:00:00,11,2279.7,2984.0,61.13,60.13,0.0,1.0,85.81,84.07,0.21,1.53,80,62
2003-07-07 12:00:00,12,2199.2,3056.0,61.24,60.26,0.0,0.98,77.78,74.63,1.65,1.5,81,61
2003-07-07 13:00:00,13,2138.5,3125.0,64.0,62.99,0.0,1.01,92.75,87.5,3.39,1.86,82,64
2003-07-07 14:00:00,14,2168.8,3156.0,65.0,63.97,0.0,1.03,146.45,123.1,20.77,2.58,83,67
2003-07-07 15:00:00,15,2193.9,3143.0,63.16,62.19,-0.01,0.98,97.28,91.0,4.64,1.64,84,62
2003-07-07 16:00:00,16,2259.8,3116.0,62.84,61.86,0.0,0.98,75.93,72.6,2.04,1.29,83,64
2003-07-07 17:00:00,17,2387.5,3044.0,59.68,58.75,0.0,0.93,83.49,82.24,-0.18,1.43,83,67
2003-07-07 18:00:00,18,2400.3,2947.0,56.34,55.45,0.0,0.89,58.79,58.01,-0.38,1.16,82,69
2003-07-07 19:00:00,19,2473.7,2886.0,54.25,53.39,0.0,0.86,53.4,52.74,-0.29,0.95,80,68
2003-07-07 20:00:00,20,2391.7,2877.0,55.51,54.61,0.0,0.9,60.36,59.42,-0.33,1.27,77,69
2003-07-07 21:00:00,21,2455.6,2798.0,52.16,51.32,0.0,0.84,56.22,55.09,-0.19,1.32,76,67
2003-07-07 22:00:00,22,2203.4,2550.0,48.14,47.37,0.0,0.77,50.48,49.75,-0.32,1.05,75,66
2003-07-07 23:00:00,23,2525.1,2290.0,44.2,43.48,0.0,0.72,47.23,46.41,-0.06,0.88,74,68
2003-07-08 00:00:00,0,2916.4,2101.0,45.68,44.96,0.0,0.72,45.41,44.47,0.0,0.94,72,70
2003-07-08 01:00:00,1,3338.6,1983.0,43.52,42.82,0.0,0.7,47.99,46.74,0.1,1.15,70,69
2003-07-08 02:00:00,2,3279.6,1921.0,43.21,42.5,0.0,0.71,46.08,44.94,0.03,1.11,69,69
2003-07-08 03:00:00,3,3248.3,1876.0,41.42,40.75,0.0,0.67,43.48,42.47,0.0,1.01,68,68
2003-07-08 04:00:00,4,3257.0,1891.0,41.41,40.73,0.0,0.68,44.5,43.47,0.0,1.03,68,68
2003-07-08 05:00:00,5,3369.8,1983.0,43.52,42.8,0.0,0.72,47.57,46.42,0.03,1.12,68,68
2003-07-08 06:00:00,6,2856.1,2219.0,46.45,45.69,0.0,0.76,47.28,46.28,0.0,1.0,68,68
2003-07-08 07:00:00,7,2423.0,2527.0,75.34,60.05,14.33,0.96,49.43,48.48,0.0,0.95,69,69
2003-07-08 08:00:00,8,2251.5,2760.0,77.4,61.11,15.32,0.97,63.09,60.92,1.05,1.12,71,69
2003-07-08 09:00:00,9,2224.0,2934.0,81.37,67.91,12.39,1.07,79.52,76.06,2.23,1.23,76,70
2003-07-08 10:00:00,10,2188.7,3062.0,85.64,74.43,10.05,1.16,80.07,76.66,2.26,1.15,79,69
2003-07-08 11:00:00,11,2123.8,3145.0,87.93,79.31,7.4,1.22,91.13,86.79,3.07,1.27,81,68
2003-07-08 12:00:00,12,2023.1,3176.0,85.84,79.61,5.02,1.21,89.76,85.6,2.98,1.18,81,68
2003-07-08 13:00:00,13,2012.6,3211.0,86.55,84.07,1.23,1.25,87.12,83.28,2.73,1.11,82,67
2003-07-08 14:00:00,14,2041.5,3227.0,87.53,84.85,1.42,1.26,94.56,97.82,-4.48,1.22,81,68
2003-07-08 15:00:00,15,2050.9,3238.0,86.75,88.18,-2.73,1.3,88.88,94.17,-6.47,1.18,83,68
2003-07-08 16:00:00,16,2093.2,3225.0,86.5,83.32,1.95,1.23,84.54,93.83,-10.47,1.18,83,68
2003-07-08 17:00:00,17,2119.2,3181.0,85.0,81.73,2.05,1.22,89.27,88.62,-0.58,1.23,83,69
2003-07-08 18:00:00,18,2231.4,3101.0,86.16,79.17,5.78,1.21,85.52,81.88,2.39,1.25,82,70
2003-07-08 19:00:00,19,2242.0,3020.0,83.18,73.15,8.91,1.12,73.15,70.4,1.67,1.08,80,71
2003-07-08 20:00:00,20,2283.2,2991.0,83.26,70.13,12.02,1.11,71.53,68.87,1.58,1.08,78,71
2003-07-08 21:00:00,21,2424.6,2933.0,79.98,64.54,14.42,1.02,68.97,66.53,1.34,1.1,75,72
2003-07-08 22:00:00,22,2275.7,2680.0,71.37,53.14,17.38,0.85,47.36,46.54,0.02,0.8,75,71
2003-07-08 23:00:00,23,2025.4,2398.0,45.96,45.22,0.0,0.74,45.28,44.61,0.0,0.67,76,70
2003-07-09 00:00:00,0,2790.0,2182.0,43.56,42.7,0.0,0.86,50.02,48.89,0.14,0.99,75,68
2003-07-09 01:00:00,1,2925.7,2037.0,41.89,41.06,0.0,0.83,49.22,48.01,0.17,1.04,74,64
2003-07-09 02:00:00,2,2894.2,1946.0,39.87,39.08,0.0,0.79,46.12,45.18,0.0,0.94,74,56
2003-07-09 03:00:00,3,2859.1,1886.0,37.36,36.62,0.0,0.74,46.49,45.5,0.0,0.99,72,56
2003-07-09 04:00:00,4,2864.5,1874.0,35.27,34.57,0.0,0.7,46.53,45.5,0.0,1.03,72,56
2003-07-09 05:00:00,5,2923.4,1944.0,41.21,40.39,0.0,0.82,45.84,44.88,0.0,0.96,71,56
2003-07-09 06:00:00,6,2688.5,2150.0,42.62,41.77,0.0,0.85,46.68,45.81,0.0,0.87,69,57
2003-07-09 07:00:00,7,2332.7,2395.0,47.16,46.25,0.0,0.91,50.45,49.58,0.0,0.87,68,60
2003-07-09 08:00:00,8,2534.6,2555.0,48.71,47.77,0.0,0.94,55.05,54.14,0.0,0.91,70,59
2003-07-09 09:00:00,9,2681.5,2616.0,52.99,52.05,-0.08,1.02,55.63,54.7,0.03,0.9,72,59
2003-07-09 10:00:00,10,2833.0,2657.0,54.42,53.5,-0.11,1.03,53.28,52.34,0.13,0.81,69,61
2003-07-09 11:00:00,11,2896.5,2647.0,58.26,57.28,-0.11,1.09,50.61,49.87,0.0,0.74,69,63
2003-07-09 12:00:00,12,2748.5,2601.0,62.0,63.31,-2.51,1.2,49.45,48.71,0.0,0.74,67,63
2003-07-09 13:00:00,13,2736.1,2564.0,66.8,66.78,-1.22,1.24,52.08,51.43,0.0,0.65,65,58
2003-07-09 14:00:00,14,2746.2,2508.0,67.83,67.43,-0.87,1.27,50.09,48.68,0.88,0.53,63,61
2003-07-09 15:00:00,15,2743.1,2466.0,67.88,67.78,-1.18,1.28,61.26,58.54,2.07,0.65,62,60
2003-07-09 16:00:00,16,2730.0,2419.0,67.7,66.48,-0.03,1.25,52.67,50.8,1.17,0.7,62,62
2003-07-09 17:00:00,17,2633.8,2382.0,66.92,64.85,0.83,1.24,46.86,45.66,0.56,0.64,64,62
2003-07-09 18:00:00,18,2857.4,2323.0,57.53,55.63,0.83,1.07,45.62,44.57,0.42,0.63,63,60
2003-07-09 19:00:00,19,2669.1,2272.0,54.1,52.59,0.5,1.01,40.36,39.69,0.14,0.53,66,61
2003-07-09 20:00:00,20,2785.0,2273.0,54.82,53.57,0.21,1.04,29.59,29.17,0.0,0.42,64,61
2003-07-09 21:00:00,21,2691.7,2249.0,51.03,49.96,0.1,0.97,39.08,38.55,0.0,0.53,61,61
2003-07-09 22:00:00,22,2401.1,2056.0,46.83,45.93,0.0,0.9,28.36,27.97,0.0,0.39,59,59
2003-07-09 23:00:00,23,1932.7,1844.0,44.54,43.67,0.0,0.87,33.41,32.88,0.0,0.53,59,59
2003-07-10 00:00:00,0,2143.9,1692.0,43.61,42.83,0.0,0.78,40.84,40.26,0.0,0.58,60,60
2003-07-10 01:00:00,1,2078.7,1606.0,39.33,38.62,0.0,0.71,27.41,27.05,0.0,0.36,63,61
2003-07-10 02:00:00,2,2046.2,1555.0,35.21,34.57,0.0,0.64,20.47,20.16,0.0,0.31,63,60
2003-07-10 03:00:00,3,2256.2,1529.0,34.75,34.11,0.0,0.64,20.0,19.7,0.0,0.3,63,56
2003-07-10 04:00:00,4,2425.3,1538.0,34.75,34.11,0.0,0.64,26.11,25.72,0.0,0.39,62,54
2003-07-10 05:00:00,5,2082.6,1625.0,39.0,38.28,0.0,0.72,31.78,31.28,0.0,0.5,61,53
2003-07-10 06:00:00,6,1803.7,1834.0,41.22,40.46,0.0,0.76,30.39,29.94,0.0,0.45,60,53
2003-07-10 07:00:00,7,1945.7,2084.0,45.88,45.04,0.0,0.84,29.73,29.31,0.0,0.42,60,54
2003-07-10 08:00:00,8,2198.9,2250.0,48.9,48.02,0.0,0.88,47.21,46.5,0.0,0.71,61,56
2003-07-10 09:00:00,9,2372.7,2354.0,50.13,49.22,0.0,0.91,49.18,48.34,0.0,0.84,64,55
2003-07-10 10:00:00,10,2418.8,2438.0,53.33,52.37,0.0,0.96,49.57,48.65,0.0,0.92,65,54
2003-07-10 11:00:00,11,2410.0,2488.0,56.86,55.83,0.0,1.03,47.64,46.82,0.0,0.82,68,57
2003-07-10 12:00:00,12,2311.3,2497.0,58.0,56.96,0.0,1.04,49.88,48.99,0.0,0.89,71,54
2003-07-10 13:00:00,13,2354.8,2523.0,59.79,58.62,0.11,1.06,48.42,47.61,0.0,0.81,71,51
2003-07-10 14:00:00,14,2324.5,2522.0,61.15,59.81,0.26,1.08,47.81,46.99,0.0,0.82,72,52
2003-07-10 15:00:00,15,2332.9,2500.0,59.93,58.73,0.13,1.07,45.21,44.5,0.0,0.71,73,52
2003-07-10 16:00:00,16,2321.5,2486.0,58.77,57.72,0.0,1.05,47.45,46.64,0.0,0.81,72,53
2003-07-10 17:00:00,17,2414.3,2427.0,57.1,56.08,0.0,1.02,46.28,45.56,0.0,0.72,72,54
2003-07-10 18:00:00,18,2436.4,2334.0,53.33,52.36,0.0,0.97,40.84,40.32,0.0,0.52,70,55
2003-07-10 19:00:00,19,2358.4,2273.0,50.83,49.91,0.0,0.92,36.92,36.49,0.0,0.43,69,54
2003-07-10 20:00:00,20,2344.1,2299.0,56.1,55.07,0.0,1.03,43.39,42.84,0.0,0.55,66,53
2003-07-10 21:00:00,21,2236.4,2256.0,50.13,49.22,0.0,0.91,45.94,45.33,0.0,0.61,65,54
2003-07-10 22:00:00,22,1880.4,2064.0,45.26,44.44,0.0,0.82,35.77,35.3,0.0,0.47,63,56
2003-07-10 23:00:00,23,1821.5,1858.0,43.28,42.51,0.0,0.77,36.37,35.89,0.0,0.48,62,58
2003-07-11 00:00:00,0,1578.1,1707.0,41.64,40.9,0.0,0.74,39.99,39.48,0.0,0.51,61,60
2003-07-11 01:00:00,1,1548.6,1626.0,34.23,33.62,0.0,0.61,39.53,39.03,0.0,0.5,60,60
2003-07-11 02:00:00,2,1729.8,1578.0,32.32,31.74,0.0,0.58,38.69,38.16,0.0,0.53,60,60
2003-07-11 03:00:00,3,1805.6,1556.0,31.61,31.04,0.0,0.57,33.62,33.18,0.0,0.44,60,60
2003-07-11 04:00:00,4,1793.4,1576.0,31.61,31.04,0.0,0.57,35.05,34.59,0.0,0.46,60,60
2003-07-11 05:00:00,5,1508.1,1675.0,39.12,38.4,0.0,0.72,40.02,39.49,0.0,0.53,60,60
2003-07-11 06:00:00,6,1690.4,1873.0,44.46,43.65,0.0,0.81,42.62,42.05,0.0,0.57,59,59
2003-07-11 07:00:00,7,1701.7,2094.0,44.58,43.76,0.0,0.82,47.52,46.87,0.0,0.65,60,60
2003-07-11 08:00:00,8,1995.0,2241.0,45.97,45.14,0.0,0.83,52.9,52.12,0.0,0.78,60,60
2003-07-11 09:00:00,9,2170.1,2336.0,48.51,47.63,0.0,0.88,53.55,52.81,0.0,0.74,60,60
2003-07-11 10:00:00,10,2306.7,2392.0,50.8,49.9,0.0,0.9,58.59,57.73,0.0,0.86,61,61
2003-07-11 11:00:00,11,2174.5,2414.0,52.41,51.48,0.0,0.93,60.24,59.37,0.0,0.87,62,62
2003-07-11 12:00:00,12,2197.6,2399.0,52.46,51.54,0.0,0.92,60.16,59.35,0.0,0.81,62,62
2003-07-11 13:00:00,13,2037.4,2383.0,52.89,51.97,0.0,0.92,54.57,53.78,0.0,0.79,63,63
2003-07-11 14:00:00,14,2035.3,2343.0,52.74,51.82,0.0,0.92,48.53,47.88,0.0,0.65,63,63
2003-07-11 15:00:00,15,2012.8,2291.0,55.42,54.45,0.0,0.97,46.2,45.59,0.0,0.61,63,63
2003-07-11 16:00:00,16,2133.8,2254.0,52.69,51.76,0.0,0.93,47.17,46.53,0.0,0.64,63,63
2003-07-11 17:00:00,17,2284.9,2210.0,49.1,48.27,0.0,0.83,53.88,53.23,0.0,0.65,63,63
2003-07-11 18:00:00,18,2132.8,2159.0,47.44,46.63,0.0,0.81,52.78,52.23,0.0,0.55,62,62
2003-07-11 19:00:00,19,2041.4,2114.0,46.76,45.95,0.0,0.81,47.5,46.99,0.0,0.51,61,61
2003-07-11 20:00:00,20,2036.6,2123.0,48.11,47.21,0.0,0.9,52.33,51.77,0.0,0.56,59,59
2003-07-11 21:00:00,21,1959.8,2067.0,45.96,45.11,0.0,0.85,48.28,47.71,0.0,0.57,59,59
2003-07-11 22:00:00,22,1656.4,1906.0,44.58,43.76,0.0,0.82,45.35,44.74,0.0,0.61,58,58
2003-07-11 23:00:00,23,1721.5,1734.0,44.19,43.39,0.0,0.8,44.89,44.42,0.0,0.47,58,58
2003-07-12 00:00:00,0,1643.6,1594.0,42.54,41.76,0.0,0.78,41.42,41.01,0.0,0.41,58,58
2003-07-12 01:00:00,1,1801.6,1516.0,39.82,39.09,0.0,0.73,36.38,36.03,0.0,0.35,58,58
2003-07-12 02:00:00,2,1956.2,1466.0,39.23,38.49,0.0,0.74,37.41,37.01,0.0,0.4,58,58
2003-07-12 03:00:00,3,1962.4,1439.0,36.63,35.94,0.0,0.69,35.05,34.68,0.0,0.37,58,58
2003-07-12 04:00:00,4,2051.2,1434.0,36.63,35.93,0.0,0.7,36.48,36.1,0.0,0.38,59,59
2003-07-12 05:00:00,5,2001.8,1454.0,36.63,35.93,0.0,0.7,33.0,32.55,0.0,0.45,59,59
2003-07-12 06:00:00,6,2195.7,1528.0,34.15,33.48,0.0,0.67,33.44,32.92,0.0,0.52,59,59
2003-07-12 07:00:00,7,1632.6,1669.0,39.23,38.46,0.0,0.77,32.85,32.42,0.0,0.43,61,61
2003-07-12 08:00:00,8,1803.0,1843.0,42.43,41.61,0.0,0.82,37.34,37.02,0.0,0.32,63,63
2003-07-12 09:00:00,9,1956.2,2008.0,46.78,45.88,0.0,0.9,45.18,44.73,0.0,0.45,67,63
2003-07-12 10:00:00,10,2050.3,2116.0,52.45,51.46,0.0,0.99,48.11,47.54,0.0,0.57,70,62
2003-07-12 11:00:00,11,1857.8,2167.0,52.95,51.97,0.0,0.98,48.72,48.15,0.0,0.57,74,61
2003-07-12 12:00:00,12,1863.5,2177.0,53.3,52.33,0.0,0.97,48.46,47.94,0.0,0.52,76,59
2003-07-12 13:00:00,13,1863.5,2169.0,55.31,54.31,0.0,1.0,48.64,48.1,0.0,0.54,77,58
2003-07-12 14:00:00,14,1851.5,2141.0,55.81,54.8,0.0,1.01,47.2,46.7,0.0,0.5,78,60
2003-07-12 15:00:00,15,1845.2,2134.0,56.32,55.29,0.0,1.03,42.91,42.47,0.0,0.44,76,60
2003-07-12 16:00:00,16,1851.9,2137.0,54.3,53.33,0.0,0.97,46.45,45.96,0.0,0.49,78,61
2003-07-12 17:00:00,17,1848.9,2140.0,54.3,53.31,0.0,0.99,47.81,47.3,0.0,0.51,77,62
2003-07-12 18:00:00,18,2061.6,2119.0,50.36,49.44,0.0,0.92,49.16,48.6,0.0,0.56,76,61
2003-07-12 19:00:00,19,2025.6,2086.0,49.02,48.11,0.0,0.91,49.08,48.52,0.0,0.56,74,63
2003-07-12 20:00:00,20,2040.2,2109.0,49.02,48.1,0.0,0.92,50.38,49.8,0.0,0.58,73,64
2003-07-12 21:00:00,21,2013.2,2111.0,47.13,46.26,0.0,0.87,51.71,51.11,0.0,0.6,71,64
2003-07-12 22:00:00,22,1850.2,1981.0,46.2,45.35,0.0,0.85,50.23,49.6,0.0,0.63,69,63
2003-07-12 23:00:00,23,1717.7,1811.0,42.69,41.92,0.0,0.77,46.86,46.36,0.0,0.5,67,63
2003-07-13 00:00:00,0,1543.7,1665.0,41.73,40.98,0.0,0.75,40.56,40.14,0.0,0.42,65,63
2003-07-13 01:00:00,1,1686.7,1563.0,40.14,39.41,0.0,0.73,43.42,43.0,0.0,0.42,64,64
2003-07-13 02:00:00,2,1876.0,1503.0,38.89,38.18,0.0,0.71,42.15,41.74,0.0,0.41,62,62
2003-07-13 03:00:00,3,2087.5,1459.0,38.62,37.92,0.0,0.7,44.13,43.64,0.0,0.49,62,62
2003-07-13 04:00:00,4,2076.3,1439.0,36.0,35.34,0.0,0.66,42.23,41.78,0.0,0.45,62,62
2003-07-13 05:00:00,5,2194.4,1418.0,35.7,35.04,0.0,0.66,35.24,34.8,0.0,0.44,60,59
2003-07-13 06:00:00,6,2364.9,1459.0,28.35,27.82,0.0,0.53,35.53,35.04,0.0,0.49,61,57
2003-07-13 07:00:00,7,1966.1,1576.0,34.29,34.03,-0.4,0.66,34.86,34.4,0.0,0.46,63,57
2003-07-13 08:00:00,8,1576.2,1733.0,40.32,39.55,0.0,0.77,37.06,36.69,0.0,0.37,66,57
2003-07-13 09:00:00,9,1731.8,1878.0,44.87,44.02,0.0,0.85,43.06,42.57,0.0,0.49,69,58
2003-07-13 10:00:00,10,1870.2,1988.0,46.62,45.75,0.0,0.87,47.83,47.29,0.0,0.54,69,57
2003-07-13 11:00:00,11,1944.0,2070.0,48.77,47.88,0.0,0.89,50.58,49.97,0.0,0.61,71,59
2003-07-13 12:00:00,12,2004.3,2111.0,50.75,49.83,0.0,0.92,45.34,44.9,0.0,0.44,73,60
2003-07-13 13:00:00,13,2063.9,2112.0,50.01,49.12,0.0,0.89,49.55,48.96,0.0,0.59,74,60
2003-07-13 14:00:00,14,2023.9,2108.0,50.01,49.11,0.0,0.9,47.89,47.3,0.0,0.59,74,59
2003-07-13 15:00:00,15,2013.1,2110.0,52.36,51.43,0.0,0.93,47.93,47.34,0.0,0.59,76,59
2003-07-13 16:00:00,16,2019.1,2133.0,52.48,51.54,0.0,0.94,50.55,49.92,0.0,0.63,76,60
2003-07-13 17:00:00,17,2053.5,2143.0,51.47,50.54,0.0,0.93,52.76,52.16,0.0,0.6,75,59
2003-07-13 18:00:00,18,2047.2,2121.0,48.77,47.9,0.0,0.87,50.7,50.09,0.0,0.61,74,59
2003-07-13 19:00:00,19,2032.6,2084.0,47.96,47.09,0.0,0.87,47.21,46.62,0.0,0.59,72,59
2003-07-13 20:00:00,20,2067.1,2114.0,48.77,47.9,0.0,0.87,48.77,48.11,0.0,0.66,69,60
2003-07-13 21:00:00,21,2014.2,2119.0,46.93,46.1,0.0,0.83,48.7,48.09,0.0,0.61,66,59
2003-07-13 22:00:00,22,1852.2,1948.0,46.08,45.28,0.0,0.8,44.56,43.94,0.0,0.62,65,59
2003-07-13 23:00:00,23,1692.8,1760.0,42.0,41.28,0.0,0.72,41.07,40.52,0.0,0.55,63,59
2003-07-14 00:00:00,0,1564.5,1618.0,39.47,38.76,0.0,0.71,39.2,38.72,0.0,0.48,63,58
2003-07-14 01:00:00,1,1860.7,1538.0,35.68,35.04,0.0,0.64,41.42,40.87,0.0,0.55,63,59
2003-07-14 02:00:00,2,2171.0,1496.0,35.68,35.03,0.0,0.65,41.74,41.13,0.0,0.61,62,58
2003-07-14 03:00:00,3,2361.2,1476.0,37.19,36.51,0.0,0.68,42.5,41.83,0.0,0.67,62,58
2003-07-14 04:00:00,4,2360.8,1498.0,37.19,36.51,0.0,0.68,42.15,41.51,0.0,0.64,62,58
2003-07-14 05:00:00,5,2221.2,1613.0,40.23,39.49,0.0,0.74,41.4,40.79,0.0,0.61,63,58
2003-07-14 06:00:00,6,1931.2,1823.0,40.31,39.58,0.0,0.73,40.5,39.97,0.0,0.53,62,57
2003-07-14 07:00:00,7,1751.8,2079.0,42.45,41.67,0.0,0.78,41.28,40.79,0.0,0.49,63,58
2003-07-14 08:00:00,8,2057.3,2237.0,45.95,45.12,0.0,0.83,47.52,46.92,0.0,0.6,64,59
2003-07-14 09:00:00,9,2229.1,2344.0,48.4,47.54,0.0,0.86,50.81,50.11,0.0,0.7,67,59
2003-07-14 10:00:00,10,2201.4,2445.0,51.94,51.03,0.0,0.91,51.65,50.9,0.0,0.75,68,59
2003-07-14 11:00:00,11,2135.0,2509.0,53.0,52.08,0.0,0.92,52.53,51.75,0.0,0.78,70,59
2003-07-14 12:00:00,12,2165.7,2538.0,54.18,53.24,0.0,0.94,52.4,51.62,0.0,0.78,72,57
2003-07-14 13:00:00,13,2117.2,2588.0,56.13,55.18,0.0,0.95,53.76,52.97,0.0,0.79,73,58
2003-07-14 14:00:00,14,2130.0,2596.0,56.13,55.18,0.0,0.95,53.3,52.52,0.0,0.78,74,57
2003-07-14 15:00:00,15,2123.6,2560.0,57.4,56.43,0.0,0.97,52.03,51.26,0.0,0.77,75,57
2003-07-14 16:00:00,16,2123.0,2533.0,56.52,55.57,0.0,0.95,48.9,48.21,0.0,0.69,73,60
2003-07-14 17:00:00,17,2200.2,2497.0,53.01,52.11,0.0,0.9,49.06,48.34,0.0,0.72,73,60
2003-07-14 18:00:00,18,2302.6,2440.0,51.93,51.06,0.0,0.87,47.64,46.97,0.0,0.67,71,60
2003-07-14 19:00:00,19,2331.5,2384.0,50.21,49.36,0.0,0.85,44.69,44.1,0.0,0.59,70,62
2003-07-14 20:00:00,20,2344.6,2394.0,50.98,50.1,0.0,0.88,47.28,46.63,0.0,0.65,69,62
2003-07-14 21:00:00,21,2283.0,2366.0,48.4,47.57,0.0,0.83,46.47,45.81,0.0,0.66,66,62
2003-07-14 22:00:00,22,1958.8,2153.0,42.75,42.02,0.0,0.73,33.31,32.88,0.0,0.43,65,63
2003-07-14 23:00:00,23,1848.1,1920.0,41.21,40.52,0.0,0.69,24.65,24.37,0.0,0.28,64,63
2003-07-15 00:00:00,0,1987.4,1750.0,39.43,38.76,0.0,0.67,26.09,25.77,0.0,0.32,63,63
2003-07-15 01:00:00,1,2211.4,1659.0,37.72,37.08,0.0,0.64,26.52,26.09,0.0,0.43,63,63
2003-07-15 02:00:00,2,2758.7,1606.0,35.93,35.32,0.0,0.61,22.32,22.02,0.0,0.3,60,60
2003-07-15 03:00:00,3,2783.6,1580.0,37.72,37.07,0.0,0.65,7.42,7.32,0.0,0.1,59,59
2003-07-15 04:00:00,4,2746.9,1599.0,35.93,35.31,0.0,0.62,0.0,0.0,0.0,0.0,60,60
2003-07-15 05:00:00,5,2382.3,1712.0,38.0,37.34,0.0,0.66,9.94,9.81,0.0,0.13,59,59
2003-07-15 06:00:00,6,2289.2,1914.0,40.15,39.45,0.0,0.7,23.91,23.61,0.0,0.3,59,59
2003-07-15 07:00:00,7,1837.6,2153.0,44.13,43.36,0.0,0.77,40.37,39.87,0.0,0.5,58,58
2003-07-15 08:00:00,8,2109.7,2309.0,47.01,46.2,0.0,0.81,46.98,46.44,0.0,0.54,63,62
2003-07-15 09:00:00,9,2337.2,2431.0,51.45,50.57,0.0,0.88,52.78,52.1,0.0,0.68,67,64
2003-07-15 10:00:00,10,2162.1,2556.0,55.11,52.99,1.21,0.91,53.26,52.57,0.0,0.69,71,65
2003-07-15 11:00:00,11,2055.5,2646.0,58.99,58.47,-0.48,1.0,53.6,52.96,0.0,0.64,73,61
2003-07-15 12:00:00,12,2080.7,2699.0,59.88,56.96,1.95,0.97,54.36,53.64,0.0,0.72,75,61
2003-07-15 13:00:00,13,2041.6,2749.0,60.92,60.38,-0.47,1.01,56.59,55.7,0.0,0.89,78,60
2003-07-15 14:00:00,14,2019.1,2776.0,61.75,61.32,-0.59,1.02,56.72,55.84,0.0,0.88,78,58
2003-07-15 15:00:00,15,2051.2,2773.0,58.6,58.02,-0.38,0.96,65.5,71.0,-6.29,0.79,79,57
2003-07-15 16:00:00,16,2125.4,2771.0,58.0,57.06,0.0,0.94,62.94,65.41,-3.26,0.79,79,58
2003-07-15 17:00:00,17,2023.5,2722.0,55.42,54.55,0.0,0.87,59.38,67.94,-9.47,0.91,78,57
2003-07-15 18:00:00,18,2387.4,2638.0,52.09,51.18,0.08,0.83,51.73,51.47,-0.47,0.73,78,57
2003-07-15 19:00:00,19,2292.8,2546.0,51.02,50.2,0.0,0.82,50.76,50.09,0.0,0.67,77,58
2003-07-15 20:00:00,20,2446.8,2529.0,51.65,50.81,0.0,0.84,51.67,50.93,0.0,0.74,73,64
2003-07-15 21:00:00,21,2353.2,2469.0,50.19,49.34,0.0,0.85,50.56,49.85,0.0,0.71,70,63
2003-07-15 22:00:00,22,1981.5,2240.0,46.41,45.62,0.0,0.79,41.89,41.43,0.0,0.46,67,63
2003-07-15 23:00:00,23,2102.5,2001.0,42.34,41.63,0.0,0.71,37.35,37.09,0.0,0.26,65,64
2003-07-16 00:00:00,0,1663.7,1825.0,38.6,38.02,0.0,0.58,37.25,36.96,0.0,0.29,64,64
2003-07-16 01:00:00,1,1806.7,1721.0,36.82,36.26,0.0,0.56,33.23,32.95,0.0,0.28,62,62
2003-07-16 02:00:00,2,1989.6,1662.0,35.13,34.59,0.0,0.54,27.63,27.33,0.0,0.3,61,60
2003-07-16 03:00:00,3,1984.6,1623.0,34.91,34.37,0.0,0.54,22.61,22.33,0.0,0.28,61,59
2003-07-16 04:00:00,4,1967.6,1642.0,34.58,34.04,0.0,0.54,26.38,26.05,0.0,0.33,60,60
2003-07-16 05:00:00,5,1841.5,1740.0,35.57,35.01,0.0,0.56,34.3,33.87,0.0,0.43,59,59
2003-07-16 06:00:00,6,1750.5,1945.0,41.47,40.82,0.0,0.65,39.15,38.71,0.0,0.44,59,59
2003-07-16 07:00:00,7,1787.3,2201.0,46.04,45.33,0.0,0.71,45.34,44.89,0.0,0.45,61,61
2003-07-16 08:00:00,8,2059.6,2338.0,47.14,46.42,0.0,0.72,49.03,48.48,0.0,0.55,62,62
2003-07-16 09:00:00,9,2313.3,2429.0,51.0,50.23,0.0,0.77,49.83,49.24,0.0,0.59,63,63
2003-07-16 10:00:00,10,2221.1,2515.0,53.18,52.39,0.0,0.79,52.88,52.17,0.0,0.71,67,65
2003-07-16 11:00:00,11,2137.9,2563.0,54.2,53.41,0.0,0.79,52.6,51.99,0.0,0.61,68,65
2003-07-16 12:00:00,12,2174.6,2563.0,54.41,53.62,0.0,0.79,48.81,48.27,0.0,0.54,68,66
2003-07-16 13:00:00,13,2113.1,2597.0,55.18,54.38,0.0,0.8,48.69,48.16,0.0,0.53,68,67
2003-07-16 14:00:00,14,2079.9,2599.0,55.5,54.69,0.0,0.81,50.3,49.7,0.0,0.6,70,68
2003-07-16 15:00:00,15,2158.7,2598.0,55.08,54.28,0.0,0.8,50.79,50.22,0.0,0.57,70,69
2003-07-16 16:00:00,16,2142.0,2611.0,55.05,54.24,0.0,0.81,50.73,50.12,0.0,0.61,70,70
2003-07-16 17:00:00,17,2100.5,2588.0,53.99,53.2,0.0,0.79,51.45,50.82,0.0,0.63,72,70
2003-07-16 18:00:00,18,2308.6,2544.0,51.31,50.55,0.0,0.76,52.93,52.28,0.0,0.65,72,71
2003-07-16 19:00:00,19,2264.2,2510.0,50.06,49.3,0.0,0.76,51.86,51.25,0.0,0.61,72,71
2003-07-16 20:00:00,20,2268.2,2523.0,50.14,49.36,0.0,0.78,55.84,55.17,0.0,0.67,72,71
2003-07-16 21:00:00,21,2199.3,2466.0,47.36,46.63,0.0,0.73,51.83,51.1,0.0,0.73,71,71
2003-07-16 22:00:00,22,1857.2,2254.0,44.34,43.66,0.0,0.68,43.23,42.64,0.0,0.59,68,66
2003-07-16 23:00:00,23,2028.6,2018.0,41.39,40.75,0.0,0.64,43.78,43.25,0.0,0.53,68,67
2003-07-17 00:00:00,0,1765.2,1843.0,36.05,35.32,0.2,0.53,48.17,47.58,0.0,0.59,66,66
2003-07-17 01:00:00,1,2329.1,1732.0,35.7,34.97,0.2,0.53,46.57,45.96,0.0,0.61,65,65
2003-07-17 02:00:00,2,2665.4,1659.0,34.46,33.76,0.19,0.51,43.36,42.77,0.0,0.59,62,60
2003-07-17 03:00:00,3,2688.8,1613.0,32.64,31.96,0.19,0.49,44.9,44.23,0.0,0.67,60,59
2003-07-17 04:00:00,4,2639.2,1619.0,33.19,32.5,0.18,0.51,39.52,38.97,0.0,0.55,59,58
2003-07-17 05:00:00,5,2214.5,1702.0,35.94,35.19,0.21,0.54,40.66,40.05,0.0,0.61,58,58
2003-07-17 06:00:00,6,1940.5,1914.0,38.67,37.94,0.16,0.57,39.05,38.4,0.0,0.65,59,58
2003-07-17 07:00:00,7,2079.7,2181.0,45.05,44.38,0.0,0.67,46.07,45.43,0.0,0.64,61,59
2003-07-17 08:00:00,8,2400.8,2355.0,47.48,47.42,-0.63,0.69,47.54,46.97,0.0,0.57,64,60
2003-07-17 09:00:00,9,2552.5,2486.0,51.14,50.84,-0.43,0.73,53.25,52.59,0.0,0.66,67,62
2003-07-17 10:00:00,10,2389.9,2595.0,54.48,54.25,-0.54,0.77,54.13,53.55,0.0,0.58,71,63
2003-07-17 11:00:00,11,2417.4,2657.0,55.15,55.76,-1.4,0.79,56.45,55.81,0.0,0.64,72,63
2003-07-17 12:00:00,12,2357.1,2690.0,57.37,57.77,-1.22,0.82,58.56,57.93,0.0,0.63,75,64
2003-07-17 13:00:00,13,2398.8,2734.0,58.5,59.25,-1.58,0.83,61.44,60.76,0.0,0.68,77,64
2003-07-17 14:00:00,14,2348.2,2739.0,60.33,60.97,-1.48,0.84,62.2,61.5,0.0,0.7,75,63
2003-07-17 15:00:00,15,2344.2,2735.0,58.44,60.56,-2.95,0.83,62.28,61.58,0.0,0.7,77,63
2003-07-17 16:00:00,16,2339.5,2741.0,58.64,60.01,-2.2,0.83,65.15,64.41,0.0,0.74,78,62
2003-07-17 17:00:00,17,2258.8,2706.0,57.9,59.17,-2.09,0.82,64.94,64.23,0.0,0.71,78,63
2003-07-17 18:00:00,18,2319.2,2635.0,54.96,54.72,-0.51,0.75,60.62,59.89,0.0,0.73,77,63
2003-07-17 19:00:00,19,2241.4,2556.0,53.59,52.95,-0.1,0.74,59.4,58.71,0.0,0.69,76,61
2003-07-17 20:00:00,20,2199.0,2531.0,53.35,52.74,-0.16,0.77,57.44,56.74,0.0,0.7,73,63
2003-07-17 21:00:00,21,2454.8,2492.0,50.64,49.92,0.0,0.72,57.72,56.92,0.0,0.8,70,62
2003-07-17 22:00:00,22,2107.5,2262.0,47.4,46.72,0.0,0.68,47.57,46.9,0.0,0.67,69,61
2003-07-17 23:00:00,23,2013.6,2017.0,42.13,41.37,0.17,0.59,46.36,45.84,0.0,0.52,67,61
2003-07-18 00:00:00,0,2063.1,1845.0,38.32,37.65,0.0,0.67,45.39,44.95,0.0,0.44,65,61
2003-07-18 01:00:00,1,2197.9,1729.0,38.32,37.64,0.0,0.68,41.33,40.95,0.0,0.38,66,60
2003-07-18 02:00:00,2,2236.3,1666.0,35.44,34.81,0.0,0.63,40.25,39.86,0.0,0.39,63,60
2003-07-18 03:00:00,3,2367.4,1634.0,34.73,34.08,0.03,0.62,40.25,39.84,0.0,0.41,67,59
2003-07-18 04:00:00,4,2307.1,1642.0,34.74,34.1,0.02,0.62,40.18,39.78,0.0,0.4,66,59
2003-07-18 05:00:00,5,2226.8,1730.0,39.04,38.34,0.0,0.7,38.15,37.76,0.0,0.39,65,59
2003-07-18 06:00:00,6,1953.6,1934.0,39.74,39.02,0.0,0.72,39.16,38.63,0.0,0.53,66,59
2003-07-18 07:00:00,7,1980.6,2176.0,44.91,44.11,0.0,0.8,55.02,54.37,0.0,0.65,67,60
2003-07-18 08:00:00,8,2254.5,2319.0,48.3,47.66,-0.23,0.87,58.58,57.95,0.13,0.5,67,61
2003-07-18 09:00:00,9,2216.3,2400.0,50.9,50.52,-0.52,0.9,76.43,75.48,0.48,0.47,68,62
2003-07-18 10:00:00,10,2158.3,2488.0,56.77,54.69,1.12,0.96,72.47,71.56,0.41,0.5,68,63
2003-07-18 11:00:00,11,2196.9,2553.0,59.04,56.18,1.89,0.97,54.65,54.13,0.14,0.38,69,64
2003-07-18 12:00:00,12,2228.2,2550.0,57.81,56.09,0.75,0.97,57.74,57.14,0.18,0.42,73,64
2003-07-18 13:00:00,13,2131.2,2528.0,59.79,58.17,0.64,0.98,58.54,57.93,0.19,0.42,65,65
2003-07-18 14:00:00,14,2123.1,2507.0,60.06,58.19,0.88,0.99,54.9,54.33,0.14,0.43,70,67
2003-07-18 15:00:00,15,2127.9,2466.0,57.56,57.18,-0.59,0.97,51.55,51.06,0.08,0.41,72,65
2003-07-18 16:00:00,16,2070.8,2430.0,58.29,57.31,0.0,0.98,52.12,51.59,0.0,0.53,72,64
2003-07-18 17:00:00,17,2130.0,2383.0,55.0,54.07,0.0,0.93,54.08,53.59,0.0,0.49,71,64
2003-07-18 18:00:00,18,2260.8,2316.0,50.88,50.03,0.0,0.85,45.62,45.2,0.0,0.42,71,64
2003-07-18 19:00:00,19,2387.3,2263.0,50.13,49.29,0.0,0.84,44.28,43.87,0.0,0.41,69,63
2003-07-18 20:00:00,20,2339.8,2285.0,50.88,50.0,0.0,0.88,50.09,49.62,0.0,0.47,68,64
2003-07-18 21:00:00,21,2282.1,2247.0,49.75,48.89,0.0,0.86,48.84,48.29,0.0,0.55,67,65
2003-07-18 22:00:00,22,2014.5,2088.0,44.91,44.15,0.0,0.76,45.2,44.68,0.0,0.52,66,65
2003-07-18 23:00:00,23,1971.9,1897.0,40.99,40.3,0.0,0.69,45.09,44.7,0.0,0.39,66,64
2003-07-19 00:00:00,0,1641.4,1739.0,38.38,37.81,0.0,0.57,44.91,44.62,0.0,0.29,65,64
2003-07-19 01:00:00,1,2189.3,1643.0,37.77,37.2,0.0,0.57,40.24,39.98,0.0,0.26,65,64
2003-07-19 02:00:00,2,2474.5,1582.0,36.4,35.84,0.0,0.56,42.08,41.73,0.0,0.35,64,63
2003-07-19 03:00:00,3,2790.7,1548.0,35.78,35.24,0.0,0.54,41.27,40.9,0.0,0.37,64,64
2003-07-19 04:00:00,4,2895.5,1538.0,35.78,35.23,0.0,0.55,39.97,39.67,0.0,0.3,64,64
2003-07-19 05:00:00,5,2681.2,1542.0,36.0,35.45,0.0,0.55,40.13,39.82,0.0,0.31,63,63
2003-07-19 06:00:00,6,2454.1,1601.0,37.77,37.18,0.0,0.59,38.61,38.25,0.0,0.36,62,62
2003-07-19 07:00:00,7,2169.3,1753.0,40.42,39.79,0.0,0.63,42.33,41.97,0.0,0.36,63,63
2003-07-19 08:00:00,8,2103.6,1936.0,45.55,44.83,0.0,0.72,46.66,46.34,0.0,0.32,66,64
2003-07-19 09:00:00,9,2039.8,2101.0,49.15,48.38,0.01,0.76,54.45,54.04,0.0,0.41,67,63
2003-07-19 10:00:00,10,2111.0,2201.0,50.78,50.44,-0.43,0.77,56.19,55.78,0.0,0.41,69,63
2003-07-19 11:00:00,11,2007.2,2239.0,51.07,50.64,-0.34,0.77,51.91,51.61,0.0,0.3,71,59
2003-07-19 12:00:00,12,2006.9,2238.0,51.26,51.63,-1.15,0.78,47.81,47.56,0.0,0.25,71,61
2003-07-19 13:00:00,13,2122.5,2221.0,51.68,52.22,-1.32,0.78,49.15,48.83,0.0,0.32,74,62
2003-07-19 14:00:00,14,1969.6,2209.0,54.92,54.49,-0.38,0.81,48.11,47.65,0.0,0.46,74,60
2003-07-19 15:00:00,15,1957.0,2210.0,54.28,54.04,-0.58,0.82,47.25,46.82,0.0,0.43,75,61
2003-07-19 16:00:00,16,1957.4,2221.0,54.92,54.49,-0.38,0.81,49.76,49.29,0.0,0.47,76,60
2003-07-19 17:00:00,17,2015.2,2217.0,53.56,53.07,-0.32,0.81,50.98,50.49,0.0,0.49,75,61
2003-07-19 18:00:00,18,2087.5,2183.0,51.22,50.45,0.01,0.76,48.57,48.11,0.0,0.46,76,60
2003-07-19 19:00:00,19,2051.5,2130.0,50.77,50.0,0.0,0.77,49.28,48.77,0.0,0.51,75,61
2003-07-19 20:00:00,20,2066.5,2129.0,50.77,49.98,0.02,0.77,49.37,48.85,0.0,0.52,71,62
2003-07-19 21:00:00,21,2044.5,2108.0,50.77,49.99,0.02,0.76,49.44,48.94,0.0,0.5,66,60
2003-07-19 22:00:00,22,1919.4,1955.0,45.97,45.28,0.01,0.68,47.21,46.72,0.0,0.49,66,57
2003-07-19 23:00:00,23,1726.6,1772.0,44.57,43.93,0.0,0.64,49.12,48.69,0.0,0.43,65,57
2003-07-20 00:00:00,0,1627.0,1624.0,39.92,39.29,0.0,0.63,46.42,46.13,0.0,0.29,63,57
2003-07-20 01:00:00,1,2065.4,1521.0,39.73,39.09,0.0,0.64,40.03,39.75,0.0,0.28,63,57
2003-07-20 02:00:00,2,2242.2,1464.0,37.85,37.24,0.0,0.61,39.85,39.52,0.0,0.33,61,58
2003-07-20 03:00:00,3,2639.0,1423.0,39.73,39.08,0.0,0.65,40.15,39.77,0.0,0.38,61,57
2003-07-20 04:00:00,4,2656.1,1404.0,38.35,37.73,0.0,0.62,40.03,39.59,0.0,0.44,62,57
2003-07-20 05:00:00,5,2751.4,1386.0,37.74,37.13,0.0,0.61,32.37,32.0,0.0,0.37,60,56
2003-07-20 06:00:00,6,2431.5,1422.0,37.89,37.26,0.0,0.63,39.48,38.93,0.0,0.55,60,56
2003-07-20 07:00:00,7,2030.1,1546.0,39.73,39.07,0.0,0.66,35.73,35.26,0.0,0.47,63,57
2003-07-20 08:00:00,8,1961.9,1709.0,40.38,39.72,0.0,0.66,35.71,35.33,0.0,0.38,66,59
2003-07-20 09:00:00,9,2142.9,1864.0,44.49,43.76,0.0,0.73,43.28,42.91,0.0,0.37,69,57
2003-07-20 10:00:00,10,2037.8,1972.0,48.71,47.94,0.0,0.77,49.7,49.25,0.0,0.45,71,57
2003-07-20 11:00:00,11,2115.2,2045.0,50.78,49.98,0.0,0.8,50.9,50.47,0.0,0.43,73,55
2003-07-20 12:00:00,12,2027.1,2087.0,50.78,50.0,0.0,0.78,51.11,50.59,0.0,0.52,74,57
2003-07-20 13:00:00,13,2048.9,2101.0,51.27,50.49,0.0,0.78,52.2,51.66,0.0,0.54,76,56
2003-07-20 14:00:00,14,2090.2,2107.0,51.34,50.56,0.0,0.78,48.26,47.78,0.0,0.48,76,55
2003-07-20 15:00:00,15,2016.4,2116.0,52.32,51.53,0.0,0.79,50.75,50.24,0.0,0.51,77,57
2003-07-20 16:00:00,16,2050.1,2142.0,54.77,53.95,0.0,0.82,59.08,58.54,0.0,0.54,76,56
2003-07-20 17:00:00,17,2028.3,2155.0,54.0,53.25,-0.06,0.81,55.84,55.32,0.0,0.52,77,58
2003-07-20 18:00:00,18,2076.2,2136.0,52.0,51.22,0.0,0.78,51.61,51.12,0.0,0.49,74,60
2003-07-20 19:00:00,19,2108.7,2104.0,50.78,50.02,0.0,0.76,47.44,47.03,0.0,0.41,73,62
2003-07-20 20:00:00,20,2030.2,2164.0,52.69,51.88,0.01,0.8,53.08,52.6,0.0,0.48,70,62
2003-07-20 21:00:00,21,2191.0,2148.0,50.78,50.01,0.01,0.76,54.11,53.68,0.0,0.43,69,62
2003-07-20 22:00:00,22,2070.8,1984.0,44.53,43.86,0.01,0.66,47.94,47.49,0.0,0.45,68,61
2003-07-20 23:00:00,23,2113.9,1812.0,44.49,43.82,0.0,0.67,48.55,47.97,0.0,0.58,66,61
2003-07-21 00:00:00,0,1934.6,1675.0,38.17,37.6,0.0,0.57,47.49,47.1,0.0,0.39,66,60
2003-07-21 01:00:00,1,2332.3,1595.0,37.19,36.62,0.0,0.57,42.6,42.2,0.0,0.4,66,60
2003-07-21 02:00:00,2,2545.2,1549.0,35.0,34.47,0.0,0.53,41.96,41.48,0.0,0.48,63,61
2003-07-21 03:00:00,3,2528.3,1534.0,34.02,33.51,0.0,0.51,40.34,39.89,0.0,0.45,63,62
2003-07-21 04:00:00,4,2549.3,1559.0,34.2,33.68,0.0,0.52,42.94,42.45,0.0,0.49,63,62
2003-07-21 05:00:00,5,2162.7,1670.0,37.19,36.63,0.0,0.56,39.92,39.47,0.0,0.45,61,61
2003-07-21 06:00:00,6,2139.0,1898.0,40.31,39.7,0.0,0.61,40.72,40.12,0.0,0.6,61,61
2003-07-21 07:00:00,7,1927.6,2171.0,44.71,44.04,0.0,0.67,47.53,46.84,0.0,0.69,62,62
2003-07-21 08:00:00,8,2175.9,2361.0,49.49,48.83,-0.08,0.74,51.15,50.53,0.0,0.62,65,65
2003-07-21 09:00:00,9,2309.2,2481.0,53.96,53.14,0.03,0.79,52.88,64.16,-12.06,0.78,68,67
2003-07-21 10:00:00,10,2220.1,2573.0,58.01,56.46,0.72,0.83,56.06,68.01,-12.89,0.94,72,65
2003-07-21 11:00:00,11,2198.4,2628.0,62.3,60.65,0.76,0.89,55.11,80.93,-27.02,1.2,72,65
2003-07-21 12:00:00,12,2225.4,2656.0,62.08,60.36,0.84,0.88,54.53,89.19,-35.92,1.26,74,64
2003-07-21 13:00:00,13,2210.0,2687.0,62.13,60.43,0.84,0.86,53.91,86.73,-34.12,1.3,75,60
2003-07-21 14:00:00,14,2222.0,2693.0,59.83,59.33,-0.35,0.85,54.01,84.51,-31.82,1.32,76,59
2003-07-21 15:00:00,15,2255.2,2674.0,59.99,59.42,-0.28,0.85,54.01,81.47,-28.74,1.28,73,64
2003-07-21 16:00:00,16,2298.2,2652.0,60.65,60.11,-0.31,0.85,53.25,74.95,-22.9,1.2,73,66
2003-07-21 17:00:00,17,2310.7,2628.0,61.08,60.23,0.0,0.85,54.07,72.67,-19.78,1.18,71,66
2003-07-21 18:00:00,18,2346.2,2592.0,56.28,55.5,0.0,0.78,51.8,52.28,-1.31,0.83,69,68
2003-07-21 19:00:00,19,2482.8,2565.0,53.94,53.18,0.0,0.76,52.99,52.75,-0.56,0.8,70,69
2003-07-21 20:00:00,20,2496.1,2591.0,55.76,54.97,0.0,0.79,54.26,53.96,-0.5,0.8,71,68
2003-07-21 21:00:00,21,2460.8,2489.0,51.45,50.73,0.0,0.72,48.07,47.44,-0.07,0.7,71,68
2003-07-21 22:00:00,22,2059.9,2260.0,45.46,44.82,0.0,0.64,42.18,41.59,0.0,0.59,71,68
2003-07-21 23:00:00,23,1965.2,2031.0,41.93,41.35,0.0,0.58,47.11,46.47,0.0,0.64,72,67
2003-07-22 00:00:00,0,1831.6,1871.0,41.02,40.47,0.0,0.55,43.21,42.64,0.0,0.57,70,66
2003-07-22 01:00:00,1,2215.8,1779.0,40.39,39.83,0.0,0.56,41.37,40.81,0.0,0.56,69,66
2003-07-22 02:00:00,2,2401.3,1726.0,39.99,39.44,0.0,0.55,40.73,40.13,0.0,0.6,68,65
2003-07-22 03:00:00,3,2348.1,1696.0,39.6,39.05,0.0,0.55,40.31,39.74,0.0,0.57,67,65
2003-07-22 04:00:00,4,2363.1,1713.0,39.6,39.05,0.0,0.55,40.15,39.6,0.0,0.55,67,64
2003-07-22 05:00:00,5,2268.5,1818.0,41.18,40.58,0.0,0.6,41.25,40.68,0.0,0.57,67,64
2003-07-22 06:00:00,6,2020.5,2044.0,42.43,41.81,0.0,0.62,42.66,42.04,0.0,0.62,67,64
2003-07-22 07:00:00,7,2268.6,2319.0,47.97,47.28,0.0,0.69,50.63,49.86,0.0,0.77,69,67
2003-07-22 08:00:00,8,2440.2,2473.0,52.73,51.96,0.0,0.77,52.18,51.41,0.0,0.77,71,68
2003-07-22 09:00:00,9,2345.4,2575.0,55.68,56.45,-1.57,0.8,55.6,54.76,0.0,0.84,67,66
2003-07-22 10:00:00,10,2358.9,2700.0,58.46,58.76,-1.12,0.82,59.77,61.85,-3.02,0.94,71,68
2003-07-22 11:00:00,11,2228.1,2803.0,60.28,61.69,-2.26,0.85,59.21,74.9,-16.93,1.24,73,69
2003-07-22 12:00:00,12,2201.3,2861.0,60.85,62.63,-2.65,0.87,59.99,64.42,-5.55,1.12,75,70
2003-07-22 13:00:00,13,2193.2,2932.0,61.41,63.6,-3.06,0.87,70.1,90.75,-21.99,1.34,78,69
2003-07-22 14:00:00,14,2157.0,2953.0,61.45,65.2,-4.65,0.9,60.13,80.05,-21.38,1.46,80,69
2003-07-22 15:00:00,15,2168.8,2955.0,60.48,64.99,-5.42,0.91,57.92,76.29,-19.9,1.53,81,68
2003-07-22 16:00:00,16,2224.8,2919.0,60.59,63.34,-3.63,0.88,56.16,80.46,-25.8,1.5,80,65
2003-07-22 17:00:00,17,2341.2,2836.0,59.98,62.61,-3.5,0.87,54.69,57.55,-3.88,1.02,75,70
2003-07-22 18:00:00,18,2340.8,2738.0,56.66,58.02,-2.17,0.81,54.24,53.39,0.0,0.85,70,69
2003-07-22 19:00:00,19,2365.1,2664.0,56.32,56.53,-1.0,0.79,52.92,52.17,0.0,0.75,69,69
2003-07-22 20:00:00,20,2408.1,2648.0,55.56,55.25,-0.46,0.77,53.7,52.88,0.0,0.82,69,68
2003-07-22 21:00:00,21,2524.4,2564.0,51.22,50.52,0.0,0.7,53.07,52.21,0.0,0.86,69,68
2003-07-22 22:00:00,22,2284.0,2341.0,45.72,45.1,0.0,0.62,46.82,46.05,0.0,0.77,69,69
2003-07-22 23:00:00,23,2048.1,2111.0,41.85,41.28,0.0,0.57,43.62,42.93,0.0,0.69,69,69
2003-07-23 00:00:00,0,1843.2,1947.0,41.23,40.64,0.0,0.59,41.7,41.13,0.0,0.57,70,69
2003-07-23 01:00:00,1,2235.4,1854.0,40.0,39.42,0.0,0.58,43.76,43.12,0.0,0.64,70,69
2003-07-23 02:00:00,2,2430.5,1808.0,38.77,38.21,0.0,0.56,42.5,41.85,0.0,0.65,70,69
2003-07-23 03:00:00,3,2393.7,1779.0,38.42,37.86,0.0,0.56,40.3,39.71,0.0,0.59,70,69
2003-07-23 04:00:00,4,2404.8,1797.0,38.42,37.86,0.0,0.56,40.66,40.06,0.0,0.6,70,68
2003-07-23 05:00:00,5,2250.0,1915.0,41.23,40.61,0.0,0.62,43.26,42.6,0.0,0.66,69,69
2003-07-23 06:00:00,6,2027.6,2132.0,41.39,40.77,0.0,0.62,44.34,43.68,0.0,0.66,69,68
2003-07-23 07:00:00,7,2268.1,2389.0,47.23,46.57,0.0,0.66,51.13,50.45,0.0,0.68,69,68
2003-07-23 08:00:00,8,2434.4,2550.0,50.61,50.26,-0.38,0.73,54.72,54.06,0.0,0.66,69,68
2003-07-23 09:00:00,9,2543.4,2668.0,53.7,53.37,-0.44,0.77,56.11,55.3,0.0,0.81,70,68
2003-07-23 10:00:00,10,2448.7,2758.0,57.62,57.2,-0.4,0.82,58.55,57.57,0.0,0.98,71,68
2003-07-23 11:00:00,11,2295.8,2820.0,60.93,60.78,-0.7,0.85,57.33,56.34,0.0,0.99,73,68
2003-07-23 12:00:00,12,2319.3,2839.0,61.91,60.66,0.4,0.85,56.77,56.27,-0.47,0.97,73,68
2003-07-23 13:00:00,13,2213.1,2843.0,62.72,61.53,0.32,0.87,62.62,63.92,-2.31,1.01,73,68
2003-07-23 14:00:00,14,2265.2,2814.0,64.06,63.28,-0.1,0.88,61.85,62.18,-1.23,0.9,72,68
2003-07-23 15:00:00,15,2376.6,2788.0,61.53,62.17,-1.5,0.86,63.38,63.91,-1.59,1.06,75,72
2003-07-23 16:00:00,16,2369.5,2798.0,61.31,61.42,-0.95,0.84,62.05,62.2,-1.21,1.06,74,69
2003-07-23 17:00:00,17,2415.9,2775.0,58.5,58.72,-1.03,0.81,59.75,59.1,-0.25,0.9,75,69
2003-07-23 18:00:00,18,2442.0,2721.0,56.19,55.99,-0.57,0.77,57.05,56.26,-0.23,1.02,75,69
2003-07-23 19:00:00,19,2590.8,2662.0,52.7,52.28,-0.31,0.73,55.41,54.45,-0.03,0.99,75,68
2003-07-23 20:00:00,20,2566.9,2675.0,50.28,49.58,0.0,0.7,64.98,60.7,3.19,1.09,73,68
2003-07-23 21:00:00,21,2612.8,2609.0,47.78,47.13,0.0,0.65,52.02,51.18,0.0,0.84,71,68
2003-07-23 22:00:00,22,2208.5,2385.0,43.11,42.52,0.0,0.59,44.28,43.6,0.0,0.68,71,68
2003-07-23 23:00:00,23,1976.6,2153.0,41.23,40.65,0.0,0.58,45.61,45.08,0.0,0.53,71,68
2003-07-24 00:00:00,0,2050.8,1976.0,42.22,41.63,0.0,0.59,40.29,39.84,0.0,0.45,70,68
2003-07-24 01:00:00,1,2189.5,1875.0,41.27,40.67,0.0,0.6,41.59,41.04,0.0,0.55,69,66
2003-07-24 02:00:00,2,2371.8,1816.0,40.06,39.48,0.0,0.58,39.42,38.95,0.0,0.47,69,66
2003-07-24 03:00:00,3,2341.1,1786.0,38.71,38.15,0.0,0.56,37.76,37.3,0.0,0.46,69,66
2003-07-24 04:00:00,4,2353.9,1803.0,39.09,38.52,0.0,0.57,40.3,39.8,0.0,0.5,69,67
2003-07-24 05:00:00,5,2241.5,1916.0,40.38,39.79,0.0,0.59,41.39,40.8,0.0,0.59,68,67
2003-07-24 06:00:00,6,2190.4,2131.0,41.39,40.8,0.0,0.59,42.37,41.71,0.0,0.66,68,67
2003-07-24 07:00:00,7,2178.8,2391.0,48.62,47.94,0.0,0.68,44.63,43.98,0.0,0.65,68,67
2003-07-24 08:00:00,8,2421.4,2535.0,49.74,49.03,0.0,0.71,48.6,47.84,0.0,0.76,69,67
2003-07-24 09:00:00,9,2364.4,2631.0,56.73,56.06,-0.11,0.78,54.17,53.29,0.0,0.88,70,66
2003-07-24 10:00:00,10,2298.3,2714.0,61.32,60.74,-0.26,0.84,56.63,55.66,0.04,0.93,69,67
2003-07-24 11:00:00,11,2275.2,2793.0,61.98,62.72,-1.6,0.86,57.0,55.55,0.68,0.77,70,68
2003-07-24 12:00:00,12,2282.6,2833.0,62.0,63.18,-2.06,0.88,56.91,55.67,0.42,0.82,73,70
2003-07-24 13:00:00,13,2314.9,2909.0,63.4,64.71,-2.21,0.9,59.45,57.91,0.6,0.94,76,68
2003-07-24 14:00:00,14,2173.5,2930.0,65.04,67.13,-3.02,0.93,61.16,60.0,0.29,0.87,77,68
2003-07-24 15:00:00,15,2288.6,2914.0,63.65,66.69,-3.94,0.9,58.95,57.82,0.35,0.78,77,67
2003-07-24 16:00:00,16,2189.6,2908.0,68.63,66.54,1.19,0.9,57.38,55.95,0.56,0.87,77,67
2003-07-24 17:00:00,17,2218.1,2844.0,66.34,64.08,1.38,0.88,55.99,54.72,0.42,0.85,77,67
2003-07-24 18:00:00,18,2278.7,2736.0,63.74,60.41,2.51,0.82,50.25,49.48,0.01,0.76,75,67
2003-07-24 19:00:00,19,2243.7,2646.0,61.52,58.33,2.37,0.82,49.84,49.09,0.0,0.75,74,67
2003-07-24 20:00:00,20,2275.7,2647.0,58.85,56.1,1.97,0.78,50.31,49.51,0.0,0.8,71,66
2003-07-24 21:00:00,21,2421.1,2576.0,52.27,50.69,0.9,0.68,50.41,49.6,0.0,0.81,70,66
2003-07-24 22:00:00,22,2163.9,2351.0,44.64,44.05,0.0,0.59,43.62,43.02,0.0,0.6,68,66
2003-07-24 23:00:00,23,1986.7,2109.0,41.39,40.82,0.0,0.57,40.48,39.98,0.0,0.5,68,66
2003-07-25 00:00:00,0,2410.1,1933.0,40.62,40.03,0.0,0.59,40.24,39.73,0.0,0.51,67,66
2003-07-25 01:00:00,1,2569.4,1825.0,39.73,39.14,0.0,0.59,37.37,36.84,0.0,0.53,67,65
2003-07-25 02:00:00,2,3031.1,1758.0,39.09,38.5,0.0,0.59,35.94,35.34,0.0,0.6,66,65
2003-07-25 03:00:00,3,3002.1,1719.0,37.8,37.23,0.0,0.57,35.69,35.05,0.0,0.64,66,64
2003-07-25 04:00:00,4,3006.4,1717.0,37.85,37.28,0.0,0.57,34.37,33.76,0.0,0.61,65,64
2003-07-25 05:00:00,5,2567.6,1804.0,39.99,39.38,0.0,0.61,36.91,36.25,0.0,0.66,64,62
2003-07-25 06:00:00,6,2293.5,1989.0,41.33,40.7,0.0,0.63,37.36,36.65,0.0,0.71,63,62
2003-07-25 07:00:00,7,2161.5,2236.0,44.78,44.13,-0.03,0.68,40.41,39.89,0.0,0.52,64,61
2003-07-25 08:00:00,8,2408.0,2414.0,48.25,47.63,-0.12,0.74,46.75,46.26,0.0,0.49,64,60
2003-07-25 09:00:00,9,2533.0,2549.0,55.47,54.36,0.29,0.82,49.65,49.0,0.0,0.65,67,61
2003-07-25 10:00:00,10,2458.4,2664.0,60.15,58.61,0.67,0.87,57.5,56.62,0.0,0.88,70,61
2003-07-25 11:00:00,11,2346.5,2737.0,62.5,61.04,0.56,0.9,58.7,57.77,0.0,0.93,73,60
2003-07-25 12:00:00,12,2423.1,2775.0,62.3,61.29,0.13,0.88,56.2,55.36,0.0,0.84,75,61
2003-07-25 13:00:00,13,2383.3,2815.0,63.89,63.06,-0.08,0.91,59.89,58.98,0.0,0.91,77,61
2003-07-25 14:00:00,14,2460.0,2821.0,62.89,62.54,-0.53,0.88,60.8,59.91,0.0,0.89,78,60
2003-07-25 15:00:00,15,2532.8,2813.0,62.7,62.42,-0.6,0.88,60.39,59.52,0.0,0.87,79,61
2003-07-25 16:00:00,16,2532.5,2802.0,62.68,62.2,-0.39,0.87,59.55,58.69,0.0,0.86,79,59
2003-07-25 17:00:00,17,2517.4,2750.0,61.7,60.46,0.39,0.85,57.38,56.55,0.0,0.83,79,59
2003-07-25 18:00:00,18,2681.7,2662.0,58.16,56.83,0.53,0.8,52.69,51.94,0.0,0.75,78,60
2003-07-25 19:00:00,19,2666.3,2564.0,51.63,50.82,0.09,0.72,50.4,49.72,0.0,0.68,77,61
2003-07-25 20:00:00,20,2629.0,2541.0,52.24,51.12,0.36,0.76,52.48,51.7,0.0,0.78,74,62
2003-07-25 21:00:00,21,2539.1,2484.0,49.7,48.66,0.34,0.7,53.56,52.73,0.0,0.83,70,62
2003-07-25 22:00:00,22,2272.1,2283.0,44.76,44.12,0.0,0.64,43.61,43.0,0.0,0.61,70,61
2003-07-25 23:00:00,23,2045.8,2040.0,44.07,42.37,1.09,0.61,41.86,41.38,0.0,0.48,68,61
2003-07-26 00:00:00,0,1782.1,1854.0,41.19,40.0,0.56,0.63,38.86,38.43,0.0,0.43,65,62
2003-07-26 01:00:00,1,2159.7,1736.0,40.27,39.01,0.64,0.62,35.81,35.33,0.0,0.48,67,61
2003-07-26 02:00:00,2,2096.3,1657.0,39.39,38.28,0.5,0.61,31.72,31.25,0.0,0.47,66,60
2003-07-26 03:00:00,3,2292.1,1605.0,37.37,36.79,0.0,0.58,26.42,26.02,0.0,0.4,63,60
2003-07-26 04:00:00,4,2273.7,1583.0,36.26,35.7,0.0,0.56,27.03,26.6,0.0,0.43,62,60
2003-07-26 05:00:00,5,2287.5,1594.0,36.34,35.78,0.0,0.56,27.71,27.26,0.0,0.45,64,60
2003-07-26 06:00:00,6,2349.3,1660.0,36.34,35.77,0.0,0.57,17.62,17.33,0.0,0.29,65,59
2003-07-26 07:00:00,7,2011.8,1823.0,40.38,39.75,0.0,0.63,0.0,0.0,0.0,0.0,66,59
2003-07-26 08:00:00,8,1954.6,2037.0,46.07,45.34,0.0,0.73,40.93,40.46,0.0,0.47,69,61
2003-07-26 09:00:00,9,2179.4,2231.0,49.15,48.17,0.21,0.77,52.91,52.28,0.0,0.63,73,60
2003-07-26 10:00:00,10,2086.0,2376.0,57.24,55.5,0.88,0.86,51.31,50.61,0.0,0.7,76,61
2003-07-26 11:00:00,11,1946.5,2457.0,61.78,59.57,1.3,0.91,51.34,50.58,0.0,0.76,79,60
2003-07-26 12:00:00,12,1973.5,2473.0,61.81,60.89,0.0,0.92,58.05,57.17,0.0,0.88,78,59
2003-07-26 13:00:00,13,1942.3,2470.0,63.09,61.84,0.33,0.92,57.74,56.9,0.0,0.84,79,58
2003-07-26 14:00:00,14,1909.8,2473.0,62.97,61.91,0.16,0.9,54.6,53.84,0.0,0.76,80,60
2003-07-26 15:00:00,15,1860.1,2474.0,64.98,62.77,1.3,0.91,55.83,55.1,0.0,0.73,80,61
2003-07-26 16:00:00,16,1825.1,2480.0,64.98,62.98,1.08,0.92,56.66,55.92,0.0,0.74,81,57
2003-07-26 17:00:00,17,1903.2,2475.0,63.79,61.75,1.12,0.92,52.8,52.12,0.0,0.68,81,58
2003-07-26 18:00:00,18,1974.8,2426.0,61.09,58.8,1.42,0.87,49.27,48.64,0.0,0.63,80,60
2003-07-26 19:00:00,19,2157.7,2371.0,56.84,55.05,0.98,0.81,48.22,47.6,0.0,0.62,78,61
2003-07-26 20:00:00,20,2161.3,2389.0,56.93,55.13,0.97,0.83,52.77,52.1,0.0,0.67,75,62
2003-07-26 21:00:00,21,2252.5,2351.0,50.26,49.52,0.0,0.74,50.29,49.57,0.0,0.72,73,63
2003-07-26 22:00:00,22,2105.2,2199.0,45.01,44.33,0.01,0.67,46.91,46.21,0.0,0.7,71,65
2003-07-26 23:00:00,23,1857.1,2016.0,45.6,43.4,1.56,0.64,44.17,43.56,0.0,0.61,70,66
2003-07-27 00:00:00,0,1759.1,1867.0,38.64,38.02,0.0,0.62,45.42,44.45,0.26,0.71,71,66
2003-07-27 01:00:00,1,2152.9,1770.0,36.54,35.94,0.0,0.6,46.9,45.59,0.44,0.87,71,63
2003-07-27 02:00:00,2,2093.9,1706.0,35.23,34.65,0.0,0.58,44.9,44.12,0.0,0.78,71,61
2003-07-27 03:00:00,3,2274.6,1662.0,34.0,33.44,0.0,0.56,47.53,46.69,0.0,0.84,71,61
2003-07-27 04:00:00,4,2268.7,1646.0,32.99,32.44,0.0,0.55,45.32,44.53,0.0,0.79,71,60
2003-07-27 05:00:00,5,2248.7,1649.0,32.89,32.34,0.0,0.55,41.6,40.92,0.0,0.68,71,60
2003-07-27 06:00:00,6,2285.5,1672.0,30.58,30.06,0.0,0.52,41.37,40.73,0.0,0.64,71,60
2003-07-27 07:00:00,7,1874.5,1751.0,36.69,36.38,-0.31,0.62,29.08,28.66,0.0,0.42,70,61
2003-07-27 08:00:00,8,1829.4,1892.0,41.3,40.62,-0.01,0.69,30.02,29.61,0.0,0.41,71,62
2003-07-27 09:00:00,9,2012.7,2046.0,45.89,45.36,-0.23,0.76,40.89,40.37,0.0,0.52,72,63
2003-07-27 10:00:00,10,2196.7,2181.0,48.44,48.27,-0.63,0.8,48.4,47.66,0.0,0.74,75,64
2003-07-27 11:00:00,11,2309.8,2305.0,51.53,51.41,-0.72,0.84,48.78,48.05,0.0,0.73,77,64
2003-07-27 12:00:00,12,2341.6,2389.0,53.0,52.81,-0.65,0.84,54.64,53.1,0.67,0.87,76,65
2003-07-27 13:00:00,13,2235.0,2438.0,55.3,55.09,-0.66,0.87,53.52,52.09,0.59,0.84,80,66
2003-07-27 14:00:00,14,2240.5,2465.0,56.13,55.89,-0.65,0.89,58.51,56.79,0.79,0.93,82,67
2003-07-27 15:00:00,15,2252.8,2490.0,56.8,56.49,-0.59,0.9,61.29,59.33,1.06,0.9,83,68
2003-07-27 16:00:00,16,2271.2,2501.0,56.68,56.33,-0.56,0.91,60.44,58.81,0.87,0.76,82,68
2003-07-27 17:00:00,17,2280.3,2507.0,56.52,56.11,-0.51,0.92,67.87,65.63,1.4,0.84,80,68
2003-07-27 18:00:00,18,2333.4,2500.0,53.31,52.86,-0.4,0.85,61.43,59.53,1.04,0.86,78,68
2003-07-27 19:00:00,19,2325.8,2493.0,51.52,50.96,-0.28,0.84,65.36,63.18,1.31,0.87,77,69
2003-07-27 20:00:00,20,2316.8,2554.0,53.1,52.33,-0.1,0.87,71.72,70.12,0.74,0.86,77,69
2003-07-27 21:00:00,21,2276.5,2522.0,49.22,48.42,0.0,0.8,64.81,64.01,0.0,0.8,77,69
2003-07-27 22:00:00,22,2100.8,2354.0,43.96,43.25,0.0,0.71,52.5,51.73,0.0,0.77,76,70
2003-07-27 23:00:00,23,1933.2,2161.0,41.96,41.29,0.0,0.67,55.28,54.39,0.0,0.89,75,70
2003-07-28 00:00:00,0,1717.8,1996.0,38.4,37.71,0.0,0.69,61.07,60.01,0.0,1.06,75,69
2003-07-28 01:00:00,1,2108.9,1877.0,36.73,36.07,0.0,0.66,57.64,56.65,0.0,0.99,74,66
2003-07-28 02:00:00,2,2052.6,1798.0,34.02,33.41,0.0,0.61,49.68,48.83,0.0,0.85,72,62
2003-07-28 03:00:00,3,2259.5,1743.0,35.78,35.14,0.0,0.64,48.74,47.88,0.0,0.86,70,62
2003-07-28 04:00:00,4,2264.3,1736.0,35.96,35.31,0.0,0.65,50.46,49.6,0.0,0.86,68,59
2003-07-28 05:00:00,5,2117.3,1819.0,37.05,36.38,0.0,0.67,54.34,53.38,0.0,0.96,66,57
2003-07-28 06:00:00,6,1832.7,2009.0,38.29,37.6,0.0,0.69,53.57,52.65,0.0,0.92,63,57
2003-07-28 07:00:00,7,1960.1,2273.0,42.42,41.65,0.0,0.77,55.83,54.96,0.0,0.87,65,57
2003-07-28 08:00:00,8,2234.2,2459.0,47.19,46.34,0.0,0.85,51.9,51.21,0.0,0.69,66,59
2003-07-28 09:00:00,9,2396.8,2582.0,49.35,48.47,0.0,0.88,59.68,59.6,-0.66,0.74,66,58
2003-07-28 10:00:00,10,2379.1,2678.0,52.32,51.78,-0.38,0.92,61.3,60.48,0.0,0.82,70,56
2003-07-28 11:00:00,11,2309.7,2736.0,56.98,56.42,-0.43,0.99,55.67,54.44,0.52,0.71,72,55
2003-07-28 12:00:00,12,2228.6,2750.0,61.0,58.62,1.35,1.03,54.97,74.07,-19.96,0.86,74,53
2003-07-28 13:00:00,13,2208.8,2765.0,61.92,59.55,1.34,1.03,54.85,80.22,-26.32,0.95,75,50
2003-07-28 14:00:00,14,2206.7,2763.0,62.0,59.6,1.39,1.01,52.98,77.75,-25.65,0.88,76,51
2003-07-28 15:00:00,15,2278.4,2757.0,61.09,58.8,1.3,0.99,55.03,83.61,-29.55,0.97,76,51
2003-07-28 16:00:00,16,2176.9,2748.0,60.0,59.38,-0.38,1.0,83.87,97.1,-14.46,1.23,76,51
2003-07-28 17:00:00,17,2331.7,2682.0,57.89,57.35,-0.41,0.95,60.48,80.01,-20.51,0.98,75,54
2003-07-28 18:00:00,18,2413.5,2584.0,53.53,53.01,-0.36,0.88,51.27,63.09,-12.6,0.78,75,54
2003-07-28 19:00:00,19,2500.8,2511.0,50.27,49.72,-0.28,0.83,49.62,49.05,0.0,0.57,72,54
2003-07-28 20:00:00,20,2498.4,2534.0,53.33,52.43,0.0,0.9,52.15,51.55,0.0,0.6,70,54
2003-07-28 21:00:00,21,2429.2,2443.0,48.43,47.62,0.0,0.81,49.85,49.31,0.0,0.54,69,55
2003-07-28 22:00:00,22,2108.8,2223.0,43.22,42.5,0.0,0.72,44.87,44.31,0.0,0.56,67,56
2003-07-28 23:00:00,23,1968.8,1997.0,41.91,41.22,0.0,0.69,37.7,37.26,0.0,0.44,67,55
2003-07-29 00:00:00,0,2185.3,1831.0,38.64,37.92,0.0,0.72,40.09,39.49,0.0,0.6,66,56
2003-07-29 01:00:00,1,2509.5,1734.0,37.23,36.53,0.0,0.7,40.7,40.07,0.0,0.63,66,55
2003-07-29 02:00:00,2,2929.3,1681.0,36.58,35.89,0.0,0.69,40.64,39.97,0.0,0.67,66,54
2003-07-29 03:00:00,3,2900.1,1646.0,35.71,35.04,0.0,0.67,39.78,39.13,0.0,0.65,64,55
2003-07-29 04:00:00,4,2914.3,1658.0,35.81,34.87,0.27,0.67,39.39,38.75,0.0,0.64,64,56
2003-07-29 05:00:00,5,2722.6,1760.0,37.1,36.09,0.31,0.7,39.41,38.7,0.13,0.58,63,55
2003-07-29 06:00:00,6,2254.3,1952.0,38.82,38.07,0.0,0.75,39.11,38.59,0.0,0.52,62,56
2003-07-29 07:00:00,7,2005.7,2199.0,41.62,40.82,0.0,0.8,45.99,45.35,0.0,0.64,65,54
2003-07-29 08:00:00,8,2227.5,2372.0,46.56,45.67,0.0,0.89,45.48,44.95,0.0,0.53,64,58
2003-07-29 09:00:00,9,2379.3,2503.0,48.44,47.53,0.0,0.91,49.3,48.7,0.0,0.6,67,55
2003-07-29 10:00:00,10,2472.1,2610.0,51.81,50.86,-0.01,0.96,51.64,50.97,0.0,0.67,69,56
2003-07-29 11:00:00,11,2332.9,2675.0,53.55,52.58,-0.01,0.98,49.57,48.9,0.0,0.67,72,56
2003-07-29 12:00:00,12,2315.9,2707.0,57.0,55.98,-0.02,1.04,48.78,48.16,0.0,0.62,73,52
2003-07-29 13:00:00,13,2337.8,2753.0,58.11,57.05,0.0,1.06,48.42,47.77,0.0,0.65,75,52
2003-07-29 14:00:00,14,2317.0,2767.0,60.23,59.18,-0.04,1.09,47.4,46.78,0.0,0.62,76,51
2003-07-29 15:00:00,15,2361.0,2761.0,60.8,59.76,-0.06,1.1,54.45,53.78,0.0,0.67,76,53
2003-07-29 16:00:00,16,2345.5,2762.0,59.46,58.43,-0.04,1.07,51.81,51.12,0.0,0.69,77,51
2003-07-29 17:00:00,17,2459.8,2721.0,58.29,57.23,0.02,1.04,48.83,48.2,0.0,0.63,78,52
2003-07-29 18:00:00,18,2467.1,2643.0,52.34,51.41,-0.01,0.94,46.48,45.86,0.0,0.62,77,54
2003-07-29 19:00:00,19,2554.6,2559.0,50.27,49.36,-0.01,0.92,42.97,42.41,0.0,0.56,75,55
2003-07-29 20:00:00,20,2576.8,2563.0,52.01,51.06,0.0,0.95,47.25,46.64,0.0,0.61,71,58
2003-07-29 21:00:00,21,2508.5,2494.0,47.68,46.82,0.0,0.86,46.79,46.19,0.0,0.6,68,63
2003-07-29 22:00:00,22,1995.3,2262.0,41.62,40.85,0.0,0.77,39.86,39.34,0.0,0.52,66,62
2003-07-29 23:00:00,23,2324.2,2021.0,40.5,39.78,0.0,0.72,28.28,27.93,0.0,0.35,64,61
2003-07-30 00:00:00,0,1997.9,1842.0,38.0,37.3,0.0,0.7,29.04,28.67,0.0,0.37,63,60
2003-07-30 01:00:00,1,2373.1,1743.0,37.87,37.17,0.0,0.7,36.48,36.03,0.0,0.45,62,60
2003-07-30 02:00:00,2,2531.2,1680.0,37.21,36.52,0.0,0.69,34.15,33.76,0.0,0.39,62,60
2003-07-30 03:00:00,3,2521.6,1644.0,35.68,35.02,0.0,0.66,28.53,28.2,0.0,0.33,62,60
2003-07-30 04:00:00,4,2553.1,1649.0,34.67,34.02,0.0,0.65,35.78,35.35,0.0,0.43,61,60
2003-07-30 05:00:00,5,2413.0,1739.0,35.97,35.28,0.01,0.68,35.97,35.51,0.0,0.46,62,60
2003-07-30 06:00:00,6,1880.7,1936.0,38.0,37.26,0.0,0.74,41.45,40.91,0.0,0.54,62,60
2003-07-30 07:00:00,7,2082.9,2203.0,42.18,41.37,0.0,0.81,44.78,44.28,0.0,0.5,64,60
2003-07-30 08:00:00,8,2270.7,2392.0,46.4,45.46,0.06,0.88,47.23,46.68,0.0,0.55,66,62
2003-07-30 09:00:00,9,2353.0,2548.0,51.26,50.25,0.06,0.95,59.12,58.48,0.0,0.64,71,62
2003-07-30 10:00:00,10,2320.8,2678.0,55.73,54.67,0.03,1.03,66.54,67.21,-1.44,0.77,75,59
2003-07-30 11:00:00,11,2310.1,2763.0,58.37,57.27,0.05,1.05,66.13,65.43,0.0,0.7,76,57
2003-07-30 12:00:00,12,2340.0,2805.0,60.21,59.71,-0.59,1.09,56.29,55.75,0.0,0.54,79,55
2003-07-30 13:00:00,13,2310.9,2853.0,61.28,60.77,-0.59,1.1,55.86,55.21,-0.01,0.66,79,54
2003-07-30 14:00:00,14,2319.0,2865.0,62.73,62.16,-0.55,1.12,53.1,60.95,-8.7,0.85,79,56
2003-07-30 15:00:00,15,2309.6,2859.0,63.11,62.39,-0.41,1.13,50.4,59.19,-9.64,0.85,79,59
2003-07-30 16:00:00,16,2338.9,2852.0,62.73,61.98,-0.37,1.12,50.74,59.45,-9.58,0.87,79,59
2003-07-30 17:00:00,17,2310.3,2810.0,60.41,59.7,-0.37,1.08,49.72,49.07,0.0,0.65,78,60
2003-07-30 18:00:00,18,2339.4,2730.0,54.71,54.13,-0.4,0.98,47.74,47.16,0.0,0.58,78,59
2003-07-30 19:00:00,19,2467.7,2638.0,49.55,48.66,0.0,0.89,46.46,45.84,0.0,0.62,75,66
2003-07-30 20:00:00,20,2458.3,2643.0,50.15,49.24,0.0,0.91,48.16,47.48,0.0,0.68,72,64
2003-07-30 21:00:00,21,2352.1,2574.0,47.45,46.6,0.0,0.85,47.8,47.1,0.0,0.7,69,64
2003-07-30 22:00:00,22,2107.3,2333.0,42.89,42.13,0.0,0.76,45.74,45.11,0.0,0.63,67,64
2003-07-30 23:00:00,23,1925.7,2080.0,40.49,39.77,0.0,0.72,42.33,41.76,0.0,0.57,64,63
2003-07-31 00:00:00,0,2583.6,1897.0,36.68,36.03,0.0,0.65,39.8,39.24,0.0,0.56,65,64
2003-07-31 01:00:00,1,2731.2,1781.0,35.64,35.0,0.0,0.64,40.07,39.55,0.0,0.52,64,61
2003-07-31 02:00:00,2,2927.7,1713.0,34.7,34.07,0.0,0.63,38.77,38.3,0.0,0.47,64,61
2003-07-31 03:00:00,3,2877.8,1671.0,33.71,33.1,0.0,0.61,39.19,38.65,0.0,0.54,64,62
2003-07-31 04:00:00,4,2890.6,1681.0,33.71,33.09,0.0,0.62,39.09,38.62,0.0,0.47,62,61
2003-07-31 05:00:00,5,2726.1,1766.0,35.43,34.77,0.0,0.66,39.36,38.87,0.0,0.49,59,59
2003-07-31 06:00:00,6,2413.8,1957.0,38.35,37.62,0.0,0.73,43.36,42.73,0.0,0.63,59,59
2003-07-31 07:00:00,7,1931.2,2217.0,40.18,39.42,0.0,0.76,49.01,48.38,0.0,0.63,66,61
2003-07-31 08:00:00,8,2172.4,2409.0,45.32,44.4,0.06,0.86,42.54,42.05,0.0,0.49,66,62
2003-07-31 09:00:00,9,2342.9,2541.0,50.0,48.81,0.26,0.93,46.68,46.09,0.0,0.59,69,61
2003-07-31 10:00:00,10,2563.5,2654.0,51.87,50.69,0.22,0.96,49.43,48.73,0.0,0.7,72,55
2003-07-31 11:00:00,11,2483.1,2731.0,55.03,53.88,0.14,1.01,54.24,53.47,0.0,0.77,76,56
2003-07-31 12:00:00,12,2399.3,2764.0,57.0,56.04,-0.08,1.04,51.52,50.81,0.0,0.71,77,53
2003-07-31 13:00:00,13,2426.5,2803.0,57.6,56.68,-0.12,1.04,55.02,54.25,0.0,0.77,78,55
2003-07-31 14:00:00,14,2429.2,2808.0,58.78,57.76,-0.04,1.06,51.89,51.16,0.0,0.73,78,54
2003-07-31 15:00:00,15,2418.5,2795.0,59.49,58.41,0.0,1.08,51.47,50.78,0.0,0.69,79,56
2003-07-31 16:00:00,16,2403.6,2778.0,58.34,57.67,-0.4,1.07,54.22,53.46,0.0,0.76,78,53
2003-07-31 17:00:00,17,2413.3,2704.0,56.95,56.32,-0.41,1.04,48.93,48.22,0.0,0.71,77,56
2003-07-31 18:00:00,18,2529.6,2607.0,51.44,50.82,-0.32,0.94,40.31,39.9,0.0,0.41,76,53
2003-07-31 19:00:00,19,2467.6,2503.0,47.6,46.73,0.0,0.87,43.03,42.55,0.0,0.48,74,57
2003-07-31 20:00:00,20,2470.8,2527.0,48.3,47.41,0.0,0.89,50.78,50.1,0.0,0.68,70,58
2003-07-31 21:00:00,21,2273.8,2451.0,46.72,45.87,0.0,0.85,47.97,47.31,0.0,0.66,68,58
2003-07-31 22:00:00,22,1931.7,2228.0,40.07,39.35,0.0,0.72,43.16,42.61,0.0,0.55,66,59
2003-07-31 23:00:00,23,2234.9,1998.0,39.37,38.67,0.0,0.7,36.26,35.83,0.0,0.43,65,58
2003-08-01 00:00:00,0,2108.5,1813.0,36.71,36.07,0.0,0.64,32.49,32.14,0.0,0.35,63,58
2003-08-01 01:00:00,1,2478.9,1712.0,36.16,35.52,0.0,0.64,28.77,28.47,0.0,0.3,61,57
2003-08-01 02:00:00,2,2686.9,1660.0,34.6,33.98,0.0,0.62,24.55,24.28,0.0,0.27,61,58
2003-08-01 03:00:00,3,2633.5,1634.0,33.52,32.92,0.0,0.6,23.91,23.66,0.0,0.25,61,59
2003-08-01 04:00:00,4,2666.3,1651.0,33.52,32.91,0.0,0.61,25.85,25.56,0.0,0.29,61,60
2003-08-01 05:00:00,5,2508.4,1757.0,36.0,35.34,0.0,0.66,34.26,33.83,0.0,0.43,60,60
2003-08-01 06:00:00,6,2213.9,1946.0,37.46,36.76,0.0,0.7,39.36,38.85,0.0,0.51,60,60
2003-08-01 07:00:00,7,1939.8,2167.0,40.47,39.72,0.0,0.75,44.65,44.14,0.0,0.51,60,60
2003-08-01 08:00:00,8,2103.9,2307.0,45.2,44.37,0.0,0.83,42.65,42.24,0.0,0.41,60,60
2003-08-01 09:00:00,9,2341.9,2393.0,46.78,45.92,0.0,0.86,46.47,46.02,0.0,0.45,60,60
2003-08-01 10:00:00,10,2446.6,2452.0,48.84,48.13,-0.18,0.89,50.22,49.73,0.0,0.49,61,61
2003-08-01 11:00:00,11,2494.7,2478.0,50.31,49.67,-0.27,0.91,50.91,50.4,0.0,0.51,62,62
2003-08-01 12:00:00,12,2539.1,2462.0,50.77,50.38,-0.53,0.92,44.46,44.08,0.0,0.38,64,64
2003-08-01 13:00:00,13,2427.3,2451.0,51.25,50.89,-0.57,0.93,46.18,45.77,0.0,0.41,64,64
2003-08-01 14:00:00,14,2419.1,2410.0,51.51,51.17,-0.6,0.94,45.12,44.75,0.0,0.37,64,64
2003-08-01 15:00:00,15,2512.9,2356.0,50.3,49.97,-0.59,0.92,42.9,42.57,0.0,0.33,64,64
2003-08-01 16:00:00,16,2514.8,2323.0,49.96,49.58,-0.54,0.92,44.89,44.53,0.0,0.36,64,64
2003-08-01 17:00:00,17,2463.3,2288.0,47.52,47.21,-0.57,0.88,40.48,40.19,0.0,0.29,64,64
2003-08-01 18:00:00,18,2294.0,2243.0,46.17,45.58,-0.27,0.86,40.33,40.09,0.0,0.24,63,63
2003-08-01 19:00:00,19,2183.0,2210.0,44.0,43.18,0.0,0.82,44.0,43.71,0.0,0.29,63,63
2003-08-01 20:00:00,20,2181.0,2205.0,45.2,44.36,0.0,0.84,45.65,45.33,0.0,0.32,62,62
2003-08-01 21:00:00,21,2079.9,2117.0,41.04,40.28,0.0,0.76,39.53,39.27,0.0,0.26,61,61
2003-08-01 22:00:00,22,1994.3,1945.0,37.0,36.33,0.0,0.67,33.76,33.51,0.0,0.25,61,61
2003-08-01 23:00:00,23,2100.1,1769.0,37.17,36.5,0.0,0.67,40.62,40.34,0.0,0.28,60,60
2003-08-02 00:00:00,0,1799.3,1638.0,38.32,37.66,0.0,0.66,38.07,37.85,0.0,0.22,60,60
2003-08-02 01:00:00,1,1811.4,1558.0,36.61,35.97,0.0,0.64,33.48,33.29,0.0,0.19,60,60
2003-08-02 02:00:00,2,1896.4,1511.0,34.0,33.41,0.0,0.59,29.45,29.27,0.0,0.18,59,59
2003-08-02 03:00:00,3,2080.9,1478.0,32.54,31.97,0.0,0.57,27.9,27.7,0.0,0.2,59,59
2003-08-02 04:00:00,4,2084.8,1474.0,31.58,31.02,0.0,0.56,24.73,24.54,0.0,0.19,59,59
2003-08-02 05:00:00,5,2126.8,1507.0,30.61,30.07,0.0,0.54,25.73,25.53,0.0,0.2,59,59
2003-08-02 06:00:00,6,2165.6,1558.0,32.54,31.96,0.0,0.58,29.46,29.22,0.0,0.24,59,59
2003-08-02 07:00:00,7,1823.8,1671.0,38.33,37.95,-0.31,0.69,22.34,22.15,0.0,0.19,59,59
2003-08-02 08:00:00,8,2028.3,1829.0,40.15,39.43,0.0,0.72,34.12,33.82,0.0,0.3,60,60
2003-08-02 09:00:00,9,2136.0,1969.0,47.0,46.16,0.0,0.84,42.97,42.55,0.0,0.42,60,60
2003-08-02 10:00:00,10,2278.3,2054.0,47.74,46.91,0.0,0.83,42.85,42.41,0.0,0.44,62,62
2003-08-02 11:00:00,11,2296.0,2091.0,50.94,50.3,-0.25,0.89,50.78,50.43,0.0,0.35,64,64
2003-08-02 12:00:00,12,2231.7,2103.0,51.74,51.11,-0.26,0.89,56.07,55.7,0.0,0.37,67,66
2003-08-02 13:00:00,13,2253.6,2117.0,50.96,50.43,-0.35,0.88,49.21,47.56,1.28,0.37,69,67
2003-08-02 14:00:00,14,2271.2,2149.0,50.96,50.41,-0.33,0.88,48.35,47.59,0.43,0.33,73,69
2003-08-02 15:00:00,15,2236.9,2198.0,50.96,50.41,-0.33,0.88,51.44,50.09,1.04,0.31,76,71
2003-08-02 16:00:00,16,2207.9,2262.0,51.76,51.15,-0.29,0.9,51.61,50.08,1.22,0.31,77,71
2003-08-02 17:00:00,17,2205.4,2305.0,50.96,50.4,-0.33,0.89,53.54,51.47,1.74,0.33,77,71
2003-08-02 18:00:00,18,2234.4,2310.0,50.02,49.32,-0.17,0.87,50.02,48.19,1.48,0.35,78,73
2003-08-02 19:00:00,19,2206.8,2293.0,47.26,46.44,0.0,0.82,47.49,47.05,0.0,0.44,77,73
2003-08-02 20:00:00,20,2233.0,2349.0,48.66,47.79,0.0,0.87,51.84,51.34,0.0,0.5,75,72
2003-08-02 21:00:00,21,2148.2,2294.0,46.58,45.75,0.0,0.83,47.39,46.9,0.0,0.49,74,72
2003-08-02 22:00:00,22,1997.6,2140.0,41.11,40.39,0.0,0.72,38.79,38.42,0.0,0.37,73,72
2003-08-02 23:00:00,23,2132.6,1970.0,38.53,37.86,0.0,0.67,40.16,39.76,0.0,0.4,72,72
2003-08-03 00:00:00,0,1739.9,1822.0,38.31,37.68,0.0,0.63,39.07,38.72,0.0,0.35,72,70
2003-08-03 01:00:00,1,1616.8,1727.0,37.16,36.54,0.0,0.62,39.98,39.64,0.0,0.34,72,70
2003-08-03 02:00:00,2,1584.8,1670.0,33.14,32.58,0.0,0.56,38.2,37.89,0.0,0.31,72,70
2003-08-03 03:00:00,3,1574.6,1629.0,30.04,29.53,0.0,0.51,33.7,33.43,0.0,0.27,72,71
2003-08-03 04:00:00,4,1550.3,1612.0,30.04,29.53,0.0,0.51,32.42,32.14,0.0,0.28,72,71
2003-08-03 05:00:00,5,1655.3,1622.0,28.96,28.46,0.0,0.5,26.62,26.38,0.0,0.24,72,71
2003-08-03 06:00:00,6,1606.5,1641.0,29.03,28.52,0.0,0.51,28.22,27.93,0.0,0.29,72,70
2003-08-03 07:00:00,7,1658.6,1735.0,38.33,37.67,0.0,0.66,33.77,33.39,0.0,0.38,72,71
2003-08-03 08:00:00,8,1863.2,1887.0,38.5,37.82,0.0,0.68,38.73,37.78,0.61,0.34,71,71
2003-08-03 09:00:00,9,2048.3,2047.0,40.18,39.48,0.0,0.7,38.33,38.02,0.0,0.31,72,71
2003-08-03 10:00:00,10,2130.9,2191.0,46.32,45.53,0.0,0.79,42.39,41.94,0.0,0.45,74,72
2003-08-03 11:00:00,11,2268.8,2307.0,46.51,46.1,-0.37,0.78,47.96,47.41,0.0,0.55,75,72
2003-08-03 12:00:00,12,2184.3,2401.0,47.82,47.43,-0.41,0.8,56.1,52.88,2.73,0.49,76,72
2003-08-03 13:00:00,13,2313.6,2451.0,47.47,47.13,-0.44,0.78,58.83,55.0,3.41,0.42,77,72
2003-08-03 14:00:00,14,2326.1,2467.0,47.47,47.15,-0.45,0.77,58.5,54.0,3.97,0.53,79,71
2003-08-03 15:00:00,15,2231.2,2453.0,47.47,47.14,-0.45,0.78,62.57,58.88,3.21,0.48,79,72
2003-08-03 16:00:00,16,2241.3,2460.0,48.24,47.88,-0.42,0.78,52.48,51.51,0.42,0.55,78,72
2003-08-03 17:00:00,17,2184.1,2469.0,48.48,48.11,-0.42,0.79,57.93,57.26,0.0,0.67,77,73
2003-08-03 18:00:00,18,2183.6,2461.0,48.48,47.84,-0.15,0.79,55.99,56.04,-0.79,0.74,78,73
2003-08-03 19:00:00,19,2285.1,2454.0,47.21,46.44,0.0,0.77,50.58,49.9,0.0,0.68,77,71
2003-08-03 20:00:00,20,2283.4,2488.0,47.46,46.67,0.0,0.79,73.95,77.26,-4.27,0.96,75,70
2003-08-03 21:00:00,21,2270.6,2406.0,46.09,45.33,0.0,0.76,48.14,47.56,0.0,0.58,74,70
2003-08-03 22:00:00,22,2079.0,2223.0,40.27,39.61,0.0,0.66,41.93,41.51,0.0,0.42,73,70
2003-08-03 23:00:00,23,1895.1,2042.0,38.32,37.7,0.0,0.62,41.87,41.42,0.0,0.45,72,70
2003-08-04 00:00:00,0,2562.5,1906.0,39.39,38.78,0.0,0.61,43.13,42.59,0.0,0.54,72,71
2003-08-04 01:00:00,1,2776.4,1821.0,38.34,37.74,0.0,0.6,42.81,42.2,0.0,0.61,72,70
2003-08-04 02:00:00,2,2954.7,1778.0,38.15,37.55,0.0,0.6,40.67,40.13,0.0,0.54,72,70
2003-08-04 03:00:00,3,2914.2,1757.0,36.55,35.97,0.0,0.58,41.16,40.59,0.0,0.57,71,70
2003-08-04 04:00:00,4,2938.2,1784.0,36.73,36.14,0.0,0.59,43.21,42.55,0.0,0.66,71,70
2003-08-04 05:00:00,5,2756.7,1907.0,38.15,37.54,0.0,0.61,41.91,41.23,0.0,0.68,71,70
2003-08-04 06:00:00,6,2906.9,2135.0,38.65,38.03,0.0,0.62,43.73,42.97,0.0,0.76,71,70
2003-08-04 07:00:00,7,2212.4,2416.0,44.08,43.39,0.0,0.69,46.12,45.55,0.0,0.57,71,71
2003-08-04 08:00:00,8,2435.0,2612.0,46.08,45.37,0.0,0.71,50.71,50.09,0.0,0.62,72,71
2003-08-04 09:00:00,9,2548.3,2738.0,48.94,48.2,0.0,0.74,55.06,54.34,0.0,0.72,73,71
2003-08-04 10:00:00,10,2668.4,2832.0,52.3,51.19,0.33,0.78,55.64,54.82,0.0,0.82,73,71
2003-08-04 11:00:00,11,2711.5,2878.0,54.55,55.71,-2.0,0.84,56.65,55.79,0.0,0.86,72,71
2003-08-04 12:00:00,12,2763.4,2902.0,54.81,56.33,-2.37,0.85,50.94,50.22,0.0,0.72,73,72
2003-08-04 13:00:00,13,2797.5,2941.0,54.8,56.69,-2.75,0.86,52.08,51.45,0.0,0.63,73,72
2003-08-04 14:00:00,14,2753.9,2926.0,55.6,62.86,-8.21,0.95,51.87,51.18,0.0,0.69,73,72
2003-08-04 15:00:00,15,2771.1,2910.0,55.14,63.25,-9.08,0.97,103.91,105.45,-3.03,1.49,73,72
2003-08-04 16:00:00,16,2804.7,2891.0,54.93,55.92,-1.84,0.85,46.26,45.57,0.0,0.69,74,72
2003-08-04 17:00:00,17,2760.1,2877.0,54.37,54.41,-0.88,0.84,47.18,46.52,0.0,0.66,75,72
2003-08-04 18:00:00,18,2713.7,2835.0,50.38,50.95,-1.34,0.77,46.98,46.32,0.0,0.66,73,72
2003-08-04 19:00:00,19,2665.0,2774.0,48.14,47.41,-0.01,0.74,47.23,46.49,0.0,0.74,74,72
2003-08-04 20:00:00,20,2660.7,2790.0,52.68,51.1,0.77,0.81,51.49,50.63,0.0,0.86,73,72
2003-08-04 21:00:00,21,2578.5,2674.0,46.38,45.65,0.0,0.73,48.07,47.72,-0.41,0.76,72,71
2003-08-04 22:00:00,22,2518.8,2451.0,40.99,40.35,0.0,0.64,43.21,42.66,0.0,0.55,72,70
2003-08-04 23:00:00,23,2642.4,2214.0,38.65,38.03,0.0,0.62,42.08,41.63,0.0,0.45,71,70
2003-08-05 00:00:00,0,2851.5,2040.0,38.32,37.76,0.0,0.56,37.22,36.82,0.0,0.4,71,70
2003-08-05 01:00:00,1,2901.6,1937.0,37.53,36.98,0.0,0.55,36.26,35.8,0.0,0.46,71,70
2003-08-05 02:00:00,2,3179.3,1882.0,37.33,36.78,0.0,0.55,35.93,35.41,0.0,0.52,71,70
2003-08-05 03:00:00,3,3117.2,1847.0,36.65,36.11,0.0,0.54,37.04,36.52,0.0,0.52,71,70
2003-08-05 04:00:00,4,3142.0,1868.0,36.77,36.21,0.0,0.56,37.34,36.81,0.0,0.53,71,70
2003-08-05 05:00:00,5,2867.0,1990.0,37.53,36.96,0.0,0.57,38.91,38.35,0.0,0.56,71,70
2003-08-05 06:00:00,6,2804.0,2206.0,39.56,38.96,0.0,0.6,43.21,42.52,0.0,0.69,71,70
2003-08-05 07:00:00,7,1790.7,2465.0,44.17,43.52,0.0,0.65,54.22,53.42,0.0,0.8,70,70
2003-08-05 08:00:00,8,1902.4,2639.0,47.15,46.46,0.0,0.69,56.9,56.03,0.0,0.87,71,70
2003-08-05 09:00:00,9,2062.3,2751.0,50.56,49.9,-0.07,0.73,53.62,52.86,0.0,0.76,71,70
2003-08-05 10:00:00,10,2217.9,2854.0,54.32,52.3,1.26,0.76,54.01,53.23,0.0,0.78,72,71
2003-08-05 11:00:00,11,2327.0,2940.0,57.31,55.46,1.04,0.81,58.45,57.42,0.0,1.03,73,71
2003-08-05 12:00:00,12,2396.8,3003.0,56.47,54.67,1.02,0.78,56.52,55.58,0.0,0.94,74,71
2003-08-05 13:00:00,13,2337.0,3028.0,59.0,56.65,1.52,0.83,57.45,56.45,0.0,1.0,78,71
2003-08-05 14:00:00,14,2178.1,3035.0,60.0,57.0,2.16,0.84,55.08,54.16,0.0,0.92,77,72
2003-08-05 15:00:00,15,2337.4,2986.0,59.0,56.66,1.51,0.83,50.51,49.74,0.0,0.77,73,71
2003-08-05 16:00:00,16,2279.9,2944.0,59.0,56.7,1.47,0.83,50.74,50.07,0.0,0.67,75,71
2003-08-05 17:00:00,17,2236.6,2895.0,57.97,56.27,0.87,0.83,50.0,49.36,0.0,0.64,75,70
2003-08-05 18:00:00,18,2204.8,2831.0,51.86,51.66,-0.57,0.77,47.58,47.01,0.0,0.57,74,71
2003-08-05 19:00:00,19,2062.5,2794.0,50.02,49.48,-0.21,0.75,47.7,47.1,0.0,0.6,73,70
2003-08-05 20:00:00,20,2114.1,2810.0,50.21,49.45,0.0,0.76,51.05,50.34,0.0,0.71,72,70
2003-08-05 21:00:00,21,1927.6,2688.0,47.58,46.87,0.0,0.71,47.83,47.09,0.0,0.74,71,70
2003-08-05 22:00:00,22,1728.9,2456.0,41.03,40.42,0.0,0.61,39.29,38.71,0.0,0.58,71,70
2003-08-05 23:00:00,23,2531.3,2214.0,39.22,38.64,0.0,0.58,36.81,36.32,0.0,0.49,70,69
2003-08-06 00:00:00,0,2695.6,2029.0,38.14,37.59,0.0,0.55,34.01,33.57,0.0,0.44,69,68
2003-08-06 01:00:00,1,2842.6,1927.0,36.33,35.8,0.0,0.53,34.07,33.5,0.0,0.57,69,68
2003-08-06 02:00:00,2,2993.3,1872.0,35.9,35.37,0.0,0.53,32.6,32.07,0.0,0.53,69,68
2003-08-06 03:00:00,3,2952.7,1844.0,34.56,34.05,0.0,0.51,30.71,30.21,0.0,0.5,69,68
2003-08-06 04:00:00,4,2972.7,1852.0,34.94,34.41,0.0,0.53,25.94,25.5,0.0,0.44,69,68
2003-08-06 05:00:00,5,2900.8,1960.0,36.35,35.8,0.0,0.55,35.07,34.46,0.0,0.61,69,68
2003-08-06 06:00:00,6,2661.2,2169.0,39.05,38.46,0.0,0.59,38.62,38.0,0.0,0.62,68,67
2003-08-06 07:00:00,7,1731.9,2431.0,45.22,44.54,0.0,0.68,40.58,40.07,0.0,0.51,69,68
2003-08-06 08:00:00,8,1843.3,2619.0,47.6,46.97,-0.08,0.71,46.34,45.74,0.0,0.6,70,68
2003-08-06 09:00:00,9,2068.1,2744.0,50.74,49.91,0.09,0.74,48.63,47.97,0.0,0.66,72,66
2003-08-06 10:00:00,10,2233.3,2849.0,54.31,52.2,1.36,0.75,50.5,49.77,0.0,0.73,73,67
2003-08-06 11:00:00,11,2063.6,2932.0,59.35,55.79,2.76,0.8,51.41,50.67,0.0,0.74,74,68
2003-08-06 12:00:00,12,2105.0,2981.0,59.81,57.35,1.64,0.82,50.86,50.14,0.0,0.72,76,67
2003-08-06 13:00:00,13,2164.9,3041.0,59.98,58.38,0.77,0.83,54.39,53.64,0.0,0.75,76,67
2003-08-06 14:00:00,14,2076.1,3052.0,60.46,58.47,1.16,0.83,57.47,56.61,0.0,0.86,80,66
2003-08-06 15:00:00,15,2013.0,3031.0,61.0,58.95,1.21,0.84,57.09,56.27,0.0,0.82,79,66
2003-08-06 16:00:00,16,2028.6,3028.0,60.96,58.74,1.37,0.85,57.39,56.59,0.0,0.8,80,64
2003-08-06 17:00:00,17,2144.6,2965.0,58.29,56.67,0.81,0.81,54.52,53.67,0.0,0.85,78,64
2003-08-06 18:00:00,18,2169.5,2854.0,54.2,53.42,0.02,0.76,47.47,46.83,0.0,0.64,77,65
2003-08-06 19:00:00,19,2063.2,2770.0,52.21,51.03,0.43,0.75,47.48,46.87,0.0,0.61,75,66
2003-08-06 20:00:00,20,2087.4,2779.0,52.0,51.36,-0.14,0.78,51.03,50.35,0.0,0.68,73,65
2003-08-06 21:00:00,21,1918.6,2677.0,48.1,47.39,0.0,0.71,46.48,45.79,0.0,0.69,70,66
2003-08-06 22:00:00,22,1686.9,2437.0,42.28,41.65,0.0,0.63,39.94,39.37,0.0,0.57,70,65
2003-08-06 23:00:00,23,2270.7,2191.0,38.51,37.93,0.0,0.58,36.7,36.19,0.0,0.51,69,66
2003-08-07 00:00:00,0,1871.5,2006.0,36.03,35.47,0.0,0.56,35.57,35.15,0.0,0.42,68,65
2003-08-07 01:00:00,1,2459.3,1893.0,34.09,33.56,0.0,0.53,26.06,25.75,0.0,0.31,67,65
2003-08-07 02:00:00,2,2413.3,1833.0,29.26,28.8,0.0,0.46,16.37,16.17,0.0,0.2,67,65
2003-08-07 03:00:00,3,2365.3,1800.0,26.86,26.43,0.0,0.43,12.99,12.83,0.0,0.16,67,67
2003-08-07 04:00:00,4,2390.5,1818.0,28.73,28.27,0.0,0.46,19.89,19.65,0.0,0.24,68,67
2003-08-07 05:00:00,5,2342.9,1937.0,31.78,31.27,0.0,0.51,34.39,34.0,0.0,0.39,68,68
2003-08-07 06:00:00,6,2056.7,2141.0,37.57,36.97,0.0,0.6,34.17,33.71,0.0,0.46,68,68
2003-08-07 07:00:00,7,1720.0,2396.0,41.34,40.7,0.0,0.64,40.92,40.38,0.0,0.54,68,68
2003-08-07 08:00:00,8,1891.0,2568.0,42.97,42.3,0.0,0.67,42.18,41.64,0.0,0.54,68,67
2003-08-07 09:00:00,9,2046.6,2696.0,46.7,45.99,0.0,0.71,46.63,45.91,0.0,0.72,72,68
2003-08-07 10:00:00,10,2243.0,2804.0,50.05,49.31,-0.01,0.75,46.75,46.04,0.0,0.71,73,67
2003-08-07 11:00:00,11,2222.8,2889.0,51.78,51.54,-0.54,0.78,48.43,47.72,0.0,0.71,75,67
2003-08-07 12:00:00,12,2285.9,2957.0,52.0,51.75,-0.53,0.78,50.78,50.02,0.05,0.71,76,69
2003-08-07 13:00:00,13,2264.6,3022.0,52.95,52.87,-0.71,0.79,52.3,52.98,-1.36,0.68,77,68
2003-08-07 14:00:00,14,2273.9,3036.0,53.18,53.13,-0.75,0.8,51.82,50.89,0.19,0.74,78,66
2003-08-07 15:00:00,15,2335.1,3007.0,52.0,51.93,-0.71,0.78,50.56,49.51,0.3,0.75,76,70
2003-08-07 16:00:00,16,2345.4,2960.0,51.78,51.64,-0.64,0.78,48.85,47.87,0.29,0.69,76,69
2003-08-07 17:00:00,17,2354.6,2886.0,51.41,51.1,-0.46,0.77,47.46,46.64,0.15,0.67,76,69
2003-08-07 18:00:00,18,2216.6,2819.0,49.08,48.56,-0.21,0.73,43.6,42.94,0.02,0.64,77,69
2003-08-07 19:00:00,19,2122.5,2789.0,47.64,46.94,-0.01,0.71,42.48,41.88,0.0,0.6,74,71
2003-08-07 20:00:00,20,2072.0,2798.0,49.81,49.05,0.0,0.76,49.85,48.77,0.33,0.75,73,70
2003-08-07 21:00:00,21,1903.3,2676.0,46.0,45.3,0.0,0.7,50.12,48.95,0.32,0.85,72,70
2003-08-07 22:00:00,22,1695.8,2449.0,40.04,39.43,0.0,0.61,43.82,43.03,0.08,0.71,71,69
2003-08-07 23:00:00,23,2043.1,2215.0,38.99,38.4,0.0,0.59,39.12,38.6,0.0,0.52,71,69
2003-08-08 00:00:00,0,1924.1,2043.0,36.67,36.1,0.0,0.57,31.91,31.47,0.0,0.44,70,69
2003-08-08 01:00:00,1,2055.7,1931.0,34.46,33.93,0.0,0.53,17.76,17.52,0.0,0.24,68,67
2003-08-08 02:00:00,2,2389.0,1857.0,31.32,30.84,0.0,0.48,19.97,19.7,0.0,0.27,67,66
2003-08-08 03:00:00,3,2336.6,1809.0,28.54,28.09,0.0,0.45,27.63,27.24,0.0,0.39,66,66
2003-08-08 04:00:00,4,2359.6,1815.0,30.39,29.91,0.0,0.48,28.29,27.89,0.0,0.4,65,65
2003-08-08 05:00:00,5,2295.9,1919.0,33.46,32.93,0.0,0.53,32.92,32.42,0.0,0.5,65,65
2003-08-08 06:00:00,6,2088.7,2109.0,38.97,38.35,0.0,0.62,29.39,28.93,0.0,0.46,65,65
2003-08-08 07:00:00,7,1905.8,2349.0,43.02,42.35,0.0,0.67,42.23,41.65,0.0,0.58,65,65
2003-08-08 08:00:00,8,2173.7,2518.0,44.21,43.51,0.0,0.7,44.29,43.76,0.0,0.53,66,65
2003-08-08 09:00:00,9,2402.0,2614.0,48.06,47.3,0.0,0.76,46.02,45.49,0.0,0.53,66,66
2003-08-08 10:00:00,10,2332.7,2687.0,52.07,51.26,0.0,0.81,47.82,47.21,0.0,0.61,67,67
2003-08-08 11:00:00,11,2381.4,2722.0,53.23,52.76,-0.35,0.82,46.72,46.21,-0.07,0.58,67,67
2003-08-08 12:00:00,12,2435.4,2745.0,53.36,53.57,-1.04,0.83,44.1,43.73,-0.18,0.55,69,68
2003-08-08 13:00:00,13,2447.8,2770.0,54.08,55.28,-2.05,0.85,44.6,44.11,-0.09,0.58,70,68
2003-08-08 14:00:00,14,2538.6,2764.0,54.24,56.66,-3.29,0.87,44.44,43.94,-0.06,0.56,72,68
2003-08-08 15:00:00,15,2496.2,2736.0,54.01,56.51,-3.37,0.87,44.33,43.79,0.0,0.54,73,69
2003-08-08 16:00:00,16,2467.8,2720.0,53.55,55.68,-2.98,0.85,44.1,43.57,0.0,0.53,75,70
2003-08-08 17:00:00,17,2423.0,2676.0,52.25,52.75,-1.32,0.82,42.93,42.44,0.0,0.49,74,69
2003-08-08 18:00:00,18,2467.5,2619.0,49.53,48.81,-0.04,0.76,41.76,41.32,0.0,0.44,74,70
2003-08-08 19:00:00,19,2328.0,2574.0,49.05,48.29,0.0,0.76,41.04,40.62,0.0,0.42,74,71
2003-08-08 20:00:00,20,2349.3,2597.0,50.45,49.65,0.0,0.8,45.26,44.71,0.0,0.55,73,70
2003-08-08 21:00:00,21,2198.6,2520.0,46.61,45.87,0.0,0.74,41.64,41.1,0.0,0.54,72,70
2003-08-08 22:00:00,22,1840.5,2334.0,41.19,40.54,0.0,0.65,36.68,36.2,0.0,0.48,71,70
2003-08-08 23:00:00,23,2061.8,2123.0,40.02,39.4,0.0,0.62,35.77,35.34,0.0,0.43,71,70
2003-08-09 00:00:00,0,1783.1,1958.0,36.28,35.71,0.0,0.57,44.31,43.8,0.0,0.51,71,70
2003-08-09 01:00:00,1,1884.8,1858.0,34.08,33.54,0.0,0.54,42.5,42.01,0.0,0.49,71,70
2003-08-09 02:00:00,2,2051.2,1799.0,30.98,30.49,0.0,0.49,40.33,39.85,0.0,0.48,71,70
2003-08-09 03:00:00,3,1935.9,1756.0,30.77,30.28,0.0,0.49,39.22,38.78,0.0,0.44,71,70
2003-08-09 04:00:00,4,1944.6,1741.0,31.44,30.95,0.0,0.49,34.67,34.3,0.0,0.37,71,69
2003-08-09 05:00:00,5,1745.9,1772.0,34.07,33.54,0.0,0.53,36.07,35.69,0.0,0.38,70,69
2003-08-09 06:00:00,6,1839.8,1832.0,37.46,36.88,0.0,0.58,38.5,38.02,0.0,0.48,71,69
2003-08-09 07:00:00,7,1747.2,1972.0,43.79,43.12,0.0,0.67,38.08,37.58,0.0,0.5,70,69
2003-08-09 08:00:00,8,2019.6,2158.0,43.08,43.09,-0.69,0.68,41.79,41.33,0.0,0.46,71,69
2003-08-09 09:00:00,9,2192.9,2327.0,47.53,47.5,-0.73,0.76,51.31,52.68,-2.04,0.67,71,70
2003-08-09 10:00:00,10,2243.7,2441.0,50.83,50.98,-0.95,0.8,52.44,51.8,0.0,0.64,71,70
2003-08-09 11:00:00,11,2161.8,2511.0,52.03,52.51,-1.3,0.82,65.47,64.68,0.0,0.79,74,70
2003-08-09 12:00:00,12,2175.2,2551.0,52.27,52.74,-1.28,0.81,56.19,55.56,0.0,0.63,74,70
2003-08-09 13:00:00,13,2127.4,2568.0,52.51,53.0,-1.3,0.81,53.38,52.77,0.0,0.61,77,69
2003-08-09 14:00:00,14,2123.3,2558.0,52.55,53.06,-1.33,0.82,50.74,50.07,0.0,0.67,78,70
2003-08-09 15:00:00,15,2158.0,2560.0,52.45,52.75,-1.12,0.82,50.61,49.94,0.0,0.67,78,70
2003-08-09 16:00:00,16,2137.0,2555.0,52.46,51.95,-0.3,0.81,51.9,51.21,0.0,0.69,79,71
2003-08-09 17:00:00,17,2151.3,2527.0,52.24,51.8,-0.38,0.82,51.54,50.86,0.0,0.68,77,70
2003-08-09 18:00:00,18,2181.4,2491.0,51.1,50.35,-0.06,0.81,52.32,51.59,0.0,0.73,76,70
2003-08-09 19:00:00,19,2314.7,2477.0,48.86,48.08,0.01,0.77,54.78,54.12,0.0,0.66,74,69
2003-08-09 20:00:00,20,2306.1,2507.0,50.82,49.99,0.02,0.81,59.42,58.67,0.0,0.75,73,70
2003-08-09 21:00:00,21,2238.7,2436.0,47.05,46.3,0.0,0.75,54.35,53.66,0.0,0.69,73,70
2003-08-09 22:00:00,22,2068.1,2279.0,41.52,40.87,0.0,0.65,51.02,50.28,0.0,0.74,72,70
2003-08-09 23:00:00,23,1950.9,2103.0,39.95,39.33,0.0,0.62,48.1,47.48,0.0,0.62,72,70
2003-08-10 00:00:00,0,1768.9,1950.0,39.69,39.05,0.0,0.64,49.4,48.86,0.0,0.54,72,70
2003-08-10 01:00:00,1,1861.6,1855.0,36.83,36.23,0.0,0.6,48.77,48.16,0.0,0.61,72,70
2003-08-10 02:00:00,2,1960.9,1793.0,36.26,35.66,0.0,0.6,49.09,48.45,0.0,0.64,72,70
2003-08-10 03:00:00,3,1935.8,1749.0,34.18,33.62,0.0,0.56,50.27,49.55,0.0,0.72,72,70
2003-08-10 04:00:00,4,1945.9,1735.0,33.47,32.92,0.0,0.55,43.99,43.37,0.0,0.62,72,70
2003-08-10 05:00:00,5,2065.5,1747.0,32.46,31.92,0.0,0.54,39.95,39.41,0.0,0.54,72,70
2003-08-10 06:00:00,6,1787.1,1765.0,32.69,32.14,0.0,0.55,36.0,35.45,0.0,0.55,71,69
2003-08-10 07:00:00,7,1746.9,1860.0,40.26,39.85,-0.28,0.69,33.94,33.36,0.0,0.58,72,69
2003-08-10 08:00:00,8,1997.4,2026.0,40.49,39.78,0.0,0.71,36.46,35.84,0.0,0.62,72,70
2003-08-10 09:00:00,9,2133.1,2198.0,46.19,45.4,0.0,0.79,44.83,44.09,0.0,0.74,74,69
2003-08-10 10:00:00,10,2268.4,2339.0,47.65,46.85,0.0,0.8,49.86,48.95,0.0,0.91,75,69
2003-08-10 11:00:00,11,2168.2,2436.0,50.52,49.69,0.0,0.83,51.93,50.96,0.0,0.97,76,70
2003-08-10 12:00:00,12,2132.0,2486.0,52.42,51.58,0.0,0.84,55.12,54.21,0.0,0.91,75,70
2003-08-10 13:00:00,13,2149.0,2503.0,53.89,53.03,0.0,0.86,55.99,55.09,0.0,0.9,74,73
2003-08-10 14:00:00,14,2173.0,2532.0,53.0,52.16,0.0,0.84,57.08,56.14,0.0,0.94,74,72
2003-08-10 15:00:00,15,2164.6,2551.0,53.01,52.18,0.0,0.83,65.97,64.98,0.0,0.99,78,71
2003-08-10 16:00:00,16,2180.0,2564.0,53.1,52.26,0.0,0.84,64.67,63.78,0.0,0.89,74,71
2003-08-10 17:00:00,17,2053.1,2568.0,54.22,53.35,0.0,0.87,73.23,77.79,-5.6,1.04,78,71
2003-08-10 18:00:00,18,2156.8,2542.0,52.42,51.59,0.0,0.83,67.24,71.15,-4.95,1.04,76,70
2003-08-10 19:00:00,19,2081.8,2526.0,52.18,51.34,0.0,0.84,55.77,54.91,0.0,0.86,76,69
2003-08-10 20:00:00,20,1994.0,2591.0,54.17,53.28,0.0,0.89,67.24,69.51,-3.25,0.98,74,69
2003-08-10 21:00:00,21,2069.8,2503.0,50.8,49.96,0.0,0.84,56.38,55.56,0.0,0.82,73,69
2003-08-10 22:00:00,22,2127.3,2303.0,47.32,46.55,0.0,0.77,47.24,46.49,0.0,0.75,72,69
2003-08-10 23:00:00,23,1987.8,2109.0,40.47,39.82,0.0,0.65,43.08,42.54,0.0,0.54,71,68
2003-08-11 00:00:00,0,2440.0,1959.0,40.28,39.6,0.0,0.68,39.23,38.78,0.0,0.45,71,69
2003-08-11 01:00:00,1,2593.9,1866.0,37.62,36.98,0.0,0.64,39.81,39.25,0.0,0.56,72,69
2003-08-11 02:00:00,2,2888.8,1818.0,37.6,36.95,0.0,0.65,40.5,39.85,0.0,0.65,72,69
2003-08-11 03:00:00,3,3025.4,1800.0,37.6,36.95,0.0,0.65,40.27,39.61,0.0,0.66,72,69
2003-08-11 04:00:00,4,2914.0,1825.0,37.6,36.94,0.0,0.66,40.12,39.47,0.0,0.65,72,70
2003-08-11 05:00:00,5,2596.8,1960.0,37.62,36.96,0.0,0.66,41.05,40.36,0.0,0.69,71,69
2003-08-11 06:00:00,6,2292.5,2185.0,40.54,39.84,0.0,0.7,42.2,41.49,0.0,0.71,71,69
2003-08-11 07:00:00,7,1832.5,2454.0,41.95,41.24,0.0,0.71,44.01,43.32,0.0,0.69,70,69
2003-08-11 08:00:00,8,2020.5,2632.0,46.21,45.42,0.0,0.79,46.34,45.7,0.0,0.64,71,68
2003-08-11 09:00:00,9,2236.1,2757.0,51.69,51.18,-0.37,0.88,51.61,50.87,0.0,0.74,71,68
2003-08-11 10:00:00,10,2182.9,2886.0,54.24,54.86,-1.55,0.93,52.81,52.23,-0.21,0.79,71,69
2003-08-11 11:00:00,11,2289.1,3004.0,56.86,58.61,-2.74,0.99,56.03,58.25,-3.15,0.93,73,70
2003-08-11 12:00:00,12,2222.4,3085.0,58.82,82.88,-25.43,1.37,56.76,73.44,-18.0,1.32,77,69
2003-08-11 13:00:00,13,2209.7,3158.0,59.36,86.05,-28.1,1.41,57.62,81.61,-25.59,1.6,78,69
2003-08-11 14:00:00,14,2182.9,3168.0,59.57,85.83,-27.66,1.4,56.7,80.25,-25.06,1.51,80,69
2003-08-11 15:00:00,15,2470.3,3150.0,57.09,84.09,-28.38,1.38,57.24,60.01,-3.95,1.18,80,69
2003-08-11 16:00:00,16,2325.3,3141.0,57.56,84.36,-28.2,1.4,57.17,60.31,-4.4,1.26,80,69
2003-08-11 17:00:00,17,2374.6,3093.0,56.63,82.41,-27.16,1.38,57.01,59.77,-3.97,1.21,80,70
2003-08-11 18:00:00,18,2228.0,3002.0,55.49,74.09,-19.84,1.24,50.51,51.51,-1.93,0.93,78,70
2003-08-11 19:00:00,19,2370.4,2931.0,53.29,55.47,-3.1,0.92,51.0,50.13,0.0,0.87,77,71
2003-08-11 20:00:00,20,2198.1,2907.0,54.38,79.61,-26.59,1.36,51.91,51.04,0.0,0.87,76,70
2003-08-11 21:00:00,21,2228.0,2755.0,50.25,50.32,-0.92,0.85,46.3,45.56,0.0,0.74,74,70
2003-08-11 22:00:00,22,1895.2,2505.0,41.73,41.04,0.0,0.69,40.78,40.16,0.0,0.62,74,69
2003-08-11 23:00:00,23,2470.6,2268.0,40.54,39.86,0.0,0.68,40.21,39.62,0.0,0.59,73,70
2003-08-12 00:00:00,0,2701.6,2090.0,37.7,37.05,0.0,0.65,40.46,39.81,0.0,0.65,71,70
2003-08-12 01:00:00,1,3136.4,1981.0,36.51,35.88,0.0,0.63,39.87,39.23,0.0,0.64,71,69
2003-08-12 02:00:00,2,3079.5,1923.0,36.29,35.65,0.0,0.64,38.94,38.31,0.0,0.63,70,68
2003-08-12 03:00:00,3,3060.4,1882.0,34.91,34.3,0.0,0.61,38.64,37.9,0.0,0.74,70,68
2003-08-12 04:00:00,4,3076.8,1892.0,35.82,35.19,0.0,0.63,39.81,39.1,0.0,0.71,69,68
2003-08-12 05:00:00,5,2942.9,2006.0,36.29,35.64,0.0,0.65,38.82,38.19,0.0,0.63,70,68
2003-08-12 06:00:00,6,2447.3,2217.0,37.7,37.03,0.0,0.67,38.59,37.94,0.0,0.65,69,69
2003-08-12 07:00:00,7,1864.1,2478.0,42.04,41.31,0.0,0.73,40.47,39.82,0.0,0.65,70,69
2003-08-12 08:00:00,8,2061.3,2654.0,43.85,43.08,0.0,0.77,44.77,44.15,0.0,0.62,71,70
2003-08-12 09:00:00,9,2232.9,2781.0,51.19,50.31,0.0,0.88,46.33,45.67,0.0,0.66,73,69
2003-08-12 10:00:00,10,2273.9,2912.0,53.16,52.73,-0.49,0.92,50.76,49.98,0.0,0.78,74,69
2003-08-12 11:00:00,11,2288.9,3011.0,54.53,54.21,-0.61,0.93,52.14,51.27,0.0,0.87,76,66
2003-08-12 12:00:00,12,2344.2,3062.0,56.94,57.78,-1.82,0.98,53.46,52.57,0.0,0.89,78,68
2003-08-12 13:00:00,13,2422.0,3112.0,57.34,59.47,-3.14,1.01,57.16,68.69,-12.68,1.15,78,68
2003-08-12 14:00:00,14,2438.8,3117.0,57.61,59.68,-3.07,1.0,56.13,79.77,-25.0,1.36,79,68
2003-08-12 15:00:00,15,2412.6,3091.0,57.31,59.44,-3.14,1.01,55.71,72.29,-17.78,1.2,80,69
2003-08-12 16:00:00,16,2399.6,3066.0,57.3,59.43,-3.15,1.02,55.45,76.83,-22.66,1.28,80,69
2003-08-12 17:00:00,17,2339.2,2978.0,54.91,57.91,-3.99,0.99,47.72,53.4,-6.46,0.78,80,69
2003-08-12 18:00:00,18,2316.7,2893.0,53.37,53.99,-1.56,0.94,45.56,46.02,-1.07,0.61,76,71
2003-08-12 19:00:00,19,2336.9,2834.0,51.98,51.76,-0.68,0.9,41.31,40.95,-0.15,0.51,74,71
2003-08-12 20:00:00,20,2169.3,2828.0,53.16,52.95,-0.73,0.94,44.27,43.68,0.0,0.59,73,70
2003-08-12 21:00:00,21,2153.1,2698.0,46.99,46.18,0.0,0.81,43.67,43.06,0.0,0.61,70,69
2003-08-12 22:00:00,22,1857.6,2465.0,41.75,41.04,0.0,0.71,40.78,40.17,0.0,0.61,69,69
2003-08-12 23:00:00,23,2398.1,2225.0,40.31,39.62,0.0,0.69,33.5,33.05,0.0,0.45,69,69
2003-08-13 00:00:00,0,2441.5,2052.0,37.74,37.12,0.0,0.62,29.62,29.2,0.0,0.42,69,69
2003-08-13 01:00:00,1,2633.6,1950.0,36.33,35.73,0.0,0.6,27.3,26.88,0.0,0.42,70,69
2003-08-13 02:00:00,2,2696.5,1896.0,33.73,33.17,0.0,0.56,23.71,23.34,0.0,0.37,70,70
2003-08-13 03:00:00,3,2694.4,1869.0,33.73,33.16,0.0,0.57,38.45,37.89,0.0,0.56,71,70
2003-08-13 04:00:00,4,2732.8,1883.0,33.73,33.16,0.0,0.57,35.18,34.61,0.0,0.57,71,70
2003-08-13 05:00:00,5,2663.5,2012.0,36.33,35.71,0.0,0.62,42.45,41.71,0.0,0.74,71,70
2003-08-13 06:00:00,6,2066.2,2234.0,39.85,39.17,0.0,0.68,40.33,39.68,0.0,0.65,71,70
2003-08-13 07:00:00,7,1899.7,2481.0,44.15,43.41,0.0,0.74,41.25,40.58,0.0,0.67,71,70
2003-08-13 08:00:00,8,2066.7,2658.0,46.93,45.45,0.7,0.78,42.87,42.21,0.0,0.66,71,70
2003-08-13 09:00:00,9,2275.0,2798.0,55.14,52.45,1.78,0.91,44.3,43.6,0.0,0.7,73,70
2003-08-13 10:00:00,10,2234.7,2956.0,56.59,55.1,0.56,0.93,46.69,45.91,0.0,0.78,75,70
2003-08-13 11:00:00,11,2303.3,3083.0,57.51,56.68,-0.13,0.96,50.22,49.37,0.0,0.85,78,70
2003-08-13 12:00:00,12,2426.7,3165.0,59.85,58.79,0.09,0.97,53.42,53.24,-0.78,0.96,79,69
2003-08-13 13:00:00,13,2278.8,3234.0,60.05,60.23,-1.17,0.99,54.95,75.62,-21.97,1.3,81,69
2003-08-13 14:00:00,14,2255.5,3219.0,60.72,60.69,-0.97,1.0,53.4,59.2,-6.97,1.17,82,69
2003-08-13 15:00:00,15,2518.2,3099.0,58.64,62.37,-4.76,1.03,51.07,61.65,-11.59,1.01,76,71
2003-08-13 16:00:00,16,2514.5,3109.0,59.37,61.98,-3.64,1.03,50.37,77.26,-28.07,1.18,77,70
2003-08-13 17:00:00,17,2373.9,3078.0,58.99,60.21,-2.23,1.01,50.98,65.35,-15.51,1.14,76,70
2003-08-13 18:00:00,18,2423.7,3006.0,55.76,55.17,-0.34,0.93,48.2,47.48,0.0,0.72,76,70
2003-08-13 19:00:00,19,2438.7,2928.0,54.05,53.15,0.0,0.9,47.59,46.94,0.0,0.65,77,69
2003-08-13 20:00:00,20,2423.0,2956.0,55.57,54.62,0.0,0.95,52.14,51.49,-0.02,0.67,73,69
2003-08-13 21:00:00,21,2177.3,2827.0,49.41,48.58,0.0,0.83,50.07,49.41,0.0,0.66,72,68
2003-08-13 22:00:00,22,1931.4,2570.0,43.85,43.12,0.0,0.73,43.37,42.75,0.0,0.62,70,68
2003-08-13 23:00:00,23,2326.7,2301.0,40.53,39.85,0.0,0.68,38.35,37.83,0.0,0.52,72,69
2003-08-14 00:00:00,0,2522.7,2121.0,37.73,37.1,0.0,0.63,38.2,37.7,0.0,0.5,72,68
2003-08-14 01:00:00,1,2893.5,1996.0,36.37,35.8,-0.04,0.61,37.51,36.96,0.0,0.55,71,68
2003-08-14 02:00:00,2,2833.1,1923.0,35.18,34.58,0.0,0.6,36.22,35.59,0.0,0.63,70,67
2003-08-14 03:00:00,3,2862.2,1875.0,33.76,33.18,0.0,0.58,34.4,33.75,0.0,0.65,70,67
2003-08-14 04:00:00,4,2915.0,1875.0,33.76,33.17,0.0,0.59,25.57,25.06,0.0,0.51,69,67
2003-08-14 05:00:00,5,2920.0,1969.0,36.37,35.78,-0.04,0.63,27.84,27.28,0.0,0.56,69,67
2003-08-14 06:00:00,6,2142.9,2162.0,40.01,39.34,-0.02,0.69,27.97,27.47,0.0,0.5,68,66
2003-08-14 07:00:00,7,1751.3,2439.0,43.84,43.09,0.0,0.75,35.81,35.28,0.0,0.53,70,66
2003-08-14 08:00:00,8,1889.1,2661.0,45.69,44.9,0.0,0.79,40.47,39.94,0.0,0.53,71,65
2003-08-14 09:00:00,9,1963.5,2812.0,52.04,51.16,0.0,0.88,45.89,45.3,0.0,0.59,74,65
2003-08-14 10:00:00,10,1887.3,2946.0,57.23,59.59,-3.37,1.01,52.52,51.81,0.0,0.71,77,65
2003-08-14 11:00:00,11,1905.0,3031.0,60.7,64.37,-4.74,1.07,52.98,52.28,0.0,0.7,79,66
2003-08-14 12:00:00,12,1936.6,3092.0,61.57,66.64,-6.17,1.1,51.34,53.72,-3.15,0.77,80,64
2003-08-14 13:00:00,13,1961.4,3158.0,62.59,69.16,-7.69,1.12,53.43,60.41,-7.92,0.94,81,64
2003-08-14 14:00:00,14,1956.4,3180.0,63.61,70.28,-7.81,1.14,53.77,73.49,-20.89,1.17,83,62
2003-08-14 15:00:00,15,1925.6,3163.0,62.8,69.78,-8.1,1.12,54.69,79.87,-26.42,1.24,83,65
2003-08-14 16:00:00,16,1906.7,3044.0,66.51,71.8,-6.46,1.17,54.63,83.08,-29.71,1.26,83,65
2003-08-14 17:00:00,17,1879.6,2895.0,63.12,69.33,-7.34,1.13,47.44,46.93,0.0,0.51,82,64
2003-08-14 18:00:00,18,1873.5,2889.0,60.0,62.77,-3.8,1.03,47.44,46.93,0.0,0.51,80,66
2003-08-14 19:00:00,19,1836.9,2863.0,56.83,57.75,-1.88,0.96,41.69,41.24,0.0,0.45,78,66
2003-08-14 20:00:00,20,1822.4,2908.0,58.09,59.24,-2.16,1.01,44.27,43.84,0.0,0.43,75,66
2003-08-14 21:00:00,21,1876.7,2787.0,52.4,51.25,0.29,0.86,44.88,44.4,0.0,0.48,74,66
2003-08-14 22:00:00,22,1694.6,2538.0,44.61,43.88,0.0,0.73,45.16,44.76,0.0,0.4,74,67
2003-08-14 23:00:00,23,2097.7,2284.0,43.0,41.91,0.39,0.7,29.74,29.58,0.0,0.16,73,67
2003-08-15 00:00:00,0,2214.5,2072.0,40.82,40.15,0.0,0.67,0.0,0.0,0.0,0.0,73,67
2003-08-15 01:00:00,1,2349.7,1953.0,37.54,36.92,0.0,0.62,0.0,0.0,0.0,0.0,72,67
2003-08-15 02:00:00,2,2528.6,1876.0,36.43,35.82,0.0,0.61,44.95,44.93,0.0,0.02,72,67
2003-08-15 03:00:00,3,2493.2,1827.0,35.66,35.06,0.0,0.6,45.32,45.22,0.0,0.1,69,66
2003-08-15 04:00:00,4,2501.4,1820.0,35.66,35.06,0.0,0.6,43.76,43.54,0.0,0.22,69,65
2003-08-15 05:00:00,5,2405.2,1921.0,36.6,35.96,0.0,0.64,49.47,49.24,0.0,0.23,71,63
2003-08-15 06:00:00,6,2094.9,2098.0,42.23,41.49,0.0,0.74,43.26,45.24,-2.32,0.34,67,63
2003-08-15 07:00:00,7,1945.1,2358.0,43.83,43.06,0.0,0.77,31.59,31.26,0.0,0.33,72,61
2003-08-15 08:00:00,8,2072.1,2580.0,45.18,44.39,0.0,0.79,34.04,33.6,0.0,0.44,73,61
2003-08-15 09:00:00,9,2239.6,2737.0,51.26,50.37,0.0,0.89,41.71,41.12,0.0,0.59,74,63
2003-08-15 10:00:00,10,2330.3,2886.0,55.36,56.19,-1.8,0.97,44.54,43.84,0.0,0.7,76,65
2003-08-15 11:00:00,11,2247.6,2997.0,61.29,65.6,-5.42,1.11,50.63,49.72,0.0,0.91,79,65
2003-08-15 12:00:00,12,2365.0,3057.0,61.83,69.73,-9.08,1.18,50.7,49.66,0.0,1.04,80,63
2003-08-15 13:00:00,13,2387.9,3111.0,64.28,73.25,-10.2,1.23,114.2,63.43,49.38,1.39,81,65
2003-08-15 14:00:00,14,2400.8,3129.0,62.87,73.88,-12.24,1.23,103.57,64.04,38.49,1.04,82,62
2003-08-15 15:00:00,15,2471.6,3110.0,61.59,71.96,-11.54,1.17,55.29,53.89,0.72,0.68,83,59
2003-08-15 16:00:00,16,2368.9,3094.0,63.01,71.69,-9.85,1.17,57.06,54.31,2.09,0.66,82,62
2003-08-15 17:00:00,17,2398.4,3014.0,60.55,67.33,-7.89,1.11,54.81,50.66,3.56,0.59,82,63
2003-08-15 18:00:00,18,2249.4,2904.0,58.02,63.19,-6.23,1.06,45.1,44.09,0.53,0.48,81,62
2003-08-15 19:00:00,19,2190.6,2798.0,55.72,56.97,-2.22,0.97,33.46,33.0,0.0,0.46,78,64
2003-08-15 20:00:00,20,2170.0,2791.0,55.64,54.85,-0.16,0.95,49.82,49.1,0.0,0.72,74,65
2003-08-15 21:00:00,21,2147.9,2672.0,49.88,49.4,-0.36,0.84,46.02,45.31,0.0,0.71,72,64
2003-08-15 22:00:00,22,1885.3,2444.0,44.75,44.01,0.0,0.74,29.83,29.36,0.0,0.47,69,64
2003-08-15 23:00:00,23,2138.6,2193.0,42.96,41.92,0.35,0.69,34.4,33.84,0.0,0.56,69,63
2003-08-16 00:00:00,0,1782.3,2014.0,37.8,37.17,0.0,0.63,39.28,38.77,0.0,0.51,71,63
2003-08-16 01:00:00,1,1929.3,1893.0,36.43,35.83,0.0,0.6,37.42,37.01,0.0,0.41,69,63
2003-08-16 02:00:00,2,2107.9,1816.0,34.77,34.19,0.0,0.58,31.74,31.37,0.0,0.37,67,63
2003-08-16 03:00:00,3,2300.9,1759.0,32.77,32.23,0.0,0.54,32.02,31.61,0.0,0.41,66,63
2003-08-16 04:00:00,4,2317.0,1734.0,31.34,30.82,0.0,0.52,30.79,30.43,0.0,0.36,67,63
2003-08-16 05:00:00,5,2351.8,1759.0,31.76,31.23,0.0,0.53,30.29,29.91,0.0,0.38,68,63
2003-08-16 06:00:00,6,2245.4,1807.0,30.81,30.28,0.0,0.53,9.28,9.16,0.0,0.12,68,63
2003-08-16 07:00:00,7,1389.4,1959.0,37.0,36.51,-0.16,0.65,0.0,0.0,0.0,0.0,69,63
2003-08-16 08:00:00,8,1412.1,2165.0,41.43,40.7,0.0,0.73,41.34,40.81,0.0,0.53,72,64
2003-08-16 09:00:00,9,1733.8,2368.0,46.69,45.86,0.0,0.83,57.6,56.86,0.0,0.74,74,65
2003-08-16 10:00:00,10,1933.9,2480.0,50.84,49.96,0.0,0.88,59.46,58.79,0.08,0.59,76,66
2003-08-16 11:00:00,11,2072.4,2573.0,52.58,51.68,0.0,0.9,49.54,49.25,0.0,0.29,76,67
2003-08-16 12:00:00,12,1911.0,2651.0,53.11,52.73,-0.53,0.91,62.19,68.16,-6.49,0.52,79,66
2003-08-16 13:00:00,13,1902.4,2685.0,53.35,52.82,-0.37,0.9,58.57,76.84,-19.09,0.82,81,66
2003-08-16 14:00:00,14,1967.8,2699.0,53.1,52.48,-0.27,0.89,54.6,74.66,-20.82,0.76,83,67
2003-08-16 15:00:00,15,2026.8,2657.0,52.58,52.03,-0.34,0.89,53.49,75.53,-22.78,0.74,82,67
2003-08-16 16:00:00,16,2074.4,2605.0,52.58,52.08,-0.39,0.89,52.6,67.44,-15.51,0.67,81,67
2003-08-16 17:00:00,17,2033.3,2578.0,51.25,50.38,0.0,0.87,51.21,54.78,-4.07,0.5,78,66
2003-08-16 18:00:00,18,1941.3,2514.0,49.86,49.01,0.0,0.85,49.94,49.5,0.0,0.44,75,66
2003-08-16 19:00:00,19,1870.2,2469.0,48.92,48.09,0.0,0.83,48.92,48.51,0.0,0.41,75,66
2003-08-16 20:00:00,20,1923.2,2469.0,48.92,48.08,0.0,0.84,47.5,47.06,0.0,0.44,73,68
2003-08-16 21:00:00,21,1777.6,2372.0,47.12,46.3,0.0,0.82,44.09,43.67,0.0,0.42,72,68
2003-08-16 22:00:00,22,1520.7,2204.0,41.63,40.91,0.0,0.72,28.94,28.66,0.0,0.28,71,68
2003-08-16 23:00:00,23,1884.2,2011.0,40.67,39.98,0.0,0.69,37.28,36.89,0.0,0.39,70,67
2003-08-17 00:00:00,0,1710.2,1862.0,39.27,38.6,0.0,0.67,43.42,42.9,0.0,0.52,69,67
2003-08-17 01:00:00,1,1618.5,1758.0,36.43,35.81,0.0,0.62,39.28,38.82,0.0,0.46,70,63
2003-08-17 02:00:00,2,2036.0,1695.0,36.43,35.8,0.0,0.63,39.01,38.5,0.0,0.51,70,62
2003-08-17 03:00:00,3,2021.4,1650.0,32.53,31.97,0.0,0.56,38.89,38.36,0.0,0.53,70,61
2003-08-17 04:00:00,4,2179.7,1626.0,32.53,31.97,0.0,0.56,39.84,39.26,0.0,0.58,68,62
2003-08-17 05:00:00,5,2230.0,1628.0,31.06,30.52,0.0,0.54,40.01,39.42,0.0,0.59,67,61
2003-08-17 06:00:00,6,2267.4,1638.0,28.97,28.46,0.0,0.51,33.5,32.69,0.3,0.51,67,61
2003-08-17 07:00:00,7,1574.2,1741.0,30.33,29.78,0.0,0.55,28.18,27.72,0.0,0.46,67,61
2003-08-17 08:00:00,8,1430.7,1883.0,32.37,31.77,0.0,0.6,26.79,26.39,0.0,0.4,67,62
2003-08-17 09:00:00,9,1500.7,2012.0,41.32,40.55,0.0,0.77,30.12,29.68,0.0,0.44,67,62
2003-08-17 10:00:00,10,1592.3,2113.0,45.36,44.53,0.0,0.83,30.19,29.74,0.0,0.45,70,61
2003-08-17 11:00:00,11,1687.6,2176.0,48.92,48.04,0.0,0.88,36.06,34.06,1.49,0.51,70,61
2003-08-17 12:00:00,12,1694.4,2199.0,50.04,49.14,0.0,0.9,34.42,33.11,0.87,0.44,70,61
2003-08-17 13:00:00,13,1661.3,2195.0,50.04,49.15,0.0,0.89,32.18,28.26,3.57,0.35,70,61
2003-08-17 14:00:00,14,1697.3,2179.0,50.04,49.16,0.0,0.88,37.76,36.65,0.64,0.47,70,62
2003-08-17 15:00:00,15,1738.6,2167.0,49.22,48.36,0.0,0.86,36.82,36.35,0.0,0.47,71,60
2003-08-17 16:00:00,16,1804.8,2183.0,49.25,48.38,0.0,0.87,37.46,36.98,0.0,0.48,72,60
2003-08-17 17:00:00,17,1675.9,2199.0,50.04,49.14,0.0,0.9,34.75,34.28,0.0,0.47,71,59
2003-08-17 18:00:00,18,1776.0,2185.0,48.92,48.05,0.0,0.87,26.59,26.22,0.0,0.37,69,58
2003-08-17 19:00:00,19,1672.5,2187.0,48.19,47.33,0.0,0.86,30.21,29.75,0.0,0.46,69,58
2003-08-17 20:00:00,20,1755.3,2213.0,48.92,48.04,0.0,0.88,37.58,36.98,0.0,0.6,68,59
2003-08-17 21:00:00,21,1667.9,2120.0,44.63,43.83,0.0,0.8,30.06,29.59,0.0,0.47,67,62
2003-08-17 22:00:00,22,1484.8,1957.0,39.48,38.79,0.0,0.69,17.99,17.71,0.0,0.28,66,61
2003-08-17 23:00:00,23,1835.8,1798.0,38.39,37.72,0.0,0.67,23.35,23.05,0.0,0.3,65,61
2003-08-18 00:00:00,0,1762.5,1673.0,36.43,35.8,0.0,0.63,17.81,17.58,0.0,0.23,63,60
2003-08-18 01:00:00,1,2083.5,1602.0,32.53,31.97,0.0,0.56,14.71,14.49,0.0,0.22,63,59
2003-08-18 02:00:00,2,2378.4,1566.0,31.91,31.35,0.0,0.56,19.71,19.37,0.0,0.34,63,58
2003-08-18 03:00:00,3,2298.0,1554.0,30.33,29.8,0.0,0.53,31.06,30.5,0.0,0.56,64,57
2003-08-18 04:00:00,4,2321.1,1576.0,30.72,30.17,0.0,0.55,34.36,33.75,0.0,0.61,63,58
2003-08-18 05:00:00,5,2137.5,1706.0,34.56,33.92,0.0,0.64,30.86,30.35,0.0,0.51,62,59
2003-08-18 06:00:00,6,1743.0,1908.0,37.0,36.28,0.0,0.72,23.83,23.47,0.0,0.36,62,59
2003-08-18 07:00:00,7,1423.8,2158.0,39.26,38.5,0.0,0.76,24.69,24.33,0.0,0.36,63,59
2003-08-18 08:00:00,8,1604.6,2342.0,41.0,40.22,0.0,0.78,32.66,32.22,0.0,0.44,63,60
2003-08-18 09:00:00,9,1785.0,2467.0,44.63,43.8,0.0,0.83,41.76,41.23,0.0,0.53,65,61
2003-08-18 10:00:00,10,1858.8,2568.0,47.13,46.26,0.0,0.87,42.84,42.3,0.0,0.54,67,62
2003-08-18 11:00:00,11,1911.3,2633.0,50.47,49.55,0.0,0.92,41.61,41.11,0.0,0.5,69,62
2003-08-18 12:00:00,12,1931.6,2662.0,51.79,50.86,0.0,0.93,36.23,35.81,0.0,0.42,71,64
2003-08-18 13:00:00,13,1933.3,2692.0,52.93,51.98,0.0,0.95,41.94,41.45,0.0,0.49,72,62
2003-08-18 14:00:00,14,1868.2,2687.0,52.93,51.98,0.0,0.95,41.58,41.12,0.0,0.46,73,62
2003-08-18 15:00:00,15,1939.5,2660.0,52.91,51.97,0.0,0.94,40.91,40.51,0.0,0.4,67,65
2003-08-18 16:00:00,16,1929.5,2643.0,51.79,50.87,0.0,0.92,41.99,41.57,0.0,0.42,68,63
2003-08-18 17:00:00,17,1962.2,2608.0,50.63,49.72,0.0,0.91,40.82,40.4,0.0,0.42,68,64
2003-08-18 18:00:00,18,1828.1,2535.0,50.0,49.1,0.0,0.9,41.32,40.9,0.0,0.42,68,65
2003-08-18 19:00:00,19,1810.3,2488.0,46.85,46.0,0.0,0.85,37.84,37.47,0.0,0.37,69,63
2003-08-18 20:00:00,20,1813.6,2534.0,50.31,49.38,0.0,0.93,46.07,45.51,0.0,0.56,67,64
2003-08-18 21:00:00,21,1801.1,2409.0,43.01,42.25,0.0,0.76,39.66,39.22,0.0,0.44,65,63
2003-08-18 22:00:00,22,1699.4,2190.0,36.65,36.01,0.0,0.64,29.11,28.74,0.0,0.37,65,63
2003-08-18 23:00:00,23,1957.4,1968.0,37.92,37.26,0.0,0.66,27.25,27.01,0.0,0.24,64,63
2003-08-19 00:00:00,0,1978.6,1811.0,33.97,33.4,0.0,0.57,34.03,33.66,0.0,0.37,63,62
2003-08-19 01:00:00,1,2370.3,1720.0,31.19,30.66,0.0,0.53,29.48,29.17,0.0,0.31,63,62
2003-08-19 02:00:00,2,2315.9,1667.0,29.72,29.21,0.0,0.51,26.46,26.13,0.0,0.33,63,61
2003-08-19 03:00:00,3,2307.3,1636.0,27.49,27.02,0.0,0.47,28.72,28.33,0.0,0.39,63,61
2003-08-19 04:00:00,4,2293.8,1645.0,28.24,27.75,0.0,0.49,30.55,30.13,0.0,0.42,63,61
2003-08-19 05:00:00,5,2398.0,1756.0,32.34,31.77,0.0,0.57,37.62,37.1,0.0,0.52,63,61
2003-08-19 06:00:00,6,1856.5,1950.0,37.77,37.13,0.0,0.64,30.49,30.02,0.0,0.47,62,61
2003-08-19 07:00:00,7,1555.3,2199.0,39.21,38.55,0.0,0.66,33.25,32.75,0.0,0.5,63,61
2003-08-19 08:00:00,8,1613.0,2387.0,44.32,43.53,0.0,0.79,38.31,37.89,0.0,0.42,65,62
2003-08-19 09:00:00,9,1765.7,2535.0,44.63,43.85,0.0,0.78,45.61,45.07,0.0,0.54,68,62
2003-08-19 10:00:00,10,1849.3,2663.0,50.98,50.09,0.0,0.89,48.8,48.23,0.0,0.57,72,63
2003-08-19 11:00:00,11,1704.0,2764.0,52.39,51.74,-0.26,0.91,51.35,50.71,0.0,0.64,75,64
2003-08-19 12:00:00,12,1735.3,2818.0,53.48,55.19,-2.67,0.96,50.07,49.43,0.0,0.64,76,63
2003-08-19 13:00:00,13,1708.0,2876.0,55.65,57.06,-2.39,0.98,53.59,52.9,0.0,0.69,77,63
2003-08-19 14:00:00,14,1617.1,2897.0,56.17,57.72,-2.53,0.98,51.29,54.38,-3.67,0.58,79,60
2003-08-19 15:00:00,15,1581.7,2891.0,56.27,58.37,-3.09,0.99,52.49,57.17,-5.31,0.63,80,61
2003-08-19 16:00:00,16,1527.3,2884.0,56.19,58.88,-3.7,1.01,54.4,68.16,-14.56,0.8,80,61
2003-08-19 17:00:00,17,1656.0,2832.0,53.66,56.55,-3.88,0.99,50.54,62.55,-12.7,0.69,78,62
2003-08-19 18:00:00,18,1604.1,2749.0,52.54,54.41,-2.81,0.94,51.84,54.28,-3.07,0.63,78,63
2003-08-19 19:00:00,19,1589.2,2674.0,51.3,50.43,0.0,0.87,49.36,48.88,0.0,0.48,75,61
2003-08-19 20:00:00,20,1745.3,2704.0,51.2,50.31,0.0,0.89,54.4,53.8,0.0,0.6,72,60
2003-08-19 21:00:00,21,1736.1,2558.0,44.63,43.87,0.0,0.76,52.03,51.42,0.0,0.61,69,61
2003-08-19 22:00:00,22,1581.8,2313.0,38.44,37.8,0.0,0.64,48.44,47.98,0.0,0.46,68,60
2003-08-19 23:00:00,23,1922.2,2070.0,38.44,37.81,0.0,0.63,41.67,41.38,0.0,0.29,68,60
2003-08-20 00:00:00,0,2266.2,1913.0,39.1,38.45,0.0,0.65,41.85,41.49,0.0,0.36,67,61
2003-08-20 01:00:00,1,2550.8,1800.0,36.59,35.98,0.0,0.61,40.29,39.93,0.0,0.36,66,62
2003-08-20 02:00:00,2,2591.5,1737.0,36.43,35.81,0.0,0.62,42.37,41.89,0.0,0.48,64,62
2003-08-20 03:00:00,3,2557.4,1703.0,35.66,35.05,0.0,0.61,40.63,40.13,0.0,0.5,65,62
2003-08-20 04:00:00,4,2564.4,1705.0,36.43,35.8,0.0,0.63,38.31,37.81,0.0,0.5,65,62
2003-08-20 05:00:00,5,2567.8,1815.0,36.59,35.96,0.0,0.63,34.23,33.74,0.0,0.49,63,61
2003-08-20 06:00:00,6,1994.7,2004.0,39.22,38.53,0.0,0.69,32.0,31.6,0.0,0.4,64,60
2003-08-20 07:00:00,7,1752.9,2259.0,42.21,41.79,-0.31,0.73,36.4,35.96,0.0,0.44,64,59
2003-08-20 08:00:00,8,1893.8,2458.0,44.69,43.92,0.0,0.77,34.26,33.93,0.0,0.33,66,60
2003-08-20 09:00:00,9,1977.5,2617.0,48.4,50.6,-3.07,0.87,46.64,48.17,-2.11,0.58,70,59
2003-08-20 10:00:00,10,2078.1,2754.0,51.02,55.61,-5.55,0.96,40.65,70.32,-30.62,0.95,74,61
2003-08-20 11:00:00,11,2130.3,2860.0,52.86,65.33,-13.58,1.11,52.59,58.25,-6.53,0.87,77,60
2003-08-20 12:00:00,12,2070.7,2937.0,53.65,73.32,-20.89,1.22,56.64,56.02,-0.22,0.84,79,60
2003-08-20 13:00:00,13,2059.5,3019.0,54.85,74.86,-21.24,1.23,53.33,54.9,-2.31,0.74,80,61
2003-08-20 14:00:00,14,2058.7,3061.0,55.42,76.62,-22.45,1.25,53.51,56.97,-4.21,0.75,82,63
2003-08-20 15:00:00,15,2051.2,3077.0,55.56,76.83,-22.52,1.25,54.74,67.44,-13.64,0.94,82,63
2003-08-20 16:00:00,16,2036.2,3091.0,55.22,77.4,-23.46,1.28,65.1,83.69,-19.83,1.24,83,63
2003-08-20 17:00:00,17,1997.5,3047.0,54.27,74.33,-21.31,1.25,59.25,63.2,-4.91,0.96,82,63
2003-08-20 18:00:00,18,2067.4,2965.0,52.91,72.79,-21.12,1.24,55.19,54.49,0.0,0.7,81,65
2003-08-20 19:00:00,19,2022.8,2901.0,50.99,58.71,-8.73,1.01,58.02,57.41,0.0,0.61,79,67
2003-08-20 20:00:00,20,2031.0,2918.0,52.0,59.26,-8.29,1.03,66.39,65.67,0.0,0.72,74,67
2003-08-20 21:00:00,21,1923.9,2761.0,49.87,51.43,-2.44,0.88,56.29,55.58,0.0,0.71,73,65
2003-08-20 22:00:00,22,1680.6,2497.0,43.6,42.87,0.0,0.73,48.32,47.7,0.0,0.62,73,64
2003-08-20 23:00:00,23,1967.3,2223.0,41.98,41.3,0.0,0.68,44.11,43.6,0.0,0.51,72,64
2003-08-21 00:00:00,0,2289.2,2029.0,41.0,40.32,0.0,0.68,40.55,40.03,0.0,0.52,71,63
2003-08-21 01:00:00,1,2457.5,1907.0,39.64,38.98,0.0,0.66,37.9,37.31,0.0,0.59,70,63
2003-08-21 02:00:00,2,2598.0,1840.0,39.28,38.62,0.0,0.66,38.95,38.28,0.0,0.67,67,62
2003-08-21 03:00:00,3,2799.0,1792.0,39.26,38.6,0.0,0.66,39.11,38.45,0.0,0.66,69,62
2003-08-21 04:00:00,4,2806.0,1796.0,39.35,38.67,0.0,0.68,39.32,38.62,0.0,0.7,67,62
2003-08-21 05:00:00,5,2675.0,1907.0,39.28,38.61,0.0,0.67,41.65,40.9,0.0,0.75,66,62
2003-08-21 06:00:00,6,2376.6,2094.0,41.7,40.97,0.0,0.73,41.7,40.99,0.0,0.71,66,62
2003-08-21 07:00:00,7,1888.2,2351.0,43.72,44.02,-1.06,0.76,45.2,44.6,0.0,0.6,66,62
2003-08-21 08:00:00,8,1974.9,2569.0,48.84,51.24,-3.3,0.9,50.58,49.97,0.0,0.61,68,61
2003-08-21 09:00:00,9,2073.0,2735.0,53.7,56.91,-4.19,0.98,54.62,53.99,0.0,0.63,74,64
2003-08-21 10:00:00,10,1964.5,2887.0,57.56,85.06,-28.93,1.43,60.69,59.99,0.0,0.7,77,60
2003-08-21 11:00:00,11,1912.6,3000.0,58.94,88.3,-30.81,1.45,61.38,60.69,0.0,0.69,79,62
2003-08-21 12:00:00,12,1947.3,3079.0,59.44,91.64,-33.69,1.49,64.13,63.38,0.0,0.75,80,62
2003-08-21 13:00:00,13,1984.7,3141.0,61.4,104.08,-44.35,1.67,62.62,70.46,-8.76,0.92,81,63
2003-08-21 14:00:00,14,1990.6,3169.0,61.01,103.75,-44.38,1.64,59.63,84.21,-25.78,1.2,82,62
2003-08-21 15:00:00,15,1974.2,3174.0,60.68,103.47,-44.43,1.64,56.54,87.44,-32.2,1.3,83,62
2003-08-21 16:00:00,16,1961.2,3162.0,59.45,101.56,-43.75,1.64,56.44,85.28,-30.09,1.25,82,63
2003-08-21 17:00:00,17,1914.8,3102.0,59.31,99.18,-41.5,1.63,54.75,76.37,-22.73,1.11,82,65
2003-08-21 18:00:00,18,1924.1,3004.0,57.31,88.68,-32.84,1.47,51.01,57.18,-6.91,0.74,81,67
2003-08-21 19:00:00,19,2040.3,2943.0,55.44,73.66,-19.45,1.23,53.78,53.21,0.0,0.57,79,68
2003-08-21 20:00:00,20,1917.9,2967.0,55.95,70.4,-15.66,1.21,54.02,53.92,-0.49,0.59,75,67
2003-08-21 21:00:00,21,2030.0,2805.0,53.0,54.78,-2.73,0.95,51.27,50.69,0.0,0.58,72,66
2003-08-21 22:00:00,22,1831.6,2557.0,47.15,49.84,-3.55,0.86,45.72,45.22,0.0,0.5,72,66
2003-08-21 23:00:00,23,2206.9,2295.0,44.84,43.47,0.64,0.73,39.81,39.35,0.0,0.46,73,67
2003-08-22 00:00:00,0,3287.3,2110.0,42.6,41.84,0.0,0.76,41.73,41.03,0.0,0.7,72,68
2003-08-22 01:00:00,1,3322.8,2000.0,39.71,39.0,0.0,0.71,40.06,39.33,0.0,0.73,72,68
2003-08-22 02:00:00,2,3412.7,1931.0,39.55,38.83,0.0,0.72,39.48,38.79,0.0,0.69,71,68
2003-08-22 03:00:00,3,3372.7,1887.0,39.55,38.83,0.0,0.72,39.63,38.92,0.0,0.71,70,68
2003-08-22 04:00:00,4,3375.0,1895.0,39.55,38.82,0.0,0.73,39.4,38.72,0.0,0.68,69,68
2003-08-22 05:00:00,5,3413.1,2003.0,39.71,38.97,0.0,0.74,42.28,41.54,0.0,0.74,69,68
2003-08-22 06:00:00,6,2676.5,2198.0,42.57,41.76,0.0,0.81,43.01,42.3,0.0,0.71,68,68
2003-08-22 07:00:00,7,2356.3,2455.0,46.33,44.83,0.67,0.83,44.82,44.21,0.0,0.61,69,68
2003-08-22 08:00:00,8,2396.1,2688.0,51.0,50.06,0.0,0.94,51.83,51.21,0.0,0.62,72,69
2003-08-22 09:00:00,9,2645.1,2883.0,57.83,52.18,4.68,0.97,56.49,55.81,0.0,0.68,75,70
2003-08-22 10:00:00,10,2142.9,3054.0,57.71,86.93,-30.8,1.58,63.83,63.96,-0.98,0.85,78,70
2003-08-22 11:00:00,11,1992.6,3176.0,60.93,91.58,-32.3,1.65,66.97,81.76,-15.83,1.04,80,70
2003-08-22 12:00:00,12,2046.4,3253.0,61.58,94.37,-34.47,1.68,72.06,94.91,-24.03,1.18,83,68
2003-08-22 13:00:00,13,1927.4,3309.0,64.39,103.65,-41.09,1.83,76.4,119.1,-44.26,1.56,85,69
2003-08-22 14:00:00,14,1922.3,3310.0,66.19,103.84,-39.48,1.83,59.84,117.19,-58.75,1.4,86,69
2003-08-22 15:00:00,15,1923.1,3279.0,66.88,103.91,-38.87,1.84,55.57,100.44,-46.01,1.14,85,70
2003-08-22 16:00:00,16,1883.9,3202.0,66.08,98.63,-34.32,1.77,65.71,73.86,-9.17,1.02,85,71
2003-08-22 17:00:00,17,1928.0,3018.0,64.16,92.25,-29.77,1.68,56.83,68.94,-12.75,0.64,83,72
2003-08-22 18:00:00,18,1990.0,2812.0,57.63,76.79,-20.56,1.4,50.39,52.87,-2.82,0.34,74,70
2003-08-22 19:00:00,19,2728.5,2769.0,60.44,60.29,-0.97,1.12,47.8,47.83,-0.37,0.34,73,70
2003-08-22 20:00:00,20,2703.4,2777.0,59.86,54.75,4.07,1.04,53.26,52.75,0.0,0.51,73,71
2003-08-22 21:00:00,21,2615.9,2636.0,57.26,57.14,-0.93,1.05,51.39,50.86,0.0,0.53,72,69
2003-08-22 22:00:00,22,2435.1,2404.0,48.21,47.33,0.02,0.86,50.83,50.25,0.0,0.58,71,68
2003-08-22 23:00:00,23,2148.8,2139.0,44.98,43.32,0.87,0.79,46.86,46.34,0.0,0.52,70,66
2003-08-23 00:00:00,0,1617.8,1941.0,41.69,40.92,0.0,0.77,43.29,42.9,0.0,0.39,67,61
2003-08-23 01:00:00,1,1963.8,1815.0,37.72,37.01,0.0,0.71,47.21,46.83,0.0,0.38,66,60
2003-08-23 02:00:00,2,2235.5,1738.0,37.46,36.76,0.0,0.7,53.73,53.24,0.0,0.49,65,60
2003-08-23 03:00:00,3,2410.2,1675.0,37.46,36.76,0.0,0.7,46.52,46.08,0.0,0.44,64,60
2003-08-23 04:00:00,4,2410.3,1653.0,35.7,35.03,0.0,0.67,44.49,44.09,0.0,0.4,63,59
2003-08-23 05:00:00,5,2412.1,1677.0,37.12,36.42,0.0,0.7,48.85,48.34,0.0,0.51,63,59
2003-08-23 06:00:00,6,2251.5,1713.0,37.46,36.75,0.0,0.71,44.28,43.88,0.0,0.4,62,59
2003-08-23 07:00:00,7,1845.8,1856.0,42.03,41.21,0.0,0.82,52.55,52.52,-0.33,0.36,63,59
2003-08-23 08:00:00,8,1812.6,2039.0,43.39,42.56,-0.02,0.85,56.45,56.22,-0.11,0.34,66,59
2003-08-23 09:00:00,9,1988.0,2194.0,46.83,45.91,0.0,0.92,57.36,57.05,0.0,0.31,68,59
2003-08-23 10:00:00,10,1599.1,2288.0,50.06,49.11,0.0,0.95,72.26,71.86,0.0,0.4,71,57
2003-08-23 11:00:00,11,1678.9,2309.0,51.93,50.95,0.0,0.98,74.2,73.84,0.0,0.36,72,56
2003-08-23 12:00:00,12,1696.3,2299.0,52.27,51.28,0.0,0.99,57.8,57.48,0.0,0.32,74,54
2003-08-23 13:00:00,13,1690.8,2264.0,52.27,51.29,0.0,0.98,51.97,51.67,0.0,0.3,75,54
2003-08-23 14:00:00,14,1700.9,2230.0,51.6,50.64,0.0,0.96,60.64,60.26,0.0,0.38,75,48
2003-08-23 15:00:00,15,1671.9,2204.0,51.6,50.64,0.0,0.96,56.14,55.81,0.0,0.33,75,41
2003-08-23 16:00:00,16,1656.9,2181.0,51.49,50.52,0.0,0.97,53.65,53.34,0.0,0.31,75,45
2003-08-23 17:00:00,17,1635.6,2154.0,51.2,50.21,0.0,0.99,54.15,53.86,0.0,0.29,74,43
2003-08-23 18:00:00,18,1677.8,2089.0,48.18,47.25,0.0,0.93,49.98,49.7,0.0,0.28,72,45
2003-08-23 19:00:00,19,2023.7,2048.0,47.78,46.87,0.0,0.91,45.42,45.24,0.0,0.18,70,45
2003-08-23 20:00:00,20,2098.0,2083.0,47.78,46.87,0.0,0.91,51.77,51.45,0.0,0.32,66,43
2003-08-23 21:00:00,21,2061.4,1990.0,45.71,44.85,0.0,0.86,45.7,45.38,0.0,0.32,64,45
2003-08-23 22:00:00,22,1805.2,1840.0,42.12,41.35,0.0,0.77,39.88,39.61,0.0,0.27,62,45
2003-08-23 23:00:00,23,1674.0,1669.0,37.6,36.93,0.0,0.67,39.18,38.9,0.0,0.28,61,40
2003-08-24 00:00:00,0,2108.0,1538.0,39.26,38.48,0.0,0.78,35.47,35.25,0.0,0.22,59,38
2003-08-24 01:00:00,1,2434.9,1451.0,37.47,36.72,0.0,0.75,33.51,33.18,0.0,0.33,57,39
2003-08-24 02:00:00,2,2547.7,1400.0,37.47,36.72,0.0,0.75,39.83,39.34,0.0,0.49,56,38
2003-08-24 03:00:00,3,2669.4,1364.0,35.58,34.87,0.0,0.71,48.85,48.11,0.0,0.74,54,40
2003-08-24 04:00:00,4,2748.5,1350.0,31.24,30.61,0.0,0.63,41.96,41.29,0.0,0.67,53,39
2003-08-24 05:00:00,5,2735.4,1363.0,32.96,32.29,0.0,0.67,45.49,44.81,0.0,0.68,50,40
2003-08-24 06:00:00,6,2698.2,1373.0,34.0,33.3,0.0,0.7,32.24,31.77,0.0,0.47,49,39
2003-08-24 07:00:00,7,1808.7,1471.0,35.58,34.84,0.0,0.74,27.61,27.23,0.0,0.38,53,39
2003-08-24 08:00:00,8,1521.3,1613.0,39.27,38.54,-0.1,0.83,30.09,29.72,0.0,0.37,56,39
2003-08-24 09:00:00,9,1447.9,1740.0,41.71,40.9,-0.05,0.86,40.14,39.54,0.0,0.6,58,37
2003-08-24 10:00:00,10,1563.4,1818.0,44.68,43.77,0.0,0.91,38.43,37.9,0.0,0.53,60,39
2003-08-24 11:00:00,11,1607.5,1860.0,47.93,46.97,0.0,0.96,43.27,42.66,0.0,0.61,62,38
2003-08-24 12:00:00,12,1652.8,1874.0,49.16,48.18,0.0,0.98,28.4,28.02,0.0,0.38,64,39
2003-08-24 13:00:00,13,1662.1,1856.0,49.12,48.15,0.0,0.97,39.52,39.06,0.0,0.46,66,39
2003-08-24 14:00:00,14,1659.5,1839.0,48.19,47.24,0.0,0.95,45.22,44.65,0.0,0.57,68,39
2003-08-24 15:00:00,15,1667.6,1839.0,50.26,49.28,0.0,0.98,42.67,42.11,0.0,0.56,69,41
2003-08-24 16:00:00,16,1638.3,1870.0,51.29,50.28,0.0,1.01,42.96,42.4,0.0,0.56,69,37
2003-08-24 17:00:00,17,1661.3,1894.0,51.61,50.58,0.0,1.03,41.2,40.65,0.0,0.55,68,40
2003-08-24 18:00:00,18,1645.5,1892.0,50.61,49.6,0.0,1.01,46.38,45.74,0.0,0.64,67,41
2003-08-24 19:00:00,19,1659.5,1924.0,50.22,49.22,0.0,1.0,42.22,41.66,0.0,0.56,65,42
2003-08-24 20:00:00,20,1671.9,1997.0,52.28,51.24,0.0,1.04,52.9,52.07,0.0,0.83,62,43
2003-08-24 21:00:00,21,1660.9,1899.0,48.19,47.24,0.0,0.95,40.46,39.92,0.0,0.54,61,44
2003-08-24 22:00:00,22,1558.8,1745.0,41.17,40.38,0.0,0.79,30.19,29.81,0.0,0.38,60,44
2003-08-24 23:00:00,23,1603.8,1597.0,37.61,36.88,0.0,0.73,35.53,35.19,0.0,0.34,60,44
2003-08-25 00:00:00,0,1558.6,1491.0,34.56,33.89,0.0,0.67,23.66,23.43,0.0,0.23,60,45
2003-08-25 01:00:00,1,1680.5,1435.0,30.49,29.89,0.0,0.6,39.33,38.8,0.0,0.53,61,45
2003-08-25 02:00:00,2,1894.6,1410.0,29.78,29.19,0.0,0.59,40.57,40.01,0.0,0.56,59,46
2003-08-25 03:00:00,3,1958.0,1405.0,29.78,29.19,0.0,0.59,39.05,38.53,0.0,0.52,59,47
2003-08-25 04:00:00,4,2098.7,1437.0,29.0,28.42,0.0,0.58,36.7,36.2,0.0,0.5,60,46
2003-08-25 05:00:00,5,1773.0,1574.0,30.77,30.15,0.0,0.62,35.78,35.33,0.0,0.45,58,47
2003-08-25 06:00:00,6,1625.2,1794.0,39.78,38.95,0.0,0.83,48.03,47.49,0.0,0.54,57,47
2003-08-25 07:00:00,7,1299.8,2032.0,44.06,43.31,-0.13,0.88,55.08,54.48,0.0,0.6,58,46
2003-08-25 08:00:00,8,1469.4,2182.0,42.05,41.52,-0.29,0.82,45.22,44.69,0.0,0.53,58,46
2003-08-25 09:00:00,9,1562.9,2278.0,44.45,43.6,0.0,0.85,43.34,42.86,0.0,0.48,59,49
2003-08-25 10:00:00,10,1642.6,2363.0,48.92,47.99,0.0,0.93,51.35,50.7,0.0,0.65,63,49
2003-08-25 11:00:00,11,1564.7,2429.0,51.93,50.95,0.0,0.98,53.86,53.17,0.0,0.69,65,50
2003-08-25 12:00:00,12,1561.1,2466.0,54.12,53.11,0.0,1.01,50.93,50.3,0.0,0.63,69,51
2003-08-25 13:00:00,13,1592.5,2506.0,54.15,53.14,0.0,1.01,51.99,51.37,0.0,0.62,72,52
2003-08-25 14:00:00,14,1594.2,2518.0,54.58,53.57,0.0,1.01,54.56,53.65,0.27,0.64,75,53
2003-08-25 15:00:00,15,1592.5,2524.0,54.98,53.97,0.0,1.01,54.29,52.81,0.97,0.51,74,53
2003-08-25 16:00:00,16,1606.0,2531.0,54.28,53.28,0.0,1.0,51.54,51.05,0.0,0.49,76,57
2003-08-25 17:00:00,17,1583.5,2503.0,54.12,53.12,0.0,1.0,53.78,53.19,0.0,0.59,75,59
2003-08-25 18:00:00,18,1714.3,2460.0,50.61,49.68,0.0,0.93,54.83,54.21,0.0,0.62,75,60
2003-08-25 19:00:00,19,1695.6,2487.0,48.19,47.29,0.0,0.9,58.34,57.69,0.0,0.65,72,61
2003-08-25 20:00:00,20,1751.5,2530.0,48.34,47.44,0.0,0.9,64.76,64.14,0.0,0.62,71,62
2003-08-25 21:00:00,21,1696.8,2389.0,44.22,43.42,0.0,0.8,50.14,49.57,0.0,0.57,70,61
2003-08-25 22:00:00,22,1506.7,2163.0,40.23,39.51,0.0,0.72,42.26,41.77,0.0,0.49,70,61
2003-08-25 23:00:00,23,1801.3,1949.0,39.0,38.28,0.0,0.72,48.06,47.49,0.0,0.57,70,61
2003-08-26 00:00:00,0,2167.2,1798.0,37.67,37.03,0.0,0.64,49.66,49.09,0.0,0.57,68,62
2003-08-26 01:00:00,1,2374.4,1703.0,36.09,35.47,0.0,0.62,40.45,39.95,0.0,0.5,67,62
2003-08-26 02:00:00,2,2523.1,1651.0,35.74,35.09,0.0,0.65,39.35,38.84,0.0,0.51,65,62
2003-08-26 03:00:00,3,2670.8,1624.0,35.74,35.08,0.0,0.66,39.4,38.88,0.0,0.52,65,62
2003-08-26 04:00:00,4,2629.1,1632.0,35.74,35.07,0.0,0.67,39.45,38.93,0.0,0.52,63,61
2003-08-26 05:00:00,5,2296.0,1747.0,37.67,36.96,0.0,0.71,41.76,41.27,0.0,0.49,62,60
2003-08-26 06:00:00,6,1837.1,1958.0,40.42,39.63,0.0,0.79,40.41,39.99,0.0,0.42,62,60
2003-08-26 07:00:00,7,1521.8,2197.0,42.21,41.47,-0.04,0.78,43.18,42.76,0.0,0.42,62,60
2003-08-26 08:00:00,8,1612.9,2376.0,43.32,42.54,0.0,0.78,34.49,34.13,0.0,0.36,65,61
2003-08-26 09:00:00,9,1659.8,2503.0,45.7,44.89,0.0,0.81,46.62,46.05,0.0,0.57,69,59
2003-08-26 10:00:00,10,1695.0,2614.0,49.79,48.93,0.0,0.86,53.41,52.59,0.0,0.82,70,57
2003-08-26 11:00:00,11,1546.2,2678.0,53.36,52.44,0.0,0.92,51.39,50.59,0.0,0.8,73,56
2003-08-26 12:00:00,12,1582.3,2714.0,54.22,53.66,-0.38,0.94,52.12,51.33,0.0,0.79,74,54
2003-08-26 13:00:00,13,1573.5,2765.0,54.98,57.67,-3.68,0.99,53.7,52.93,0.0,0.77,75,51
2003-08-26 14:00:00,14,1547.5,2775.0,56.6,64.16,-8.66,1.1,51.64,50.9,0.0,0.74,77,53
2003-08-26 15:00:00,15,1542.7,2757.0,56.41,64.13,-8.82,1.1,51.58,50.89,0.0,0.69,76,55
2003-08-26 16:00:00,16,1533.1,2735.0,56.55,64.14,-8.7,1.11,52.64,51.97,0.0,0.67,76,55
2003-08-26 17:00:00,17,1519.3,2686.0,54.98,57.05,-3.07,1.0,52.82,52.17,0.0,0.65,75,59
2003-08-26 18:00:00,18,1552.1,2626.0,53.26,52.97,-0.64,0.93,49.04,48.52,0.0,0.52,74,60
2003-08-26 19:00:00,19,1603.7,2638.0,50.62,49.73,0.0,0.89,53.87,53.28,0.0,0.59,72,61
2003-08-26 20:00:00,20,1626.9,2650.0,51.93,51.02,0.0,0.91,52.48,51.93,0.0,0.55,71,62
2003-08-26 21:00:00,21,1671.4,2502.0,46.23,45.43,0.0,0.8,46.1,45.6,0.0,0.5,70,63
2003-08-26 22:00:00,22,1482.2,2267.0,44.03,43.28,0.0,0.75,41.34,40.9,0.0,0.44,69,61
2003-08-26 23:00:00,23,1895.2,2039.0,42.3,41.59,0.0,0.71,49.68,49.18,0.0,0.5,68,61
2003-08-27 00:00:00,0,2075.1,1882.0,40.97,40.42,-0.17,0.72,45.74,45.28,0.0,0.46,68,62
2003-08-27 01:00:00,1,2459.2,1789.0,39.7,39.11,-0.11,0.7,44.47,43.99,0.0,0.48,67,62
2003-08-27 02:00:00,2,2654.2,1732.0,37.69,37.16,-0.14,0.67,41.46,40.99,0.0,0.47,66,62
2003-08-27 03:00:00,3,2613.6,1701.0,36.11,35.62,-0.16,0.65,36.52,36.12,0.0,0.4,66,63
2003-08-27 04:00:00,4,2619.4,1720.0,37.69,37.15,-0.14,0.68,44.21,43.74,0.0,0.47,67,64
2003-08-27 05:00:00,5,2399.2,1860.0,41.69,41.1,-0.18,0.77,54.3,53.64,0.0,0.66,67,64
2003-08-27 06:00:00,6,1907.5,2094.0,41.77,40.96,0.0,0.81,52.07,51.45,0.0,0.62,67,64
2003-08-27 07:00:00,7,1593.7,2343.0,42.88,42.1,0.0,0.78,59.18,58.39,0.0,0.79,67,64
2003-08-27 08:00:00,8,1652.4,2528.0,47.23,46.38,0.0,0.85,55.58,54.81,0.0,0.77,69,65
2003-08-27 09:00:00,9,1804.0,2676.0,50.61,49.71,0.0,0.9,63.62,62.81,0.0,0.81,72,64
2003-08-27 10:00:00,10,1710.0,2760.0,52.97,52.59,-0.59,0.97,59.46,58.81,0.0,0.65,73,61
2003-08-27 11:00:00,11,1701.8,2815.0,54.98,57.44,-3.51,1.05,63.43,62.75,0.0,0.68,76,56
2003-08-27 12:00:00,12,1728.8,2846.0,54.98,60.6,-6.71,1.09,63.57,62.9,0.0,0.67,78,53
2003-08-27 13:00:00,13,1713.4,2888.0,55.48,61.86,-7.49,1.11,63.65,62.96,0.0,0.69,80,50
2003-08-27 14:00:00,14,1717.0,2893.0,56.52,62.43,-7.03,1.12,63.7,63.05,0.0,0.65,81,54
2003-08-27 15:00:00,15,1708.5,2876.0,56.01,62.23,-7.33,1.11,61.19,60.57,0.0,0.62,80,52
2003-08-27 16:00:00,16,1672.8,2853.0,56.52,62.46,-7.07,1.13,59.87,59.24,0.0,0.63,80,52
2003-08-27 17:00:00,17,1706.8,2801.0,54.91,61.59,-7.79,1.11,54.46,53.95,0.0,0.51,79,54
2003-08-27 18:00:00,18,1703.9,2708.0,53.56,56.72,-4.19,1.03,51.66,51.18,0.0,0.48,78,56
2003-08-27 19:00:00,19,1732.5,2679.0,51.66,54.15,-3.48,0.99,49.21,48.81,0.0,0.4,75,58
2003-08-27 20:00:00,20,1732.7,2699.0,52.3,52.38,-1.06,0.98,51.63,51.17,0.0,0.46,71,58
2003-08-27 21:00:00,21,1766.1,2539.0,49.24,48.38,0.0,0.86,46.25,45.81,0.0,0.44,69,59
2003-08-27 22:00:00,22,1639.2,2282.0,42.28,42.26,-0.73,0.75,35.54,35.21,0.0,0.33,69,59
2003-08-27 23:00:00,23,1965.8,2028.0,43.62,42.86,0.0,0.76,30.73,30.44,0.0,0.29,68,57
2003-08-28 00:00:00,0,1909.1,1849.0,41.46,40.76,0.0,0.7,38.13,37.8,0.0,0.33,66,54
2003-08-28 01:00:00,1,2301.7,1742.0,40.0,39.32,0.0,0.68,41.05,40.62,0.0,0.43,63,53
2003-08-28 02:00:00,2,2483.5,1672.0,39.35,38.68,0.0,0.67,39.23,38.75,0.0,0.48,65,53
2003-08-28 03:00:00,3,2526.0,1628.0,38.12,37.46,0.0,0.66,31.71,31.33,0.0,0.38,64,53
2003-08-28 04:00:00,4,2469.6,1632.0,38.12,37.45,0.0,0.67,30.5,30.14,0.0,0.36,57,52
2003-08-28 05:00:00,5,2346.4,1741.0,39.42,38.72,0.0,0.7,38.84,38.36,0.0,0.48,59,47
2003-08-28 06:00:00,6,1859.9,1939.0,41.69,40.93,0.0,0.76,40.58,40.13,0.0,0.45,58,48
2003-08-28 07:00:00,7,1979.7,2152.0,39.35,38.64,0.0,0.71,34.87,34.55,0.0,0.32,59,47
2003-08-28 08:00:00,8,2124.8,2295.0,43.31,42.54,0.0,0.77,42.4,42.02,0.0,0.38,60,47
2003-08-28 09:00:00,9,2242.9,2394.0,45.72,44.92,0.0,0.8,50.38,49.83,0.03,0.52,63,48
2003-08-28 10:00:00,10,2141.7,2464.0,49.79,48.92,0.0,0.87,51.33,50.76,0.04,0.53,66,49
2003-08-28 11:00:00,11,2097.6,2499.0,52.52,52.63,-1.04,0.93,46.99,46.56,0.0,0.43,67,47
2003-08-28 12:00:00,12,2117.1,2503.0,52.57,53.19,-1.56,0.94,43.79,43.41,0.0,0.38,67,47
2003-08-28 13:00:00,13,2138.2,2524.0,52.65,54.14,-2.44,0.95,42.87,42.46,0.0,0.41,69,47
2003-08-28 14:00:00,14,2137.0,2519.0,53.59,55.38,-2.76,0.97,42.59,42.19,0.0,0.4,70,48
2003-08-28 15:00:00,15,2126.4,2498.0,53.67,56.19,-3.49,0.97,45.48,45.05,0.0,0.43,69,47
2003-08-28 16:00:00,16,2119.7,2482.0,53.58,55.66,-3.06,0.98,44.98,44.58,0.0,0.4,70,47
2003-08-28 17:00:00,17,2093.3,2423.0,52.61,53.73,-2.08,0.96,42.75,42.41,0.0,0.34,69,47
2003-08-28 18:00:00,18,2078.3,2343.0,52.23,51.32,0.0,0.91,41.81,41.52,0.0,0.29,68,48
2003-08-28 19:00:00,19,2254.2,2331.0,49.52,48.65,0.0,0.87,44.29,43.97,0.0,0.32,66,49
2003-08-28 20:00:00,20,2045.6,2349.0,50.67,49.77,0.0,0.9,48.26,47.84,0.0,0.42,62,50
2003-08-28 21:00:00,21,2172.4,2199.0,44.45,43.68,0.0,0.77,38.27,37.95,0.0,0.32,62,50
2003-08-28 22:00:00,22,1950.0,1987.0,41.49,40.82,-0.04,0.71,32.73,32.49,0.0,0.24,60,49
2003-08-28 23:00:00,23,1749.9,1783.0,42.09,41.38,0.0,0.71,34.8,34.49,0.0,0.31,58,48
2003-08-29 00:00:00,0,1771.2,1632.0,39.71,39.06,0.0,0.65,33.89,33.58,0.0,0.31,60,46
2003-08-29 01:00:00,1,2160.1,1550.0,38.99,38.34,0.0,0.65,32.71,32.38,0.0,0.33,56,45
2003-08-29 02:00:00,2,2347.4,1503.0,37.89,37.26,0.0,0.63,34.69,34.27,0.0,0.42,60,43
2003-08-29 03:00:00,3,2301.7,1483.0,36.34,35.72,0.0,0.62,32.25,31.84,0.0,0.41,58,45
2003-08-29 04:00:00,4,2306.7,1495.0,37.35,36.71,0.0,0.64,35.14,34.69,0.0,0.45,57,46
2003-08-29 05:00:00,5,2145.8,1603.0,39.71,39.02,0.0,0.69,35.83,35.36,0.0,0.47,57,47
2003-08-29 06:00:00,6,1873.0,1789.0,41.05,40.32,0.0,0.73,34.74,34.35,0.0,0.39,56,47
2003-08-29 07:00:00,7,2079.8,2002.0,39.29,38.68,-0.08,0.69,35.02,34.61,0.0,0.41,57,47
2003-08-29 08:00:00,8,2235.5,2165.0,43.0,42.26,0.0,0.74,39.21,38.78,0.0,0.43,61,49
2003-08-29 09:00:00,9,2337.4,2280.0,46.03,45.24,0.0,0.79,43.87,43.47,0.0,0.4,64,50
2003-08-29 10:00:00,10,2272.3,2369.0,50.07,49.23,0.0,0.84,44.8,44.39,0.0,0.41,67,52
2003-08-29 11:00:00,11,2351.7,2436.0,52.04,51.17,0.0,0.87,50.86,50.34,0.0,0.52,71,54
2003-08-29 12:00:00,12,2371.6,2466.0,52.06,51.2,0.0,0.86,49.51,49.01,0.0,0.5,74,56
2003-08-29 13:00:00,13,2371.1,2502.0,53.0,52.13,0.0,0.87,50.38,49.83,0.0,0.55,74,59
2003-08-29 14:00:00,14,2374.2,2508.0,53.03,52.15,0.0,0.88,52.42,51.83,0.0,0.59,77,62
2003-08-29 15:00:00,15,2390.2,2487.0,53.03,52.14,0.0,0.89,49.16,48.68,0.0,0.48,76,62
2003-08-29 16:00:00,16,2372.9,2468.0,53.0,52.1,0.0,0.9,47.9,47.49,0.0,0.41,75,62
2003-08-29 17:00:00,17,2337.2,2411.0,52.04,51.14,0.0,0.9,50.09,49.63,0.0,0.46,75,62
2003-08-29 18:00:00,18,2346.4,2361.0,51.44,50.55,0.0,0.89,47.44,47.08,0.0,0.36,73,63
2003-08-29 19:00:00,19,2369.9,2389.0,49.83,48.97,0.0,0.86,54.09,53.64,0.0,0.45,72,64
2003-08-29 20:00:00,20,2252.1,2398.0,49.83,48.96,0.0,0.87,52.87,52.38,0.0,0.49,71,65
2003-08-29 21:00:00,21,2275.0,2300.0,44.37,43.61,0.0,0.76,44.5,44.11,0.0,0.39,70,66
2003-08-29 22:00:00,22,2095.0,2139.0,41.73,41.02,0.0,0.71,42.92,42.58,0.0,0.34,70,67
2003-08-29 23:00:00,23,1917.8,1955.0,41.73,41.02,0.0,0.71,41.01,40.65,0.0,0.36,70,68
2003-08-30 00:00:00,0,1677.3,1833.0,42.63,41.91,0.0,0.72,43.91,43.53,0.0,0.38,70,70
2003-08-30 01:00:00,1,1578.9,1754.0,40.95,40.26,0.0,0.69,45.3,44.9,0.0,0.4,71,70
2003-08-30 02:00:00,2,1606.0,1713.0,37.32,36.69,0.0,0.63,36.63,36.29,0.0,0.34,71,71
2003-08-30 03:00:00,3,1556.9,1679.0,35.85,35.24,0.0,0.61,36.19,35.87,0.0,0.32,73,71
2003-08-30 04:00:00,4,1537.5,1672.0,36.15,35.52,0.01,0.62,36.08,35.77,0.0,0.31,72,70
2003-08-30 05:00:00,5,1571.0,1701.0,36.68,36.05,0.0,0.63,41.68,41.3,0.0,0.38,72,69
2003-08-30 06:00:00,6,1605.9,1755.0,38.02,37.35,0.0,0.67,42.47,42.08,0.0,0.39,71,69
2003-08-30 07:00:00,7,1701.5,1855.0,41.31,40.57,0.0,0.74,38.68,38.1,0.0,0.58,71,69
2003-08-30 08:00:00,8,1884.8,2022.0,44.68,43.87,0.0,0.81,49.42,48.8,0.0,0.62,71,66
2003-08-30 09:00:00,9,2062.3,2151.0,48.7,47.81,0.0,0.89,53.53,52.87,0.0,0.66,71,63
2003-08-30 10:00:00,10,2199.0,2243.0,50.04,49.15,0.0,0.89,54.33,53.7,0.0,0.63,71,61
2003-08-30 11:00:00,11,2116.4,2288.0,51.34,50.44,0.0,0.9,57.52,55.82,1.08,0.62,75,61
2003-08-30 12:00:00,12,2040.7,2278.0,52.05,51.13,0.0,0.92,62.05,59.56,1.78,0.71,74,60
2003-08-30 13:00:00,13,2051.1,2234.0,52.17,51.26,0.0,0.91,48.99,48.17,0.0,0.82,73,61
2003-08-30 14:00:00,14,2085.1,2169.0,51.79,50.89,0.0,0.9,48.46,47.78,0.0,0.68,74,63
2003-08-30 15:00:00,15,2067.8,2108.0,51.79,50.88,0.0,0.91,45.99,45.6,0.0,0.39,72,61
2003-08-30 16:00:00,16,2053.9,2071.0,51.25,50.35,0.0,0.9,44.16,43.74,0.0,0.42,69,58
2003-08-30 17:00:00,17,2169.1,2056.0,50.8,49.91,0.0,0.89,41.02,40.65,0.0,0.37,67,56
2003-08-30 18:00:00,18,2141.7,2030.0,48.92,48.06,0.0,0.86,35.62,35.32,0.0,0.3,67,58
2003-08-30 19:00:00,19,2114.2,2034.0,48.92,48.05,0.0,0.87,39.61,39.21,0.0,0.4,66,59
2003-08-30 20:00:00,20,2125.5,2053.0,48.92,48.04,0.0,0.88,40.04,39.6,0.0,0.44,65,58
2003-08-30 21:00:00,21,2013.9,1949.0,48.7,47.84,0.0,0.86,39.56,39.0,0.0,0.56,64,55
2003-08-30 22:00:00,22,1912.3,1800.0,41.61,40.9,0.0,0.71,32.21,31.79,0.0,0.42,62,52
2003-08-30 23:00:00,23,1684.5,1632.0,40.96,40.28,0.0,0.68,31.23,30.9,0.0,0.33,60,52
2003-08-31 00:00:00,0,1484.3,1500.0,40.58,39.88,0.0,0.7,32.9,32.53,0.0,0.37,57,52
2003-08-31 01:00:00,1,1437.0,1418.0,35.84,35.22,0.0,0.62,25.78,25.45,0.0,0.33,55,48
2003-08-31 02:00:00,2,1883.1,1366.0,36.08,35.45,0.0,0.63,28.97,28.56,0.0,0.41,54,47
2003-08-31 03:00:00,3,1970.2,1330.0,35.83,35.2,0.0,0.63,25.23,24.91,0.0,0.32,53,45
2003-08-31 04:00:00,4,1999.4,1316.0,35.74,35.1,0.0,0.64,24.43,24.14,0.0,0.29,53,44
2003-08-31 05:00:00,5,2027.3,1330.0,35.74,35.09,0.0,0.65,25.84,25.52,0.0,0.32,51,44
2003-08-31 06:00:00,6,2076.9,1339.0,35.74,35.07,0.0,0.67,23.63,23.38,0.0,0.25,50,45
2003-08-31 07:00:00,7,2158.3,1432.0,35.63,34.96,0.0,0.67,27.6,27.38,0.0,0.22,51,45
2003-08-31 08:00:00,8,1837.0,1580.0,36.09,35.51,-0.13,0.71,35.84,35.55,0.0,0.29,54,45
2003-08-31 09:00:00,9,1812.2,1699.0,36.37,35.67,0.0,0.7,35.24,34.92,0.0,0.32,57,44
2003-08-31 10:00:00,10,1890.0,1776.0,40.62,39.85,0.0,0.77,27.29,26.96,0.0,0.33,59,43
2003-08-31 11:00:00,11,1915.0,1812.0,44.63,43.8,0.0,0.83,29.06,28.69,0.0,0.37,59,42
2003-08-31 12:00:00,12,1944.6,1819.0,44.63,43.81,0.0,0.82,22.89,22.58,0.0,0.31,62,43
2003-08-31 13:00:00,13,1939.1,1806.0,44.63,43.82,0.0,0.81,28.28,27.88,0.0,0.4,63,44
2003-08-31 14:00:00,14,1931.8,1791.0,44.37,43.56,0.0,0.81,29.51,29.15,0.0,0.36,66,44
2003-08-31 15:00:00,15,1928.5,1784.0,44.63,43.82,0.0,0.81,22.63,22.36,0.0,0.27,65,45
2003-08-31 16:00:00,16,1940.2,1792.0,44.63,43.81,0.0,0.82,29.84,29.47,0.0,0.37,67,46
2003-08-31 17:00:00,17,1946.2,1804.0,47.03,46.16,0.0,0.87,30.88,30.49,0.0,0.39,67,47
2003-08-31 18:00:00,18,1924.5,1796.0,47.03,46.16,0.0,0.87,22.21,21.93,0.0,0.28,66,49
2003-08-31 19:00:00,19,1935.4,1826.0,47.03,46.15,0.0,0.88,31.93,31.59,0.0,0.34,64,51
2003-08-31 20:00:00,20,1974.7,1861.0,47.03,46.16,0.0,0.87,33.6,33.24,0.0,0.36,59,51
2003-08-31 21:00:00,21,1944.8,1774.0,42.68,41.91,0.0,0.77,23.39,23.1,0.0,0.29,57,50
2003-08-31 22:00:00,22,1781.6,1647.0,38.43,37.75,0.0,0.68,27.38,27.09,0.0,0.29,57,50
2003-08-31 23:00:00,23,1646.6,1511.0,36.43,35.8,0.0,0.63,21.59,21.33,0.0,0.26,54,50
2003-09-01 00:00:00,0,1669.2,1407.0,23.54,23.12,0.0,0.42,23.78,23.44,0.0,0.34,54,52
2003-09-01 01:00:00,1,1986.6,1342.0,27.08,26.59,0.0,0.49,22.85,22.53,0.0,0.32,54,52
2003-09-01 02:00:00,2,2177.0,1304.0,24.96,24.51,0.0,0.45,21.99,21.71,0.0,0.28,54,53
2003-09-01 03:00:00,3,2133.0,1287.0,23.54,23.11,0.0,0.43,22.36,22.07,0.0,0.29,56,53
2003-09-01 04:00:00,4,2140.7,1285.0,23.54,23.11,0.0,0.43,23.24,23.0,0.0,0.24,57,55
2003-09-01 05:00:00,5,2202.9,1321.0,25.67,25.18,0.0,0.49,31.53,31.22,0.0,0.31,57,56
2003-09-01 06:00:00,6,2044.1,1377.0,27.95,27.42,0.0,0.53,33.11,32.8,0.0,0.31,56,55
2003-09-01 07:00:00,7,1748.1,1458.0,30.75,30.16,0.0,0.59,28.94,28.68,0.0,0.26,58,56
2003-09-01 08:00:00,8,1628.7,1604.0,35.66,35.1,-0.14,0.7,40.23,39.8,0.0,0.43,59,56
2003-09-01 09:00:00,9,1756.7,1758.0,36.25,35.69,-0.15,0.71,56.01,55.44,0.0,0.57,59,57
2003-09-01 10:00:00,10,1882.5,1856.0,39.19,38.44,0.0,0.75,49.71,49.04,0.0,0.67,60,58
2003-09-01 11:00:00,11,1909.5,1904.0,43.21,42.4,0.0,0.81,48.7,47.94,0.0,0.76,61,57
2003-09-01 12:00:00,12,1920.2,1903.0,43.75,42.93,0.0,0.82,45.46,44.86,0.0,0.6,61,57
2003-09-01 13:00:00,13,1910.4,1878.0,43.5,42.69,0.0,0.81,36.48,36.05,0.0,0.43,62,55
2003-09-01 14:00:00,14,1888.5,1855.0,43.28,42.48,0.0,0.8,42.65,42.06,0.0,0.59,62,55
2003-09-01 15:00:00,15,1902.5,1849.0,43.75,42.94,0.0,0.81,39.47,38.91,0.0,0.56,62,53
2003-09-01 16:00:00,16,1872.4,1884.0,43.8,42.98,0.0,0.82,38.4,37.84,0.0,0.56,63,52
2003-09-01 17:00:00,17,1877.7,1933.0,45.99,45.12,0.02,0.85,44.17,43.5,0.0,0.67,62,54
2003-09-01 18:00:00,18,1883.3,1956.0,45.0,44.15,0.01,0.84,47.99,47.2,0.0,0.79,60,57
2003-09-01 19:00:00,19,1917.4,2019.0,46.05,45.19,0.0,0.86,52.9,52.12,0.0,0.78,59,58
2003-09-01 20:00:00,20,1935.0,2001.0,47.53,46.65,0.0,0.88,47.66,46.98,0.0,0.68,59,58
2003-09-01 21:00:00,21,1838.0,1866.0,43.11,42.33,0.0,0.78,40.89,40.25,0.0,0.64,59,59
2003-09-01 22:00:00,22,1686.2,1692.0,37.0,36.34,0.0,0.66,26.15,25.78,0.0,0.37,59,58
2003-09-01 23:00:00,23,1541.2,1532.0,33.94,33.34,0.0,0.6,21.91,21.66,0.0,0.25,59,59
2003-09-02 00:00:00,0,1112.0,1426.0,28.88,28.37,0.0,0.51,23.47,23.18,0.0,0.29,59,58
2003-09-02 01:00:00,1,1418.5,1366.0,27.3,26.81,0.0,0.49,26.29,25.93,0.0,0.36,59,58
2003-09-02 02:00:00,2,1611.0,1340.0,26.89,26.4,0.0,0.49,22.77,22.45,0.0,0.32,57,54
2003-09-02 03:00:00,3,1703.0,1333.0,25.67,25.2,0.0,0.47,23.88,23.56,0.0,0.32,55,52
2003-09-02 04:00:00,4,1578.5,1360.0,26.69,26.21,0.0,0.48,24.61,24.25,0.0,0.36,54,53
2003-09-02 05:00:00,5,1116.1,1512.0,32.0,31.41,0.0,0.59,29.85,29.49,0.0,0.36,54,54
2003-09-02 06:00:00,6,1174.2,1807.0,42.69,41.88,0.0,0.81,45.57,44.97,0.0,0.6,54,54
2003-09-02 07:00:00,7,1368.9,2034.0,41.99,41.23,0.0,0.76,50.94,50.2,0.0,0.74,54,54
2003-09-02 08:00:00,8,1486.8,2163.0,44.64,43.84,0.0,0.8,53.45,52.68,0.0,0.77,55,55
2003-09-02 09:00:00,9,1586.7,2239.0,44.69,44.02,-0.13,0.8,51.43,50.66,0.0,0.77,56,56
2003-09-02 10:00:00,10,1595.3,2308.0,48.27,47.44,-0.01,0.84,50.74,49.91,0.0,0.83,56,56
2003-09-02 11:00:00,11,1689.6,2334.0,48.76,47.91,0.0,0.85,49.74,48.96,0.0,0.78,57,57
2003-09-02 12:00:00,12,1705.8,2332.0,49.51,48.63,0.0,0.88,50.04,49.22,0.0,0.82,58,56
2003-09-02 13:00:00,13,1726.9,2337.0,49.97,49.09,0.0,0.88,51.28,51.11,-0.61,0.78,57,56
2003-09-02 14:00:00,14,1716.6,2314.0,49.92,49.04,0.0,0.88,50.18,49.41,0.0,0.77,60,57
2003-09-02 15:00:00,15,1698.8,2289.0,49.44,48.58,0.0,0.86,49.59,48.75,0.0,0.84,61,57
2003-09-02 16:00:00,16,1684.6,2295.0,49.04,48.17,0.0,0.87,49.85,49.02,0.0,0.83,61,56
2003-09-02 17:00:00,17,1675.6,2285.0,48.58,47.71,-0.01,0.88,51.37,50.56,0.0,0.81,61,56
2003-09-02 18:00:00,18,1638.8,2280.0,47.57,46.76,-0.03,0.84,51.37,50.62,0.0,0.75,61,57
2003-09-02 19:00:00,19,1649.6,2310.0,48.25,47.42,-0.01,0.84,55.08,54.29,0.0,0.79,59,57
2003-09-02 20:00:00,20,1662.2,2280.0,48.2,47.36,-0.02,0.86,52.04,51.25,0.0,0.79,58,58
2003-09-02 21:00:00,21,1575.2,2128.0,44.64,43.86,0.0,0.78,46.05,45.31,0.0,0.74,58,58
2003-09-02 22:00:00,22,1410.6,1908.0,40.62,39.92,0.0,0.7,37.2,36.67,0.0,0.53,57,57
2003-09-02 23:00:00,23,1255.4,1709.0,38.39,37.72,0.0,0.67,38.81,38.35,0.0,0.46,56,56
2003-09-03 00:00:00,0,1482.0,1577.0,28.72,28.13,0.0,0.59,32.13,31.7,0.0,0.43,56,56
2003-09-03 01:00:00,1,1871.8,1510.0,27.23,26.67,0.0,0.56,34.84,34.31,0.0,0.53,56,56
2003-09-03 02:00:00,2,2045.7,1471.0,26.94,26.39,0.0,0.55,31.22,30.74,0.0,0.48,56,55
2003-09-03 03:00:00,3,2066.7,1454.0,25.26,24.74,0.0,0.52,24.8,24.42,0.0,0.38,55,55
2003-09-03 04:00:00,4,2030.6,1484.0,26.91,26.34,0.0,0.57,31.29,30.82,0.0,0.47,55,55
2003-09-03 05:00:00,5,1713.4,1629.0,31.27,30.61,-0.01,0.67,42.39,41.77,0.0,0.62,55,55
2003-09-03 06:00:00,6,1372.0,1901.0,35.88,35.1,-0.01,0.79,49.1,48.36,0.0,0.74,55,55
2003-09-03 07:00:00,7,1479.4,2106.0,36.64,35.87,0.0,0.77,41.98,41.36,0.0,0.62,55,55
2003-09-03 08:00:00,8,1573.2,2203.0,38.37,37.58,0.0,0.79,43.1,42.45,0.0,0.65,55,55
2003-09-03 09:00:00,9,1634.5,2263.0,42.52,41.87,-0.21,0.86,48.05,47.23,0.0,0.82,56,54
2003-09-03 10:00:00,10,1714.3,2327.0,43.61,42.89,-0.17,0.89,53.49,52.58,0.0,0.91,57,55
2003-09-03 11:00:00,11,1712.5,2355.0,46.08,45.24,-0.09,0.93,45.36,44.72,0.0,0.64,59,55
2003-09-03 12:00:00,12,1734.1,2352.0,43.61,42.9,-0.17,0.88,42.37,41.72,0.0,0.65,61,56
2003-09-03 13:00:00,13,1749.5,2360.0,46.45,45.59,-0.08,0.94,45.38,44.66,0.0,0.72,63,57
2003-09-03 14:00:00,14,1748.9,2355.0,46.45,45.58,-0.08,0.95,47.16,46.39,0.0,0.77,65,56
2003-09-03 15:00:00,15,1732.5,2331.0,47.11,46.2,-0.05,0.96,45.25,44.52,0.0,0.73,66,56
2003-09-03 16:00:00,16,1711.4,2339.0,47.22,46.3,-0.05,0.97,46.08,45.35,0.0,0.73,66,57
2003-09-03 17:00:00,17,1692.0,2331.0,47.11,46.19,-0.05,0.97,46.06,45.33,0.0,0.73,65,56
2003-09-03 18:00:00,18,1667.9,2302.0,46.59,45.69,-0.07,0.97,45.97,45.29,0.0,0.68,65,53
2003-09-03 19:00:00,19,1675.2,2348.0,47.11,46.18,-0.05,0.98,50.6,49.85,0.0,0.75,63,51
2003-09-03 20:00:00,20,1675.4,2314.0,47.11,46.18,-0.06,0.99,45.84,45.24,0.0,0.6,62,52
2003-09-03 21:00:00,21,1617.5,2150.0,41.77,41.1,-0.2,0.87,43.89,43.21,0.0,0.68,59,54
2003-09-03 22:00:00,22,1465.6,1918.0,37.92,37.15,0.0,0.77,40.94,40.43,0.0,0.51,58,55
2003-09-03 23:00:00,23,1319.7,1723.0,35.19,34.45,0.02,0.72,40.6,40.15,0.0,0.45,58,55
2003-09-04 00:00:00,0,1525.2,1595.0,34.86,34.39,0.0,0.47,35.66,35.11,0.0,0.55,57,56
2003-09-04 01:00:00,1,1808.5,1523.0,34.54,34.07,0.0,0.47,32.09,31.56,0.0,0.53,57,57
2003-09-04 02:00:00,2,1805.1,1490.0,33.0,32.55,0.0,0.45,26.0,25.59,0.0,0.41,57,57
2003-09-04 03:00:00,3,1995.2,1473.0,32.75,32.3,0.0,0.45,28.38,27.92,0.0,0.46,58,58
2003-09-04 04:00:00,4,1822.5,1497.0,32.75,32.29,0.0,0.46,29.36,28.89,0.0,0.47,58,58
2003-09-04 05:00:00,5,1595.1,1640.0,35.09,34.6,0.0,0.49,38.83,38.24,0.0,0.59,58,58
2003-09-04 06:00:00,6,1293.5,1950.0,41.0,40.41,0.0,0.59,49.49,48.92,0.0,0.57,59,59
2003-09-04 07:00:00,7,1434.3,2170.0,48.1,47.06,0.37,0.67,59.78,59.27,0.0,0.51,59,59
2003-09-04 08:00:00,8,1560.2,2269.0,49.5,47.83,1.0,0.67,56.46,56.07,0.0,0.39,61,61
2003-09-04 09:00:00,9,1709.8,2328.0,49.96,48.38,0.91,0.67,53.09,52.69,0.0,0.4,61,61
2003-09-04 10:00:00,10,1790.6,2369.0,50.32,47.68,1.99,0.65,52.44,52.02,0.0,0.42,62,62
2003-09-04 11:00:00,11,1877.5,2400.0,51.65,48.65,2.34,0.66,47.36,46.99,0.0,0.37,63,63
2003-09-04 12:00:00,12,1750.6,2397.0,54.98,51.64,2.62,0.72,46.46,46.12,0.0,0.34,68,67
2003-09-04 13:00:00,13,1803.2,2407.0,55.36,51.99,2.65,0.72,51.26,50.88,0.0,0.38,69,67
2003-09-04 14:00:00,14,1627.1,2389.0,53.46,52.75,-0.03,0.74,48.7,48.33,0.0,0.37,68,67
2003-09-04 15:00:00,15,1503.1,2369.0,56.99,56.43,-0.23,0.79,51.57,51.18,0.0,0.39,69,67
2003-09-04 16:00:00,16,1589.9,2374.0,54.0,53.25,0.0,0.75,53.72,53.37,0.0,0.35,69,66
2003-09-04 17:00:00,17,1648.8,2361.0,52.81,52.07,0.0,0.74,54.62,54.36,0.0,0.26,69,66
2003-09-04 18:00:00,18,1670.3,2353.0,51.85,50.35,0.81,0.69,54.24,54.01,0.0,0.23,69,66
2003-09-04 19:00:00,19,1676.2,2409.0,51.93,50.44,0.79,0.7,59.32,59.17,0.0,0.15,67,66
2003-09-04 20:00:00,20,1785.6,2390.0,50.21,49.52,0.0,0.69,50.38,50.23,0.0,0.15,67,66
2003-09-04 21:00:00,21,1617.0,2239.0,49.81,48.85,0.3,0.66,47.96,47.71,0.0,0.25,67,66
2003-09-04 22:00:00,22,1410.5,2018.0,46.3,45.68,0.0,0.62,40.55,40.26,0.0,0.29,66,66
2003-09-04 23:00:00,23,1175.7,1814.0,40.17,39.63,0.0,0.54,33.32,33.12,0.0,0.2,67,66
2003-09-05 00:00:00,0,1883.8,1677.0,33.74,33.17,0.01,0.56,33.38,33.11,0.0,0.27,66,66
2003-09-05 01:00:00,1,2163.2,1597.0,31.85,31.33,0.0,0.52,29.98,29.7,0.0,0.28,65,65
2003-09-05 02:00:00,2,2368.9,1548.0,30.61,30.09,0.01,0.51,31.36,31.01,0.0,0.35,65,63
2003-09-05 03:00:00,3,2349.4,1528.0,30.16,29.66,0.0,0.5,31.69,31.3,0.0,0.39,64,61
2003-09-05 04:00:00,4,2359.0,1542.0,30.22,29.72,0.0,0.5,30.15,29.79,0.0,0.36,64,60
2003-09-05 05:00:00,5,2054.2,1682.0,34.02,33.45,0.0,0.57,38.54,38.04,0.0,0.5,63,59
2003-09-05 06:00:00,6,1329.7,1953.0,37.67,37.02,-0.01,0.66,39.02,38.56,0.0,0.46,62,58
2003-09-05 07:00:00,7,1514.0,2142.0,41.03,40.34,0.0,0.69,44.99,44.43,0.0,0.56,61,58
2003-09-05 08:00:00,8,1653.4,2254.0,45.0,44.25,0.0,0.75,44.7,44.1,0.0,0.6,62,57
2003-09-05 09:00:00,9,1713.3,2328.0,46.39,45.62,0.0,0.77,47.46,46.78,0.0,0.68,63,57
2003-09-05 10:00:00,10,1786.5,2397.0,48.52,46.84,0.91,0.77,53.05,52.28,0.0,0.77,66,57
2003-09-05 11:00:00,11,1817.3,2443.0,49.26,47.69,0.79,0.78,52.79,52.03,0.0,0.76,68,57
2003-09-05 12:00:00,12,1819.7,2442.0,49.48,47.46,1.23,0.79,52.38,51.61,0.0,0.77,70,59
2003-09-05 13:00:00,13,1911.2,2457.0,49.69,47.65,1.25,0.79,53.09,52.32,0.0,0.77,70,57
2003-09-05 14:00:00,14,1825.8,2437.0,49.48,47.48,1.22,0.78,52.94,52.19,0.0,0.75,71,56
2003-09-05 15:00:00,15,1820.5,2405.0,49.68,47.64,1.24,0.8,47.76,47.09,0.0,0.67,74,57
2003-09-05 16:00:00,16,1748.6,2368.0,49.45,47.44,1.22,0.79,45.13,44.53,0.0,0.6,73,55
2003-09-05 17:00:00,17,1691.1,2300.0,48.26,46.39,1.08,0.79,43.11,42.58,0.0,0.53,72,56
2003-09-05 18:00:00,18,1639.4,2235.0,47.65,45.88,0.99,0.78,41.72,41.22,0.0,0.5,68,56
2003-09-05 19:00:00,19,1636.4,2256.0,48.26,46.35,1.11,0.8,47.71,47.06,0.0,0.65,66,57
2003-09-05 20:00:00,20,1611.8,2250.0,46.37,44.26,1.34,0.77,46.77,46.12,0.0,0.65,65,57
2003-09-05 21:00:00,21,1559.7,2121.0,41.22,40.53,0.0,0.69,41.0,40.45,0.0,0.55,63,55
2003-09-05 22:00:00,22,1425.4,1934.0,37.68,37.06,0.0,0.62,37.25,36.79,0.0,0.46,63,53
2003-09-05 23:00:00,23,1260.9,1732.0,35.99,35.4,0.0,0.59,40.2,39.79,0.0,0.41,62,53
2003-09-06 00:00:00,0,1266.2,1586.0,34.03,33.54,0.01,0.48,32.94,32.58,0.0,0.36,61,50
2003-09-06 01:00:00,1,1476.6,1503.0,31.55,31.1,0.0,0.45,23.71,23.43,0.0,0.28,59,50
2003-09-06 02:00:00,2,1464.1,1450.0,28.68,28.27,0.0,0.41,21.03,20.76,0.0,0.27,58,50
2003-09-06 03:00:00,3,1489.5,1416.0,27.43,27.03,0.0,0.4,9.83,9.71,0.0,0.12,57,50
2003-09-06 04:00:00,4,1484.0,1407.0,27.49,27.09,0.0,0.4,23.47,23.16,0.0,0.31,57,50
2003-09-06 05:00:00,5,1553.4,1445.0,29.79,29.36,0.0,0.43,25.08,24.76,0.0,0.32,56,50
2003-09-06 06:00:00,6,1361.8,1502.0,33.13,32.76,-0.11,0.48,19.78,19.56,0.0,0.22,56,50
2003-09-06 07:00:00,7,1141.2,1634.0,36.09,35.87,-0.33,0.55,32.04,31.55,0.0,0.49,57,50
2003-09-06 08:00:00,8,1317.8,1812.0,40.63,40.42,-0.4,0.61,35.32,34.8,0.0,0.52,59,50
2003-09-06 09:00:00,9,1440.7,1944.0,44.08,43.64,-0.22,0.66,43.57,42.87,0.0,0.7,61,51
2003-09-06 10:00:00,10,1470.6,2008.0,46.56,45.88,0.0,0.68,43.8,43.06,0.0,0.74,64,52
2003-09-06 11:00:00,11,1375.6,2028.0,47.29,46.59,0.0,0.7,39.1,38.45,0.0,0.65,66,52
2003-09-06 12:00:00,12,1378.6,2021.0,47.21,46.52,0.0,0.69,43.06,42.35,0.0,0.71,68,53
2003-09-06 13:00:00,13,1414.1,2006.0,47.21,46.52,0.0,0.69,44.25,43.51,0.0,0.74,67,53
2003-09-06 14:00:00,14,1440.2,1992.0,47.21,46.52,0.0,0.69,42.54,41.83,0.0,0.71,70,53
2003-09-06 15:00:00,15,1502.1,1985.0,45.36,44.7,0.0,0.66,41.19,40.5,0.0,0.69,70,54
2003-09-06 16:00:00,16,1387.5,1984.0,47.22,46.62,-0.09,0.69,37.85,37.28,0.0,0.57,70,54
2003-09-06 17:00:00,17,1512.4,1987.0,46.49,45.91,-0.12,0.7,38.78,38.27,0.0,0.51,70,54
2003-09-06 18:00:00,18,1491.3,1961.0,45.88,45.35,-0.15,0.68,36.8,36.33,0.0,0.47,69,54
2003-09-06 19:00:00,19,1432.7,2000.0,47.22,46.59,-0.08,0.71,41.62,41.06,0.0,0.56,66,54
2003-09-06 20:00:00,20,1518.1,2004.0,45.21,44.52,0.0,0.69,42.77,42.19,0.0,0.58,62,53
2003-09-06 21:00:00,21,1397.0,1907.0,40.75,40.15,0.0,0.6,35.5,35.08,0.0,0.42,61,52
2003-09-06 22:00:00,22,1237.6,1760.0,37.65,37.38,-0.27,0.54,33.76,33.34,0.0,0.42,59,54
2003-09-06 23:00:00,23,1129.9,1604.0,35.05,34.55,0.0,0.5,36.73,36.3,0.0,0.43,57,52
2003-09-07 00:00:00,0,1837.9,1474.0,27.67,27.17,0.0,0.5,31.58,31.19,0.0,0.39,57,52
2003-09-07 01:00:00,1,2092.4,1398.0,25.0,24.55,0.0,0.45,27.13,26.76,0.0,0.37,59,50
2003-09-07 02:00:00,2,2087.1,1351.0,21.0,20.62,0.0,0.38,26.13,25.71,0.0,0.42,57,51
2003-09-07 03:00:00,3,2280.5,1322.0,20.07,19.71,0.0,0.36,29.51,28.99,0.0,0.52,56,50
2003-09-07 04:00:00,4,2314.6,1311.0,20.0,19.64,0.0,0.36,29.64,29.12,0.0,0.52,56,51
2003-09-07 05:00:00,5,2211.1,1332.0,20.07,19.7,0.0,0.37,28.25,27.8,0.0,0.45,56,51
2003-09-07 06:00:00,6,2109.5,1354.0,24.97,24.51,0.0,0.46,25.09,24.69,0.0,0.4,52,50
2003-09-07 07:00:00,7,1912.3,1450.0,25.47,25.32,-0.34,0.49,28.63,28.19,0.0,0.44,52,50
2003-09-07 08:00:00,8,1282.1,1612.0,30.08,30.07,-0.57,0.58,45.12,44.51,0.0,0.61,58,51
2003-09-07 09:00:00,9,1328.4,1752.0,35.03,34.36,0.0,0.67,52.18,51.37,0.0,0.81,61,51
2003-09-07 10:00:00,10,1423.9,1838.0,41.43,40.64,0.0,0.79,48.82,47.94,0.0,0.88,65,52
2003-09-07 11:00:00,11,1531.6,1902.0,41.43,40.65,0.0,0.78,49.04,48.16,0.0,0.88,68,53
2003-09-07 12:00:00,12,1553.6,1940.0,42.15,41.37,0.0,0.78,45.88,45.1,0.0,0.78,71,54
2003-09-07 13:00:00,13,1566.3,1949.0,42.87,42.08,0.0,0.79,45.45,44.8,0.0,0.65,73,54
2003-09-07 14:00:00,14,1581.7,1949.0,41.43,40.68,0.0,0.75,47.1,46.41,0.0,0.69,73,54
2003-09-07 15:00:00,15,1587.8,1964.0,39.61,38.89,0.0,0.72,48.93,48.26,0.0,0.67,75,55
2003-09-07 16:00:00,16,1624.9,1999.0,41.43,40.69,0.0,0.74,53.74,52.86,0.0,0.88,75,55
2003-09-07 17:00:00,17,1654.7,2031.0,40.82,40.07,0.0,0.75,55.28,54.27,0.0,1.01,74,56
2003-09-07 18:00:00,18,1651.0,2033.0,40.62,39.87,0.0,0.75,53.87,53.0,0.0,0.87,72,56
2003-09-07 19:00:00,19,1678.1,2128.0,42.41,41.62,0.0,0.79,79.64,78.59,0.0,1.05,70,57
2003-09-07 20:00:00,20,1710.6,2149.0,42.42,41.63,0.0,0.79,67.51,66.73,0.0,0.78,68,58
2003-09-07 21:00:00,21,1577.7,2017.0,36.06,35.39,0.0,0.67,47.49,46.85,0.0,0.64,66,60
2003-09-07 22:00:00,22,1355.8,1828.0,31.02,30.92,-0.47,0.57,34.61,34.28,0.0,0.33,66,59
2003-09-07 23:00:00,23,1516.1,1656.0,26.32,25.85,0.0,0.47,33.09,32.8,0.0,0.29,65,59
2003-09-08 00:00:00,0,1124.3,1547.0,33.9,33.39,0.0,0.51,37.29,36.87,0.0,0.42,65,58
2003-09-08 01:00:00,1,1526.5,1483.0,32.8,32.3,0.0,0.5,43.03,42.38,0.0,0.65,64,57
2003-09-08 02:00:00,2,1484.7,1454.0,29.49,29.03,0.0,0.46,35.0,34.49,0.0,0.51,63,57
2003-09-08 03:00:00,3,1621.7,1442.0,29.49,29.03,0.0,0.46,41.03,40.33,0.0,0.7,62,56
2003-09-08 04:00:00,4,1455.9,1468.0,30.03,29.56,0.0,0.47,35.35,34.72,0.0,0.63,61,56
2003-09-08 05:00:00,5,1298.7,1621.0,34.9,34.35,0.0,0.55,33.24,32.66,0.0,0.58,60,57
2003-09-08 06:00:00,6,1236.2,1924.0,36.18,35.61,-0.01,0.58,37.23,36.62,0.0,0.61,60,57
2003-09-08 07:00:00,7,1345.7,2132.0,41.02,40.4,-0.03,0.65,42.74,42.06,0.0,0.68,59,52
2003-09-08 08:00:00,8,1471.3,2221.0,43.27,42.65,-0.05,0.67,43.61,42.98,0.0,0.63,58,51
2003-09-08 09:00:00,9,1573.6,2301.0,45.85,45.18,-0.04,0.71,48.27,47.53,0.0,0.74,59,52
2003-09-08 10:00:00,10,1568.1,2376.0,49.12,48.42,-0.04,0.74,53.18,52.36,0.0,0.82,62,51
2003-09-08 11:00:00,11,1604.2,2419.0,49.35,48.66,-0.06,0.75,50.1,49.37,0.0,0.73,64,51
2003-09-08 12:00:00,12,1617.7,2424.0,49.48,48.81,-0.07,0.74,51.07,50.25,0.0,0.82,65,50
2003-09-08 13:00:00,13,1634.2,2452.0,49.56,48.9,-0.09,0.75,49.23,48.59,0.0,0.64,66,50
2003-09-08 14:00:00,14,1560.3,2433.0,49.31,48.55,0.01,0.75,49.82,49.1,0.0,0.72,66,50
2003-09-08 15:00:00,15,1584.2,2420.0,49.29,48.55,0.0,0.74,54.05,53.22,0.0,0.83,70,50
2003-09-08 16:00:00,16,1562.5,2421.0,49.3,48.54,0.01,0.75,52.4,51.59,0.0,0.81,72,50
2003-09-08 17:00:00,17,1558.9,2395.0,49.29,48.52,0.01,0.76,50.14,49.39,0.0,0.75,70,53
2003-09-08 18:00:00,18,1604.1,2339.0,48.29,47.53,0.02,0.74,46.84,46.19,0.0,0.65,69,53
2003-09-08 19:00:00,19,1585.8,2378.0,48.27,47.53,0.0,0.74,52.71,51.96,0.0,0.75,66,53
2003-09-08 20:00:00,20,1721.0,2350.0,47.71,46.97,0.0,0.74,49.64,48.93,0.0,0.71,64,53
2003-09-08 21:00:00,21,1606.8,2172.0,42.35,41.7,0.0,0.65,41.93,41.41,0.0,0.52,62,53
2003-09-08 22:00:00,22,1461.7,1934.0,36.36,35.81,0.0,0.55,28.96,28.62,0.0,0.34,61,53
2003-09-08 23:00:00,23,1263.9,1720.0,35.41,34.89,0.0,0.52,30.09,29.8,0.0,0.29,59,53
2003-09-09 00:00:00,0,1552.6,1577.0,33.82,33.3,0.0,0.52,24.94,24.65,0.0,0.29,59,53
2003-09-09 01:00:00,1,1859.0,1511.0,31.88,31.38,0.0,0.5,26.68,26.28,0.0,0.4,58,53
2003-09-09 02:00:00,2,2027.7,1470.0,30.5,30.02,0.0,0.48,20.94,20.64,0.0,0.3,57,53
2003-09-09 03:00:00,3,2013.5,1457.0,30.5,30.01,0.0,0.49,17.84,17.61,0.0,0.23,55,53
2003-09-09 04:00:00,4,2000.5,1480.0,31.58,31.07,0.0,0.51,17.78,17.55,0.0,0.23,54,53
2003-09-09 05:00:00,5,1464.0,1614.0,34.33,33.77,0.0,0.56,27.81,27.4,0.0,0.41,53,52
2003-09-09 06:00:00,6,1277.4,1891.0,39.2,38.55,0.0,0.65,46.81,46.3,0.0,0.51,52,52
2003-09-09 07:00:00,7,1448.8,2083.0,42.37,41.68,0.0,0.69,50.08,49.51,0.0,0.57,53,52
2003-09-09 08:00:00,8,1535.5,2162.0,44.99,44.27,0.01,0.71,44.82,44.38,0.0,0.44,54,50
2003-09-09 09:00:00,9,1598.0,2219.0,47.85,47.08,0.01,0.76,50.54,50.09,0.0,0.45,55,48
2003-09-09 10:00:00,10,1684.3,2273.0,47.83,47.08,0.0,0.75,54.09,53.58,0.0,0.51,57,47
2003-09-09 11:00:00,11,1717.6,2301.0,48.65,47.9,0.0,0.75,51.49,55.54,-4.64,0.59,56,47
2003-09-09 12:00:00,12,1736.9,2310.0,48.43,47.68,0.0,0.75,42.38,41.9,0.0,0.48,61,47
2003-09-09 13:00:00,13,1751.8,2324.0,48.68,47.93,0.0,0.75,45.44,44.91,0.0,0.53,62,46
2003-09-09 14:00:00,14,1712.0,2309.0,48.94,48.19,0.0,0.75,47.03,46.38,0.0,0.65,63,45
2003-09-09 15:00:00,15,1692.5,2285.0,48.43,47.68,0.0,0.75,45.89,45.3,0.0,0.59,64,46
2003-09-09 16:00:00,16,1628.0,2281.0,48.96,48.2,0.0,0.76,45.01,44.45,0.0,0.56,65,48
2003-09-09 17:00:00,17,1654.7,2249.0,48.94,48.17,0.0,0.77,42.8,42.32,0.0,0.48,61,46
2003-09-09 18:00:00,18,1634.7,2213.0,48.57,47.79,0.0,0.78,40.97,40.54,0.0,0.43,61,46
2003-09-09 19:00:00,19,1631.2,2279.0,48.96,48.18,0.0,0.78,48.35,47.8,0.0,0.55,57,45
2003-09-09 20:00:00,20,1632.4,2260.0,48.19,47.42,0.0,0.77,43.83,43.38,0.0,0.45,55,43
2003-09-09 21:00:00,21,1571.2,2091.0,41.52,40.86,0.0,0.66,34.45,34.1,0.0,0.35,53,43
2003-09-09 22:00:00,22,1361.9,1856.0,38.13,37.54,0.0,0.59,31.39,31.03,0.0,0.36,53,42
2003-09-09 23:00:00,23,1259.0,1659.0,36.07,35.51,0.0,0.56,27.44,27.11,0.0,0.33,53,41
2003-09-10 00:00:00,0,1782.7,1530.0,31.78,31.27,0.0,0.51,25.48,25.11,0.0,0.37,48,42
2003-09-10 01:00:00,1,2307.4,1460.0,29.9,29.42,0.0,0.48,23.71,23.29,0.0,0.42,49,40
2003-09-10 02:00:00,2,2351.0,1427.0,27.41,26.96,0.0,0.45,18.0,17.7,0.0,0.3,47,37
2003-09-10 03:00:00,3,2335.2,1417.0,27.38,26.94,0.0,0.44,4.54,4.47,0.0,0.07,48,37
2003-09-10 04:00:00,4,2070.4,1442.0,26.98,26.53,0.0,0.45,0.0,0.0,0.0,0.0,47,37
2003-09-10 05:00:00,5,1886.3,1589.0,32.26,31.71,0.0,0.55,14.33,14.11,0.0,0.22,46,36
2003-09-10 06:00:00,6,1293.4,1867.0,38.74,38.06,0.02,0.66,31.67,31.16,0.0,0.51,46,36
2003-09-10 07:00:00,7,1548.1,2066.0,39.64,38.97,0.0,0.67,30.53,30.05,0.0,0.48,48,37
2003-09-10 08:00:00,8,1635.5,2145.0,42.72,42.01,0.0,0.71,36.04,35.55,0.0,0.49,54,39
2003-09-10 09:00:00,9,1661.3,2201.0,45.66,44.91,0.0,0.75,36.95,36.52,0.0,0.43,58,44
2003-09-10 10:00:00,10,1744.0,2261.0,46.78,46.02,0.0,0.76,41.67,41.07,0.0,0.6,62,49
2003-09-10 11:00:00,11,1699.9,2302.0,47.77,47.0,0.0,0.77,40.38,39.82,0.0,0.56,65,49
2003-09-10 12:00:00,12,1739.4,2315.0,47.77,47.01,0.0,0.76,43.07,42.47,0.0,0.6,67,50
2003-09-10 13:00:00,13,1760.1,2339.0,47.77,47.01,0.0,0.76,45.76,45.06,0.0,0.7,69,50
2003-09-10 14:00:00,14,1756.8,2332.0,47.77,47.02,0.0,0.75,45.41,44.71,0.0,0.7,70,47
2003-09-10 15:00:00,15,1790.0,2327.0,47.16,46.41,0.0,0.75,46.0,45.28,0.0,0.72,72,46
2003-09-10 16:00:00,16,1687.8,2324.0,48.4,47.66,-0.03,0.77,45.45,44.76,0.0,0.69,72,47
2003-09-10 17:00:00,17,1738.5,2296.0,48.0,47.22,0.0,0.78,40.61,40.08,0.0,0.53,71,49
2003-09-10 18:00:00,18,1719.0,2258.0,47.85,47.08,0.0,0.77,36.94,36.58,0.0,0.36,70,50
2003-09-10 19:00:00,19,1698.8,2328.0,49.02,48.22,0.0,0.8,45.61,45.06,0.0,0.55,64,50
2003-09-10 20:00:00,20,1716.9,2307.0,46.4,45.64,0.0,0.76,40.81,40.33,0.0,0.48,61,50
2003-09-10 21:00:00,21,1596.3,2141.0,42.72,42.03,0.0,0.69,38.48,37.96,0.0,0.52,64,46
2003-09-10 22:00:00,22,1433.4,1908.0,38.0,37.4,0.0,0.6,34.17,33.7,0.0,0.47,65,46
2003-09-10 23:00:00,23,1264.0,1701.0,36.18,35.62,0.0,0.56,33.88,33.43,0.0,0.45,64,46
2003-09-11 00:00:00,0,959.7,1568.0,30.13,29.65,0.0,0.48,35.15,34.67,0.0,0.48,65,47
2003-09-11 01:00:00,1,955.2,1501.0,27.6,27.16,0.0,0.44,28.94,28.58,0.0,0.36,65,49
2003-09-11 02:00:00,2,1187.2,1470.0,25.41,25.01,0.0,0.4,25.13,24.8,0.0,0.33,66,50
2003-09-11 03:00:00,3,1269.1,1455.0,25.41,25.01,0.0,0.4,25.37,25.0,0.0,0.37,65,51
2003-09-11 04:00:00,4,1354.3,1483.0,25.31,24.9,0.0,0.41,34.06,33.55,0.0,0.51,65,51
2003-09-11 05:00:00,5,974.5,1630.0,30.65,30.15,0.0,0.5,35.01,34.47,0.0,0.54,64,50
2003-09-11 06:00:00,6,1093.0,1906.0,39.18,38.53,0.0,0.65,46.55,45.72,0.0,0.83,63,50
2003-09-11 07:00:00,7,1264.7,2119.0,39.73,39.08,0.0,0.65,49.68,48.89,0.0,0.79,62,51
2003-09-11 08:00:00,8,1283.1,2223.0,40.92,40.27,0.0,0.65,52.13,51.37,0.0,0.76,63,52
2003-09-11 09:00:00,9,1243.2,2292.0,42.69,42.01,0.0,0.68,53.72,52.94,0.0,0.78,64,54
2003-09-11 10:00:00,10,1114.1,2367.0,45.54,44.83,0.0,0.71,53.97,53.11,0.0,0.86,67,55
2003-09-11 11:00:00,11,1096.8,2418.0,46.95,46.21,0.0,0.74,55.59,54.69,0.0,0.9,69,54
2003-09-11 12:00:00,12,1114.1,2436.0,46.95,46.23,0.0,0.72,55.28,54.21,0.23,0.84,71,56
2003-09-11 13:00:00,13,1102.2,2463.0,47.06,46.35,0.0,0.71,54.88,53.62,0.45,0.81,72,57
2003-09-11 14:00:00,14,1115.8,2454.0,47.06,46.34,0.0,0.72,51.93,51.2,0.0,0.73,73,56
2003-09-11 15:00:00,15,1128.0,2434.0,47.05,46.33,0.0,0.72,53.02,52.36,0.0,0.66,73,54
2003-09-11 16:00:00,16,1126.8,2413.0,47.04,46.32,0.0,0.72,53.51,52.76,0.0,0.75,73,54
2003-09-11 17:00:00,17,1109.9,2358.0,46.28,45.56,0.0,0.72,48.46,47.75,0.0,0.71,71,49
2003-09-11 18:00:00,18,1202.3,2309.0,44.76,44.07,0.0,0.69,48.48,47.8,0.0,0.68,69,45
2003-09-11 19:00:00,19,1098.4,2380.0,46.28,45.55,0.0,0.73,74.54,73.47,0.0,1.07,67,45
2003-09-11 20:00:00,20,1316.1,2347.0,43.0,42.32,0.0,0.68,53.26,52.5,0.0,0.76,64,47
2003-09-11 21:00:00,21,1450.8,2176.0,42.69,42.02,0.0,0.67,47.1,46.44,0.0,0.66,62,52
2003-09-11 22:00:00,22,1316.3,1946.0,37.68,37.1,0.0,0.58,43.25,42.65,0.0,0.6,60,53
2003-09-11 23:00:00,23,1182.1,1742.0,36.32,35.77,0.0,0.55,41.15,40.59,0.0,0.56,59,55
2003-09-12 00:00:00,0,1640.6,1603.0,34.27,33.73,0.01,0.53,46.43,45.75,0.0,0.68,58,55
2003-09-12 01:00:00,1,2087.2,1530.0,33.83,33.31,0.0,0.52,42.13,41.49,0.0,0.64,57,56
2003-09-12 02:00:00,2,2182.3,1489.0,30.25,29.78,0.0,0.47,35.07,34.55,0.0,0.52,56,55
2003-09-12 03:00:00,3,2166.4,1475.0,28.14,27.7,0.0,0.44,25.78,25.42,0.0,0.36,53,53
2003-09-12 04:00:00,4,2079.5,1497.0,29.85,29.38,0.0,0.47,34.67,34.18,0.0,0.49,52,52
2003-09-12 05:00:00,5,1721.1,1640.0,33.69,33.14,0.01,0.54,45.32,44.68,-0.07,0.71,52,52
2003-09-12 06:00:00,6,1199.3,1907.0,40.14,39.48,0.0,0.66,48.93,48.57,-0.48,0.84,53,53
2003-09-12 07:00:00,7,1354.9,2101.0,42.45,42.07,-0.31,0.69,56.32,55.58,-0.3,1.04,53,53
2003-09-12 08:00:00,8,1435.4,2191.0,42.34,42.15,-0.48,0.67,55.39,54.72,-0.36,1.03,54,53
2003-09-12 09:00:00,9,1489.3,2252.0,45.48,45.27,-0.51,0.72,53.16,52.13,0.0,1.03,56,53
2003-09-12 10:00:00,10,1409.2,2311.0,47.21,46.88,-0.42,0.75,53.47,52.42,0.0,1.05,59,51
2003-09-12 11:00:00,11,1439.5,2343.0,47.76,47.4,-0.38,0.74,57.41,56.18,0.08,1.15,62,51
2003-09-12 12:00:00,12,1447.3,2340.0,47.74,47.29,-0.29,0.74,55.3,54.15,0.08,1.07,64,50
2003-09-12 13:00:00,13,1459.5,2342.0,48.04,47.66,-0.36,0.74,54.93,53.91,0.0,1.02,67,47
2003-09-12 14:00:00,14,1453.6,2325.0,48.04,47.64,-0.36,0.76,53.98,53.0,0.0,0.98,68,45
2003-09-12 15:00:00,15,1455.6,2286.0,47.47,47.03,-0.3,0.74,52.29,51.38,0.0,0.91,68,38
2003-09-12 16:00:00,16,1567.7,2252.0,47.31,46.81,-0.25,0.75,52.13,51.22,0.0,0.91,68,36
2003-09-12 17:00:00,17,1524.4,2185.0,47.43,46.68,0.0,0.75,47.58,46.8,0.0,0.78,67,39
2003-09-12 18:00:00,18,1442.3,2138.0,46.11,45.38,0.0,0.73,43.61,42.94,0.0,0.67,63,42
2003-09-12 19:00:00,19,1456.5,2187.0,47.12,46.56,-0.18,0.74,49.42,48.63,0.0,0.79,60,45
2003-09-12 20:00:00,20,1438.2,2150.0,44.29,43.58,0.0,0.71,47.91,47.18,0.0,0.73,58,47
2003-09-12 21:00:00,21,1380.5,2023.0,42.62,41.95,0.0,0.67,43.98,43.46,0.0,0.52,56,50
2003-09-12 22:00:00,22,1241.7,1847.0,38.77,38.17,0.0,0.6,44.36,43.89,0.0,0.47,55,51
2003-09-12 23:00:00,23,1130.8,1666.0,36.07,35.5,0.01,0.56,37.07,36.74,0.0,0.33,55,53
2003-09-13 00:00:00,0,1706.7,1535.0,34.87,34.29,0.0,0.58,35.99,35.66,0.0,0.33,55,53
2003-09-13 01:00:00,1,2287.6,1459.0,34.87,34.29,0.0,0.58,35.94,35.55,0.0,0.39,55,53
2003-09-13 02:00:00,2,2235.6,1419.0,32.19,31.65,0.0,0.54,34.08,33.66,0.0,0.42,55,53
2003-09-13 03:00:00,3,2215.3,1395.0,29.82,29.31,0.0,0.51,33.65,33.2,0.0,0.45,55,54
2003-09-13 04:00:00,4,2211.2,1398.0,30.26,29.74,0.0,0.52,35.25,34.77,0.0,0.48,55,54
2003-09-13 05:00:00,5,2266.0,1439.0,32.88,32.32,0.0,0.56,34.67,34.26,0.0,0.41,55,54
2003-09-13 06:00:00,6,1915.8,1517.0,34.84,34.23,0.0,0.61,35.11,34.72,0.0,0.39,55,54
2003-09-13 07:00:00,7,1552.5,1639.0,39.47,38.83,-0.05,0.69,39.35,38.77,0.0,0.58,55,54
2003-09-13 08:00:00,8,1423.4,1809.0,42.0,41.26,0.0,0.74,47.54,46.77,0.0,0.77,56,55
2003-09-13 09:00:00,9,1616.8,1924.0,45.66,44.85,0.0,0.81,54.9,54.0,0.0,0.9,57,55
2003-09-13 10:00:00,10,1387.2,1983.0,47.0,46.18,0.0,0.82,53.8,52.83,0.0,0.97,57,55
2003-09-13 11:00:00,11,1398.5,2003.0,47.16,46.35,0.0,0.81,60.5,59.38,0.0,1.12,59,56
2003-09-13 12:00:00,12,1380.9,1993.0,47.16,46.35,0.0,0.81,52.67,51.68,0.0,0.99,61,58
2003-09-13 13:00:00,13,1477.3,1971.0,47.16,46.36,0.0,0.8,48.84,48.02,0.0,0.82,64,60
2003-09-13 14:00:00,14,1451.1,1952.0,47.1,46.3,0.0,0.8,47.11,46.29,0.0,0.82,68,61
2003-09-13 15:00:00,15,1561.7,1945.0,47.1,46.29,0.0,0.81,44.08,43.32,0.0,0.76,70,62
2003-09-13 16:00:00,16,1577.9,1953.0,47.28,46.46,0.0,0.82,43.17,42.47,0.0,0.7,71,63
2003-09-13 17:00:00,17,1480.7,1974.0,46.63,45.83,0.0,0.8,44.68,43.96,0.0,0.72,71,63
2003-09-13 18:00:00,18,1527.8,1993.0,46.25,45.45,0.0,0.8,52.5,51.78,0.0,0.72,70,63
2003-09-13 19:00:00,19,1524.1,2063.0,47.29,46.46,0.0,0.83,56.65,55.86,0.0,0.79,68,62
2003-09-13 20:00:00,20,1639.5,2037.0,46.05,45.25,0.0,0.8,51.65,50.9,0.0,0.75,67,62
2003-09-13 21:00:00,21,1492.1,1944.0,42.71,41.99,0.0,0.72,49.71,49.11,0.0,0.6,66,61
2003-09-13 22:00:00,22,1260.3,1805.0,41.04,40.36,0.0,0.68,48.53,47.93,0.0,0.6,65,61
2003-09-13 23:00:00,23,1239.5,1654.0,34.87,34.29,0.0,0.58,37.09,36.71,0.0,0.38,64,61
2003-09-14 00:00:00,0,1581.1,1532.0,34.87,34.27,0.0,0.6,34.6,34.23,0.0,0.37,64,60
2003-09-14 01:00:00,1,2057.7,1461.0,34.85,34.24,0.01,0.6,34.0,33.56,0.0,0.44,63,60
2003-09-14 02:00:00,2,2260.5,1419.0,34.32,33.73,0.0,0.59,33.55,33.05,0.0,0.5,62,60
2003-09-14 03:00:00,3,2233.5,1395.0,31.32,30.78,0.0,0.54,33.55,33.04,0.0,0.51,62,60
2003-09-14 04:00:00,4,2239.8,1387.0,31.0,30.44,0.02,0.54,34.29,33.73,0.03,0.53,62,60
2003-09-14 05:00:00,5,2251.7,1403.0,34.0,33.4,0.0,0.6,33.64,33.11,0.04,0.49,61,60
2003-09-14 06:00:00,6,1816.8,1453.0,31.69,31.48,-0.36,0.57,32.88,32.42,0.0,0.46,60,60
2003-09-14 07:00:00,7,1443.1,1550.0,34.88,34.72,-0.48,0.64,37.54,37.06,0.0,0.48,60,60
2003-09-14 08:00:00,8,1187.2,1709.0,37.75,37.37,-0.32,0.7,48.01,47.42,0.0,0.59,61,60
2003-09-14 09:00:00,9,1374.4,1852.0,41.03,40.51,-0.23,0.75,53.77,53.01,0.0,0.76,61,61
2003-09-14 10:00:00,10,1465.0,1944.0,45.25,44.44,0.0,0.81,55.39,54.68,0.0,0.71,62,62
2003-09-14 11:00:00,11,1428.3,2018.0,46.63,45.8,0.0,0.83,62.14,61.35,0.0,0.79,64,64
2003-09-14 12:00:00,12,1447.6,2064.0,47.26,46.43,0.0,0.83,57.09,56.29,0.0,0.8,67,67
2003-09-14 13:00:00,13,1442.6,2105.0,47.21,46.39,0.0,0.82,66.15,65.21,0.0,0.94,72,69
2003-09-14 14:00:00,14,1418.5,2113.0,47.49,46.66,0.0,0.83,72.66,71.76,0.0,0.9,78,69
2003-09-14 15:00:00,15,1526.1,2130.0,47.59,46.76,0.0,0.83,62.56,61.7,0.0,0.86,78,67
2003-09-14 16:00:00,16,1579.5,2179.0,47.67,46.83,0.0,0.84,68.88,67.88,0.0,1.0,77,67
2003-09-14 17:00:00,17,1496.1,2213.0,47.67,46.81,0.01,0.85,100.7,99.14,0.0,1.56,76,69
2003-09-14 18:00:00,18,1525.8,2242.0,47.2,46.37,0.01,0.82,66.92,66.04,0.0,0.88,76,68
2003-09-14 19:00:00,19,1478.3,2320.0,48.58,47.72,0.01,0.85,89.02,88.08,0.0,0.94,73,67
2003-09-14 20:00:00,20,1526.1,2297.0,47.3,46.42,0.06,0.82,77.37,76.62,0.0,0.75,71,65
2003-09-14 21:00:00,21,1582.3,2140.0,43.62,42.87,0.0,0.75,60.32,59.65,0.0,0.67,69,65
2003-09-14 22:00:00,22,1324.9,1939.0,41.03,40.33,0.0,0.7,49.46,48.92,0.0,0.54,68,65
2003-09-14 23:00:00,23,1196.6,1764.0,34.98,34.38,0.0,0.6,54.78,54.23,0.0,0.55,68,66
2003-09-15 00:00:00,0,1436.2,1643.0,34.87,34.27,0.0,0.6,57.87,57.16,0.0,0.71,67,66
2003-09-15 01:00:00,1,1774.5,1576.0,34.54,33.94,0.0,0.6,55.28,54.67,0.0,0.61,68,65
2003-09-15 02:00:00,2,1992.3,1548.0,34.35,33.75,0.0,0.6,48.26,47.68,0.0,0.58,68,65
2003-09-15 03:00:00,3,2054.7,1528.0,33.82,33.24,0.0,0.58,52.25,51.51,0.0,0.74,67,65
2003-09-15 04:00:00,4,1788.9,1566.0,33.81,33.22,0.01,0.58,59.28,58.45,0.0,0.83,67,65
2003-09-15 05:00:00,5,1353.9,1733.0,35.69,35.05,0.01,0.63,93.51,92.15,0.0,1.36,67,65
2003-09-15 06:00:00,6,1191.7,2049.0,41.16,40.43,-0.01,0.74,67.88,67.04,0.0,0.84,66,65
2003-09-15 07:00:00,7,1422.1,2278.0,45.95,45.14,0.0,0.81,106.4,105.01,0.0,1.39,66,65
2003-09-15 08:00:00,8,1511.8,2400.0,46.4,46.12,-0.54,0.82,58.32,57.66,0.0,0.66,67,65
2003-09-15 09:00:00,9,1444.8,2485.0,48.3,47.65,-0.19,0.84,60.33,59.63,0.0,0.7,67,65
2003-09-15 10:00:00,10,1407.6,2573.0,51.01,50.14,0.0,0.87,78.96,78.13,0.0,0.83,68,65
2003-09-15 11:00:00,11,1398.4,2601.0,53.32,52.42,0.0,0.9,127.14,125.33,0.0,1.81,70,66
2003-09-15 12:00:00,12,1375.6,2628.0,53.35,52.79,-0.35,0.91,61.83,60.86,0.0,0.97,72,65
2003-09-15 13:00:00,13,1293.6,2649.0,53.36,52.81,-0.35,0.9,51.86,51.08,0.0,0.78,74,65
2003-09-15 14:00:00,14,1323.4,2644.0,53.36,52.81,-0.35,0.9,55.38,54.44,0.13,0.81,75,65
2003-09-15 15:00:00,15,1428.5,2637.0,53.36,52.8,-0.35,0.91,61.73,60.56,0.24,0.93,75,65
2003-09-15 16:00:00,16,1427.8,2625.0,53.36,52.8,-0.35,0.91,63.65,62.38,0.29,0.98,75,66
2003-09-15 17:00:00,17,1445.3,2599.0,53.32,52.42,0.0,0.9,62.69,61.58,0.26,0.85,74,66
2003-09-15 18:00:00,18,1449.5,2608.0,51.31,50.44,0.0,0.87,76.05,74.54,0.47,1.04,73,66
2003-09-15 19:00:00,19,1355.8,2671.0,53.43,54.25,-1.77,0.95,95.49,93.42,0.74,1.33,72,67
2003-09-15 20:00:00,20,1540.4,2591.0,49.8,48.93,0.0,0.87,54.42,53.51,0.17,0.74,70,67
2003-09-15 21:00:00,21,1588.5,2402.0,47.32,46.51,0.0,0.81,45.68,45.06,0.05,0.57,69,63
2003-09-15 22:00:00,22,1467.8,2150.0,43.2,42.47,0.0,0.73,40.26,39.74,0.01,0.51,68,63
2003-09-15 23:00:00,23,1318.5,1927.0,38.0,37.36,0.0,0.64,43.37,42.75,0.02,0.6,67,64
2003-09-16 00:00:00,0,2197.0,1776.0,39.17,38.5,0.0,0.67,42.76,42.08,0.02,0.66,66,64
2003-09-16 01:00:00,1,2162.3,1693.0,37.23,36.12,0.49,0.62,41.49,40.75,0.01,0.73,65,65
2003-09-16 02:00:00,2,2173.6,1655.0,36.69,35.39,0.69,0.61,40.35,39.33,0.29,0.73,66,65
2003-09-16 03:00:00,3,2206.1,1638.0,36.4,34.95,0.83,0.62,37.55,35.96,0.95,0.64,66,65
2003-09-16 04:00:00,4,2127.2,1659.0,36.73,35.35,0.76,0.62,39.54,38.05,0.81,0.68,67,66
2003-09-16 05:00:00,5,2200.2,1816.0,39.67,38.97,0.0,0.7,50.64,49.48,0.3,0.86,67,67
2003-09-16 06:00:00,6,1380.2,2127.0,44.8,43.98,0.0,0.82,56.54,55.65,0.03,0.86,68,67
2003-09-16 07:00:00,7,1539.3,2338.0,48.39,47.52,0.0,0.87,55.52,54.68,0.0,0.84,68,67
2003-09-16 08:00:00,8,1614.7,2441.0,50.78,49.86,0.0,0.92,53.61,52.83,0.0,0.78,68,67
2003-09-16 09:00:00,9,1673.5,2511.0,53.39,54.54,-2.15,1.0,58.43,57.59,0.0,0.84,67,65
2003-09-16 10:00:00,10,1729.7,2590.0,55.25,57.77,-3.57,1.05,70.49,69.51,0.0,0.98,69,64
2003-09-16 11:00:00,11,1791.0,2639.0,57.58,60.44,-3.95,1.09,76.63,75.56,0.0,1.07,71,64
2003-09-16 12:00:00,12,1785.2,2641.0,58.09,60.9,-3.91,1.1,74.63,73.36,0.24,1.03,71,63
2003-09-16 13:00:00,13,1830.0,2647.0,56.76,60.49,-4.81,1.08,59.77,58.82,0.26,0.69,71,63
2003-09-16 14:00:00,14,1824.6,2635.0,56.44,60.26,-4.91,1.09,74.31,72.91,0.48,0.92,73,62
2003-09-16 15:00:00,15,1815.6,2616.0,55.0,58.45,-4.49,1.04,83.95,82.36,0.62,0.97,75,61
2003-09-16 16:00:00,16,1816.7,2595.0,54.32,58.53,-5.25,1.04,68.92,67.62,0.41,0.89,74,59
2003-09-16 17:00:00,17,1793.9,2537.0,53.53,53.31,-0.74,0.96,52.14,51.31,0.17,0.66,73,58
2003-09-16 18:00:00,18,1726.5,2463.0,53.0,52.41,-0.32,0.91,46.02,45.43,0.08,0.51,70,59
2003-09-16 19:00:00,19,1749.6,2509.0,53.61,55.2,-2.56,0.97,54.64,53.77,0.22,0.65,66,58
2003-09-16 20:00:00,20,1741.5,2439.0,50.21,49.33,0.01,0.87,49.8,49.05,0.14,0.61,63,58
2003-09-16 21:00:00,21,1640.9,2246.0,48.07,46.41,0.85,0.81,43.18,42.58,0.04,0.56,62,55
2003-09-16 22:00:00,22,1488.8,2003.0,42.51,41.8,0.0,0.71,39.36,38.78,0.02,0.56,61,54
2003-09-16 23:00:00,23,2124.6,1783.0,38.65,38.0,0.0,0.65,31.15,30.69,0.0,0.46,60,53
2003-09-17 00:00:00,0,2483.4,1628.0,36.57,35.94,0.0,0.63,34.15,33.52,0.0,0.63,59,53
2003-09-17 01:00:00,1,2424.0,1542.0,35.84,35.22,0.0,0.62,27.43,26.94,0.0,0.49,60,51
2003-09-17 02:00:00,2,2409.3,1505.0,34.92,34.32,0.0,0.6,24.13,23.67,0.0,0.46,63,47
2003-09-17 03:00:00,3,2392.0,1475.0,33.9,33.32,0.0,0.58,27.35,26.81,0.0,0.54,62,44
2003-09-17 04:00:00,4,2384.3,1494.0,35.93,35.31,0.0,0.62,30.87,30.27,0.0,0.6,59,45
2003-09-17 05:00:00,5,2235.7,1640.0,37.51,36.85,0.0,0.66,32.66,32.05,0.0,0.61,58,45
2003-09-17 06:00:00,6,1658.2,1918.0,40.15,39.47,-0.04,0.72,37.78,36.98,0.11,0.69,60,44
2003-09-17 07:00:00,7,1575.6,2107.0,43.96,43.12,0.06,0.78,37.86,37.29,0.0,0.57,60,44
2003-09-17 08:00:00,8,1638.2,2203.0,47.43,46.6,0.0,0.83,40.97,40.37,0.02,0.58,63,45
2003-09-17 09:00:00,9,1702.5,2284.0,49.14,48.26,0.02,0.86,48.98,48.18,0.13,0.67,65,47
2003-09-17 10:00:00,10,1765.0,2356.0,52.37,51.6,-0.14,0.91,49.33,48.55,0.13,0.65,67,51
2003-09-17 11:00:00,11,1804.3,2401.0,53.36,52.64,-0.21,0.93,46.49,45.8,0.08,0.61,69,51
2003-09-17 12:00:00,12,1821.3,2417.0,53.36,52.67,-0.23,0.92,45.22,44.54,0.06,0.62,70,50
2003-09-17 13:00:00,13,1839.5,2445.0,53.41,52.73,-0.24,0.92,51.05,50.22,0.15,0.68,71,50
2003-09-17 14:00:00,14,1834.8,2444.0,53.41,52.71,-0.22,0.92,52.79,51.89,0.18,0.72,72,49
2003-09-17 15:00:00,15,1781.8,2423.0,53.41,52.69,-0.2,0.92,50.66,49.83,0.15,0.68,72,50
2003-09-17 16:00:00,16,1767.1,2410.0,53.47,52.84,-0.31,0.94,50.13,49.45,0.15,0.53,72,51
2003-09-17 17:00:00,17,1741.4,2360.0,52.99,52.22,-0.16,0.93,46.19,45.66,0.09,0.44,72,51
2003-09-17 18:00:00,18,1746.2,2319.0,49.33,48.71,-0.24,0.86,45.74,45.18,0.08,0.48,68,50
2003-09-17 19:00:00,19,1723.3,2399.0,53.42,52.93,-0.45,0.94,54.18,53.37,0.23,0.58,65,49
2003-09-17 20:00:00,20,1710.4,2349.0,50.37,49.49,0.0,0.88,47.71,47.11,0.12,0.48,64,49
2003-09-17 21:00:00,21,1641.7,2173.0,45.07,44.29,0.0,0.78,40.09,39.62,0.02,0.45,63,49
2003-09-17 22:00:00,22,1489.9,1941.0,40.62,39.93,0.0,0.69,33.21,32.76,0.0,0.45,62,49
2003-09-17 23:00:00,23,1606.9,1732.0,37.89,37.25,0.0,0.64,33.48,33.06,0.0,0.42,61,50
2003-09-18 00:00:00,0,1595.7,1598.0,32.08,31.52,0.0,0.56,32.06,31.63,0.0,0.43,60,50
2003-09-18 01:00:00,1,1687.1,1520.0,28.77,28.26,0.0,0.51,24.3,24.0,0.0,0.3,58,50
2003-09-18 02:00:00,2,1748.0,1478.0,28.77,28.26,0.0,0.51,3.08,3.03,0.0,0.05,57,51
2003-09-18 03:00:00,3,1835.5,1463.0,26.99,26.51,0.0,0.48,27.21,26.83,0.0,0.38,58,50
2003-09-18 04:00:00,4,1709.5,1488.0,28.77,28.26,0.0,0.51,32.11,31.71,0.0,0.4,57,50
2003-09-18 05:00:00,5,1355.7,1635.0,33.86,33.25,0.0,0.61,34.2,33.79,0.0,0.41,57,50
2003-09-18 06:00:00,6,1254.8,1926.0,40.14,39.41,0.0,0.73,51.45,50.72,0.0,0.73,56,50
2003-09-18 07:00:00,7,1466.6,2109.0,43.17,42.51,-0.12,0.78,49.72,48.88,0.1,0.74,56,50
2003-09-18 08:00:00,8,1550.2,2189.0,46.42,45.73,-0.14,0.83,48.08,47.24,0.11,0.73,57,51
2003-09-18 09:00:00,9,1607.9,2258.0,47.02,46.38,-0.19,0.83,49.22,48.42,0.13,0.67,59,51
2003-09-18 10:00:00,10,1662.3,2332.0,49.99,49.31,-0.2,0.88,53.38,52.43,0.2,0.75,61,53
2003-09-18 11:00:00,11,1692.8,2369.0,50.48,49.78,-0.18,0.88,53.34,52.41,0.19,0.74,65,53
2003-09-18 12:00:00,12,1708.0,2376.0,51.02,50.29,-0.15,0.88,49.44,48.63,0.13,0.68,66,54
2003-09-18 13:00:00,13,1720.0,2386.0,51.68,50.91,-0.12,0.89,50.43,49.61,0.14,0.68,68,54
2003-09-18 14:00:00,14,1718.5,2371.0,51.99,51.2,-0.1,0.89,47.24,46.51,0.09,0.64,69,51
2003-09-18 15:00:00,15,1733.9,2338.0,49.48,48.83,-0.22,0.87,48.88,48.08,0.12,0.68,67,50
2003-09-18 16:00:00,16,1727.5,2311.0,49.19,48.56,-0.23,0.86,50.46,49.58,0.14,0.74,66,48
2003-09-18 17:00:00,17,1700.6,2265.0,49.18,48.55,-0.24,0.87,45.89,45.16,0.07,0.66,65,49
2003-09-18 18:00:00,18,1642.0,2267.0,47.17,46.66,-0.33,0.84,49.42,48.64,0.13,0.65,64,50
2003-09-18 19:00:00,19,1659.1,2356.0,51.87,51.05,-0.11,0.93,54.13,53.23,0.21,0.69,62,50
2003-09-18 20:00:00,20,1672.3,2295.0,47.7,46.93,-0.08,0.85,45.78,45.17,0.07,0.54,61,51
2003-09-18 21:00:00,21,1571.5,2136.0,42.4,41.74,-0.09,0.75,39.63,39.07,0.0,0.56,59,53
2003-09-18 22:00:00,22,1390.6,1921.0,39.14,38.46,0.0,0.68,32.02,31.53,0.0,0.49,58,53
2003-09-18 23:00:00,23,1463.6,1722.0,35.9,35.28,0.0,0.62,26.9,26.49,0.0,0.41,58,54
2003-09-19 00:00:00,0,1680.0,1587.0,32.11,31.56,0.0,0.55,35.68,35.18,0.0,0.5,57,55
2003-09-19 01:00:00,1,1872.8,1518.0,27.74,27.26,0.0,0.48,33.55,33.11,0.0,0.44,57,55
2003-09-19 02:00:00,2,1835.9,1489.0,27.34,26.86,0.0,0.48,25.21,24.88,0.0,0.33,57,56
2003-09-19 03:00:00,3,2069.2,1474.0,25.66,25.21,0.0,0.45,30.13,29.7,0.0,0.43,57,57
2003-09-19 04:00:00,4,1831.0,1501.0,27.35,26.88,0.0,0.47,34.52,34.03,0.0,0.49,58,58
2003-09-19 05:00:00,5,1439.1,1656.0,33.86,33.26,0.0,0.6,36.76,36.25,0.0,0.51,60,59
2003-09-19 06:00:00,6,1362.2,1980.0,39.25,38.55,0.0,0.7,47.55,46.76,0.03,0.76,62,61
2003-09-19 07:00:00,7,1488.8,2206.0,44.32,43.3,0.24,0.78,55.66,54.66,0.04,0.96,63,62
2003-09-19 08:00:00,8,1565.2,2310.0,46.45,45.85,-0.21,0.81,52.44,51.42,0.18,0.84,63,63
2003-09-19 09:00:00,9,1623.4,2390.0,47.18,46.54,-0.18,0.82,55.54,54.44,0.22,0.88,65,64
2003-09-19 10:00:00,10,1673.9,2451.0,51.45,49.38,1.21,0.86,59.71,58.57,0.28,0.86,66,65
2003-09-19 11:00:00,11,1699.1,2480.0,52.23,50.05,1.31,0.87,58.62,57.72,0.02,0.88,67,67
2003-09-19 12:00:00,12,1718.1,2488.0,50.0,49.17,-0.02,0.85,56.22,55.12,0.22,0.88,69,68
2003-09-19 13:00:00,13,1707.8,2500.0,52.5,50.57,1.05,0.88,56.32,55.29,0.21,0.82,69,69
2003-09-19 14:00:00,14,1716.2,2491.0,49.06,48.29,-0.06,0.83,56.41,55.39,0.21,0.81,70,70
2003-09-19 15:00:00,15,1669.4,2463.0,51.97,49.94,1.16,0.87,58.01,56.92,0.24,0.85,71,70
2003-09-19 16:00:00,16,1635.5,2448.0,51.0,49.1,1.04,0.86,58.11,57.0,0.24,0.87,73,70
2003-09-19 17:00:00,17,1649.7,2413.0,47.8,47.09,-0.12,0.83,57.47,56.38,0.25,0.84,73,70
2003-09-19 18:00:00,18,1620.1,2386.0,47.0,46.33,-0.16,0.83,56.27,55.24,0.23,0.8,73,70
2003-09-19 19:00:00,19,1649.4,2443.0,50.16,49.32,-0.05,0.89,64.87,63.7,0.36,0.81,73,69
2003-09-19 20:00:00,20,1604.6,2386.0,47.59,46.75,0.0,0.84,56.37,55.38,0.23,0.76,72,69
2003-09-19 21:00:00,21,1482.4,2267.0,45.4,44.25,0.36,0.79,57.71,56.69,0.25,0.77,72,69
2003-09-19 22:00:00,22,1388.5,2083.0,39.1,38.42,0.0,0.68,52.18,51.32,0.17,0.69,71,69
2003-09-19 23:00:00,23,1256.6,1886.0,36.74,36.1,0.0,0.64,53.65,53.01,0.0,0.64,71,68
2003-09-20 00:00:00,0,1671.9,1745.0,33.77,33.2,0.0,0.57,53.55,52.97,0.0,0.58,70,68
2003-09-20 01:00:00,1,2052.0,1654.0,32.78,32.22,0.0,0.56,48.06,47.5,0.0,0.56,70,68
2003-09-20 02:00:00,2,2203.3,1592.0,32.66,32.1,0.0,0.56,45.76,45.19,0.0,0.57,69,67
2003-09-20 03:00:00,3,2183.3,1561.0,30.09,29.58,0.0,0.51,41.5,40.99,0.0,0.51,69,67
2003-09-20 04:00:00,4,2256.5,1557.0,31.19,30.65,0.0,0.54,45.98,45.39,0.0,0.59,69,67
2003-09-20 05:00:00,5,2105.9,1596.0,33.77,33.18,0.0,0.59,51.54,50.9,0.0,0.64,68,66
2003-09-20 06:00:00,6,2113.8,1677.0,33.68,33.1,0.0,0.58,46.75,46.19,0.0,0.56,67,65
2003-09-20 07:00:00,7,1689.0,1807.0,39.24,38.56,0.0,0.68,46.24,45.59,0.03,0.62,66,64
2003-09-20 08:00:00,8,1724.8,1993.0,41.08,40.82,-0.47,0.73,50.68,49.86,0.2,0.62,67,64
2003-09-20 09:00:00,9,1908.4,2139.0,46.48,45.87,-0.22,0.83,71.38,70.36,0.46,0.56,67,64
2003-09-20 10:00:00,10,2088.1,2237.0,47.82,47.15,-0.17,0.84,72.96,71.9,0.46,0.6,70,64
2003-09-20 11:00:00,11,2101.7,2290.0,48.29,47.68,-0.24,0.85,77.68,76.5,0.49,0.69,74,64
2003-09-20 12:00:00,12,2072.8,2300.0,47.53,46.98,-0.28,0.83,82.41,81.1,0.53,0.78,75,63
2003-09-20 13:00:00,13,2085.6,2297.0,47.97,47.39,-0.26,0.84,73.31,72.16,0.42,0.73,77,61
2003-09-20 14:00:00,14,2027.0,2284.0,47.41,46.87,-0.28,0.82,69.72,68.66,0.37,0.69,77,59
2003-09-20 15:00:00,15,2042.2,2273.0,47.53,46.97,-0.28,0.84,70.07,68.99,0.37,0.71,78,61
2003-09-20 16:00:00,16,2039.0,2270.0,48.08,47.48,-0.25,0.85,70.41,69.34,0.38,0.69,77,62
2003-09-20 17:00:00,17,2028.4,2250.0,47.42,46.86,-0.28,0.84,72.37,71.17,0.41,0.79,77,63
2003-09-20 18:00:00,18,2018.0,2233.0,47.39,46.86,-0.28,0.81,67.65,66.53,0.37,0.75,74,63
2003-09-20 19:00:00,19,2051.2,2294.0,50.55,49.81,-0.14,0.88,78.41,77.12,0.5,0.79,71,63
2003-09-20 20:00:00,20,2024.9,2235.0,48.41,47.57,0.0,0.84,58.79,58.16,0.07,0.56,70,62
2003-09-20 21:00:00,21,1882.8,2109.0,44.45,43.69,0.0,0.76,52.03,51.48,0.0,0.55,68,60
2003-09-20 22:00:00,22,1656.0,1929.0,40.45,39.76,0.0,0.69,51.03,50.4,0.0,0.63,66,57
2003-09-20 23:00:00,23,1226.0,1734.0,35.82,35.22,0.0,0.6,44.49,43.97,0.0,0.52,64,56
2003-09-21 00:00:00,0,1884.6,1578.0,33.26,32.7,0.0,0.56,41.97,41.48,0.0,0.49,62,55
2003-09-21 01:00:00,1,2283.2,1483.0,33.79,33.22,0.0,0.57,40.13,39.61,0.0,0.52,60,53
2003-09-21 02:00:00,2,2293.0,1418.0,31.75,31.22,0.0,0.53,37.0,36.45,0.0,0.55,59,52
2003-09-21 03:00:00,3,2484.1,1380.0,31.75,31.22,0.0,0.53,34.43,33.92,0.0,0.51,60,50
2003-09-21 04:00:00,4,2475.8,1366.0,31.75,31.22,0.0,0.53,32.2,31.74,0.0,0.46,60,48
2003-09-21 05:00:00,5,2266.5,1379.0,32.0,31.45,0.0,0.55,31.2,30.74,0.0,0.46,59,49
2003-09-21 06:00:00,6,2206.8,1415.0,32.74,32.17,0.0,0.57,20.49,20.17,0.0,0.32,58,48
2003-09-21 07:00:00,7,1959.6,1495.0,34.11,33.51,0.0,0.6,14.39,14.14,0.0,0.25,59,49
2003-09-21 08:00:00,8,1373.0,1649.0,37.61,36.94,0.0,0.67,36.5,35.98,0.01,0.51,60,50
2003-09-21 09:00:00,9,1628.5,1782.0,41.04,40.3,0.0,0.74,45.92,45.12,0.12,0.68,62,51
2003-09-21 10:00:00,10,1734.9,1854.0,44.92,44.12,0.0,0.8,49.68,48.77,0.13,0.78,64,52
2003-09-21 11:00:00,11,1776.8,1912.0,46.15,45.52,-0.19,0.82,48.91,47.97,0.13,0.81,66,52
2003-09-21 12:00:00,12,1826.8,1944.0,46.89,46.22,-0.15,0.82,45.71,44.87,0.07,0.77,67,52
2003-09-21 13:00:00,13,1827.9,1941.0,47.5,46.8,-0.13,0.83,44.1,43.32,0.06,0.72,69,54
2003-09-21 14:00:00,14,1787.6,1935.0,47.77,47.06,-0.11,0.82,45.26,44.42,0.08,0.76,69,52
2003-09-21 15:00:00,15,1792.9,1933.0,47.91,47.18,-0.11,0.84,44.94,44.17,0.02,0.75,71,53
2003-09-21 16:00:00,16,1839.0,1960.0,48.14,47.39,-0.1,0.85,45.46,44.66,0.06,0.74,71,50
2003-09-21 17:00:00,17,1882.3,1991.0,47.95,47.22,-0.11,0.84,44.67,43.9,0.03,0.74,69,51
2003-09-21 18:00:00,18,1897.1,2028.0,47.96,47.12,0.0,0.84,47.96,47.19,0.0,0.77,69,50
2003-09-21 19:00:00,19,1838.0,2138.0,50.0,49.11,0.0,0.89,74.46,73.4,0.0,1.06,64,57
2003-09-21 20:00:00,20,1850.3,2085.0,49.65,48.77,0.0,0.88,52.75,51.91,0.0,0.84,65,53
2003-09-21 21:00:00,21,1803.6,1936.0,44.0,43.23,0.0,0.77,43.22,42.48,0.05,0.69,63,53
2003-09-21 22:00:00,22,1564.4,1753.0,39.01,38.33,0.0,0.68,36.92,36.31,0.0,0.61,62,52
2003-09-21 23:00:00,23,1621.4,1592.0,35.82,35.21,0.0,0.61,30.69,30.19,0.0,0.5,60,51
2003-09-22 00:00:00,0,1668.9,1472.0,32.8,32.25,0.0,0.55,29.38,28.98,0.0,0.4,60,51
2003-09-22 01:00:00,1,2061.7,1408.0,32.77,32.22,0.0,0.55,29.03,28.61,0.0,0.42,59,50
2003-09-22 02:00:00,2,2216.4,1383.0,30.84,30.33,0.0,0.51,33.94,33.38,0.0,0.56,59,49
2003-09-22 03:00:00,3,2228.6,1372.0,30.84,30.32,0.0,0.52,34.55,33.98,0.0,0.57,58,47
2003-09-22 04:00:00,4,2091.1,1409.0,32.24,31.69,0.0,0.55,36.58,36.02,0.0,0.56,59,47
2003-09-22 05:00:00,5,1648.0,1562.0,34.13,33.55,0.0,0.58,41.1,40.43,0.0,0.67,58,47
2003-09-22 06:00:00,6,1322.7,1867.0,36.99,36.36,0.0,0.63,45.84,44.96,0.0,0.88,57,48
2003-09-22 07:00:00,7,1477.8,2066.0,40.86,40.15,0.0,0.71,51.43,50.33,0.14,0.96,57,48
2003-09-22 08:00:00,8,1570.0,2175.0,42.06,41.74,-0.41,0.73,48.51,47.63,0.16,0.72,58,49
2003-09-22 09:00:00,9,1694.6,2252.0,44.38,43.92,-0.3,0.76,52.89,51.9,0.23,0.76,61,51
2003-09-22 10:00:00,10,1768.2,2332.0,45.58,45.06,-0.24,0.76,50.92,50.01,0.19,0.72,63,52
2003-09-22 11:00:00,11,1802.8,2371.0,47.0,46.35,-0.15,0.8,50.94,49.97,0.19,0.78,66,53
2003-09-22 12:00:00,12,1834.8,2389.0,46.54,45.93,-0.17,0.78,52.35,51.34,0.17,0.84,67,51
2003-09-22 13:00:00,13,1844.8,2395.0,47.87,47.17,-0.11,0.81,51.72,50.63,0.19,0.9,68,52
2003-09-22 14:00:00,14,1804.0,2379.0,48.72,47.96,-0.07,0.83,48.44,47.42,0.15,0.87,68,51
2003-09-22 15:00:00,15,1819.7,2356.0,48.47,47.73,-0.08,0.82,46.29,45.33,0.11,0.85,69,52
2003-09-22 16:00:00,16,1811.9,2352.0,49.0,48.22,-0.05,0.83,46.28,45.31,0.11,0.86,69,51
2003-09-22 17:00:00,17,1792.3,2334.0,48.0,47.28,-0.1,0.82,46.65,45.68,0.11,0.86,68,53
2003-09-22 18:00:00,18,1842.5,2355.0,46.54,45.93,-0.18,0.79,46.47,45.57,0.12,0.78,67,53
2003-09-22 19:00:00,19,1863.3,2420.0,49.45,48.67,-0.06,0.84,51.65,50.66,0.17,0.82,66,54
2003-09-22 20:00:00,20,1768.2,2325.0,48.16,47.41,-0.08,0.83,45.48,44.64,0.1,0.74,63,53
2003-09-22 21:00:00,21,1688.4,2151.0,40.75,40.06,0.0,0.69,39.55,38.94,0.01,0.6,62,52
2003-09-22 22:00:00,22,1530.4,1932.0,36.69,36.07,0.0,0.62,33.84,33.34,0.0,0.5,60,53
2003-09-22 23:00:00,23,1605.1,1729.0,33.9,33.35,0.0,0.55,31.57,31.01,0.0,0.56,60,54
2003-09-23 00:00:00,0,1658.3,1592.0,33.77,33.2,0.0,0.57,26.98,26.54,0.0,0.44,58,53
2003-09-23 01:00:00,1,1846.8,1519.0,33.21,32.66,0.0,0.55,28.9,28.41,0.0,0.49,58,54
2003-09-23 02:00:00,2,1998.1,1490.0,32.78,32.23,0.0,0.55,29.56,29.07,0.0,0.49,58,54
2003-09-23 03:00:00,3,2047.2,1472.0,32.04,31.5,0.0,0.54,29.8,29.31,0.0,0.49,58,54
2003-09-23 04:00:00,4,1823.6,1503.0,33.0,32.44,0.0,0.56,30.37,29.86,0.0,0.51,58,54
2003-09-23 05:00:00,5,1918.1,1660.0,35.94,35.32,0.0,0.62,35.27,34.67,0.0,0.6,58,54
2003-09-23 06:00:00,6,1584.3,1980.0,37.77,37.14,-0.02,0.65,42.66,41.96,0.0,0.7,58,55
2003-09-23 07:00:00,7,1514.7,2200.0,43.72,42.34,0.63,0.75,51.08,50.26,0.1,0.72,58,56
2003-09-23 08:00:00,8,1593.3,2289.0,44.51,43.37,0.38,0.76,51.8,50.96,0.2,0.64,59,57
2003-09-23 09:00:00,9,1641.9,2355.0,45.67,44.46,0.44,0.77,55.58,54.62,0.25,0.71,61,59
2003-09-23 10:00:00,10,1678.9,2413.0,49.0,47.06,1.13,0.81,67.88,54.68,12.56,0.64,64,63
2003-09-23 11:00:00,11,1720.7,2460.0,49.22,47.24,1.17,0.81,77.28,60.27,16.23,0.78,66,64
2003-09-23 12:00:00,12,1713.2,2456.0,50.56,48.15,1.57,0.84,50.87,50.01,0.17,0.69,67,66
2003-09-23 13:00:00,13,1741.9,2456.0,50.59,48.19,1.56,0.84,47.85,47.1,0.12,0.63,69,67
2003-09-23 14:00:00,14,1734.5,2434.0,50.49,48.12,1.54,0.83,47.85,47.13,0.12,0.6,68,67
2003-09-23 15:00:00,15,1713.8,2412.0,50.48,48.1,1.54,0.84,49.27,48.52,0.14,0.61,67,65
2003-09-23 16:00:00,16,1715.2,2398.0,49.75,47.51,1.42,0.82,48.29,47.6,0.13,0.56,65,63
2003-09-23 17:00:00,17,1672.2,2370.0,49.02,46.9,1.3,0.82,47.6,46.93,0.13,0.54,65,63
2003-09-23 18:00:00,18,1674.1,2349.0,46.38,44.84,0.77,0.77,46.09,45.51,0.11,0.47,64,62
2003-09-23 19:00:00,19,1456.5,2418.0,51.64,49.7,1.08,0.86,47.97,47.3,0.13,0.54,62,61
2003-09-23 20:00:00,20,1653.1,2324.0,47.7,46.04,0.86,0.8,44.04,43.5,0.08,0.46,62,61
2003-09-23 21:00:00,21,1524.5,2148.0,45.37,44.61,0.0,0.76,40.28,39.85,0.03,0.4,59,54
2003-09-23 22:00:00,22,1399.9,1914.0,37.24,36.62,0.0,0.62,30.55,30.24,0.0,0.31,58,52
2003-09-23 23:00:00,23,1555.1,1706.0,35.87,35.27,0.0,0.6,27.62,27.31,0.0,0.31,56,51
2003-09-24 00:00:00,0,2059.8,1577.0,31.73,31.17,0.01,0.55,37.21,36.69,0.0,0.52,55,50
2003-09-24 01:00:00,1,2261.4,1502.0,29.87,29.36,0.0,0.51,26.55,26.14,0.0,0.41,56,49
2003-09-24 02:00:00,2,2306.6,1459.0,28.82,28.33,0.0,0.49,24.72,24.28,0.0,0.44,54,49
2003-09-24 03:00:00,3,2288.5,1441.0,28.0,27.52,0.0,0.48,22.32,21.94,0.0,0.38,53,49
2003-09-24 04:00:00,4,2235.3,1468.0,29.74,29.22,0.0,0.52,22.6,22.25,0.0,0.35,51,48
2003-09-24 05:00:00,5,1833.1,1613.0,33.2,32.61,0.0,0.59,32.28,31.9,0.0,0.38,51,49
2003-09-24 06:00:00,6,1327.8,1909.0,37.74,37.07,0.0,0.67,41.71,41.11,0.01,0.59,52,48
2003-09-24 07:00:00,7,1561.8,2095.0,43.7,42.69,0.22,0.79,41.83,41.17,0.06,0.6,52,47
2003-09-24 08:00:00,8,1689.7,2165.0,45.6,44.02,0.79,0.79,40.75,40.18,0.05,0.52,54,48
2003-09-24 09:00:00,9,1792.8,2229.0,48.1,46.47,0.79,0.84,42.19,41.59,0.08,0.52,58,48
2003-09-24 10:00:00,10,1896.0,2294.0,49.06,47.27,0.95,0.84,44.88,44.2,0.11,0.57,60,49
2003-09-24 11:00:00,11,1946.8,2325.0,49.35,47.57,0.93,0.85,45.97,45.24,0.13,0.6,63,50
2003-09-24 12:00:00,12,1962.7,2336.0,49.11,47.51,0.75,0.85,44.35,43.73,0.1,0.52,65,48
2003-09-24 13:00:00,13,1987.7,2353.0,49.7,47.62,1.24,0.84,45.14,44.5,0.12,0.52,67,47
2003-09-24 14:00:00,14,1969.8,2341.0,49.52,47.52,1.17,0.83,44.88,44.27,0.11,0.5,67,46
2003-09-24 15:00:00,15,1933.2,2325.0,49.0,47.43,0.74,0.83,44.09,43.49,0.1,0.5,68,48
2003-09-24 16:00:00,16,1980.1,2312.0,48.24,47.02,0.39,0.83,46.88,46.13,0.14,0.61,68,47
2003-09-24 17:00:00,17,1962.5,2282.0,47.22,46.0,0.42,0.8,43.95,43.27,0.1,0.58,68,47
2003-09-24 18:00:00,18,1883.3,2276.0,45.64,44.48,0.38,0.78,43.24,42.58,0.08,0.58,65,49
2003-09-24 19:00:00,19,1833.3,2363.0,52.14,49.51,1.76,0.87,48.81,48.03,0.19,0.59,62,51
2003-09-24 20:00:00,20,1945.6,2290.0,46.77,44.56,1.42,0.79,42.67,42.07,0.08,0.52,60,49
2003-09-24 21:00:00,21,1720.4,2127.0,42.74,42.0,0.0,0.74,37.9,37.36,0.02,0.52,57,50
2003-09-24 22:00:00,22,1334.9,1895.0,40.87,40.17,0.0,0.7,30.74,30.36,0.0,0.38,56,50
2003-09-24 23:00:00,23,1351.0,1693.0,35.76,35.16,0.0,0.6,25.43,25.12,0.0,0.31,54,50
2003-09-25 00:00:00,0,1363.6,1566.0,29.19,28.7,0.0,0.49,32.89,32.56,0.0,0.33,55,51
2003-09-25 01:00:00,1,1664.3,1493.0,24.84,24.42,0.0,0.42,27.14,26.85,0.0,0.29,54,51
2003-09-25 02:00:00,2,1858.1,1457.0,24.84,24.42,0.0,0.42,25.69,25.35,0.0,0.34,53,51
2003-09-25 03:00:00,3,1900.5,1443.0,24.28,23.87,0.0,0.41,24.26,23.94,0.0,0.32,54,52
2003-09-25 04:00:00,4,1700.0,1471.0,24.84,24.42,0.0,0.42,29.1,28.76,0.0,0.34,54,53
2003-09-25 05:00:00,5,1359.8,1621.0,32.83,32.27,0.0,0.56,34.85,34.46,0.0,0.39,55,53
2003-09-25 06:00:00,6,1309.5,1921.0,38.75,38.07,0.0,0.68,46.21,45.62,0.0,0.59,54,53
2003-09-25 07:00:00,7,1697.5,2109.0,42.0,41.27,0.0,0.73,43.53,42.94,0.06,0.53,55,53
2003-09-25 08:00:00,8,1871.8,2190.0,43.02,42.28,0.0,0.74,52.05,51.24,0.23,0.58,57,55
2003-09-25 09:00:00,9,2037.4,2263.0,45.7,44.89,0.02,0.79,52.75,51.96,0.24,0.55,60,56
2003-09-25 10:00:00,10,2119.6,2323.0,46.68,45.86,0.03,0.79,48.16,47.47,0.15,0.54,63,57
2003-09-25 11:00:00,11,2192.5,2358.0,48.0,47.14,0.05,0.81,46.08,45.41,0.11,0.56,66,56
2003-09-25 12:00:00,12,2197.6,2365.0,48.0,47.14,0.05,0.81,50.76,49.95,0.18,0.63,68,56
2003-09-25 13:00:00,13,2151.5,2387.0,48.0,47.15,0.05,0.8,52.96,52.18,0.21,0.57,69,57
2003-09-25 14:00:00,14,2092.3,2382.0,47.96,47.11,0.05,0.8,52.92,52.1,0.21,0.61,72,56
2003-09-25 15:00:00,15,2143.5,2357.0,47.94,47.09,0.05,0.8,51.45,50.65,0.19,0.61,71,57
2003-09-25 16:00:00,16,2083.0,2353.0,47.75,46.89,0.05,0.81,52.04,51.3,0.21,0.53,71,57
2003-09-25 17:00:00,17,2058.9,2320.0,47.41,46.56,0.04,0.81,51.35,50.62,0.19,0.54,70,58
2003-09-25 18:00:00,18,1958.5,2346.0,46.31,45.5,0.02,0.79,45.33,44.8,0.1,0.43,67,59
2003-09-25 19:00:00,19,1941.3,2422.0,50.07,49.21,0.0,0.86,55.38,54.53,0.27,0.58,65,59
2003-09-25 20:00:00,20,1946.1,2333.0,45.9,45.11,0.0,0.79,51.57,50.73,0.2,0.64,64,59
2003-09-25 21:00:00,21,1716.1,2186.0,41.66,40.96,0.0,0.7,48.62,47.86,0.15,0.61,63,59
2003-09-25 22:00:00,22,1404.7,1964.0,37.59,36.96,0.0,0.63,38.91,38.47,0.0,0.44,64,59
2003-09-25 23:00:00,23,1247.8,1762.0,34.0,33.43,0.0,0.57,32.98,32.66,0.0,0.32,63,59
2003-09-26 00:00:00,0,1370.6,1625.0,30.6,30.1,-0.01,0.51,28.25,27.97,0.0,0.28,62,58
2003-09-26 01:00:00,1,1948.1,1553.0,27.81,27.34,0.0,0.47,39.74,39.29,0.0,0.45,61,58
2003-09-26 02:00:00,2,2001.3,1509.0,27.58,27.12,0.0,0.46,33.81,33.42,0.0,0.39,61,57
2003-09-26 03:00:00,3,1987.4,1486.0,26.94,26.49,0.0,0.45,33.7,33.33,0.0,0.37,61,57
2003-09-26 04:00:00,4,1981.8,1510.0,27.86,27.39,0.0,0.47,34.6,34.19,0.0,0.41,61,58
2003-09-26 05:00:00,5,1102.3,1647.0,33.86,33.28,0.0,0.58,34.76,34.37,0.0,0.39,60,58
2003-09-26 06:00:00,6,1326.9,1946.0,38.99,38.31,0.01,0.67,48.55,47.88,0.0,0.67,57,54
2003-09-26 07:00:00,7,1529.0,2155.0,42.66,41.93,0.01,0.72,43.47,42.87,0.05,0.55,56,53
2003-09-26 08:00:00,8,1580.6,2224.0,44.34,43.58,0.01,0.75,43.38,42.8,0.08,0.5,56,53
2003-09-26 09:00:00,9,1615.2,2271.0,46.91,46.1,0.02,0.79,50.96,50.14,0.2,0.62,55,53
2003-09-26 10:00:00,10,1536.4,2311.0,47.23,46.44,-0.01,0.8,48.98,48.28,0.16,0.54,55,53
2003-09-26 11:00:00,11,1607.5,2317.0,47.16,46.44,-0.07,0.79,49.92,49.2,0.18,0.54,55,54
2003-09-26 12:00:00,12,1700.9,2296.0,47.15,46.43,-0.07,0.79,46.91,46.24,0.13,0.54,55,54
2003-09-26 13:00:00,13,1669.8,2285.0,47.16,46.45,-0.07,0.78,47.24,46.57,0.13,0.54,55,54
2003-09-26 14:00:00,14,1671.1,2254.0,46.73,46.05,-0.1,0.78,45.66,45.05,0.11,0.5,55,55
2003-09-26 15:00:00,15,1649.4,2220.0,46.03,45.4,-0.14,0.77,41.88,41.38,0.05,0.45,56,55
2003-09-26 16:00:00,16,1676.7,2214.0,46.73,46.03,-0.09,0.79,42.02,41.5,0.06,0.46,56,56
2003-09-26 17:00:00,17,1613.5,2200.0,45.27,44.49,0.01,0.77,51.87,51.0,0.24,0.63,56,56
2003-09-26 18:00:00,18,1523.5,2222.0,46.73,45.9,0.04,0.79,59.05,58.0,0.36,0.69,56,56
2003-09-26 19:00:00,19,1384.8,2224.0,49.17,48.36,-0.02,0.83,51.12,50.36,0.22,0.54,56,56
2003-09-26 20:00:00,20,1555.9,2149.0,44.23,43.47,0.0,0.76,45.75,45.11,0.12,0.52,56,56
2003-09-26 21:00:00,21,1438.5,2025.0,41.63,40.92,0.0,0.71,49.73,48.94,0.2,0.59,57,56
2003-09-26 22:00:00,22,1303.6,1866.0,37.41,36.78,0.0,0.63,47.47,46.83,0.1,0.54,57,56
2003-09-26 23:00:00,23,1187.8,1673.0,36.2,35.6,0.0,0.6,44.81,44.32,0.0,0.49,57,57
2003-09-27 00:00:00,0,1865.0,1545.0,35.33,34.76,0.0,0.57,39.97,39.51,0.0,0.46,57,57
2003-09-27 01:00:00,1,2107.1,1468.0,33.35,32.8,0.0,0.55,35.86,35.43,0.0,0.43,58,57
2003-09-27 02:00:00,2,2314.7,1427.0,33.08,32.54,0.0,0.54,35.63,35.16,0.0,0.47,58,57
2003-09-27 03:00:00,3,2294.7,1401.0,31.51,31.0,0.0,0.51,33.78,33.35,0.0,0.43,58,57
2003-09-27 04:00:00,4,2295.2,1402.0,31.51,31.0,0.0,0.51,35.35,34.89,0.0,0.46,58,57
2003-09-27 05:00:00,5,2109.6,1448.0,34.74,34.17,0.0,0.57,34.12,33.69,0.0,0.43,58,57
2003-09-27 06:00:00,6,1469.5,1544.0,35.99,35.41,0.0,0.58,33.54,33.08,0.0,0.46,57,57
2003-09-27 07:00:00,7,1730.2,1674.0,37.0,36.4,0.0,0.6,33.57,33.05,0.0,0.52,57,57
2003-09-27 08:00:00,8,1997.6,1842.0,40.38,39.7,0.02,0.66,44.28,43.55,0.09,0.64,58,57
2003-09-27 09:00:00,9,2089.1,1959.0,46.61,45.64,0.21,0.76,48.18,47.41,0.16,0.61,59,58
2003-09-27 10:00:00,10,2096.5,2021.0,46.2,45.38,0.07,0.75,46.99,46.29,0.14,0.56,59,59
2003-09-27 11:00:00,11,2131.1,2030.0,46.18,45.36,0.07,0.75,55.81,54.85,0.27,0.69,61,60
2003-09-27 12:00:00,12,2122.9,2018.0,47.31,46.42,0.14,0.75,52.68,51.8,0.22,0.66,62,61
2003-09-27 13:00:00,13,2062.6,2001.0,47.25,46.21,0.3,0.74,53.38,52.47,0.23,0.68,63,62
2003-09-27 14:00:00,14,2040.0,1987.0,46.78,45.72,0.32,0.74,46.96,46.24,0.13,0.59,65,65
2003-09-27 15:00:00,15,2022.3,1979.0,46.33,45.52,0.07,0.74,45.25,44.6,0.11,0.54,68,66
2003-09-27 16:00:00,16,2033.5,1983.0,46.89,45.88,0.26,0.75,41.11,40.61,0.05,0.45,74,61
2003-09-27 17:00:00,17,2000.1,1997.0,46.67,45.7,0.22,0.75,41.31,40.81,0.05,0.45,73,62
2003-09-27 18:00:00,18,2098.2,2029.0,46.18,45.36,0.07,0.75,47.75,47.05,0.15,0.55,71,62
2003-09-27 19:00:00,19,2033.0,2104.0,51.64,50.56,0.24,0.84,67.05,65.97,0.46,0.62,68,62
2003-09-27 20:00:00,20,2114.1,2047.0,47.47,46.48,0.21,0.78,45.57,45.04,0.12,0.41,67,63
2003-09-27 21:00:00,21,1962.9,1945.0,43.16,42.38,0.08,0.7,48.03,47.45,0.15,0.43,66,63
2003-09-27 22:00:00,22,1615.6,1810.0,40.21,39.53,0.03,0.65,52.59,51.87,0.22,0.5,65,63
2003-09-27 23:00:00,23,1181.8,1658.0,36.62,36.04,0.0,0.58,51.94,51.46,0.03,0.45,64,63
2003-09-28 00:00:00,0,1347.0,1526.0,36.32,35.76,0.0,0.56,50.67,50.27,0.0,0.4,64,62
2003-09-28 01:00:00,1,1293.4,1457.0,35.87,35.31,0.0,0.56,36.53,36.23,0.0,0.3,63,62
2003-09-28 02:00:00,2,1740.9,1413.0,35.98,35.41,0.0,0.57,36.03,35.69,0.0,0.34,63,61
2003-09-28 03:00:00,3,1720.5,1383.0,36.01,35.44,0.0,0.57,37.07,36.71,0.0,0.36,63,61
2003-09-28 04:00:00,4,1719.2,1379.0,36.01,35.44,0.0,0.57,39.29,38.91,0.0,0.38,63,62
2003-09-28 05:00:00,5,1669.2,1404.0,34.93,34.38,0.0,0.55,35.89,35.56,0.0,0.33,63,62
2003-09-28 06:00:00,6,1453.4,1453.0,34.93,34.38,0.0,0.55,35.71,35.32,0.0,0.39,63,62
2003-09-28 07:00:00,7,1628.1,1543.0,36.32,35.74,0.0,0.58,33.92,33.46,0.0,0.46,63,63
2003-09-28 08:00:00,8,1684.9,1710.0,41.14,40.48,0.0,0.66,39.75,39.2,0.0,0.55,64,63
2003-09-28 09:00:00,9,1906.7,1848.0,43.88,43.14,0.04,0.7,47.09,46.5,0.0,0.59,64,64
2003-09-28 10:00:00,10,1897.1,1955.0,45.26,44.51,0.04,0.71,53.2,52.57,0.0,0.63,64,64
2003-09-28 11:00:00,11,1968.4,2014.0,47.1,46.33,0.05,0.72,52.69,52.05,0.0,0.64,64,64
2003-09-28 12:00:00,12,1928.3,2042.0,46.16,45.41,0.04,0.71,51.09,50.41,0.0,0.68,65,65
2003-09-28 13:00:00,13,1901.2,2034.0,45.74,44.93,0.1,0.71,45.27,44.7,0.0,0.57,68,65
2003-09-28 14:00:00,14,1897.3,2017.0,44.04,43.35,0.02,0.67,46.96,46.41,0.0,0.55,68,65
2003-09-28 15:00:00,15,1872.4,2015.0,43.65,42.97,0.01,0.67,43.29,42.84,0.0,0.45,67,66
2003-09-28 16:00:00,16,1925.7,2039.0,44.52,43.8,0.03,0.69,45.03,44.56,0.0,0.47,67,66
2003-09-28 17:00:00,17,1842.4,2075.0,46.76,46.0,0.03,0.73,53.89,53.3,0.0,0.59,67,66
2003-09-28 18:00:00,18,1841.3,2129.0,48.28,47.48,0.06,0.74,57.9,57.03,0.19,0.68,67,66
2003-09-28 19:00:00,19,1707.1,2174.0,51.77,50.97,0.01,0.79,61.62,60.58,0.38,0.66,67,65
2003-09-28 20:00:00,20,1851.5,2104.0,48.47,47.72,0.0,0.75,49.38,48.69,0.18,0.51,66,65
2003-09-28 21:00:00,21,1897.6,1961.0,42.92,42.26,0.0,0.66,43.71,43.19,0.1,0.42,65,64
2003-09-28 22:00:00,22,1641.3,1784.0,41.75,41.12,0.0,0.63,36.41,36.02,0.0,0.39,60,58
2003-09-28 23:00:00,23,1184.2,1610.0,35.99,35.44,0.0,0.55,32.22,31.94,0.0,0.28,58,55
2003-09-29 00:00:00,0,1635.4,1478.0,33.63,33.12,0.0,0.51,30.46,30.17,0.0,0.29,56,54
2003-09-29 01:00:00,1,2038.7,1410.0,33.63,33.11,0.0,0.52,35.5,35.11,0.0,0.39,54,53
2003-09-29 02:00:00,2,2273.9,1373.0,34.91,34.37,0.0,0.54,35.22,34.8,0.0,0.42,54,52
2003-09-29 03:00:00,3,2267.5,1368.0,34.82,34.27,0.0,0.55,22.43,22.19,0.0,0.24,53,51
2003-09-29 04:00:00,4,2285.6,1395.0,36.01,35.44,0.0,0.57,34.78,34.39,0.0,0.39,52,50
2003-09-29 05:00:00,5,1963.9,1545.0,36.78,36.2,0.0,0.58,36.38,35.96,0.0,0.42,52,49
2003-09-29 06:00:00,6,1302.3,1858.0,41.15,40.51,0.0,0.64,41.29,40.77,0.0,0.52,51,48
2003-09-29 07:00:00,7,1434.2,2050.0,46.2,45.49,0.0,0.71,48.97,47.03,1.46,0.48,50,47
2003-09-29 08:00:00,8,1535.2,2145.0,48.6,47.65,0.21,0.74,51.35,50.63,0.16,0.56,51,47
2003-09-29 09:00:00,9,1586.5,2208.0,51.29,50.15,0.36,0.78,54.88,54.09,0.21,0.58,54,48
2003-09-29 10:00:00,10,1518.5,2261.0,51.85,50.66,0.42,0.77,56.44,55.59,0.24,0.61,57,49
2003-09-29 11:00:00,11,1539.6,2296.0,52.12,50.95,0.4,0.77,61.08,60.07,0.3,0.71,60,49
2003-09-29 12:00:00,12,1547.0,2304.0,51.54,50.41,0.37,0.76,51.54,50.86,0.16,0.52,62,49
2003-09-29 13:00:00,13,1510.0,2298.0,51.8,50.65,0.38,0.77,50.78,50.14,0.13,0.51,63,48
2003-09-29 14:00:00,14,1461.3,2264.0,51.36,50.23,0.37,0.76,51.95,51.22,0.15,0.58,62,50
2003-09-29 15:00:00,15,1445.2,2233.0,51.05,49.93,0.36,0.76,50.85,50.13,0.13,0.59,61,49
2003-09-29 16:00:00,16,1444.0,2225.0,51.36,50.22,0.38,0.76,50.23,49.51,0.12,0.6,60,48
2003-09-29 17:00:00,17,1454.1,2233.0,50.24,49.14,0.36,0.74,54.22,53.38,0.19,0.65,60,48
2003-09-29 18:00:00,18,1452.9,2275.0,51.25,50.07,0.42,0.76,56.09,55.4,0.04,0.65,55,48
2003-09-29 19:00:00,19,1615.0,2330.0,52.61,51.62,0.19,0.8,64.64,63.73,0.29,0.62,52,49
2003-09-29 20:00:00,20,1462.7,2242.0,49.79,48.79,0.24,0.76,62.68,61.73,0.33,0.62,49,48
2003-09-29 21:00:00,21,1458.6,2072.0,46.85,45.72,0.43,0.7,41.24,40.47,0.3,0.47,50,47
2003-09-29 22:00:00,22,1290.5,1849.0,46.79,44.47,1.64,0.68,36.71,36.2,0.09,0.42,48,46
2003-09-29 23:00:00,23,1902.3,1651.0,35.96,35.42,0.0,0.54,32.64,32.25,0.0,0.39,48,46
2003-09-30 00:00:00,0,2113.7,1516.0,34.83,34.31,0.0,0.52,26.53,26.2,0.0,0.33,47,45
2003-09-30 01:00:00,1,2309.1,1446.0,33.99,33.48,0.0,0.51,23.81,23.49,0.0,0.32,48,46
2003-09-30 02:00:00,2,2352.0,1415.0,32.58,32.09,0.0,0.49,4.86,4.79,0.0,0.07,47,45
2003-09-30 03:00:00,3,2358.4,1402.0,31.52,31.05,0.0,0.47,0.0,0.0,0.0,0.0,47,44
2003-09-30 04:00:00,4,2318.0,1428.0,34.86,34.33,0.0,0.53,0.0,0.0,0.0,0.0,47,44
2003-09-30 05:00:00,5,1995.6,1578.0,35.91,35.37,0.0,0.54,33.41,32.86,0.0,0.55,46,44
2003-09-30 06:00:00,6,1348.3,1877.0,41.76,41.09,0.03,0.64,47.45,46.7,0.03,0.72,45,43
2003-09-30 07:00:00,7,1446.8,2063.0,48.41,47.68,0.0,0.73,50.81,50.13,0.04,0.64,45,42
2003-09-30 08:00:00,8,1520.6,2126.0,50.75,49.89,0.1,0.76,48.65,48.12,0.0,0.53,46,42
2003-09-30 09:00:00,9,1544.0,2164.0,52.11,51.18,0.15,0.78,47.23,46.76,0.04,0.43,49,43
2003-09-30 10:00:00,10,1592.3,2201.0,52.16,51.24,0.15,0.77,42.93,42.47,0.0,0.46,51,42
2003-09-30 11:00:00,11,1547.2,2216.0,52.21,51.32,0.12,0.77,43.57,43.09,0.0,0.48,53,41
2003-09-30 12:00:00,12,1731.0,2209.0,50.92,50.1,0.06,0.76,46.11,45.57,0.0,0.54,55,41
2003-09-30 13:00:00,13,1648.9,2213.0,49.75,48.98,0.03,0.74,49.92,49.33,0.0,0.59,57,42
2003-09-30 14:00:00,14,1708.8,2191.0,50.84,50.0,0.09,0.75,48.87,48.3,0.0,0.57,58,40
2003-09-30 15:00:00,15,1598.4,2171.0,48.7,47.92,0.07,0.71,41.14,40.68,0.0,0.46,58,40
2003-09-30 16:00:00,16,1614.2,2169.0,49.3,48.51,0.07,0.72,39.72,39.32,0.0,0.4,59,38
2003-09-30 17:00:00,17,1546.8,2167.0,50.08,49.27,0.07,0.74,41.25,40.84,0.0,0.41,58,37
2003-09-30 18:00:00,18,1560.1,2220.0,50.28,49.42,0.12,0.74,49.8,49.31,0.0,0.49,55,39
2003-09-30 19:00:00,19,1579.2,2302.0,52.39,51.71,-0.1,0.78,58.61,58.11,0.0,0.5,53,40
2003-09-30 20:00:00,20,1650.1,2212.0,49.23,48.43,0.07,0.73,39.15,38.85,0.0,0.3,50,40
2003-09-30 21:00:00,21,1571.7,2048.0,45.88,45.14,0.07,0.67,36.67,36.29,0.0,0.38,49,40
2003-09-30 22:00:00,22,1459.1,1826.0,39.16,38.59,0.0,0.57,26.58,26.27,0.0,0.31,48,40
2003-09-30 23:00:00,23,1552.9,1631.0,33.63,33.13,0.0,0.5,32.29,31.83,0.0,0.46,47,41
2003-10-01 00:00:00,0,1692.4,1513.0,32.11,31.64,0.03,0.44,34.03,33.6,0.0,0.43,47,40
2003-10-01 01:00:00,1,1641.6,1450.0,30.66,30.23,0.0,0.43,32.05,29.47,2.24,0.34,46,40
2003-10-01 02:00:00,2,1854.7,1417.0,29.1,28.7,0.0,0.4,36.25,35.8,0.0,0.45,47,39
2003-10-01 03:00:00,3,2081.2,1412.0,28.43,28.03,0.0,0.4,37.25,36.78,0.0,0.47,46,39
2003-10-01 04:00:00,4,1763.5,1439.0,30.51,30.08,0.0,0.43,35.85,35.42,0.0,0.43,44,39
2003-10-01 05:00:00,5,1466.7,1591.0,35.94,35.43,0.0,0.51,35.74,35.32,0.0,0.42,47,38
2003-10-01 06:00:00,6,1519.7,1919.0,43.23,42.57,0.03,0.63,49.23,48.61,0.06,0.56,47,39
2003-10-01 07:00:00,7,1527.7,2118.0,48.47,47.77,0.0,0.7,55.54,54.95,0.11,0.48,47,39
2003-10-01 08:00:00,8,1382.6,2186.0,48.31,47.61,0.01,0.69,48.98,48.6,0.01,0.37,47,40
2003-10-01 09:00:00,9,1423.0,2215.0,49.56,48.83,0.02,0.71,47.75,47.38,0.0,0.37,49,40
2003-10-01 10:00:00,10,1452.6,2238.0,50.07,49.36,0.0,0.71,47.47,47.07,0.01,0.39,49,41
2003-10-01 11:00:00,11,1524.1,2244.0,50.62,49.9,0.0,0.72,46.91,46.51,0.02,0.38,51,42
2003-10-01 12:00:00,12,1487.7,2234.0,48.9,48.21,0.0,0.69,46.93,46.57,0.01,0.35,53,43
2003-10-01 13:00:00,13,1459.8,2227.0,49.59,48.9,0.0,0.69,47.57,47.23,0.0,0.34,54,43
2003-10-01 14:00:00,14,1480.8,2196.0,48.76,48.08,0.0,0.68,45.95,45.61,0.0,0.34,55,43
2003-10-01 15:00:00,15,1482.8,2176.0,48.29,47.61,0.0,0.68,43.79,43.48,0.0,0.31,56,42
2003-10-01 16:00:00,16,1582.3,2184.0,48.2,47.53,0.0,0.67,45.17,44.83,0.0,0.34,54,43
2003-10-01 17:00:00,17,1469.3,2205.0,48.98,48.3,0.0,0.68,47.37,47.01,0.0,0.36,53,44
2003-10-01 18:00:00,18,1492.8,2272.0,50.34,49.64,0.0,0.7,70.51,70.09,0.0,0.42,53,44
2003-10-01 19:00:00,19,1482.5,2332.0,52.46,51.66,0.07,0.73,63.34,62.88,0.0,0.46,49,45
2003-10-01 20:00:00,20,1532.8,2255.0,49.35,48.63,0.02,0.7,44.33,43.98,0.0,0.35,48,45
2003-10-01 21:00:00,21,1484.7,2091.0,44.15,43.53,0.0,0.62,41.14,40.8,-0.01,0.35,45,42
2003-10-01 22:00:00,22,1321.1,1889.0,39.61,38.97,0.09,0.55,36.4,36.12,-0.12,0.4,47,43
2003-10-01 23:00:00,23,1462.5,1698.0,35.99,35.49,0.0,0.5,35.53,35.2,-0.04,0.37,48,44
2003-10-02 00:00:00,0,1287.0,1561.0,34.0,33.54,0.0,0.46,36.22,35.92,0.0,0.3,47,44
2003-10-02 01:00:00,1,1651.3,1490.0,32.05,31.61,0.0,0.44,33.31,33.03,0.0,0.28,48,44
2003-10-02 02:00:00,2,1763.3,1451.0,31.26,30.83,0.0,0.43,34.19,33.87,0.0,0.32,47,44
2003-10-02 03:00:00,3,1707.4,1432.0,31.81,31.37,0.0,0.44,31.86,31.57,0.0,0.29,47,44
2003-10-02 04:00:00,4,1425.6,1463.0,33.55,33.08,0.0,0.47,30.85,30.51,0.0,0.34,47,44
2003-10-02 05:00:00,5,1083.4,1613.0,35.49,35.0,0.0,0.49,28.58,28.42,-0.15,0.31,46,44
2003-10-02 06:00:00,6,1518.1,1926.0,43.36,42.76,0.0,0.6,43.4,42.94,0.0,0.46,46,43
2003-10-02 07:00:00,7,1573.0,2112.0,46.67,46.05,-0.03,0.65,45.1,44.7,0.01,0.39,45,42
2003-10-02 08:00:00,8,1655.4,2165.0,47.22,46.59,-0.02,0.65,41.34,40.96,0.0,0.38,46,42
2003-10-02 09:00:00,9,1709.6,2192.0,48.08,47.41,0.0,0.67,42.31,41.97,0.0,0.34,49,41
2003-10-02 10:00:00,10,1698.7,2219.0,48.17,47.51,0.0,0.66,44.4,44.02,0.0,0.38,52,38
2003-10-02 11:00:00,11,1657.0,2223.0,47.0,46.36,0.0,0.64,44.1,43.73,0.0,0.37,54,34
2003-10-02 12:00:00,12,1621.6,2215.0,46.67,46.04,0.0,0.63,43.64,43.26,0.0,0.38,55,37
2003-10-02 13:00:00,13,1664.1,2214.0,47.21,46.57,0.0,0.64,43.77,43.4,0.0,0.37,56,36
2003-10-02 14:00:00,14,1680.0,2189.0,46.67,45.82,0.22,0.63,42.88,42.44,0.0,0.44,56,34
2003-10-02 15:00:00,15,1521.5,2167.0,44.32,43.72,0.0,0.6,41.12,40.72,0.0,0.4,53,36
2003-10-02 16:00:00,16,1526.6,2172.0,45.12,44.35,0.15,0.62,41.75,41.32,0.0,0.43,48,39
2003-10-02 17:00:00,17,1557.8,2198.0,46.12,45.49,0.0,0.63,41.65,41.24,0.0,0.41,44,38
2003-10-02 18:00:00,18,1729.4,2248.0,48.79,48.13,-0.02,0.68,43.73,43.35,-0.01,0.39,44,37
2003-10-02 19:00:00,19,1651.4,2320.0,51.06,50.28,0.08,0.7,46.62,46.21,0.01,0.4,42,36
2003-10-02 20:00:00,20,1530.2,2240.0,46.53,45.89,0.0,0.64,42.89,42.51,0.0,0.38,41,32
2003-10-02 21:00:00,21,1386.5,2094.0,42.5,41.92,0.0,0.58,41.26,40.81,0.0,0.45,40,33
2003-10-02 22:00:00,22,1205.8,1882.0,38.56,38.03,0.0,0.53,39.88,39.39,0.03,0.46,39,33
2003-10-02 23:00:00,23,1329.3,1687.0,34.49,34.0,0.02,0.47,32.85,32.57,-0.06,0.34,39,32
2003-10-03 00:00:00,0,1304.6,1557.0,32.34,31.92,0.0,0.42,27.5,27.38,-0.24,0.36,38,32
2003-10-03 01:00:00,1,1814.9,1492.0,31.0,30.59,0.0,0.41,28.85,28.5,-0.04,0.39,38,32
2003-10-03 02:00:00,2,2040.8,1462.0,29.71,29.32,0.0,0.39,23.48,23.16,0.0,0.32,38,31
2003-10-03 03:00:00,3,1999.9,1454.0,30.04,29.65,0.0,0.39,21.92,21.62,0.0,0.3,37,30
2003-10-03 04:00:00,4,1808.2,1489.0,29.86,29.46,0.0,0.4,21.52,21.21,0.0,0.31,36,30
2003-10-03 05:00:00,5,1371.8,1647.0,33.89,33.45,-0.01,0.45,29.58,29.33,-0.15,0.4,35,29
2003-10-03 06:00:00,6,1463.0,1959.0,44.69,44.09,0.0,0.6,44.92,44.38,-0.01,0.55,35,29
2003-10-03 07:00:00,7,1363.2,2143.0,47.55,46.92,0.0,0.63,48.89,48.38,0.01,0.5,35,29
2003-10-03 08:00:00,8,1354.4,2186.0,47.0,46.38,0.0,0.62,47.23,46.8,0.0,0.43,37,30
2003-10-03 09:00:00,9,1455.8,2201.0,47.06,46.45,-0.02,0.63,46.78,47.0,-0.64,0.42,40,30
2003-10-03 10:00:00,10,1539.6,2216.0,47.76,47.13,0.0,0.63,47.23,47.07,-0.29,0.45,44,27
2003-10-03 11:00:00,11,1459.8,2205.0,47.95,47.41,-0.09,0.63,46.86,46.43,0.0,0.43,46,26
2003-10-03 12:00:00,12,1498.2,2175.0,47.55,46.93,0.0,0.62,44.46,44.04,0.0,0.42,49,28
2003-10-03 13:00:00,13,1514.0,2160.0,47.0,46.54,-0.15,0.61,43.98,43.59,0.0,0.39,49,27
2003-10-03 14:00:00,14,1610.9,2126.0,46.29,45.61,0.08,0.6,43.74,43.34,0.0,0.4,51,26
2003-10-03 15:00:00,15,1558.0,2082.0,44.92,44.24,0.1,0.58,41.55,41.22,0.0,0.33,52,24
2003-10-03 16:00:00,16,1512.5,2058.0,45.11,44.52,0.0,0.59,39.51,39.24,-0.01,0.28,53,23
2003-10-03 17:00:00,17,1394.5,2055.0,47.31,46.69,0.0,0.62,39.67,39.45,-0.05,0.27,53,28
2003-10-03 18:00:00,18,1372.0,2128.0,49.98,49.31,0.0,0.67,44.8,44.42,0.0,0.38,50,28
2003-10-03 19:00:00,19,1482.7,2178.0,52.12,51.43,0.0,0.69,44.5,44.1,0.0,0.4,47,34
2003-10-03 20:00:00,20,1510.7,2114.0,44.94,44.34,0.0,0.6,42.44,42.08,0.0,0.36,44,34
2003-10-03 21:00:00,21,1322.5,1999.0,42.95,42.38,0.0,0.57,41.6,41.28,0.0,0.32,43,35
2003-10-03 22:00:00,22,1217.9,1834.0,38.6,38.09,0.0,0.51,40.82,40.45,0.0,0.37,42,35
2003-10-03 23:00:00,23,1159.6,1653.0,34.68,34.23,0.0,0.45,39.36,39.05,0.0,0.31,40,36
2003-10-04 00:00:00,0,1055.5,1530.0,34.53,34.09,0.0,0.44,40.97,40.65,0.0,0.32,40,36
2003-10-04 01:00:00,1,1441.4,1457.0,31.64,31.24,-0.01,0.41,39.63,39.29,0.0,0.34,41,37
2003-10-04 02:00:00,2,1415.3,1416.0,29.14,28.76,-0.01,0.39,33.56,33.31,0.0,0.25,40,37
2003-10-04 03:00:00,3,1446.0,1398.0,28.21,27.85,-0.02,0.38,31.41,31.2,0.0,0.21,40,37
2003-10-04 04:00:00,4,1440.4,1410.0,28.96,28.59,-0.01,0.38,35.48,35.23,0.0,0.25,42,38
2003-10-04 05:00:00,5,1474.4,1459.0,32.97,32.53,-0.01,0.45,38.05,37.72,0.0,0.33,43,38
2003-10-04 06:00:00,6,1159.6,1556.0,36.61,36.12,0.0,0.49,39.58,39.29,0.0,0.29,43,39
2003-10-04 07:00:00,7,1315.0,1677.0,43.12,42.52,0.02,0.58,42.83,42.52,0.0,0.31,43,39
2003-10-04 08:00:00,8,1403.9,1833.0,45.48,44.76,0.1,0.62,56.18,55.91,0.0,0.27,46,41
2003-10-04 09:00:00,9,1346.6,1947.0,47.98,47.1,0.23,0.65,56.98,56.6,0.18,0.2,49,43
2003-10-04 10:00:00,10,1416.0,2005.0,49.02,48.14,0.22,0.66,50.93,50.59,0.12,0.22,49,44
2003-10-04 11:00:00,11,1377.1,2007.0,47.91,47.09,0.18,0.64,51.37,51.0,0.14,0.23,50,47
2003-10-04 12:00:00,12,1462.7,1980.0,46.68,45.92,0.14,0.62,52.98,52.72,0.0,0.26,50,48
2003-10-04 13:00:00,13,1486.5,1951.0,46.28,45.54,0.13,0.61,51.67,51.32,0.13,0.22,52,49
2003-10-04 14:00:00,14,1492.9,1925.0,45.07,44.39,0.08,0.6,51.02,50.7,0.09,0.23,53,50
2003-10-04 15:00:00,15,1460.3,1914.0,43.94,43.32,0.05,0.57,46.81,46.55,0.0,0.26,54,50
2003-10-04 16:00:00,16,1497.2,1947.0,44.52,43.93,0.0,0.59,50.14,49.93,0.0,0.21,54,52
2003-10-04 17:00:00,17,1566.7,1997.0,46.07,45.46,0.0,0.61,76.27,76.03,0.0,0.24,54,52
2003-10-04 18:00:00,18,1407.3,2043.0,49.0,48.31,0.03,0.66,67.81,67.6,0.0,0.21,53,50
2003-10-04 19:00:00,19,1465.8,2030.0,52.01,51.2,0.12,0.69,47.53,47.23,0.0,0.3,51,48
2003-10-04 20:00:00,20,1555.0,1955.0,46.28,45.66,0.0,0.62,45.99,45.72,0.0,0.27,50,47
2003-10-04 21:00:00,21,1413.6,1854.0,42.0,41.45,0.0,0.55,46.12,45.79,0.0,0.33,48,45
2003-10-04 22:00:00,22,1188.3,1723.0,40.14,39.62,0.0,0.52,42.1,41.72,0.0,0.38,47,46
2003-10-04 23:00:00,23,1175.1,1582.0,33.52,33.08,0.0,0.44,29.59,29.38,0.0,0.21,46,44
2003-10-05 00:00:00,0,1238.2,1456.0,33.3,32.87,0.0,0.43,28.73,28.51,0.0,0.22,44,43
2003-10-05 01:00:00,1,1349.7,1377.0,30.45,30.06,0.0,0.39,29.83,29.54,0.0,0.29,43,42
2003-10-05 02:00:00,2,1904.6,1346.0,30.07,29.68,0.0,0.39,34.92,34.5,0.0,0.42,42,41
2003-10-05 03:00:00,3,1895.5,1326.0,29.23,28.85,0.0,0.38,34.0,33.58,0.0,0.42,41,40
2003-10-05 04:00:00,4,1892.0,1329.0,29.05,28.67,0.0,0.38,33.31,32.93,0.0,0.38,41,40
2003-10-05 05:00:00,5,1472.2,1364.0,31.63,31.21,0.0,0.42,28.88,28.5,0.0,0.38,40,38
2003-10-05 06:00:00,6,1551.8,1438.0,34.93,34.47,0.0,0.46,37.23,36.71,0.0,0.52,39,38
2003-10-05 07:00:00,7,1677.6,1527.0,40.2,39.66,0.0,0.54,29.47,29.06,0.0,0.41,39,37
2003-10-05 08:00:00,8,1264.5,1664.0,42.59,42.01,0.0,0.58,33.83,33.43,0.0,0.4,40,38
2003-10-05 09:00:00,9,1348.8,1767.0,45.11,44.49,0.0,0.62,42.54,42.03,0.0,0.51,43,39
2003-10-05 10:00:00,10,1441.5,1815.0,46.18,45.56,0.0,0.62,44.51,43.96,0.0,0.55,46,38
2003-10-05 11:00:00,11,1409.9,1830.0,46.94,46.31,0.0,0.63,44.36,43.84,0.0,0.52,49,35
2003-10-05 12:00:00,12,1454.3,1824.0,46.52,45.9,0.0,0.62,43.51,43.0,0.0,0.51,51,34
2003-10-05 13:00:00,13,1369.5,1802.0,46.18,45.57,0.0,0.61,41.83,41.35,0.0,0.48,51,34
2003-10-05 14:00:00,14,1347.8,1772.0,45.0,44.41,0.0,0.59,38.74,38.32,0.0,0.42,52,33
2003-10-05 15:00:00,15,1326.1,1761.0,43.93,43.35,0.0,0.58,38.96,38.5,0.0,0.46,53,34
2003-10-05 16:00:00,16,1389.4,1791.0,44.89,44.3,0.0,0.59,40.33,39.84,0.0,0.49,52,33
2003-10-05 17:00:00,17,1444.7,1859.0,46.73,46.1,0.0,0.63,45.56,44.96,0.0,0.6,51,34
2003-10-05 18:00:00,18,1542.4,1978.0,50.59,49.86,0.06,0.67,63.31,62.52,0.0,0.79,49,32
2003-10-05 19:00:00,19,1678.7,2062.0,52.6,51.78,0.13,0.69,79.08,78.45,0.0,0.63,46,33
2003-10-05 20:00:00,20,1573.5,1993.0,47.14,46.52,0.0,0.62,44.88,44.49,0.0,0.39,42,34
2003-10-05 21:00:00,21,1360.9,1864.0,44.26,43.68,0.0,0.58,40.54,40.2,0.0,0.34,41,35
2003-10-05 22:00:00,22,1166.4,1700.0,40.2,39.68,0.0,0.52,34.91,34.6,0.0,0.31,42,33
2003-10-05 23:00:00,23,1128.4,1548.0,33.92,33.49,0.0,0.43,34.88,34.57,0.0,0.31,44,31
2003-10-06 00:00:00,0,1228.8,1446.0,33.01,32.62,0.0,0.39,34.8,34.49,0.0,0.31,41,34
2003-10-06 01:00:00,1,1194.8,1393.0,30.48,30.12,0.0,0.36,31.47,31.17,0.0,0.3,41,33
2003-10-06 02:00:00,2,1213.4,1374.0,28.83,28.48,0.0,0.35,28.23,27.95,0.0,0.28,40,33
2003-10-06 03:00:00,3,1206.5,1376.0,28.95,28.6,0.0,0.35,28.43,28.15,0.0,0.28,40,33
2003-10-06 04:00:00,4,1196.4,1425.0,29.09,28.74,0.0,0.35,32.26,31.94,0.0,0.32,40,33
2003-10-06 05:00:00,5,1295.7,1604.0,34.04,33.62,0.0,0.42,45.04,44.5,0.0,0.54,38,34
2003-10-06 06:00:00,6,1339.2,1936.0,45.09,44.53,0.01,0.55,64.81,64.24,0.0,0.57,37,33
2003-10-06 07:00:00,7,1346.8,2137.0,46.91,46.48,-0.15,0.58,54.72,54.21,0.16,0.35,39,34
2003-10-06 08:00:00,8,1375.8,2207.0,50.03,49.31,0.12,0.6,53.45,53.08,0.0,0.37,41,34
2003-10-06 09:00:00,9,1443.5,2225.0,50.8,49.91,0.29,0.6,51.84,51.46,0.0,0.38,44,35
2003-10-06 10:00:00,10,1553.3,2242.0,50.98,50.09,0.29,0.6,52.58,52.13,0.0,0.45,47,36
2003-10-06 11:00:00,11,1583.7,2237.0,52.21,51.2,0.39,0.62,50.29,49.85,0.0,0.44,49,36
2003-10-06 12:00:00,12,1687.7,2221.0,50.96,49.96,0.4,0.6,44.66,44.19,0.0,0.47,49,34
2003-10-06 13:00:00,13,1700.4,2213.0,50.42,49.66,0.16,0.6,43.4,42.95,0.0,0.45,51,34
2003-10-06 14:00:00,14,1650.7,2183.0,50.0,49.4,0.01,0.59,43.21,42.75,0.0,0.46,54,33
2003-10-06 15:00:00,15,1518.0,2160.0,48.32,47.74,0.0,0.58,39.47,39.04,0.0,0.43,53,31
2003-10-06 16:00:00,16,1619.0,2166.0,49.29,48.7,0.0,0.59,40.68,40.24,0.0,0.44,52,33
2003-10-06 17:00:00,17,1681.2,2190.0,50.3,49.69,0.01,0.6,46.07,45.56,0.0,0.51,52,33
2003-10-06 18:00:00,18,1741.2,2287.0,51.83,51.2,0.01,0.62,51.59,51.08,0.0,0.51,50,34
2003-10-06 19:00:00,19,1795.7,2351.0,51.83,51.2,0.01,0.62,49.85,49.4,0.0,0.45,46,34
2003-10-06 20:00:00,20,1608.2,2262.0,47.21,46.65,-0.01,0.57,43.78,43.28,0.0,0.5,43,36
2003-10-06 21:00:00,21,1521.1,2108.0,44.95,44.42,0.0,0.53,41.86,41.41,0.0,0.45,42,35
2003-10-06 22:00:00,22,1334.5,1911.0,42.09,41.59,0.0,0.5,41.39,40.93,0.0,0.46,42,34
2003-10-06 23:00:00,23,1441.9,1739.0,35.04,34.62,0.0,0.42,39.65,39.21,0.0,0.44,40,34
2003-10-07 00:00:00,0,1342.1,1599.0,36.03,35.61,0.0,0.42,36.36,36.03,0.0,0.33,41,34
2003-10-07 01:00:00,1,1302.3,1520.0,33.58,33.18,0.0,0.4,31.14,30.76,0.0,0.38,40,34
2003-10-07 02:00:00,2,1319.7,1497.0,28.59,28.26,-0.01,0.34,31.62,31.2,0.0,0.42,40,34
2003-10-07 03:00:00,3,1311.6,1490.0,26.48,26.18,-0.02,0.32,32.15,31.73,0.0,0.42,39,34
2003-10-07 04:00:00,4,1293.7,1530.0,29.97,29.62,-0.01,0.36,35.45,35.0,0.0,0.45,38,34
2003-10-07 05:00:00,5,1091.8,1695.0,38.64,38.16,0.0,0.48,40.52,40.11,0.02,0.39,37,33
2003-10-07 06:00:00,6,1580.7,2015.0,45.78,45.11,0.09,0.58,59.06,58.02,0.55,0.49,38,34
2003-10-07 07:00:00,7,1595.6,2203.0,48.98,48.37,0.0,0.61,60.56,59.54,0.56,0.46,38,34
2003-10-07 08:00:00,8,1749.4,2243.0,49.87,49.26,0.0,0.61,49.13,48.63,0.17,0.33,41,34
2003-10-07 09:00:00,9,1753.3,2244.0,49.84,49.14,0.1,0.6,52.04,51.44,0.22,0.38,45,36
2003-10-07 10:00:00,10,1756.7,2247.0,49.06,48.39,0.08,0.59,49.81,49.19,0.16,0.46,48,33
2003-10-07 11:00:00,11,1817.0,2240.0,50.34,49.61,0.12,0.61,47.77,47.2,0.13,0.44,51,34
2003-10-07 12:00:00,12,1782.8,2221.0,46.99,46.43,0.0,0.56,46.22,45.67,0.1,0.45,52,34
2003-10-07 13:00:00,13,1781.6,2213.0,48.15,47.48,0.1,0.57,44.99,44.46,0.08,0.45,54,33
2003-10-07 14:00:00,14,1745.3,2182.0,46.92,46.36,0.0,0.56,45.57,45.03,0.07,0.47,55,33
2003-10-07 15:00:00,15,1658.2,2153.0,46.22,45.68,0.0,0.54,43.33,42.87,0.05,0.41,56,34
2003-10-07 16:00:00,16,1693.3,2152.0,46.47,45.92,0.0,0.55,45.04,44.52,0.08,0.44,56,36
2003-10-07 17:00:00,17,1738.2,2166.0,47.0,46.44,0.0,0.56,48.15,47.55,0.14,0.46,56,36
2003-10-07 18:00:00,18,1921.8,2266.0,52.28,51.55,0.1,0.63,90.27,88.74,0.89,0.64,54,37
2003-10-07 19:00:00,19,1969.5,2328.0,52.28,51.55,0.1,0.63,72.27,71.11,0.56,0.6,49,39
2003-10-07 20:00:00,20,1798.2,2249.0,46.84,46.28,0.0,0.56,46.28,45.62,0.1,0.56,47,39
2003-10-07 21:00:00,21,1512.5,2089.0,44.84,44.3,0.0,0.54,42.52,42.04,0.04,0.44,46,39
2003-10-07 22:00:00,22,1291.4,1872.0,42.12,41.62,0.0,0.5,42.23,41.76,0.04,0.43,45,40
2003-10-07 23:00:00,23,1495.4,1680.0,36.09,35.66,0.0,0.43,37.59,37.22,0.0,0.37,45,40
2003-10-08 00:00:00,0,1452.9,1559.0,36.0,35.58,0.0,0.42,37.44,36.97,0.03,0.44,46,41
2003-10-08 01:00:00,1,1432.2,1494.0,28.16,27.83,0.0,0.33,27.29,26.39,0.53,0.37,46,43
2003-10-08 02:00:00,2,1405.7,1465.0,24.8,24.51,0.0,0.29,32.03,31.51,0.06,0.46,46,43
2003-10-08 03:00:00,3,1394.4,1462.0,23.21,22.94,0.0,0.27,32.42,31.98,0.04,0.4,46,43
2003-10-08 04:00:00,4,1417.4,1497.0,26.11,25.8,0.0,0.31,36.34,35.8,0.11,0.43,45,43
2003-10-08 05:00:00,5,1486.3,1661.0,38.15,37.69,0.0,0.46,41.35,40.76,0.09,0.5,46,43
2003-10-08 06:00:00,6,1567.2,1989.0,46.91,46.3,0.04,0.57,57.78,56.89,0.36,0.53,46,43
2003-10-08 07:00:00,7,1630.7,2170.0,50.46,49.85,0.0,0.61,49.0,48.51,0.14,0.35,46,43
2003-10-08 08:00:00,8,1720.3,2198.0,49.72,49.1,0.02,0.6,48.57,47.95,0.13,0.49,47,44
2003-10-08 09:00:00,9,1783.0,2215.0,51.19,50.48,0.11,0.6,48.25,47.59,0.11,0.55,52,46
2003-10-08 10:00:00,10,1773.3,2245.0,50.0,49.15,0.27,0.58,49.68,48.99,0.1,0.59,57,48
2003-10-08 11:00:00,11,1817.5,2251.0,50.29,49.46,0.26,0.57,57.21,56.55,0.03,0.63,60,47
2003-10-08 12:00:00,12,1777.8,2244.0,48.06,47.24,0.27,0.55,52.07,51.49,0.0,0.58,64,47
2003-10-08 13:00:00,13,1822.1,2244.0,48.48,47.65,0.27,0.56,51.15,50.49,0.01,0.65,65,45
2003-10-08 14:00:00,14,1769.1,2224.0,47.13,46.37,0.22,0.54,49.89,49.23,0.03,0.63,67,42
2003-10-08 15:00:00,15,1738.3,2205.0,47.12,46.31,0.27,0.54,48.78,48.21,0.0,0.57,67,46
2003-10-08 16:00:00,16,1748.8,2196.0,47.91,47.0,0.36,0.55,48.2,47.65,0.02,0.53,68,48
2003-10-08 17:00:00,17,1776.6,2191.0,47.06,46.36,0.16,0.54,48.35,47.83,0.01,0.51,67,47
2003-10-08 18:00:00,18,1887.3,2275.0,52.17,51.54,0.02,0.61,59.58,59.04,0.0,0.54,64,47
2003-10-08 19:00:00,19,1940.9,2333.0,52.14,51.53,0.0,0.61,53.89,53.34,0.08,0.47,58,48
2003-10-08 20:00:00,20,1852.7,2257.0,46.96,46.41,0.0,0.55,50.21,49.43,0.15,0.63,60,50
2003-10-08 21:00:00,21,1562.1,2096.0,44.87,44.35,0.0,0.52,44.45,43.86,0.06,0.53,58,54
2003-10-08 22:00:00,22,1381.3,1894.0,42.23,41.74,0.01,0.48,41.09,40.58,0.0,0.51,58,56
2003-10-08 23:00:00,23,1542.5,1705.0,36.86,36.44,0.0,0.42,35.64,35.2,0.04,0.4,58,56
2003-10-09 00:00:00,0,1406.8,1560.0,37.03,36.61,0.0,0.42,37.37,37.02,0.0,0.35,57,56
2003-10-09 01:00:00,1,1324.5,1482.0,31.0,30.65,0.0,0.35,36.38,35.94,0.0,0.44,57,55
2003-10-09 02:00:00,2,1295.2,1451.0,28.43,28.1,0.0,0.33,34.32,33.87,0.01,0.44,56,54
2003-10-09 03:00:00,3,1283.9,1436.0,26.66,26.36,0.0,0.3,34.56,34.12,0.0,0.44,56,53
2003-10-09 04:00:00,4,1309.1,1459.0,29.97,29.62,0.0,0.35,36.54,36.1,0.0,0.44,57,52
2003-10-09 05:00:00,5,1153.7,1609.0,39.17,38.72,0.0,0.45,42.37,41.96,0.02,0.39,57,51
2003-10-09 06:00:00,6,1585.5,1921.0,48.59,47.93,0.1,0.56,57.98,57.01,0.48,0.49,56,51
2003-10-09 07:00:00,7,1547.4,2095.0,51.89,50.8,0.5,0.59,45.63,45.24,0.07,0.32,57,51
2003-10-09 08:00:00,8,1678.9,2163.0,51.84,50.58,0.68,0.58,50.11,49.47,0.17,0.47,59,52
2003-10-09 09:00:00,9,1763.5,2210.0,52.69,51.39,0.71,0.59,51.11,50.45,0.17,0.49,66,50
2003-10-09 10:00:00,10,1798.8,2255.0,51.94,50.65,0.71,0.58,52.88,52.15,0.17,0.56,68,51
2003-10-09 11:00:00,11,1825.0,2278.0,51.95,50.74,0.63,0.58,53.13,52.43,0.16,0.54,70,51
2003-10-09 12:00:00,12,1825.8,2279.0,51.95,50.59,0.78,0.58,54.37,53.64,0.18,0.55,71,51
2003-10-09 13:00:00,13,1836.2,2284.0,52.08,50.77,0.73,0.58,55.7,54.94,0.2,0.56,72,46
2003-10-09 14:00:00,14,1816.2,2270.0,51.89,50.55,0.77,0.57,53.47,52.73,0.16,0.58,72,51
2003-10-09 15:00:00,15,1789.2,2247.0,50.94,49.72,0.66,0.56,52.15,51.41,0.15,0.59,73,49
2003-10-09 16:00:00,16,1797.4,2236.0,51.84,50.48,0.79,0.57,52.34,51.6,0.16,0.58,71,51
2003-10-09 17:00:00,17,1810.9,2223.0,51.84,50.52,0.75,0.57,52.34,51.65,0.16,0.53,70,53
2003-10-09 18:00:00,18,1918.9,2301.0,54.79,54.12,0.06,0.61,84.83,83.3,0.7,0.83,68,55
2003-10-09 19:00:00,19,1969.0,2342.0,54.78,54.11,0.05,0.62,53.29,52.6,0.16,0.53,64,52
2003-10-09 20:00:00,20,1825.4,2254.0,50.65,50.02,0.06,0.57,47.61,47.03,0.08,0.5,61,50
2003-10-09 21:00:00,21,1540.3,2096.0,48.59,47.98,0.06,0.55,42.38,41.98,0.01,0.39,60,49
2003-10-09 22:00:00,22,1337.6,1876.0,42.23,41.76,0.01,0.46,39.95,39.56,0.0,0.39,58,49
2003-10-09 23:00:00,23,1241.6,1679.0,38.61,38.18,0.0,0.43,36.89,36.47,0.01,0.41,55,50
2003-10-10 00:00:00,0,1421.0,1536.0,38.14,37.7,0.0,0.44,40.62,40.14,0.0,0.48,54,49
2003-10-10 01:00:00,1,1461.8,1463.0,35.09,34.68,0.0,0.41,37.2,36.77,0.0,0.43,52,50
2003-10-10 02:00:00,2,1597.0,1421.0,34.12,33.72,0.0,0.4,36.96,36.51,0.0,0.45,51,50
2003-10-10 03:00:00,3,1584.6,1417.0,31.98,31.61,0.0,0.37,36.78,36.39,0.0,0.39,51,50
2003-10-10 04:00:00,4,1415.8,1444.0,35.09,34.68,0.0,0.41,38.51,38.09,0.0,0.42,51,50
2003-10-10 05:00:00,5,1080.3,1589.0,40.32,39.84,0.0,0.48,40.13,39.73,0.0,0.4,50,50
2003-10-10 06:00:00,6,1635.7,1893.0,49.15,48.49,0.07,0.59,51.91,51.25,0.26,0.4,51,50
2003-10-10 07:00:00,7,1557.4,2095.0,50.48,49.83,0.05,0.6,52.16,51.48,0.27,0.41,51,50
2003-10-10 08:00:00,8,1701.4,2173.0,50.53,49.86,0.07,0.6,52.77,52.18,0.31,0.28,51,51
2003-10-10 09:00:00,9,1789.6,2212.0,51.62,50.88,0.14,0.6,55.97,55.17,0.39,0.41,51,51
2003-10-10 10:00:00,10,1822.1,2245.0,51.0,50.28,0.12,0.6,59.89,59.06,0.29,0.54,52,52
2003-10-10 11:00:00,11,1823.3,2244.0,52.52,51.74,0.17,0.61,55.64,54.76,0.29,0.59,52,52
2003-10-10 12:00:00,12,1803.3,2228.0,50.33,49.65,0.09,0.59,51.06,50.28,0.23,0.55,53,52
2003-10-10 13:00:00,13,1807.9,2219.0,50.3,49.56,0.16,0.58,53.15,52.3,0.29,0.56,53,53
2003-10-10 14:00:00,14,1773.5,2190.0,50.27,49.53,0.16,0.58,54.38,53.66,0.21,0.51,54,53
2003-10-10 15:00:00,15,1727.2,2148.0,49.16,48.54,0.04,0.58,50.34,49.62,0.24,0.48,56,53
2003-10-10 16:00:00,16,1712.6,2122.0,49.77,49.13,0.07,0.57,49.65,49.0,0.18,0.47,62,54
2003-10-10 17:00:00,17,1702.2,2095.0,49.8,49.28,-0.06,0.58,51.03,50.37,0.23,0.43,63,54
2003-10-10 18:00:00,18,1862.7,2165.0,53.32,52.8,-0.11,0.63,63.38,62.38,0.51,0.49,61,53
2003-10-10 19:00:00,19,1837.7,2182.0,51.98,51.56,-0.19,0.61,52.8,52.25,0.22,0.33,58,50
2003-10-10 20:00:00,20,1640.2,2103.0,49.11,48.52,0.01,0.58,50.66,50.14,0.07,0.45,56,50
2003-10-10 21:00:00,21,1434.3,1984.0,48.44,47.83,0.05,0.56,46.91,46.38,0.07,0.46,54,50
2003-10-10 22:00:00,22,1353.6,1816.0,42.26,41.77,0.0,0.49,55.53,54.66,0.27,0.6,53,48
2003-10-10 23:00:00,23,1126.6,1639.0,40.25,39.78,0.0,0.47,48.04,47.41,0.13,0.5,53,38
2003-10-11 00:00:00,0,1135.4,1503.0,40.02,39.57,-0.01,0.46,45.83,45.21,0.06,0.56,53,34
2003-10-11 01:00:00,1,1299.9,1423.0,37.1,36.67,0.0,0.43,41.88,41.31,0.1,0.47,51,38
2003-10-11 02:00:00,2,1312.4,1382.0,35.84,35.43,-0.01,0.42,41.9,41.18,0.24,0.48,51,39
2003-10-11 03:00:00,3,1503.0,1357.0,35.02,34.62,0.0,0.4,40.08,39.4,0.22,0.46,51,38
2003-10-11 04:00:00,4,1295.0,1360.0,36.1,35.68,-0.01,0.43,38.92,38.28,0.21,0.43,51,37
2003-10-11 05:00:00,5,1393.9,1407.0,38.56,38.12,-0.01,0.45,39.12,38.48,0.2,0.44,51,34
2003-10-11 06:00:00,6,1417.7,1503.0,46.14,45.59,0.0,0.55,37.42,37.04,0.05,0.33,52,32
2003-10-11 07:00:00,7,1488.6,1606.0,48.92,48.18,0.16,0.58,44.18,43.8,0.03,0.35,52,37
2003-10-11 08:00:00,8,1573.8,1759.0,50.27,49.5,0.16,0.61,50.21,50.01,-0.18,0.38,53,42
2003-10-11 09:00:00,9,1648.4,1861.0,51.89,51.08,0.19,0.62,66.94,66.81,-0.36,0.49,55,44
2003-10-11 10:00:00,10,1694.1,1900.0,51.98,51.1,0.26,0.62,55.47,54.94,0.04,0.49,58,47
2003-10-11 11:00:00,11,1750.1,1895.0,51.96,51.08,0.26,0.62,50.32,49.87,0.03,0.42,60,48
2003-10-11 12:00:00,12,1676.0,1871.0,50.88,50.11,0.17,0.6,48.52,48.07,0.06,0.39,63,50
2003-10-11 13:00:00,13,1646.9,1837.0,50.21,49.49,0.13,0.59,43.79,43.47,0.01,0.31,65,51
2003-10-11 14:00:00,14,1651.1,1810.0,49.34,48.64,0.11,0.59,44.2,43.87,0.02,0.31,66,50
2003-10-11 15:00:00,15,1594.7,1788.0,49.2,48.5,0.11,0.59,42.38,42.12,0.0,0.26,67,49
2003-10-11 16:00:00,16,1668.0,1793.0,49.27,48.57,0.11,0.59,42.24,41.98,0.0,0.26,66,50
2003-10-11 17:00:00,17,1720.8,1815.0,49.86,49.18,0.09,0.59,42.61,42.34,0.0,0.27,65,49
2003-10-11 18:00:00,18,1921.1,1909.0,52.34,51.2,0.53,0.61,52.8,52.45,0.0,0.35,62,50
2003-10-11 19:00:00,19,1928.1,1943.0,52.25,51.22,0.41,0.62,49.5,49.15,0.0,0.35,59,51
2003-10-11 20:00:00,20,1754.9,1891.0,49.28,48.7,0.0,0.58,48.98,48.58,0.04,0.36,56,52
2003-10-11 21:00:00,21,1584.0,1784.0,46.94,46.39,0.0,0.55,42.62,42.35,0.0,0.27,56,51
2003-10-11 22:00:00,22,1326.3,1650.0,42.35,41.85,0.0,0.5,40.14,39.87,0.0,0.27,55,50
2003-10-11 23:00:00,23,1444.0,1508.0,37.9,37.47,0.0,0.43,39.87,39.54,0.0,0.33,55,49
2003-10-12 00:00:00,0,1862.3,1394.0,39.74,39.26,0.0,0.48,39.22,38.88,0.0,0.34,53,49
2003-10-12 01:00:00,1,1808.5,1327.0,36.13,35.69,0.0,0.44,37.14,36.75,0.0,0.39,52,48
2003-10-12 02:00:00,2,2061.4,1291.0,36.0,35.56,0.0,0.44,36.05,35.62,0.0,0.43,52,49
2003-10-12 03:00:00,3,2059.2,1267.0,32.93,32.53,0.0,0.4,36.32,35.88,0.0,0.44,52,49
2003-10-12 04:00:00,4,1822.9,1263.0,34.98,34.55,0.0,0.43,30.56,30.2,0.0,0.36,52,49
2003-10-12 05:00:00,5,1919.5,1288.0,34.98,34.55,0.0,0.43,26.03,25.71,0.0,0.32,52,49
2003-10-12 06:00:00,6,1673.8,1347.0,41.96,41.44,0.0,0.52,34.34,33.92,0.0,0.42,53,48
2003-10-12 07:00:00,7,1752.2,1436.0,42.43,41.89,0.0,0.54,33.44,33.13,0.0,0.31,52,47
2003-10-12 08:00:00,8,1597.7,1576.0,45.83,45.25,0.0,0.58,38.78,38.54,0.0,0.24,53,46
2003-10-12 09:00:00,9,1507.3,1704.0,48.85,48.25,0.0,0.6,41.08,40.83,0.0,0.25,53,46
2003-10-12 10:00:00,10,1594.8,1772.0,49.0,48.4,0.0,0.6,41.91,41.63,0.0,0.28,52,46
2003-10-12 11:00:00,11,1640.0,1815.0,49.82,49.22,0.01,0.59,45.0,44.64,0.0,0.36,52,47
2003-10-12 12:00:00,12,1606.7,1826.0,48.98,48.39,0.0,0.59,43.62,43.32,0.0,0.3,50,48
2003-10-12 13:00:00,13,1507.4,1810.0,48.05,47.47,0.0,0.58,42.99,42.69,0.0,0.3,50,49
2003-10-12 14:00:00,14,1478.8,1797.0,48.18,47.6,0.0,0.58,42.92,42.6,0.0,0.32,51,50
2003-10-12 15:00:00,15,1475.0,1792.0,48.05,47.47,0.0,0.58,44.74,44.39,0.0,0.35,51,50
2003-10-12 16:00:00,16,1547.1,1831.0,48.85,48.27,0.0,0.58,47.76,47.36,0.0,0.4,52,51
2003-10-12 17:00:00,17,1468.9,1884.0,51.81,51.19,0.0,0.62,47.17,46.84,0.0,0.33,53,52
2003-10-12 18:00:00,18,1345.8,1970.0,55.79,55.12,0.0,0.67,65.21,65.76,-0.84,0.29,55,54
2003-10-12 19:00:00,19,1403.4,1976.0,54.74,54.09,0.0,0.65,63.29,63.33,-0.31,0.27,55,54
2003-10-12 20:00:00,20,1706.9,1893.0,50.3,49.7,0.0,0.6,45.2,44.94,0.0,0.26,56,55
2003-10-12 21:00:00,21,1505.0,1783.0,47.89,47.32,0.0,0.57,41.55,41.34,0.0,0.21,57,55
2003-10-12 22:00:00,22,1267.8,1642.0,42.43,41.93,0.0,0.5,36.39,36.16,0.0,0.23,57,55
2003-10-12 23:00:00,23,1473.9,1511.0,39.98,39.51,0.0,0.47,35.47,35.16,0.0,0.31,57,55
2003-10-13 00:00:00,0,1503.2,1402.0,37.05,36.59,0.0,0.46,30.24,29.97,0.0,0.27,57,56
2003-10-13 01:00:00,1,1474.7,1336.0,29.21,28.84,0.0,0.37,17.38,17.18,0.0,0.2,57,56
2003-10-13 02:00:00,2,1484.5,1310.0,24.4,24.1,0.0,0.3,24.06,23.75,0.0,0.31,57,54
2003-10-13 03:00:00,3,1467.3,1301.0,23.79,23.49,0.0,0.3,24.44,24.11,0.0,0.33,56,53
2003-10-13 04:00:00,4,1491.2,1324.0,25.78,25.46,0.0,0.32,26.56,26.27,0.0,0.29,56,52
2003-10-13 05:00:00,5,1404.5,1422.0,35.78,35.35,-0.02,0.45,35.59,35.21,0.0,0.38,55,52
2003-10-13 06:00:00,6,1214.0,1587.0,45.39,44.87,-0.04,0.56,37.72,37.46,0.0,0.26,53,49
2003-10-13 07:00:00,7,1333.1,1732.0,45.09,44.84,-0.31,0.56,40.36,39.8,0.36,0.2,52,46
2003-10-13 08:00:00,8,1465.2,1883.0,46.26,45.65,0.05,0.56,49.15,48.42,0.4,0.33,52,44
2003-10-13 09:00:00,9,1510.6,1998.0,49.92,49.3,0.02,0.6,60.62,61.96,-1.57,0.23,54,44
2003-10-13 10:00:00,10,1442.4,2059.0,50.28,49.59,0.09,0.6,56.0,77.62,-21.87,0.25,56,43
2003-10-13 11:00:00,11,1539.7,2070.0,50.44,49.81,0.04,0.59,48.04,78.32,-30.84,0.56,58,41
2003-10-13 12:00:00,12,1501.5,2055.0,50.05,49.5,-0.04,0.59,46.21,50.94,-5.13,0.4,62,41
2003-10-13 13:00:00,13,1483.7,2036.0,49.38,48.72,0.08,0.58,47.41,46.91,0.11,0.39,63,41
2003-10-13 14:00:00,14,1462.8,2011.0,49.0,48.35,0.08,0.57,49.64,49.08,0.18,0.38,65,42
2003-10-13 15:00:00,15,1414.4,1993.0,49.02,48.37,0.08,0.57,47.57,47.08,0.08,0.41,66,39
2003-10-13 16:00:00,16,1499.3,2011.0,49.4,48.74,0.08,0.58,48.55,48.0,0.1,0.45,66,38
2003-10-13 17:00:00,17,1569.5,2057.0,50.38,49.77,0.02,0.59,48.92,48.28,0.16,0.48,65,38
2003-10-13 18:00:00,18,1555.0,2176.0,55.01,54.1,0.27,0.64,73.37,72.45,0.47,0.45,59,41
2003-10-13 19:00:00,19,1629.2,2213.0,54.87,53.97,0.25,0.65,61.0,60.34,0.3,0.36,55,41
2003-10-13 20:00:00,20,1620.1,2119.0,50.21,51.19,-1.57,0.59,48.53,47.91,0.14,0.48,53,42
2003-10-13 21:00:00,21,1400.7,1957.0,45.78,45.22,0.02,0.54,45.67,45.11,0.1,0.46,53,43
2003-10-13 22:00:00,22,1258.5,1773.0,42.52,42.01,0.01,0.5,31.4,31.12,0.0,0.28,53,44
2003-10-13 23:00:00,23,1159.4,1595.0,36.61,36.18,0.0,0.43,35.09,34.76,0.02,0.31,52,44
2003-10-14 00:00:00,0,1847.2,1467.0,38.8,38.32,0.0,0.48,36.67,36.18,0.13,0.36,52,45
2003-10-14 01:00:00,1,1751.7,1396.0,33.3,32.89,0.0,0.41,29.5,29.11,0.04,0.35,50,45
2003-10-14 02:00:00,2,1732.0,1371.0,28.58,28.22,0.0,0.36,22.43,22.05,0.07,0.31,52,43
2003-10-14 03:00:00,3,1721.1,1362.0,27.96,27.62,0.0,0.34,23.75,23.39,0.0,0.36,53,40
2003-10-14 04:00:00,4,1741.9,1395.0,30.02,29.64,0.0,0.38,25.32,24.93,0.0,0.39,52,39
2003-10-14 05:00:00,5,1647.7,1561.0,38.68,38.21,0.0,0.47,36.25,35.83,0.0,0.42,50,38
2003-10-14 06:00:00,6,1508.3,1887.0,48.04,47.45,0.0,0.59,42.25,41.88,0.0,0.37,50,38
2003-10-14 07:00:00,7,1431.8,2081.0,51.86,52.17,-0.94,0.63,52.24,51.72,0.08,0.44,52,38
2003-10-14 08:00:00,8,1521.5,2141.0,54.98,54.87,-0.56,0.67,54.06,53.32,0.3,0.44,52,39
2003-10-14 09:00:00,9,1445.3,2167.0,57.48,57.47,-0.68,0.69,55.57,54.82,0.29,0.46,53,40
2003-10-14 10:00:00,10,1411.4,2196.0,56.58,58.22,-2.34,0.7,56.98,56.08,0.31,0.59,55,40
2003-10-14 11:00:00,11,1454.9,2208.0,55.87,57.73,-2.55,0.69,57.76,56.84,0.33,0.59,56,41
2003-10-14 12:00:00,12,1530.1,2199.0,54.03,55.07,-1.69,0.65,55.04,54.16,0.23,0.65,57,42
2003-10-14 13:00:00,13,1535.7,2192.0,54.76,55.58,-1.48,0.66,53.09,52.29,0.18,0.62,59,41
2003-10-14 14:00:00,14,1524.7,2169.0,53.03,54.35,-1.97,0.65,52.05,51.29,0.16,0.6,61,43
2003-10-14 15:00:00,15,1520.6,2146.0,53.03,54.34,-1.96,0.65,48.26,47.64,0.06,0.56,61,41
2003-10-14 16:00:00,16,1594.6,2147.0,52.95,54.3,-2.0,0.65,48.44,47.79,0.11,0.54,61,44
2003-10-14 17:00:00,17,1577.8,2173.0,54.03,55.06,-1.69,0.66,52.1,51.31,0.27,0.52,58,46
2003-10-14 18:00:00,18,1549.3,2294.0,58.26,59.4,-1.85,0.71,74.69,73.83,0.38,0.48,57,47
2003-10-14 19:00:00,19,1567.2,2302.0,56.53,60.09,-4.28,0.72,60.45,59.84,0.12,0.49,55,48
2003-10-14 20:00:00,20,1733.2,2226.0,52.31,57.14,-5.49,0.66,50.35,49.88,0.04,0.43,54,49
2003-10-14 21:00:00,21,1455.6,2054.0,50.5,49.98,-0.09,0.61,44.15,43.72,0.01,0.42,53,49
2003-10-14 22:00:00,22,1311.1,1840.0,42.57,42.07,0.0,0.5,39.99,39.6,0.0,0.39,53,50
2003-10-14 23:00:00,23,1179.0,1656.0,38.68,38.23,0.0,0.45,32.18,31.88,0.01,0.29,54,52
2003-10-15 00:00:00,0,1601.9,1529.0,36.95,36.51,-0.01,0.45,33.08,32.75,0.0,0.33,53,52
2003-10-15 01:00:00,1,1790.9,1460.0,34.34,33.93,0.0,0.41,21.85,21.6,0.0,0.25,55,53
2003-10-15 02:00:00,2,1966.9,1435.0,31.76,31.37,0.0,0.39,27.31,26.93,0.0,0.38,55,54
2003-10-15 03:00:00,3,2058.7,1424.0,30.12,29.75,0.0,0.37,35.59,35.05,0.0,0.54,55,55
2003-10-15 04:00:00,4,1987.0,1456.0,31.76,31.37,0.0,0.39,36.01,35.57,0.0,0.44,57,56
2003-10-15 05:00:00,5,1534.8,1603.0,36.72,36.28,-0.01,0.45,40.29,39.89,0.0,0.4,58,57
2003-10-15 06:00:00,6,1682.0,1915.0,47.95,47.37,0.0,0.58,56.78,56.32,0.0,0.46,59,58
2003-10-15 07:00:00,7,1593.7,2121.0,51.85,51.17,0.06,0.62,51.22,50.72,0.0,0.5,56,54
2003-10-15 08:00:00,8,1744.3,2171.0,53.04,52.68,-0.28,0.64,50.6,50.04,0.0,0.56,55,53
2003-10-15 09:00:00,9,1660.9,2203.0,54.6,54.93,-0.99,0.66,50.13,49.53,0.0,0.6,54,51
2003-10-15 10:00:00,10,1821.8,2245.0,52.54,53.42,-1.52,0.64,52.56,51.9,0.0,0.66,56,51
2003-10-15 11:00:00,11,1704.8,2259.0,53.35,52.53,0.2,0.62,50.94,50.28,0.0,0.66,56,48
2003-10-15 12:00:00,12,1811.5,2242.0,51.85,51.1,0.15,0.6,48.88,48.24,0.0,0.64,57,46
2003-10-15 13:00:00,13,1810.6,2230.0,52.27,51.5,0.17,0.6,48.08,47.5,0.0,0.58,55,43
2003-10-15 14:00:00,14,1770.7,2200.0,51.67,50.91,0.16,0.6,44.27,43.76,0.0,0.51,58,41
2003-10-15 15:00:00,15,1740.6,2161.0,50.67,50.02,0.06,0.59,42.82,42.36,0.0,0.46,56,41
2003-10-15 16:00:00,16,1766.2,2163.0,51.92,53.1,-1.81,0.63,44.33,43.8,0.0,0.53,56,38
2003-10-15 17:00:00,17,1812.2,2156.0,52.04,53.6,-2.18,0.62,45.62,45.02,0.03,0.57,53,40
2003-10-15 18:00:00,18,1625.8,2258.0,58.53,58.42,-0.57,0.68,56.27,55.61,0.03,0.63,51,38
2003-10-15 19:00:00,19,1646.4,2239.0,55.37,56.53,-1.83,0.67,52.23,51.62,0.05,0.56,52,35
2003-10-15 20:00:00,20,1767.0,2182.0,52.89,52.32,-0.05,0.62,49.59,48.94,0.06,0.59,52,32
2003-10-15 21:00:00,21,1514.2,2040.0,48.69,48.12,0.0,0.57,52.41,51.7,0.09,0.62,51,31
2003-10-15 22:00:00,22,1301.6,1834.0,42.31,41.81,0.01,0.49,37.58,37.16,0.0,0.42,49,30
2003-10-15 23:00:00,23,1194.7,1664.0,36.76,36.34,0.0,0.42,36.18,35.83,0.0,0.35,48,30
2003-10-16 00:00:00,0,1567.7,1540.0,34.69,34.29,-0.01,0.41,38.16,37.76,0.0,0.4,47,30
2003-10-16 01:00:00,1,2017.5,1472.0,29.74,29.4,-0.02,0.36,23.51,23.23,0.0,0.28,46,29
2003-10-16 02:00:00,2,2085.7,1439.0,29.33,28.99,-0.01,0.35,19.6,19.28,0.0,0.32,45,30
2003-10-16 03:00:00,3,2018.7,1432.0,29.74,29.39,-0.01,0.36,12.77,12.56,0.0,0.21,45,31
2003-10-16 04:00:00,4,1777.8,1468.0,30.0,29.65,-0.02,0.37,28.5,28.06,0.0,0.44,44,31
2003-10-16 05:00:00,5,1601.8,1631.0,35.0,34.59,-0.02,0.43,33.61,33.23,0.0,0.38,43,32
2003-10-16 06:00:00,6,1575.6,1954.0,48.08,47.59,-0.09,0.58,57.53,56.33,0.62,0.58,41,32
2003-10-16 07:00:00,7,1698.2,2134.0,51.2,50.3,0.28,0.62,54.2,53.34,0.53,0.33,41,32
2003-10-16 08:00:00,8,1781.7,2183.0,55.31,54.96,-0.32,0.67,54.78,53.61,0.65,0.52,42,32
2003-10-16 09:00:00,9,1690.5,2191.0,56.7,56.77,-0.75,0.68,55.05,53.85,0.67,0.53,45,33
2003-10-16 10:00:00,10,1637.8,2211.0,56.47,56.3,-0.5,0.67,57.92,56.44,0.91,0.57,48,34
2003-10-16 11:00:00,11,1630.6,2218.0,57.1,56.32,0.12,0.66,54.82,53.85,0.5,0.47,51,34
2003-10-16 12:00:00,12,1838.4,2195.0,51.94,50.88,0.45,0.61,52.44,51.63,0.29,0.52,53,33
2003-10-16 13:00:00,13,1834.2,2190.0,51.94,50.89,0.45,0.6,52.59,52.04,0.01,0.54,54,31
2003-10-16 14:00:00,14,1788.8,2166.0,51.92,50.88,0.44,0.6,54.2,53.77,0.02,0.41,54,32
2003-10-16 15:00:00,15,1751.5,2145.0,50.92,49.83,0.5,0.59,60.29,59.76,0.11,0.42,55,33
2003-10-16 16:00:00,16,1770.0,2145.0,51.97,50.89,0.47,0.61,53.72,53.2,0.02,0.5,54,32
2003-10-16 17:00:00,17,1798.0,2182.0,52.31,53.41,-1.74,0.64,51.03,50.57,0.01,0.45,54,33
2003-10-16 18:00:00,18,1900.9,2306.0,58.74,58.96,-0.94,0.72,61.74,61.26,0.04,0.44,52,36
2003-10-16 19:00:00,19,1841.6,2322.0,53.99,57.87,-4.58,0.7,56.15,55.77,0.02,0.36,49,37
2003-10-16 20:00:00,20,1875.4,2234.0,49.61,49.98,-0.98,0.61,52.38,51.94,0.02,0.42,47,35
2003-10-16 21:00:00,21,1600.7,2083.0,45.29,44.54,0.21,0.54,44.77,44.27,0.03,0.47,44,34
2003-10-16 22:00:00,22,1352.2,1910.0,39.81,39.34,0.0,0.47,43.11,42.56,0.01,0.54,46,32
2003-10-16 23:00:00,23,1200.1,1752.0,35.07,35.32,-0.67,0.42,39.87,39.34,0.03,0.5,44,31
2003-10-17 00:00:00,0,1154.3,1613.0,31.21,30.82,0.01,0.38,40.58,39.97,0.01,0.6,43,31
2003-10-17 01:00:00,1,1134.2,1512.0,26.12,25.79,0.01,0.32,39.28,38.55,0.12,0.61,42,31
2003-10-17 02:00:00,2,1171.1,1475.0,23.26,22.97,0.0,0.29,38.5,37.73,0.15,0.62,40,30
2003-10-17 03:00:00,3,1116.5,1467.0,22.4,22.1,0.03,0.27,39.76,38.83,0.26,0.67,40,30
2003-10-17 04:00:00,4,1137.3,1500.0,29.96,29.68,-0.08,0.36,43.59,42.54,0.28,0.77,40,30
2003-10-17 05:00:00,5,960.8,1653.0,37.23,36.76,0.01,0.46,52.35,50.91,0.57,0.87,41,30
2003-10-17 06:00:00,6,1088.3,1967.0,47.89,48.23,-0.95,0.61,57.31,55.98,0.52,0.81,39,31
2003-10-17 07:00:00,7,1114.9,2152.0,50.82,51.17,-0.99,0.64,51.82,50.91,0.32,0.59,39,31
2003-10-17 08:00:00,8,1263.3,2198.0,50.27,52.06,-2.43,0.64,45.3,44.76,0.03,0.51,40,32
2003-10-17 09:00:00,9,1233.7,2213.0,51.87,54.22,-3.02,0.67,49.35,48.75,0.0,0.6,43,33
2003-10-17 10:00:00,10,1331.2,2229.0,52.8,53.45,-1.31,0.66,52.69,52.06,0.0,0.63,45,33
2003-10-17 11:00:00,11,1315.4,2221.0,49.61,50.77,-1.78,0.62,54.59,53.88,0.0,0.71,48,31
2003-10-17 12:00:00,12,1237.9,2189.0,50.9,49.46,0.83,0.61,50.48,49.91,0.0,0.57,50,28
2003-10-17 13:00:00,13,1170.9,2170.0,49.93,48.95,0.38,0.6,48.63,48.09,0.0,0.54,52,27
2003-10-17 14:00:00,14,1156.9,2132.0,46.95,47.21,-0.83,0.57,44.36,43.89,0.0,0.47,51,28
2003-10-17 15:00:00,15,1118.9,2090.0,43.93,46.0,-2.62,0.55,44.25,43.69,0.0,0.56,51,28
2003-10-17 16:00:00,16,1115.0,2077.0,44.44,47.07,-3.22,0.59,43.87,43.33,0.0,0.54,51,29
2003-10-17 17:00:00,17,1177.5,2107.0,44.78,49.07,-4.92,0.63,47.41,46.86,0.0,0.55,51,28
2003-10-17 18:00:00,18,1155.0,2229.0,53.04,55.28,-2.95,0.71,50.86,50.36,0.0,0.5,49,31
2003-10-17 19:00:00,19,1181.9,2208.0,48.67,52.45,-4.46,0.68,46.35,45.89,0.0,0.46,47,34
2003-10-17 20:00:00,20,1106.2,2130.0,45.1,46.52,-2.03,0.61,42.64,42.25,0.0,0.39,46,34
2003-10-17 21:00:00,21,889.5,2007.0,41.85,41.38,-0.04,0.51,37.56,37.15,0.0,0.41,47,32
2003-10-17 22:00:00,22,761.0,1837.0,37.38,36.98,-0.06,0.46,39.08,38.59,0.0,0.49,47,30
2003-10-17 23:00:00,23,676.6,1659.0,36.26,35.82,0.0,0.44,41.78,41.3,0.0,0.48,47,30
2003-10-18 00:00:00,0,1208.5,1520.0,38.47,38.27,-0.28,0.48,37.66,37.21,0.01,0.44,44,34
2003-10-18 01:00:00,1,1409.7,1448.0,36.62,36.21,-0.05,0.46,36.52,35.95,0.02,0.55,42,38
2003-10-18 02:00:00,2,1392.5,1412.0,34.4,33.96,0.0,0.44,33.27,32.78,0.0,0.49,41,38
2003-10-18 03:00:00,3,1553.1,1389.0,32.78,32.52,-0.16,0.42,32.4,31.92,0.0,0.48,41,39
2003-10-18 04:00:00,4,1446.1,1395.0,34.14,33.7,0.0,0.44,36.03,35.49,0.0,0.54,40,39
2003-10-18 05:00:00,5,1486.4,1449.0,36.58,36.11,0.0,0.47,36.79,36.25,0.0,0.54,40,38
2003-10-18 06:00:00,6,1536.2,1562.0,38.48,37.99,0.0,0.49,32.15,31.68,0.0,0.47,38,37
2003-10-18 07:00:00,7,1443.2,1686.0,41.78,41.35,-0.1,0.53,35.07,34.65,0.0,0.42,36,36
2003-10-18 08:00:00,8,1633.7,1834.0,43.88,43.32,0.0,0.56,39.49,39.08,0.0,0.41,36,36
2003-10-18 09:00:00,9,1767.7,1921.0,47.7,47.52,-0.44,0.62,41.02,40.79,-0.15,0.38,38,37
2003-10-18 10:00:00,10,1686.5,1943.0,49.86,49.21,0.02,0.63,41.92,42.03,-0.54,0.43,40,38
2003-10-18 11:00:00,11,1768.1,1927.0,49.11,48.42,0.06,0.63,40.07,39.62,0.0,0.45,42,38
2003-10-18 12:00:00,12,1697.9,1887.0,47.15,46.52,0.03,0.6,39.04,38.61,0.0,0.43,45,38
2003-10-18 13:00:00,13,1655.1,1846.0,45.32,45.01,-0.26,0.57,36.05,35.67,0.0,0.38,48,36
2003-10-18 14:00:00,14,1618.0,1809.0,43.79,43.49,-0.26,0.56,33.87,33.54,0.0,0.33,49,31
2003-10-18 15:00:00,15,1576.4,1796.0,43.85,43.29,0.0,0.56,33.09,32.77,0.0,0.32,48,28
2003-10-18 16:00:00,16,1667.7,1818.0,43.49,43.56,-0.63,0.56,35.5,35.15,0.0,0.35,47,32
2003-10-18 17:00:00,17,1737.4,1881.0,46.85,46.96,-0.72,0.61,39.22,38.8,0.0,0.42,47,33
2003-10-18 18:00:00,18,1664.6,2009.0,53.78,53.55,-0.46,0.69,42.26,41.79,0.0,0.47,46,30
2003-10-18 19:00:00,19,1646.5,2003.0,51.23,51.08,-0.51,0.66,42.86,42.44,0.0,0.42,43,30
2003-10-18 20:00:00,20,1762.1,1947.0,46.75,46.15,0.0,0.6,40.93,40.54,0.0,0.39,41,30
2003-10-18 21:00:00,21,1600.7,1860.0,42.88,42.42,-0.07,0.53,40.48,40.08,0.0,0.4,39,30
2003-10-18 22:00:00,22,1386.8,1738.0,40.14,39.84,-0.2,0.5,37.88,37.51,0.0,0.37,37,29
2003-10-18 23:00:00,23,1159.1,1594.0,34.06,33.75,-0.1,0.41,34.53,34.19,0.0,0.34,37,28
2003-10-19 00:00:00,0,1287.6,1483.0,33.31,32.88,0.0,0.43,34.17,33.79,0.0,0.38,36,28
2003-10-19 01:00:00,1,1776.3,1412.0,32.49,32.06,0.0,0.43,33.05,32.64,0.0,0.41,39,30
2003-10-19 02:00:00,2,1760.9,1380.0,26.53,26.19,0.0,0.34,32.5,31.93,0.05,0.52,37,29
2003-10-19 03:00:00,3,1734.7,1355.0,28.19,27.82,0.0,0.37,27.68,27.19,0.04,0.45,38,29
2003-10-19 04:00:00,4,1738.6,1355.0,28.43,28.05,0.0,0.38,26.85,26.37,0.02,0.46,39,29
2003-10-19 05:00:00,5,1774.2,1384.0,32.0,31.58,0.0,0.42,32.6,31.96,0.12,0.52,38,31
2003-10-19 06:00:00,6,1391.8,1457.0,34.4,33.95,0.0,0.45,31.9,31.43,0.01,0.46,37,31
2003-10-19 07:00:00,7,1197.4,1557.0,39.48,38.95,0.0,0.53,34.73,34.27,0.0,0.46,39,29
2003-10-19 08:00:00,8,1341.8,1704.0,41.69,41.12,0.0,0.57,34.94,34.57,0.0,0.37,38,30
2003-10-19 09:00:00,9,1445.0,1848.0,43.26,43.18,-0.53,0.61,38.73,38.35,0.0,0.38,38,29
2003-10-19 10:00:00,10,1540.2,1924.0,43.74,43.33,-0.18,0.59,41.44,40.98,0.0,0.46,38,30
2003-10-19 11:00:00,11,1562.0,1965.0,44.01,43.62,-0.21,0.6,40.94,40.52,0.0,0.42,39,29
2003-10-19 12:00:00,12,1562.2,1977.0,44.28,43.69,0.0,0.59,42.64,42.16,0.0,0.48,38,30
2003-10-19 13:00:00,13,1510.3,1952.0,43.6,43.02,0.0,0.58,40.46,40.02,0.0,0.44,37,33
2003-10-19 14:00:00,14,1468.7,1923.0,43.04,42.47,0.0,0.57,41.09,40.64,0.0,0.45,36,34
2003-10-19 15:00:00,15,1460.5,1900.0,43.04,42.47,0.0,0.57,40.18,39.76,0.0,0.42,37,35
2003-10-19 16:00:00,16,1587.9,1908.0,43.06,42.49,0.0,0.57,40.73,40.31,0.0,0.42,39,36
2003-10-19 17:00:00,17,1680.9,1975.0,47.48,47.01,-0.18,0.65,44.73,44.26,0.0,0.47,40,37
2003-10-19 18:00:00,18,1520.0,2139.0,54.78,54.75,-0.73,0.76,53.33,52.73,0.0,0.6,38,36
2003-10-19 19:00:00,19,1666.5,2154.0,53.31,53.31,-0.72,0.72,47.28,46.78,0.0,0.5,37,35
2003-10-19 20:00:00,20,1814.4,2070.0,48.79,48.93,-0.81,0.67,45.0,44.47,0.0,0.53,36,35
2003-10-19 21:00:00,21,1580.5,1932.0,43.39,43.65,-0.85,0.59,40.55,40.14,0.0,0.41,35,34
2003-10-19 22:00:00,22,1332.5,1761.0,39.55,39.05,0.0,0.5,35.85,35.47,0.0,0.38,34,33
2003-10-19 23:00:00,23,1237.6,1603.0,32.98,32.56,0.0,0.42,30.14,29.84,0.0,0.3,33,32
2003-10-20 00:00:00,0,1296.1,1490.0,31.18,30.76,0.0,0.42,26.74,26.44,0.0,0.3,33,30
2003-10-20 01:00:00,1,1507.3,1440.0,28.62,28.23,0.0,0.39,25.66,25.34,0.0,0.32,32,29
2003-10-20 02:00:00,2,1440.2,1425.0,26.36,25.99,0.0,0.37,22.61,22.32,0.0,0.29,32,28
2003-10-20 03:00:00,3,1435.7,1431.0,28.76,28.36,0.0,0.4,20.91,20.64,0.0,0.27,32,27
2003-10-20 04:00:00,4,1449.5,1477.0,29.94,29.53,-0.01,0.42,23.74,23.44,0.0,0.3,31,27
2003-10-20 05:00:00,5,1342.7,1660.0,37.5,36.97,0.0,0.53,35.17,34.74,0.0,0.43,31,26
2003-10-20 06:00:00,6,1898.3,2011.0,47.06,46.33,0.07,0.66,46.22,45.76,0.0,0.46,31,25
2003-10-20 07:00:00,7,1706.9,2234.0,49.69,48.79,0.22,0.68,50.84,50.4,0.0,0.44,30,26
2003-10-20 08:00:00,8,1789.2,2284.0,50.61,51.23,-1.33,0.71,50.92,50.35,0.05,0.52,32,27
2003-10-20 09:00:00,9,1701.0,2291.0,53.25,54.06,-1.56,0.75,50.48,49.84,0.06,0.58,38,27
2003-10-20 10:00:00,10,1734.5,2303.0,53.6,53.39,-0.52,0.73,51.14,50.55,0.03,0.56,40,29
2003-10-20 11:00:00,11,1782.5,2287.0,53.06,52.73,-0.39,0.72,50.3,49.58,0.06,0.66,42,26
2003-10-20 12:00:00,12,1837.8,2253.0,50.19,49.49,0.03,0.67,47.94,47.3,0.02,0.62,43,29
2003-10-20 13:00:00,13,1802.0,2223.0,50.56,49.73,0.15,0.68,48.31,47.65,0.04,0.62,46,28
2003-10-20 14:00:00,14,1891.9,2180.0,50.02,49.34,0.01,0.67,47.14,46.55,0.0,0.59,47,27
2003-10-20 15:00:00,15,1868.7,2151.0,50.01,49.78,-0.45,0.68,43.77,43.23,0.0,0.54,47,29
2003-10-20 16:00:00,16,1947.5,2162.0,50.2,50.91,-1.4,0.69,43.42,42.87,0.0,0.55,48,30
2003-10-20 17:00:00,17,2032.7,2224.0,50.23,52.81,-3.3,0.72,56.15,55.39,0.0,0.76,48,31
2003-10-20 18:00:00,18,1859.0,2384.0,57.33,58.46,-1.94,0.81,83.27,81.85,0.49,0.93,45,32
2003-10-20 19:00:00,19,1928.9,2387.0,55.36,56.74,-2.17,0.79,70.6,70.19,-0.47,0.88,42,33
2003-10-20 20:00:00,20,2077.2,2295.0,49.7,49.7,-0.69,0.69,57.07,57.14,-0.82,0.75,41,33
2003-10-20 21:00:00,21,1767.9,2132.0,46.69,46.57,-0.52,0.64,45.29,44.66,0.0,0.63,42,35
2003-10-20 22:00:00,22,1376.1,1915.0,41.75,41.2,0.0,0.55,42.71,42.06,0.0,0.65,42,33
2003-10-20 23:00:00,23,1279.1,1712.0,35.42,34.94,0.01,0.47,33.07,32.62,0.0,0.45,43,36
2003-10-21 00:00:00,0,1358.2,1589.0,34.8,34.31,0.0,0.49,35.31,34.82,0.0,0.49,43,37
2003-10-21 01:00:00,1,1626.9,1526.0,33.0,32.53,0.0,0.47,34.89,34.37,0.0,0.52,42,39
2003-10-21 02:00:00,2,1763.1,1498.0,29.57,29.15,0.0,0.42,29.92,29.49,0.0,0.43,44,43
2003-10-21 03:00:00,3,1793.1,1479.0,30.03,29.6,0.0,0.43,32.26,31.72,0.0,0.54,49,47
2003-10-21 04:00:00,4,1818.9,1511.0,32.44,31.97,0.0,0.47,33.81,33.31,0.0,0.5,51,49
2003-10-21 05:00:00,5,1183.2,1666.0,34.99,34.48,0.0,0.51,36.56,36.06,0.0,0.5,52,50
2003-10-21 06:00:00,6,1588.0,1996.0,45.04,44.32,0.09,0.63,52.57,51.77,0.07,0.73,53,51
2003-10-21 07:00:00,7,1820.4,2187.0,45.0,45.63,-1.28,0.65,59.3,58.49,0.11,0.7,54,51
2003-10-21 08:00:00,8,1996.1,2212.0,45.83,45.75,-0.57,0.65,53.52,52.77,0.05,0.7,55,52
2003-10-21 09:00:00,9,2045.0,2239.0,47.16,47.19,-0.7,0.67,53.95,53.23,0.0,0.72,58,52
2003-10-21 10:00:00,10,2068.4,2275.0,49.05,49.04,-0.69,0.7,57.31,56.59,0.0,0.72,61,52
2003-10-21 11:00:00,11,2081.7,2279.0,49.18,49.16,-0.68,0.7,56.09,55.33,0.0,0.76,60,51
2003-10-21 12:00:00,12,2009.6,2251.0,47.47,47.6,-0.81,0.68,58.46,57.67,0.01,0.78,57,53
2003-10-21 13:00:00,13,2010.0,2224.0,47.16,47.27,-0.77,0.66,51.0,50.33,0.0,0.67,59,53
2003-10-21 14:00:00,14,1972.3,2199.0,45.74,45.96,-0.86,0.64,51.98,51.33,0.0,0.65,62,52
2003-10-21 15:00:00,15,1942.3,2189.0,45.11,45.41,-0.93,0.63,50.25,49.63,0.0,0.62,62,51
2003-10-21 16:00:00,16,2025.4,2202.0,45.76,45.03,0.09,0.64,51.44,50.82,0.0,0.62,63,52
2003-10-21 17:00:00,17,2081.1,2273.0,47.61,47.98,-1.05,0.68,64.5,63.64,0.04,0.82,63,51
2003-10-21 18:00:00,18,1877.7,2388.0,52.56,53.8,-2.01,0.77,87.41,85.76,0.46,1.19,61,51
2003-10-21 19:00:00,19,1973.2,2345.0,50.87,52.6,-2.49,0.76,49.05,48.41,0.0,0.64,60,50
2003-10-21 20:00:00,20,2062.6,2253.0,47.3,47.66,-1.04,0.68,43.31,42.78,0.0,0.53,57,47
2003-10-21 21:00:00,21,1754.4,2092.0,43.86,43.26,0.0,0.6,36.87,36.41,0.0,0.46,56,46
2003-10-21 22:00:00,22,1413.2,1866.0,40.15,39.6,0.0,0.55,34.3,33.83,0.0,0.47,53,44
2003-10-21 23:00:00,23,1226.7,1675.0,34.8,34.33,0.0,0.47,32.04,31.59,0.01,0.44,52,44
2003-10-22 00:00:00,0,2184.7,1547.0,37.82,37.21,0.06,0.55,34.98,34.24,0.13,0.61,49,43
2003-10-22 01:00:00,1,2148.9,1471.0,36.91,36.28,0.09,0.54,34.8,34.01,0.14,0.65,48,42
2003-10-22 02:00:00,2,2160.6,1438.0,35.4,34.72,0.15,0.53,28.49,27.88,0.06,0.55,47,41
2003-10-22 03:00:00,3,2301.1,1428.0,35.4,34.74,0.14,0.52,29.53,28.9,0.07,0.56,46,41
2003-10-22 04:00:00,4,2149.9,1463.0,35.91,35.3,0.08,0.53,34.95,34.15,0.13,0.67,45,39
2003-10-22 05:00:00,5,1758.0,1625.0,37.84,37.21,0.06,0.57,37.13,36.38,0.16,0.59,42,36
2003-10-22 06:00:00,6,1668.5,1962.0,48.49,48.48,-0.74,0.75,40.81,40.24,0.1,0.47,42,36
2003-10-22 07:00:00,7,1829.7,2194.0,50.7,50.33,-0.4,0.77,46.78,46.16,0.02,0.6,40,35
2003-10-22 08:00:00,8,1943.1,2247.0,50.73,49.57,0.41,0.75,44.63,44.07,0.0,0.56,40,35
2003-10-22 09:00:00,9,1919.6,2274.0,52.0,50.48,0.76,0.76,49.83,49.12,0.0,0.71,38,37
2003-10-22 10:00:00,10,1919.5,2302.0,52.65,50.61,1.29,0.75,51.15,50.39,0.0,0.76,38,36
2003-10-22 11:00:00,11,1935.8,2309.0,51.11,49.43,0.95,0.73,49.35,48.63,0.0,0.72,38,37
2003-10-22 12:00:00,12,1919.9,2302.0,50.17,48.79,0.66,0.72,45.94,45.29,0.0,0.65,38,37
2003-10-22 13:00:00,13,1993.6,2298.0,49.78,48.48,0.6,0.7,47.37,46.7,0.0,0.67,38,37
2003-10-22 14:00:00,14,2083.4,2285.0,48.1,47.26,0.15,0.69,45.22,44.59,0.0,0.63,38,36
2003-10-22 15:00:00,15,2035.1,2283.0,48.09,47.31,0.07,0.71,45.17,44.54,0.0,0.63,38,36
2003-10-22 16:00:00,16,1903.5,2323.0,50.37,49.54,0.08,0.75,47.35,46.67,0.0,0.68,37,36
2003-10-22 17:00:00,17,1902.4,2389.0,52.91,52.12,0.0,0.79,47.48,46.82,0.0,0.66,37,35
2003-10-22 18:00:00,18,1777.8,2463.0,60.0,59.05,0.05,0.9,50.28,51.21,-1.59,0.66,36,35
2003-10-22 19:00:00,19,1912.0,2428.0,57.29,56.86,-0.44,0.87,51.4,50.86,-0.15,0.69,36,34
2003-10-22 20:00:00,20,1855.1,2338.0,51.89,51.05,0.07,0.77,48.26,47.54,0.0,0.72,35,33
2003-10-22 21:00:00,21,1847.1,2182.0,46.86,46.11,0.07,0.68,38.8,38.29,0.0,0.51,35,33
2003-10-22 22:00:00,22,1511.2,1969.0,40.99,40.28,0.12,0.59,37.34,36.82,0.0,0.52,35,32
2003-10-22 23:00:00,23,1821.0,1781.0,37.89,37.12,0.22,0.55,34.8,34.39,0.0,0.41,34,32
2003-10-23 00:00:00,0,1745.6,1644.0,35.77,35.07,0.16,0.54,35.85,35.42,0.0,0.43,34,31
2003-10-23 01:00:00,1,2004.7,1569.0,35.07,34.36,0.19,0.52,37.04,36.34,0.24,0.46,33,31
2003-10-23 02:00:00,2,2125.1,1540.0,31.88,31.23,0.18,0.47,36.27,35.52,0.16,0.59,33,30
2003-10-23 03:00:00,3,2357.5,1538.0,31.85,31.21,0.17,0.47,35.18,34.48,0.14,0.56,32,30
2003-10-23 04:00:00,4,1952.8,1580.0,32.83,32.27,0.06,0.5,38.9,38.15,0.22,0.53,32,29
2003-10-23 05:00:00,5,1381.7,1744.0,38.58,37.81,0.18,0.59,43.78,42.99,0.26,0.53,32,28
2003-10-23 06:00:00,6,1774.6,2085.0,47.23,46.5,0.0,0.73,56.94,56.12,0.15,0.67,31,29
2003-10-23 07:00:00,7,1948.9,2283.0,52.61,51.81,0.0,0.8,62.3,61.49,0.11,0.7,31,29
2003-10-23 08:00:00,8,2012.9,2317.0,52.95,52.12,0.02,0.81,51.03,50.39,0.0,0.64,32,30
2003-10-23 09:00:00,9,1970.0,2323.0,54.51,53.65,0.03,0.83,61.4,60.58,0.0,0.82,32,29
2003-10-23 10:00:00,10,2029.2,2347.0,55.7,54.83,0.04,0.83,66.81,65.85,0.0,0.96,33,30
2003-10-23 11:00:00,11,1937.2,2354.0,54.81,53.96,0.04,0.81,69.67,68.54,0.0,1.13,33,30
2003-10-23 12:00:00,12,1935.9,2334.0,52.68,51.87,0.03,0.78,68.43,67.23,0.16,1.04,34,31
2003-10-23 13:00:00,13,1929.0,2317.0,52.68,51.87,0.04,0.77,55.81,54.92,0.0,0.89,35,31
2003-10-23 14:00:00,14,2017.1,2289.0,51.1,50.33,0.03,0.74,51.98,51.15,0.0,0.83,37,31
2003-10-23 15:00:00,15,1983.0,2263.0,50.24,49.5,0.0,0.74,49.99,49.21,0.0,0.78,37,27
2003-10-23 16:00:00,16,2020.1,2279.0,52.65,51.86,0.0,0.79,50.52,49.73,0.0,0.79,36,27
2003-10-23 17:00:00,17,1952.5,2341.0,55.96,55.14,-0.02,0.84,56.47,55.75,0.0,0.72,36,27
2003-10-23 18:00:00,18,2002.5,2472.0,61.94,60.95,0.04,0.95,136.0,134.65,0.0,1.35,34,29
2003-10-23 19:00:00,19,1870.2,2456.0,60.59,59.67,0.0,0.92,86.81,85.66,0.0,1.15,35,26
2003-10-23 20:00:00,20,1999.2,2373.0,54.57,53.64,0.09,0.84,56.21,55.4,0.0,0.81,33,25
2003-10-23 21:00:00,21,1860.0,2235.0,46.0,45.31,0.0,0.69,58.55,57.64,0.0,0.91,32,26
2003-10-23 22:00:00,22,1474.1,2014.0,42.15,41.52,0.0,0.63,53.49,52.54,0.1,0.85,33,25
2003-10-23 23:00:00,23,1306.2,1812.0,38.53,37.77,0.2,0.56,42.54,41.87,0.16,0.51,33,24
2003-10-24 00:00:00,0,1534.3,1677.0,37.83,37.06,0.18,0.59,38.57,37.83,0.19,0.55,31,24
2003-10-24 01:00:00,1,1808.5,1609.0,36.87,36.1,0.2,0.57,38.43,37.63,0.22,0.58,32,25
2003-10-24 02:00:00,2,2133.2,1578.0,35.1,34.31,0.25,0.54,39.03,38.21,0.2,0.62,30,24
2003-10-24 03:00:00,3,2127.4,1570.0,34.47,33.73,0.21,0.53,39.06,38.25,0.21,0.6,29,23
2003-10-24 04:00:00,4,2055.4,1604.0,35.99,35.31,0.12,0.56,39.26,38.47,0.19,0.6,32,23
2003-10-24 05:00:00,5,1457.1,1766.0,39.57,38.95,0.0,0.62,40.3,39.51,0.22,0.57,32,22
2003-10-24 06:00:00,6,1719.1,2091.0,49.76,48.98,0.0,0.78,56.53,55.81,0.06,0.66,31,22
2003-10-24 07:00:00,7,1761.4,2272.0,54.4,53.56,0.0,0.84,57.41,56.77,0.05,0.59,29,23
2003-10-24 08:00:00,8,1917.2,2302.0,54.59,53.93,-0.18,0.84,56.72,55.99,0.04,0.69,30,23
2003-10-24 09:00:00,9,2009.5,2301.0,54.39,53.56,0.0,0.83,53.23,52.52,0.03,0.68,33,24
2003-10-24 10:00:00,10,1992.1,2301.0,54.38,53.55,0.0,0.83,49.76,49.07,0.08,0.61,36,25
2003-10-24 11:00:00,11,1968.3,2291.0,54.39,53.55,0.0,0.84,47.45,46.75,0.09,0.61,37,23
2003-10-24 12:00:00,12,2022.7,2262.0,53.0,52.27,-0.09,0.82,51.69,50.9,0.05,0.74,38,21
2003-10-24 13:00:00,13,2019.9,2246.0,52.78,51.97,0.0,0.81,52.62,51.78,0.06,0.78,40,20
2003-10-24 14:00:00,14,1935.9,2211.0,52.0,51.2,0.0,0.8,44.83,44.18,0.08,0.57,39,21
2003-10-24 15:00:00,15,1910.7,2172.0,49.74,48.98,0.0,0.76,42.46,41.99,0.0,0.47,41,21
2003-10-24 16:00:00,16,1932.6,2166.0,52.15,51.34,0.0,0.81,42.12,41.66,0.0,0.46,41,21
2003-10-24 17:00:00,17,1987.1,2189.0,53.79,54.81,-1.89,0.87,38.63,38.25,0.0,0.38,41,21
2003-10-24 18:00:00,18,1945.2,2316.0,60.08,59.66,-0.53,0.95,46.38,45.9,0.0,0.48,39,21
2003-10-24 19:00:00,19,1897.2,2296.0,56.15,56.48,-1.22,0.89,45.52,45.01,0.0,0.51,36,21
2003-10-24 20:00:00,20,2020.3,2229.0,53.19,52.78,-0.42,0.83,45.86,45.37,0.0,0.49,32,22
2003-10-24 21:00:00,21,1656.9,2131.0,47.6,46.87,0.0,0.73,43.88,43.38,0.0,0.5,33,22
2003-10-24 22:00:00,22,1399.1,1978.0,43.05,42.39,0.0,0.66,47.15,46.57,0.0,0.58,31,22
2003-10-24 23:00:00,23,1298.5,1808.0,37.97,37.4,0.0,0.57,41.47,41.1,0.0,0.37,31,22
2003-10-25 00:00:00,0,1908.2,1675.0,38.67,38.06,0.0,0.61,44.64,44.2,0.0,0.44,34,21
2003-10-25 01:00:00,1,2074.3,1604.0,37.36,36.77,0.0,0.59,44.92,44.51,0.0,0.41,32,21
2003-10-25 02:00:00,2,2174.8,1570.0,35.79,35.22,0.0,0.57,43.47,43.07,0.0,0.4,31,22
2003-10-25 03:00:00,3,2367.6,1556.0,35.52,34.96,0.0,0.56,42.01,41.63,0.0,0.38,33,22
2003-10-25 04:00:00,4,2316.6,1572.0,35.79,35.22,0.0,0.57,46.2,45.74,0.0,0.46,35,19
2003-10-25 05:00:00,5,1884.2,1627.0,39.25,38.61,0.0,0.64,47.04,46.58,0.0,0.46,35,19
2003-10-25 06:00:00,6,1555.4,1740.0,45.18,44.44,0.0,0.74,39.73,39.43,0.0,0.3,33,19
2003-10-25 07:00:00,7,1516.2,1863.0,46.0,45.24,-0.01,0.77,43.45,43.16,0.0,0.29,36,19
2003-10-25 08:00:00,8,1623.1,2006.0,49.81,48.94,0.03,0.84,55.83,55.39,0.0,0.44,35,20
2003-10-25 09:00:00,9,1770.4,2062.0,52.1,51.11,0.11,0.88,62.24,63.9,-2.12,0.46,38,22
2003-10-25 10:00:00,10,1780.1,2057.0,52.88,51.72,0.28,0.88,48.91,52.95,-4.61,0.57,42,21
2003-10-25 11:00:00,11,1736.2,2014.0,50.29,49.36,0.09,0.84,42.77,42.81,-0.47,0.43,44,24
2003-10-25 12:00:00,12,1677.1,1957.0,49.11,48.24,0.05,0.82,42.53,42.13,0.0,0.4,47,24
2003-10-25 13:00:00,13,1639.9,1900.0,48.56,47.72,0.03,0.81,39.55,39.15,0.0,0.4,50,27
2003-10-25 14:00:00,14,1578.9,1846.0,47.76,46.96,0.0,0.8,37.79,37.32,0.0,0.47,51,29
2003-10-25 15:00:00,15,1557.8,1819.0,45.79,45.02,0.0,0.77,39.37,38.88,0.0,0.49,52,30
2003-10-25 16:00:00,16,1612.4,1846.0,47.96,47.14,0.0,0.82,39.84,39.45,0.0,0.39,53,31
2003-10-25 17:00:00,17,1697.4,1924.0,52.7,52.54,-0.76,0.92,46.59,46.14,0.0,0.45,52,31
2003-10-25 18:00:00,18,1606.0,2066.0,58.56,57.57,-0.01,1.0,54.18,53.69,0.0,0.49,50,33
2003-10-25 19:00:00,19,1656.4,2037.0,56.0,55.05,0.0,0.95,48.7,48.25,0.0,0.45,48,35
2003-10-25 20:00:00,20,1808.7,1978.0,48.82,48.0,0.0,0.82,43.64,43.24,0.0,0.4,47,37
2003-10-25 21:00:00,21,1579.4,1888.0,46.92,46.15,0.0,0.77,41.84,41.48,0.0,0.36,47,39
2003-10-25 22:00:00,22,1370.1,1778.0,42.37,41.69,0.0,0.68,47.67,47.15,0.0,0.52,46,41
2003-10-25 23:00:00,23,1689.0,1632.0,37.65,37.05,0.0,0.6,42.58,42.16,0.0,0.42,46,42
2003-10-26 00:00:00,0,1769.3,1509.0,38.51,37.89,0.0,0.62,38.49,38.19,0.0,0.3,48,44
2003-10-26 01:00:00,1,4215.0,2715.0,70.26,69.05,0.0,1.21,77.53,76.75,0.0,0.78,50,47
2003-10-26 02:00:00,2,2266.3,1386.0,31.75,31.24,0.0,0.51,38.41,37.96,0.0,0.45,51,48
2003-10-26 03:00:00,3,2277.8,1337.0,31.19,30.68,0.0,0.51,38.54,38.07,0.0,0.47,50,49
2003-10-26 04:00:00,4,2310.0,1348.0,32.55,32.01,0.0,0.54,38.32,37.88,0.0,0.44,51,50
2003-10-26 05:00:00,5,2313.9,1390.0,35.76,35.16,0.0,0.6,39.53,39.07,0.0,0.46,51,51
2003-10-26 06:00:00,6,1482.4,1468.0,39.63,38.96,0.0,0.67,36.73,36.28,0.0,0.45,52,52
2003-10-26 07:00:00,7,1230.6,1616.0,43.04,42.3,0.0,0.74,39.66,39.21,-0.01,0.46,54,54
2003-10-26 08:00:00,8,1326.2,1767.0,45.9,45.09,0.0,0.81,48.08,47.76,-0.07,0.39,55,55
2003-10-26 09:00:00,9,1453.9,1856.0,47.81,46.98,0.0,0.83,53.25,52.77,0.0,0.48,56,55
2003-10-26 10:00:00,10,1523.5,1893.0,48.03,47.21,0.0,0.82,50.89,50.39,0.0,0.5,57,56
2003-10-26 11:00:00,11,1552.5,1920.0,48.02,47.21,0.0,0.81,49.15,48.61,0.0,0.54,58,56
2003-10-26 12:00:00,12,1543.8,1925.0,47.06,46.27,0.0,0.79,49.75,49.19,0.0,0.56,58,57
2003-10-26 13:00:00,13,1522.4,1910.0,45.9,45.14,0.0,0.76,54.2,53.67,0.0,0.53,58,57
2003-10-26 14:00:00,14,1503.5,1894.0,45.05,44.31,0.0,0.74,46.94,46.49,0.0,0.45,58,56
2003-10-26 15:00:00,15,1531.2,1912.0,45.56,44.82,0.0,0.74,51.9,51.34,0.0,0.56,57,55
2003-10-26 16:00:00,16,1834.7,2027.0,52.24,51.38,-0.01,0.87,108.91,108.26,0.0,0.65,57,55
2003-10-26 17:00:00,17,1688.1,2140.0,59.98,58.99,-0.02,1.01,89.12,88.69,0.0,0.43,57,56
2003-10-26 18:00:00,18,1498.8,2118.0,58.91,57.94,-0.01,0.98,60.75,60.19,0.0,0.56,57,56
2003-10-26 19:00:00,19,1536.5,2057.0,55.0,54.08,0.0,0.92,53.72,53.24,0.0,0.48,58,57
2003-10-26 20:00:00,20,1669.2,1961.0,48.95,48.13,0.0,0.82,46.96,46.58,0.0,0.38,58,57
2003-10-26 21:00:00,21,1461.6,1809.0,43.76,43.04,0.0,0.72,39.34,39.05,0.0,0.29,59,58
2003-10-26 22:00:00,22,1188.1,1640.0,41.11,40.42,0.0,0.69,39.38,39.06,0.0,0.32,59,58
2003-10-26 23:00:00,23,1673.4,1513.0,36.25,35.65,0.0,0.6,36.35,35.97,0.0,0.38,59,59
2003-10-27 00:00:00,0,1605.4,1442.0,30.78,30.29,0.0,0.49,36.06,35.67,0.0,0.39,60,59
2003-10-27 01:00:00,1,1773.8,1378.0,30.66,30.18,0.0,0.48,34.55,34.17,0.0,0.38,60,59
2003-10-27 02:00:00,2,1897.9,1356.0,29.76,29.29,0.0,0.47,36.26,35.86,0.0,0.4,60,59
2003-10-27 03:00:00,3,1868.0,1356.0,29.76,29.29,0.0,0.47,31.02,30.7,0.0,0.32,60,59
2003-10-27 04:00:00,4,1759.9,1401.0,30.67,30.19,0.0,0.48,34.51,34.12,0.0,0.39,60,59
2003-10-27 05:00:00,5,1123.3,1581.0,37.05,36.46,0.0,0.59,42.31,41.96,0.0,0.35,60,59
2003-10-27 06:00:00,6,1520.2,1919.0,45.7,44.96,0.0,0.74,51.98,51.48,0.0,0.5,60,58
2003-10-27 07:00:00,7,1703.0,2129.0,48.09,47.32,0.0,0.77,51.68,51.2,0.0,0.48,58,57
2003-10-27 08:00:00,8,1905.8,2215.0,50.12,49.34,0.0,0.78,58.41,57.84,0.0,0.57,58,57
2003-10-27 09:00:00,9,1971.5,2265.0,51.16,50.34,0.02,0.8,67.12,66.49,0.0,0.63,59,57
2003-10-27 10:00:00,10,2015.9,2298.0,52.93,52.07,0.04,0.82,56.37,55.86,0.0,0.51,59,58
2003-10-27 11:00:00,11,2021.1,2303.0,52.93,52.07,0.04,0.82,57.47,56.82,0.0,0.65,59,58
2003-10-27 12:00:00,12,2007.7,2294.0,50.13,49.32,0.05,0.76,55.54,54.92,0.0,0.62,60,58
2003-10-27 13:00:00,13,2010.7,2289.0,49.2,48.42,0.04,0.74,52.0,51.39,0.0,0.61,61,59
2003-10-27 14:00:00,14,1979.3,2277.0,48.22,47.47,0.03,0.72,50.51,49.93,0.0,0.58,63,59
2003-10-27 15:00:00,15,1967.6,2296.0,48.22,47.47,0.03,0.72,53.92,53.28,0.0,0.64,62,59
2003-10-27 16:00:00,16,2133.8,2394.0,53.96,58.91,-5.87,0.92,131.09,129.62,0.0,1.47,61,58
2003-10-27 17:00:00,17,1856.8,2501.0,60.1,75.5,-16.57,1.17,98.6,108.13,-10.75,1.22,60,58
2003-10-27 18:00:00,18,1898.8,2448.0,60.11,77.44,-18.53,1.2,58.02,104.4,-47.54,1.16,61,59
2003-10-27 19:00:00,19,2026.2,2351.0,56.12,74.42,-19.46,1.16,47.82,49.57,-2.36,0.61,61,59
2003-10-27 20:00:00,20,2045.2,2231.0,48.19,55.16,-7.84,0.87,48.2,47.65,0.0,0.55,55,52
2003-10-27 21:00:00,21,1713.7,2061.0,46.02,45.31,0.0,0.71,42.32,41.85,0.0,0.47,54,52
2003-10-27 22:00:00,22,1385.9,1842.0,43.1,42.44,0.0,0.66,36.6,36.17,0.0,0.43,53,52
2003-10-27 23:00:00,23,1317.7,1654.0,36.63,36.08,0.0,0.55,33.63,33.28,0.0,0.35,54,52
2003-10-28 00:00:00,0,2050.2,1529.0,34.9,34.38,0.0,0.52,36.85,36.37,0.0,0.48,53,50
2003-10-28 01:00:00,1,2296.9,1461.0,34.66,34.15,0.0,0.51,34.17,33.56,0.0,0.61,49,45
2003-10-28 02:00:00,2,2288.2,1430.0,30.68,30.22,0.0,0.46,31.03,30.41,0.0,0.62,47,41
2003-10-28 03:00:00,3,2281.1,1421.0,30.04,29.59,0.0,0.45,28.63,28.09,0.0,0.54,46,40
2003-10-28 04:00:00,4,2307.2,1463.0,32.32,31.82,0.0,0.5,30.97,30.41,0.0,0.56,44,40
2003-10-28 05:00:00,5,2114.7,1640.0,38.05,37.47,0.0,0.58,49.63,48.83,0.0,0.8,43,40
2003-10-28 06:00:00,6,1598.5,1949.0,46.57,45.87,0.0,0.7,47.72,47.04,0.0,0.68,42,40
2003-10-28 07:00:00,7,1771.9,2137.0,48.34,48.7,-1.09,0.73,44.26,43.74,0.0,0.52,42,39
2003-10-28 08:00:00,8,1926.4,2167.0,49.96,49.66,-0.44,0.74,42.92,42.43,0.0,0.49,42,38
2003-10-28 09:00:00,9,1925.1,2180.0,51.56,52.77,-1.99,0.78,48.97,48.34,0.0,0.63,47,37
2003-10-28 10:00:00,10,1975.4,2204.0,52.45,52.97,-1.29,0.77,50.08,49.37,0.0,0.71,50,37
2003-10-28 11:00:00,11,1969.5,2204.0,52.52,53.05,-1.31,0.78,49.91,49.17,0.0,0.74,52,33
2003-10-28 12:00:00,12,1913.2,2186.0,50.01,50.94,-1.68,0.75,47.38,46.73,0.0,0.65,54,33
2003-10-28 13:00:00,13,1911.6,2177.0,49.57,50.26,-1.42,0.73,46.09,45.47,0.0,0.62,55,33
2003-10-28 14:00:00,14,1909.0,2155.0,48.0,47.29,0.02,0.69,45.95,45.35,0.0,0.6,56,33
2003-10-28 15:00:00,15,1915.3,2136.0,47.57,46.86,0.02,0.69,42.74,42.27,0.0,0.47,56,34
2003-10-28 16:00:00,16,1973.7,2211.0,55.28,56.92,-2.5,0.86,47.53,46.99,0.0,0.54,55,35
2003-10-28 17:00:00,17,2049.1,2407.0,59.41,62.98,-4.52,0.95,53.45,75.75,-23.18,0.88,53,34
2003-10-28 18:00:00,18,1966.1,2391.0,59.35,74.45,-16.21,1.11,50.37,50.06,-0.37,0.68,52,38
2003-10-28 19:00:00,19,2027.9,2327.0,54.89,58.63,-4.63,0.89,51.91,55.97,-4.77,0.71,50,40
2003-10-28 20:00:00,20,1947.8,2226.0,49.37,51.47,-2.87,0.77,44.45,43.87,0.0,0.58,49,41
2003-10-28 21:00:00,21,1635.5,2053.0,46.57,45.89,0.0,0.68,43.37,42.8,0.0,0.57,49,41
2003-10-28 22:00:00,22,1343.2,1838.0,41.6,40.99,0.0,0.61,41.66,41.11,0.0,0.55,49,43
2003-10-28 23:00:00,23,1752.4,1662.0,36.2,35.67,0.0,0.53,38.55,38.16,0.0,0.39,47,45
2003-10-29 00:00:00,0,2106.1,1537.0,37.11,36.57,0.0,0.54,38.29,37.83,0.0,0.46,47,46
2003-10-29 01:00:00,1,2305.2,1482.0,34.45,33.96,0.0,0.49,39.15,38.56,0.0,0.59,47,46
2003-10-29 02:00:00,2,2286.4,1457.0,32.11,31.64,0.0,0.47,38.04,37.38,0.0,0.66,47,46
2003-10-29 03:00:00,3,2281.0,1450.0,31.3,30.84,0.0,0.46,37.15,36.54,0.0,0.61,47,47
2003-10-29 04:00:00,4,2303.0,1490.0,35.04,34.53,0.0,0.51,38.16,37.53,0.0,0.63,48,47
2003-10-29 05:00:00,5,1822.3,1659.0,39.57,38.98,0.0,0.59,42.37,41.75,0.0,0.62,48,47
2003-10-29 06:00:00,6,1610.9,1971.0,48.06,47.34,0.0,0.72,55.39,54.74,0.0,0.65,48,47
2003-10-29 07:00:00,7,1816.1,2184.0,49.23,48.5,0.0,0.73,64.29,63.56,0.0,0.73,48,48
2003-10-29 08:00:00,8,1821.5,2248.0,51.41,50.66,0.0,0.75,72.55,71.6,0.0,0.95,49,48
2003-10-29 09:00:00,9,1763.3,2284.0,53.67,52.89,0.0,0.78,89.78,88.58,0.0,1.2,50,50
2003-10-29 10:00:00,10,1753.9,2317.0,54.11,53.33,0.0,0.78,70.67,69.71,0.0,0.96,55,54
2003-10-29 11:00:00,11,1755.2,2332.0,54.11,53.34,0.0,0.77,50.85,50.15,0.0,0.7,64,63
2003-10-29 12:00:00,12,1694.6,2320.0,53.09,52.33,0.0,0.76,53.77,53.07,0.0,0.7,65,62
2003-10-29 13:00:00,13,1757.4,2301.0,52.68,51.93,0.0,0.75,49.29,48.67,0.0,0.62,64,61
2003-10-29 14:00:00,14,1750.7,2261.0,50.3,49.6,0.0,0.7,46.63,45.99,0.0,0.64,54,52
2003-10-29 15:00:00,15,1867.2,2250.0,50.77,50.06,0.0,0.71,42.56,41.98,0.0,0.58,52,50
2003-10-29 16:00:00,16,1745.3,2305.0,59.98,58.55,0.57,0.86,44.66,67.12,-23.2,0.74,51,49
2003-10-29 17:00:00,17,1994.0,2452.0,61.94,66.41,-5.44,0.97,45.74,77.04,-32.3,1.0,51,47
2003-10-29 18:00:00,18,1822.2,2422.0,59.38,69.62,-11.26,1.02,44.61,73.05,-29.48,1.04,51,47
2003-10-29 19:00:00,19,1702.9,2351.0,59.98,58.77,0.34,0.87,37.46,57.29,-20.57,0.74,50,46
2003-10-29 20:00:00,20,1868.8,2255.0,51.41,50.65,0.0,0.76,39.91,41.01,-1.64,0.54,49,46
2003-10-29 21:00:00,21,1692.7,2099.0,47.56,46.87,0.0,0.69,34.19,33.77,0.0,0.42,49,43
2003-10-29 22:00:00,22,1387.3,1884.0,42.74,42.12,0.0,0.62,28.9,28.53,0.0,0.37,48,41
2003-10-29 23:00:00,23,1524.1,1694.0,38.14,37.59,0.0,0.55,27.67,27.26,0.0,0.41,45,37
2003-10-30 00:00:00,0,1890.4,1595.0,39.63,39.04,0.0,0.59,26.04,25.58,0.0,0.46,43,36
2003-10-30 01:00:00,1,2067.4,1537.0,38.69,38.12,0.0,0.57,28.64,28.05,0.0,0.59,42,35
2003-10-30 02:00:00,2,2291.0,1510.0,38.48,37.91,0.0,0.57,26.29,25.8,0.0,0.49,42,34
2003-10-30 03:00:00,3,2286.7,1509.0,37.17,36.61,0.0,0.56,28.79,28.31,0.0,0.48,41,34
2003-10-30 04:00:00,4,2310.7,1556.0,38.77,38.19,0.0,0.58,29.07,28.64,0.0,0.43,41,34
2003-10-30 05:00:00,5,1873.1,1729.0,40.93,40.3,0.0,0.63,29.34,28.97,0.0,0.37,40,34
2003-10-30 06:00:00,6,1609.5,2023.0,50.64,49.87,0.0,0.77,33.2,32.87,0.0,0.33,40,34
2003-10-30 07:00:00,7,1617.8,2187.0,55.82,54.83,0.15,0.84,44.84,44.37,0.0,0.47,40,33
2003-10-30 08:00:00,8,1621.0,2224.0,57.87,56.89,0.13,0.85,45.4,44.93,0.0,0.47,42,34
2003-10-30 09:00:00,9,1609.6,2228.0,57.87,56.9,0.13,0.84,41.89,41.5,0.0,0.39,45,34
2003-10-30 10:00:00,10,1617.5,2240.0,57.67,56.7,0.13,0.84,48.8,48.27,0.0,0.53,47,34
2003-10-30 11:00:00,11,1617.1,2236.0,57.87,56.91,0.13,0.83,40.82,40.4,0.0,0.42,49,33
2003-10-30 12:00:00,12,1682.9,2198.0,55.02,54.05,0.18,0.79,40.12,39.7,0.0,0.42,51,35
2003-10-30 13:00:00,13,1773.3,2188.0,52.99,52.03,0.21,0.75,42.21,41.73,0.0,0.48,52,33
2003-10-30 14:00:00,14,1868.1,2169.0,49.99,49.03,0.25,0.71,40.57,40.16,0.0,0.41,53,33
2003-10-30 15:00:00,15,1851.8,2151.0,49.99,49.01,0.26,0.72,37.23,36.83,0.0,0.4,54,33
2003-10-30 16:00:00,16,1969.9,2219.0,59.95,59.05,0.02,0.88,37.31,36.93,0.0,0.38,53,33
2003-10-30 17:00:00,17,1887.8,2407.0,62.22,67.34,-6.11,0.99,51.83,71.54,-20.52,0.81,50,34
2003-10-30 18:00:00,18,1919.7,2413.0,59.23,66.56,-8.31,0.98,45.92,47.42,-2.11,0.61,48,34
2003-10-30 19:00:00,19,1861.5,2358.0,57.92,58.64,-1.59,0.87,41.78,43.04,-1.78,0.52,46,35
2003-10-30 20:00:00,20,1940.2,2277.0,52.0,51.08,0.16,0.76,39.71,39.26,0.0,0.45,46,37
2003-10-30 21:00:00,21,1665.4,2129.0,48.29,47.59,0.0,0.7,35.02,34.59,0.0,0.43,45,34
2003-10-30 22:00:00,22,1340.1,1916.0,45.0,44.34,0.0,0.66,29.12,28.7,0.0,0.42,45,34
2003-10-30 23:00:00,23,1620.6,1728.0,39.63,39.05,0.0,0.58,26.28,25.91,0.0,0.37,46,33
2003-10-31 00:00:00,0,1400.5,1591.0,29.72,29.29,0.0,0.43,3.3,3.25,0.0,0.05,44,34
2003-10-31 01:00:00,1,1516.5,1528.0,26.5,26.12,0.0,0.38,0.83,0.82,0.0,0.01,43,34
2003-10-31 02:00:00,2,1738.9,1494.0,25.29,24.93,0.0,0.36,0.83,0.82,0.0,0.01,44,34
2003-10-31 03:00:00,3,1730.3,1490.0,25.06,24.69,0.0,0.37,0.85,0.84,0.0,0.01,44,35
2003-10-31 04:00:00,4,1594.2,1541.0,26.41,26.03,0.0,0.38,22.18,21.82,0.0,0.36,45,35
2003-10-31 05:00:00,5,1076.7,1708.0,32.65,32.16,0.0,0.49,43.5,42.79,0.0,0.71,45,35
2003-10-31 06:00:00,6,1635.5,1989.0,45.47,44.78,0.0,0.69,42.89,42.29,0.0,0.6,42,35
2003-10-31 07:00:00,7,1810.9,2148.0,47.2,46.5,0.0,0.7,41.89,41.29,0.0,0.6,42,37
2003-10-31 08:00:00,8,1803.3,2187.0,48.6,47.99,-0.1,0.71,38.85,38.35,0.0,0.5,47,37
2003-10-31 09:00:00,9,1758.7,2198.0,49.66,48.94,0.0,0.72,40.06,39.55,0.0,0.51,51,39
2003-10-31 10:00:00,10,1844.3,2215.0,48.6,47.96,-0.06,0.7,44.14,43.51,0.0,0.63,56,39
2003-10-31 11:00:00,11,1949.3,2211.0,47.98,47.58,-0.29,0.69,41.4,40.84,0.0,0.56,59,41
2003-10-31 12:00:00,12,1895.9,2188.0,46.74,46.08,0.0,0.66,39.22,38.72,0.0,0.5,62,41
2003-10-31 13:00:00,13,1892.4,2169.0,47.1,46.44,0.0,0.66,40.28,39.77,0.0,0.51,63,43
2003-10-31 14:00:00,14,1851.3,2140.0,43.26,42.65,0.0,0.61,36.1,35.66,0.0,0.44,65,44
2003-10-31 15:00:00,15,1823.4,2119.0,43.26,42.65,0.0,0.61,36.38,35.89,0.0,0.49,64,44
2003-10-31 16:00:00,16,1780.3,2187.0,49.01,49.75,-1.47,0.73,42.0,41.51,0.0,0.49,62,45
2003-10-31 17:00:00,17,1961.4,2288.0,54.7,59.37,-5.54,0.87,50.99,50.75,-0.3,0.54,59,45
2003-10-31 18:00:00,18,1807.8,2205.0,53.22,59.83,-7.5,0.89,35.45,35.13,0.0,0.32,57,47
2003-10-31 19:00:00,19,1714.0,2126.0,52.2,53.75,-2.36,0.81,24.07,23.85,0.0,0.22,55,48
2003-10-31 20:00:00,20,1717.0,2059.0,47.17,47.7,-1.26,0.73,51.88,51.43,0.0,0.45,54,48
2003-10-31 21:00:00,21,1579.5,1950.0,43.47,42.84,0.0,0.63,52.39,51.88,0.0,0.51,53,48
2003-10-31 22:00:00,22,1317.7,1789.0,40.48,39.89,0.0,0.59,53.0,52.43,0.0,0.57,53,47
2003-10-31 23:00:00,23,1195.2,1627.0,33.58,33.09,0.0,0.49,41.08,40.68,0.0,0.4,53,48
2003-11-01 00:00:00,0,1189.9,1524.0,25.26,24.89,0.0,0.37,35.57,35.18,0.0,0.39,53,48
2003-11-01 01:00:00,1,1595.4,1460.0,23.54,23.2,0.0,0.34,30.86,30.53,0.0,0.33,54,48
2003-11-01 02:00:00,2,1704.3,1423.0,21.46,21.14,0.0,0.32,35.28,34.86,0.0,0.42,55,48
2003-11-01 03:00:00,3,1690.0,1402.0,20.24,19.94,0.0,0.3,33.02,32.66,0.0,0.36,56,48
2003-11-01 04:00:00,4,1692.2,1400.0,21.26,20.94,0.0,0.32,29.98,29.64,0.0,0.34,55,48
2003-11-01 05:00:00,5,1262.0,1458.0,23.73,23.37,0.0,0.36,27.83,27.55,0.0,0.28,55,48
2003-11-01 06:00:00,6,1157.3,1540.0,32.72,32.23,0.0,0.49,24.84,24.64,0.0,0.2,54,48
2003-11-01 07:00:00,7,1235.8,1672.0,37.87,37.27,0.01,0.59,34.2,33.92,0.0,0.28,55,48
2003-11-01 08:00:00,8,1445.6,1823.0,38.87,38.18,0.08,0.61,48.23,47.87,-0.03,0.39,58,49
2003-11-01 09:00:00,9,1629.2,1911.0,42.46,41.95,-0.15,0.66,47.55,47.26,0.0,0.29,60,50
2003-11-01 10:00:00,10,1649.9,1941.0,42.46,41.74,0.07,0.65,46.75,46.49,-0.11,0.37,63,51
2003-11-01 11:00:00,11,1647.1,1939.0,42.1,41.6,-0.14,0.64,44.97,44.84,-0.17,0.3,69,52
2003-11-01 12:00:00,12,1637.5,1912.0,41.0,40.5,-0.12,0.62,44.31,44.16,-0.16,0.31,71,53
2003-11-01 13:00:00,13,1630.5,1884.0,38.24,37.66,0.0,0.58,45.11,44.9,-0.16,0.37,73,55
2003-11-01 14:00:00,14,1578.4,1861.0,37.77,37.21,0.0,0.56,38.47,38.27,-0.11,0.31,72,55
2003-11-01 15:00:00,15,1570.1,1855.0,37.66,37.1,0.0,0.56,36.58,36.38,-0.11,0.31,71,55
2003-11-01 16:00:00,16,1541.7,1959.0,48.18,47.25,0.18,0.75,57.15,57.1,-0.3,0.35,70,54
2003-11-01 17:00:00,17,1667.7,2136.0,52.04,50.98,0.27,0.79,107.81,108.22,-0.63,0.22,66,54
2003-11-01 18:00:00,18,1564.6,2100.0,49.63,48.66,0.22,0.75,68.79,68.61,-0.11,0.29,65,54
2003-11-01 19:00:00,19,1469.2,2016.0,48.7,47.94,0.0,0.76,59.77,59.43,0.0,0.34,64,54
2003-11-01 20:00:00,20,1610.1,1932.0,42.46,41.8,0.0,0.66,40.97,40.66,0.0,0.31,62,54
2003-11-01 21:00:00,21,1466.9,1830.0,39.04,38.44,0.0,0.6,34.49,34.25,0.0,0.24,61,52
2003-11-01 22:00:00,22,1264.1,1685.0,35.61,35.08,0.0,0.53,33.52,33.25,0.0,0.27,59,50
2003-11-01 23:00:00,23,1059.8,1532.0,30.98,30.53,0.0,0.45,28.41,28.18,0.0,0.23,58,48
2003-11-02 00:00:00,0,1019.0,1426.0,28.77,28.32,0.0,0.45,30.14,29.85,0.0,0.29,57,46
2003-11-02 01:00:00,1,1212.9,1357.0,26.56,26.15,0.0,0.41,25.55,25.24,0.0,0.31,56,46
2003-11-02 02:00:00,2,1671.5,1311.0,25.12,24.73,0.0,0.39,25.34,25.0,0.0,0.34,56,45
2003-11-02 03:00:00,3,1656.6,1292.0,24.83,24.44,0.0,0.39,20.98,20.7,0.0,0.28,55,45
2003-11-02 04:00:00,4,1658.1,1288.0,25.13,24.74,0.0,0.39,21.08,20.8,0.0,0.28,53,44
2003-11-02 05:00:00,5,1555.0,1315.0,30.95,30.47,0.0,0.48,27.9,27.52,0.0,0.38,52,44
2003-11-02 06:00:00,6,1292.2,1360.0,36.06,35.49,0.0,0.57,22.72,22.45,0.0,0.27,48,43
2003-11-02 07:00:00,7,1319.7,1470.0,37.46,37.1,-0.26,0.62,21.93,21.63,0.0,0.3,50,43
2003-11-02 08:00:00,8,1291.1,1621.0,38.24,37.87,-0.28,0.65,22.59,22.31,0.0,0.28,52,43
2003-11-02 09:00:00,9,1484.4,1726.0,42.09,41.39,0.0,0.7,32.01,31.68,0.0,0.33,54,42
2003-11-02 10:00:00,10,1537.6,1777.0,43.01,42.31,0.0,0.7,35.6,35.31,0.0,0.29,55,41
2003-11-02 11:00:00,11,1572.4,1805.0,42.44,41.76,0.0,0.68,38.61,38.29,0.0,0.32,57,42
2003-11-02 12:00:00,12,1530.8,1834.0,42.08,41.41,0.0,0.67,37.33,36.89,0.17,0.27,58,42
2003-11-02 13:00:00,13,1540.3,1854.0,42.07,41.41,0.0,0.66,34.24,33.73,0.26,0.25,56,44
2003-11-02 14:00:00,14,1483.3,1833.0,39.77,39.14,0.0,0.63,36.86,36.2,0.43,0.23,53,49
2003-11-02 15:00:00,15,1485.5,1854.0,40.42,39.78,0.0,0.64,42.81,41.74,0.78,0.29,53,48
2003-11-02 16:00:00,16,1436.1,1964.0,50.29,49.47,0.0,0.82,51.43,49.89,1.2,0.34,53,48
2003-11-02 17:00:00,17,1578.1,2138.0,58.5,57.15,0.41,0.94,56.98,55.24,1.5,0.24,52,49
2003-11-02 18:00:00,18,1490.4,2124.0,55.06,54.07,0.12,0.87,44.71,43.62,0.76,0.33,51,47
2003-11-02 19:00:00,19,1540.2,2064.0,51.89,51.06,0.0,0.83,42.39,41.4,0.74,0.25,52,47
2003-11-02 20:00:00,20,1498.7,1978.0,49.34,48.56,0.0,0.78,42.43,41.37,0.78,0.28,52,48
2003-11-02 21:00:00,21,1559.2,1831.0,40.88,40.25,0.0,0.63,30.68,30.28,0.18,0.22,52,47
2003-11-02 22:00:00,22,1302.9,1666.0,38.06,37.48,0.0,0.58,25.36,25.17,0.0,0.19,52,48
2003-11-02 23:00:00,23,971.9,1517.0,33.52,33.01,0.0,0.51,25.71,25.5,0.0,0.21,52,47
2003-11-03 00:00:00,0,1004.9,1420.0,30.04,29.6,0.0,0.44,25.37,25.1,0.0,0.27,52,48
2003-11-03 01:00:00,1,1461.8,1372.0,29.78,29.34,0.0,0.44,20.98,20.71,0.0,0.27,52,49
2003-11-03 02:00:00,2,1686.0,1344.0,28.27,27.85,0.0,0.42,21.21,20.92,0.0,0.29,52,48
2003-11-03 03:00:00,3,1680.6,1340.0,28.24,27.82,0.0,0.42,21.37,21.08,0.0,0.29,52,48
2003-11-03 04:00:00,4,1688.4,1381.0,29.83,29.38,0.0,0.45,18.29,18.03,0.0,0.26,52,49
2003-11-03 05:00:00,5,1268.9,1557.0,34.49,33.96,0.0,0.53,23.32,22.99,0.0,0.33,52,49
2003-11-03 06:00:00,6,1426.4,1858.0,49.84,49.06,0.0,0.78,32.95,32.58,0.0,0.37,51,50
2003-11-03 07:00:00,7,1412.0,2068.0,49.73,49.55,-0.6,0.78,41.71,41.28,0.0,0.43,50,50
2003-11-03 08:00:00,8,1559.2,2139.0,51.0,51.01,-0.8,0.79,41.72,41.31,0.0,0.41,54,51
2003-11-03 09:00:00,9,1663.7,2172.0,51.93,52.95,-1.82,0.8,39.23,38.83,0.0,0.4,57,53
2003-11-03 10:00:00,10,1712.1,2200.0,50.38,51.89,-2.29,0.78,43.16,42.73,0.0,0.43,61,56
2003-11-03 11:00:00,11,1740.5,2220.0,47.7,50.06,-3.09,0.73,54.08,53.55,0.0,0.53,66,57
2003-11-03 12:00:00,12,1758.6,2223.0,45.44,48.5,-3.75,0.69,54.52,54.0,0.0,0.52,68,58
2003-11-03 13:00:00,13,1743.1,2225.0,45.2,48.36,-3.84,0.68,56.75,56.25,0.0,0.5,70,57
2003-11-03 14:00:00,14,1720.7,2210.0,44.07,47.6,-4.2,0.67,55.12,54.65,-0.01,0.48,71,56
2003-11-03 15:00:00,15,1719.2,2225.0,44.41,47.86,-4.13,0.68,46.99,46.54,0.0,0.45,72,56
2003-11-03 16:00:00,16,1949.7,2319.0,51.25,58.39,-7.99,0.85,56.2,55.76,0.0,0.44,71,57
2003-11-03 17:00:00,17,1911.1,2470.0,56.48,75.03,-19.65,1.1,65.4,73.9,-8.9,0.4,62,55
2003-11-03 18:00:00,18,1740.2,2422.0,53.67,71.15,-18.53,1.05,48.69,48.3,-0.09,0.48,55,52
2003-11-03 19:00:00,19,1897.2,2354.0,51.23,56.46,-6.07,0.84,41.69,41.36,0.0,0.33,53,50
2003-11-03 20:00:00,20,1827.8,2239.0,47.51,49.9,-3.14,0.75,39.71,39.39,0.0,0.32,53,50
2003-11-03 21:00:00,21,1594.8,2070.0,41.21,40.61,0.0,0.6,35.81,35.49,0.0,0.32,53,50
2003-11-03 22:00:00,22,1315.1,1852.0,36.56,36.03,0.0,0.53,33.5,33.18,0.0,0.32,52,51
2003-11-03 23:00:00,23,1264.1,1653.0,31.28,30.83,0.0,0.45,29.51,29.25,0.0,0.26,52,51
2003-11-04 00:00:00,0,1333.0,1549.0,30.04,29.63,0.0,0.41,28.46,28.13,0.0,0.33,52,51
2003-11-04 01:00:00,1,1754.4,1475.0,27.69,27.31,0.0,0.38,23.51,23.18,0.0,0.33,52,51
2003-11-04 02:00:00,2,2002.9,1435.0,25.18,24.83,0.0,0.35,26.24,25.85,0.0,0.39,51,51
2003-11-04 03:00:00,3,1996.7,1422.0,25.12,24.77,0.0,0.35,12.96,12.77,0.0,0.19,50,50
2003-11-04 04:00:00,4,1780.8,1456.0,27.04,26.65,0.0,0.39,22.15,21.81,0.0,0.34,50,49
2003-11-04 05:00:00,5,1699.9,1617.0,33.01,32.52,0.0,0.49,34.56,34.12,0.0,0.44,49,49
2003-11-04 06:00:00,6,1563.2,1922.0,44.89,44.22,0.0,0.67,37.25,36.83,0.0,0.42,49,48
2003-11-04 07:00:00,7,1499.6,2130.0,46.57,46.11,-0.22,0.68,45.12,44.69,0.0,0.43,47,47
2003-11-04 08:00:00,8,1694.3,2199.0,49.07,48.37,0.0,0.7,43.88,43.48,0.0,0.4,47,46
2003-11-04 09:00:00,9,1735.5,2228.0,50.58,51.19,-1.35,0.74,45.87,45.39,0.0,0.48,44,44
2003-11-04 10:00:00,10,1752.0,2265.0,49.42,50.95,-2.25,0.72,44.06,43.58,0.0,0.48,43,43
2003-11-04 11:00:00,11,1752.9,2281.0,47.07,49.23,-2.85,0.69,43.94,43.47,0.0,0.47,43,42
2003-11-04 12:00:00,12,1762.2,2281.0,46.49,47.71,-1.89,0.67,44.06,43.56,0.0,0.5,42,41
2003-11-04 13:00:00,13,1762.7,2278.0,45.97,46.96,-1.65,0.66,47.05,46.44,0.0,0.61,42,41
2003-11-04 14:00:00,14,1871.7,2271.0,45.07,46.69,-2.27,0.65,46.61,46.03,0.0,0.58,41,39
2003-11-04 15:00:00,15,1881.2,2289.0,44.07,45.95,-2.53,0.65,47.96,47.38,0.0,0.58,41,37
2003-11-04 16:00:00,16,1954.4,2404.0,51.65,52.92,-2.04,0.77,74.76,74.01,0.0,0.75,40,39
2003-11-04 17:00:00,17,2024.0,2519.0,57.6,63.0,-6.3,0.9,66.15,65.48,0.0,0.67,39,38
2003-11-04 18:00:00,18,1784.0,2490.0,53.42,58.67,-6.09,0.84,57.69,57.03,0.0,0.66,38,38
2003-11-04 19:00:00,19,1965.1,2416.0,51.59,53.57,-2.75,0.77,51.77,51.13,0.0,0.64,39,38
2003-11-04 20:00:00,20,1911.5,2308.0,47.0,49.62,-3.34,0.72,41.89,41.37,0.0,0.52,38,38
2003-11-04 21:00:00,21,1658.6,2149.0,42.56,41.96,0.0,0.6,37.95,37.48,0.0,0.47,38,37
2003-11-04 22:00:00,22,1334.9,1933.0,37.49,36.96,0.0,0.53,36.94,36.45,0.0,0.49,38,37
2003-11-04 23:00:00,23,1524.1,1744.0,32.63,32.18,0.0,0.45,34.14,33.75,0.0,0.39,38,37
2003-11-05 00:00:00,0,1813.0,1629.0,28.97,28.6,0.0,0.37,33.05,32.64,0.0,0.41,38,38
2003-11-05 01:00:00,1,2155.0,1531.0,25.32,25.0,0.0,0.32,33.54,33.0,0.0,0.54,38,38
2003-11-05 02:00:00,2,2134.4,1499.0,24.89,24.57,0.0,0.32,28.11,27.67,0.0,0.44,39,38
2003-11-05 03:00:00,3,2126.4,1492.0,24.7,24.38,0.0,0.32,32.19,31.69,0.0,0.5,39,39
2003-11-05 04:00:00,4,2155.9,1534.0,25.3,24.97,0.0,0.33,33.69,33.13,0.0,0.56,39,39
2003-11-05 05:00:00,5,1562.0,1703.0,32.2,31.77,0.0,0.43,35.88,35.3,0.0,0.58,39,38
2003-11-05 06:00:00,6,1547.6,2012.0,41.07,40.51,0.0,0.56,41.99,41.46,0.0,0.53,37,37
2003-11-05 07:00:00,7,1672.4,2207.0,43.77,43.2,0.0,0.57,43.05,42.54,0.0,0.51,36,35
2003-11-05 08:00:00,8,1709.0,2270.0,44.51,43.94,0.0,0.57,44.95,44.41,0.0,0.54,35,35
2003-11-05 09:00:00,9,1734.4,2295.0,46.16,45.57,0.0,0.59,45.61,45.08,0.0,0.53,36,35
2003-11-05 10:00:00,10,1803.0,2319.0,43.88,43.33,0.0,0.55,48.01,47.48,0.0,0.53,36,35
2003-11-05 11:00:00,11,1761.3,2336.0,43.53,42.98,0.0,0.55,46.82,46.31,0.0,0.51,37,37
2003-11-05 12:00:00,12,1728.8,2325.0,42.41,41.89,0.0,0.52,45.26,44.77,0.0,0.49,39,39
2003-11-05 13:00:00,13,1696.3,2322.0,42.35,41.83,0.0,0.52,44.54,44.06,0.0,0.48,41,40
2003-11-05 14:00:00,14,1689.1,2308.0,40.78,40.29,0.0,0.49,43.43,42.98,0.0,0.45,43,43
2003-11-05 15:00:00,15,1743.2,2323.0,41.24,40.73,0.0,0.51,45.4,44.95,0.0,0.45,45,44
2003-11-05 16:00:00,16,1914.9,2448.0,50.04,49.41,0.0,0.63,55.18,54.65,0.0,0.53,48,47
2003-11-05 17:00:00,17,2081.8,2540.0,56.31,56.34,-0.75,0.72,49.37,61.72,-12.74,0.39,48,48
2003-11-05 18:00:00,18,1897.7,2489.0,51.62,52.89,-1.94,0.67,51.35,58.56,-7.74,0.53,50,50
2003-11-05 19:00:00,19,1867.4,2407.0,49.64,49.01,0.0,0.63,48.47,48.18,-0.25,0.54,53,53
2003-11-05 20:00:00,20,1868.5,2300.0,44.06,43.49,0.0,0.57,39.39,38.99,0.0,0.4,55,54
2003-11-05 21:00:00,21,1515.6,2127.0,39.55,39.05,0.0,0.5,36.0,35.6,0.0,0.4,55,54
2003-11-05 22:00:00,22,1436.2,1912.0,36.55,36.09,0.0,0.46,33.01,32.58,0.0,0.43,55,54
2003-11-05 23:00:00,23,1627.1,1721.0,30.33,29.95,0.0,0.38,25.36,24.94,0.0,0.42,54,53
2003-11-06 00:00:00,0,1793.7,1591.0,34.87,34.25,0.16,0.46,31.4,30.85,0.0,0.55,53,52
2003-11-06 01:00:00,1,2000.8,1528.0,33.05,32.41,0.2,0.44,23.65,23.25,0.0,0.4,54,53
2003-11-06 02:00:00,2,2096.5,1490.0,28.97,28.48,0.1,0.39,24.6,24.17,0.0,0.43,56,54
2003-11-06 03:00:00,3,2026.6,1479.0,28.97,28.47,0.11,0.39,24.14,23.7,0.0,0.44,56,53
2003-11-06 04:00:00,4,1983.0,1524.0,33.05,32.4,0.2,0.45,23.05,22.68,0.0,0.37,54,52
2003-11-06 05:00:00,5,1642.1,1688.0,36.45,35.85,0.1,0.5,30.32,29.87,0.0,0.45,54,51
2003-11-06 06:00:00,6,1581.4,1984.0,42.39,41.77,0.03,0.59,53.07,52.24,0.0,0.83,53,51
2003-11-06 07:00:00,7,1643.2,2158.0,45.92,45.29,0.0,0.63,52.95,52.15,0.0,0.8,52,50
2003-11-06 08:00:00,8,1756.4,2208.0,44.61,44.0,0.0,0.61,48.89,48.18,0.0,0.71,52,48
2003-11-06 09:00:00,9,1786.3,2232.0,46.24,45.63,0.0,0.61,45.51,44.88,0.0,0.63,52,47
2003-11-06 10:00:00,10,1807.8,2256.0,44.66,44.07,0.0,0.59,47.12,46.5,0.0,0.62,51,45
2003-11-06 11:00:00,11,1803.3,2260.0,44.66,44.08,0.0,0.58,44.01,43.45,0.0,0.56,52,45
2003-11-06 12:00:00,12,1776.0,2250.0,43.72,43.15,0.0,0.57,45.92,45.34,0.0,0.58,52,45
2003-11-06 13:00:00,13,1770.7,2244.0,42.54,41.99,0.0,0.55,46.2,45.64,0.0,0.56,51,45
2003-11-06 14:00:00,14,1714.9,2233.0,42.18,41.64,0.0,0.54,43.43,42.91,0.0,0.52,52,46
2003-11-06 15:00:00,15,1716.6,2242.0,42.18,41.63,0.0,0.55,42.53,42.03,0.0,0.5,50,45
2003-11-06 16:00:00,16,1630.4,2358.0,52.31,51.6,0.0,0.71,51.33,50.73,0.0,0.6,50,46
2003-11-06 17:00:00,17,2094.1,2464.0,58.95,58.16,-0.01,0.8,55.65,55.92,-0.8,0.53,49,45
2003-11-06 18:00:00,18,1798.5,2425.0,53.2,54.12,-1.66,0.74,67.3,66.54,0.0,0.76,48,46
2003-11-06 19:00:00,19,1788.2,2362.0,51.59,51.07,-0.18,0.7,49.92,49.25,0.0,0.67,48,47
2003-11-06 20:00:00,20,1822.3,2263.0,46.36,45.72,0.0,0.64,43.93,43.37,0.0,0.56,48,44
2003-11-06 21:00:00,21,1576.0,2115.0,41.31,40.76,0.0,0.55,40.69,40.17,0.0,0.52,48,43
2003-11-06 22:00:00,22,1509.0,1899.0,38.5,37.99,0.0,0.51,35.74,35.26,0.0,0.48,47,43
2003-11-06 23:00:00,23,1391.9,1704.0,36.87,36.26,0.12,0.49,30.0,29.64,0.0,0.36,47,42
2003-11-07 00:00:00,0,1113.9,1580.0,31.35,30.96,0.0,0.39,22.6,22.31,0.0,0.29,47,43
2003-11-07 01:00:00,1,1271.6,1512.0,28.97,28.61,0.0,0.36,20.71,20.42,0.0,0.29,47,43
2003-11-07 02:00:00,2,1716.5,1484.0,27.16,26.81,0.0,0.35,16.95,16.72,0.0,0.23,47,42
2003-11-07 03:00:00,3,1723.4,1475.0,26.31,25.97,0.0,0.34,18.39,18.14,0.0,0.25,46,44
2003-11-07 04:00:00,4,1267.0,1507.0,29.02,28.64,0.0,0.38,34.89,34.33,0.0,0.56,46,42
2003-11-07 05:00:00,5,1474.9,1673.0,36.13,35.65,0.0,0.48,36.01,35.49,0.0,0.52,45,41
2003-11-07 06:00:00,6,1653.4,1971.0,45.07,44.47,0.0,0.6,51.42,50.64,0.04,0.74,44,40
2003-11-07 07:00:00,7,1720.5,2133.0,50.67,50.0,0.0,0.67,48.88,48.15,0.03,0.7,43,39
2003-11-07 08:00:00,8,1767.5,2178.0,49.67,49.03,0.0,0.64,45.09,44.36,0.0,0.73,44,39
2003-11-07 09:00:00,9,1762.9,2191.0,50.54,49.89,0.0,0.65,45.91,45.17,0.0,0.74,46,38
2003-11-07 10:00:00,10,1751.0,2201.0,49.33,48.7,0.0,0.63,43.86,43.2,0.0,0.66,46,36
2003-11-07 11:00:00,11,1827.4,2187.0,46.59,46.0,0.0,0.59,42.66,42.1,0.0,0.56,47,36
2003-11-07 12:00:00,12,1784.5,2159.0,44.88,44.31,0.0,0.57,42.97,42.43,0.0,0.54,48,36
2003-11-07 13:00:00,13,1671.0,2144.0,43.44,42.9,0.0,0.54,49.88,49.27,0.0,0.61,50,35
2003-11-07 14:00:00,14,1733.5,2105.0,42.99,42.45,0.0,0.54,41.59,41.24,0.0,0.35,50,33
2003-11-07 15:00:00,15,1607.9,2085.0,42.38,41.85,0.0,0.53,36.78,36.45,0.0,0.33,50,31
2003-11-07 16:00:00,16,1563.2,2183.0,52.11,51.56,-0.13,0.68,47.17,46.65,0.0,0.52,49,32
2003-11-07 17:00:00,17,1821.8,2333.0,58.53,59.04,-1.29,0.78,63.03,62.48,0.0,0.55,47,30
2003-11-07 18:00:00,18,1746.2,2292.0,53.57,56.07,-3.25,0.75,57.47,56.82,0.0,0.65,46,29
2003-11-07 19:00:00,19,1832.1,2216.0,51.49,51.09,-0.28,0.68,44.62,44.01,0.0,0.61,44,30
2003-11-07 20:00:00,20,1773.2,2142.0,46.85,46.79,-0.57,0.63,43.08,42.58,0.0,0.5,43,30
2003-11-07 21:00:00,21,1558.9,2026.0,42.07,41.52,0.0,0.55,40.07,39.66,0.0,0.41,45,29
2003-11-07 22:00:00,22,1292.4,1874.0,40.55,40.03,0.0,0.52,38.06,37.65,0.0,0.41,44,28
2003-11-07 23:00:00,23,1219.7,1705.0,37.97,37.49,0.0,0.48,37.13,36.83,0.0,0.3,44,24
2003-11-08 00:00:00,0,1415.9,1583.0,37.81,37.34,0.0,0.47,40.14,39.75,0.0,0.39,42,22
2003-11-08 01:00:00,1,1738.0,1513.0,36.38,35.93,0.0,0.45,33.91,33.55,0.0,0.36,41,22
2003-11-08 02:00:00,2,1685.7,1473.0,35.04,34.6,0.0,0.44,28.37,27.98,0.0,0.39,40,21
2003-11-08 03:00:00,3,1660.4,1461.0,34.37,33.93,0.0,0.44,31.63,31.18,0.0,0.45,39,21
2003-11-08 04:00:00,4,1680.6,1481.0,35.56,33.75,1.38,0.43,36.8,33.77,2.62,0.41,38,20
2003-11-08 05:00:00,5,1366.9,1548.0,38.03,36.54,1.01,0.48,18.71,17.35,1.14,0.22,37,18
2003-11-08 06:00:00,6,1359.5,1636.0,42.38,41.3,0.54,0.54,28.14,27.0,0.83,0.31,35,17
2003-11-08 07:00:00,7,1562.8,1764.0,46.44,45.24,0.6,0.6,30.53,30.22,0.0,0.31,34,16
2003-11-08 08:00:00,8,1597.2,1918.0,51.26,51.57,-1.02,0.71,44.36,43.96,0.0,0.4,35,15
2003-11-08 09:00:00,9,1690.9,2001.0,53.16,52.92,-0.48,0.72,50.42,50.06,0.0,0.36,34,13
2003-11-08 10:00:00,10,1728.3,2001.0,52.83,52.44,-0.31,0.7,45.72,45.27,0.0,0.45,34,10
2003-11-08 11:00:00,11,1637.8,1991.0,50.95,50.19,0.09,0.67,39.15,38.76,0.0,0.39,34,7
2003-11-08 12:00:00,12,1702.2,1955.0,49.77,49.56,-0.46,0.67,41.22,40.82,0.0,0.4,35,3
2003-11-08 13:00:00,13,1639.9,1913.0,48.81,48.47,-0.3,0.64,41.32,40.91,0.0,0.41,36,-2
2003-11-08 14:00:00,14,1595.8,1876.0,46.55,47.0,-1.07,0.62,37.67,37.32,0.0,0.35,35,-1
2003-11-08 15:00:00,15,1565.9,1892.0,45.91,46.37,-1.09,0.63,40.04,39.62,0.0,0.42,34,-3
2003-11-08 16:00:00,16,1684.5,2029.0,53.73,53.84,-0.86,0.75,62.95,62.37,0.0,0.58,34,-1
2003-11-08 17:00:00,17,2067.8,2216.0,59.0,60.1,-1.92,0.82,72.82,72.26,0.0,0.56,32,0
2003-11-08 18:00:00,18,1811.8,2199.0,57.03,58.15,-1.92,0.8,57.96,57.43,0.0,0.53,31,0
2003-11-08 19:00:00,19,1805.9,2141.0,54.38,55.39,-1.76,0.75,51.83,51.33,0.0,0.5,30,1
2003-11-08 20:00:00,20,1878.9,2074.0,49.74,50.52,-1.47,0.69,47.29,46.81,0.0,0.48,28,4
2003-11-08 21:00:00,21,1670.7,1986.0,46.33,46.08,-0.37,0.62,46.46,46.07,0.0,0.39,27,3
2003-11-08 22:00:00,22,1530.3,1865.0,46.37,46.04,-0.27,0.6,41.71,41.34,0.0,0.37,25,5
2003-11-08 23:00:00,23,1590.5,1723.0,39.48,38.04,0.95,0.49,49.15,46.08,2.56,0.51,25,5
2003-11-09 00:00:00,0,1479.7,1621.0,35.51,33.94,1.14,0.43,33.07,32.64,0.09,0.34,24,6
2003-11-09 01:00:00,1,1778.7,1570.0,35.49,33.74,1.31,0.44,29.23,27.76,1.17,0.3,24,5
2003-11-09 02:00:00,2,1802.4,1541.0,34.95,33.15,1.37,0.43,40.89,36.49,3.98,0.42,23,5
2003-11-09 03:00:00,3,1784.1,1528.0,34.95,33.13,1.38,0.44,28.89,28.55,0.0,0.34,22,6
2003-11-09 04:00:00,4,1806.7,1539.0,34.95,33.15,1.37,0.43,37.12,36.64,0.0,0.48,23,7
2003-11-09 05:00:00,5,1404.0,1585.0,37.59,35.31,1.81,0.47,38.52,38.01,0.0,0.51,23,5
2003-11-09 06:00:00,6,1523.2,1640.0,38.0,37.09,0.42,0.49,34.19,33.81,0.0,0.38,23,6
2003-11-09 07:00:00,7,1436.2,1730.0,40.89,40.05,0.29,0.55,38.27,37.93,0.0,0.34,21,8
2003-11-09 08:00:00,8,1668.7,1841.0,44.03,42.74,0.7,0.59,39.59,39.3,0.0,0.29,24,9
2003-11-09 09:00:00,9,1777.2,1925.0,50.39,48.46,1.26,0.67,44.4,44.13,0.0,0.27,28,5
2003-11-09 10:00:00,10,1827.1,1956.0,48.17,46.27,1.27,0.63,44.98,44.72,0.0,0.26,30,1
2003-11-09 11:00:00,11,1798.1,1956.0,48.28,46.36,1.28,0.64,40.12,39.89,0.0,0.23,31,1
2003-11-09 12:00:00,12,1767.9,1940.0,48.59,46.72,1.24,0.63,39.18,38.96,0.0,0.22,34,-1
2003-11-09 13:00:00,13,1720.8,1911.0,46.48,44.95,0.92,0.61,38.21,37.97,0.0,0.24,34,-2
2003-11-09 14:00:00,14,1672.2,1880.0,44.95,43.56,0.82,0.57,38.14,37.87,0.0,0.27,35,-1
2003-11-09 15:00:00,15,1655.9,1909.0,46.0,44.44,0.96,0.6,39.55,39.25,0.0,0.3,36,0
2003-11-09 16:00:00,16,1746.6,2075.0,52.7,50.61,1.39,0.7,51.23,50.87,0.0,0.36,34,-1
2003-11-09 17:00:00,17,2028.9,2287.0,59.23,59.51,-1.09,0.81,64.95,64.74,-0.05,0.26,32,0
2003-11-09 18:00:00,18,1889.3,2283.0,57.17,57.25,-0.85,0.77,54.18,55.76,-1.91,0.33,29,4
2003-11-09 19:00:00,19,1903.2,2236.0,55.73,55.57,-0.58,0.74,66.66,66.19,0.0,0.47,28,5
2003-11-09 20:00:00,20,1868.0,2167.0,52.3,51.04,0.57,0.69,47.86,47.62,0.0,0.24,27,5
2003-11-09 21:00:00,21,1792.5,2027.0,48.84,46.96,1.26,0.62,40.34,40.16,0.0,0.18,27,7
2003-11-09 22:00:00,22,1620.1,1864.0,43.68,42.72,0.4,0.56,37.09,36.96,0.0,0.13,26,8
2003-11-09 23:00:00,23,1361.5,1729.0,38.3,36.68,1.15,0.47,42.66,42.49,0.0,0.17,26,11
2003-11-10 00:00:00,0,1614.3,1625.0,35.44,33.53,1.47,0.44,43.32,41.57,1.47,0.28,27,12
2003-11-10 01:00:00,1,1847.1,1585.0,34.96,33.12,1.4,0.44,41.36,37.76,3.36,0.24,25,13
2003-11-10 02:00:00,2,1818.1,1567.0,34.96,33.07,1.45,0.44,38.2,36.67,1.3,0.23,26,14
2003-11-10 03:00:00,3,1827.4,1575.0,34.96,33.09,1.43,0.44,39.58,36.7,2.65,0.23,26,16
2003-11-10 04:00:00,4,1905.8,1626.0,34.96,33.1,1.42,0.44,49.32,46.5,2.51,0.31,24,16
2003-11-10 05:00:00,5,1612.5,1813.0,40.01,38.76,0.71,0.54,56.89,55.34,1.18,0.37,24,16
2003-11-10 06:00:00,6,2241.2,2113.0,46.24,44.83,0.77,0.64,54.08,53.64,0.09,0.35,24,17
2003-11-10 07:00:00,7,1851.4,2296.0,52.96,52.22,0.0,0.74,62.6,62.24,0.0,0.36,23,17
2003-11-10 08:00:00,8,2117.8,2344.0,52.12,52.25,-0.83,0.7,51.37,53.29,-2.26,0.34,29,19
2003-11-10 09:00:00,9,1996.7,2348.0,53.28,52.75,-0.18,0.71,47.39,49.71,-2.7,0.38,32,19
2003-11-10 10:00:00,10,2022.2,2346.0,51.57,51.92,-1.04,0.69,44.28,43.85,0.0,0.43,34,19
2003-11-10 11:00:00,11,2093.4,2323.0,50.82,51.63,-1.49,0.68,43.37,42.94,0.0,0.43,37,20
2003-11-10 12:00:00,12,2084.0,2282.0,49.79,51.26,-2.14,0.67,42.55,42.13,0.03,0.39,40,18
2003-11-10 13:00:00,13,2014.3,2252.0,48.77,50.96,-2.86,0.67,42.41,42.04,0.0,0.37,42,16
2003-11-10 14:00:00,14,1967.3,2221.0,47.3,50.26,-3.61,0.65,41.37,41.01,0.0,0.36,42,15
2003-11-10 15:00:00,15,1969.4,2215.0,47.0,50.12,-3.77,0.65,40.6,40.26,0.03,0.31,41,16
2003-11-10 16:00:00,16,2042.7,2343.0,53.42,57.02,-4.37,0.77,53.88,53.32,0.09,0.47,41,16
2003-11-10 17:00:00,17,2600.4,2536.0,59.79,75.94,-17.17,1.02,57.59,56.28,0.68,0.63,38,17
2003-11-10 18:00:00,18,2175.2,2509.0,58.44,75.0,-17.57,1.01,49.54,49.01,0.0,0.53,36,17
2003-11-10 19:00:00,19,2185.1,2450.0,54.37,72.14,-18.74,0.97,53.64,53.03,0.0,0.61,35,16
2003-11-10 20:00:00,20,2069.7,2348.0,51.0,57.49,-7.26,0.77,48.72,48.15,0.0,0.57,34,15
2003-11-10 21:00:00,21,1848.4,2205.0,51.45,51.58,-0.81,0.68,44.18,43.56,0.09,0.53,33,17
2003-11-10 22:00:00,22,1624.5,2013.0,42.05,40.86,0.66,0.53,30.08,29.74,0.0,0.34,32,16
2003-11-10 23:00:00,23,1436.3,1835.0,39.38,37.38,1.51,0.49,33.03,32.0,0.67,0.36,32,18
2003-11-11 00:00:00,0,2169.2,1716.0,35.16,34.72,0.0,0.44,42.43,41.77,0.21,0.45,32,15
2003-11-11 01:00:00,1,2463.0,1657.0,34.95,34.51,0.0,0.44,42.94,42.43,0.0,0.51,31,15
2003-11-11 02:00:00,2,2600.7,1629.0,33.59,33.16,0.0,0.43,38.48,38.06,0.0,0.42,30,15
2003-11-11 03:00:00,3,2576.0,1628.0,34.0,33.56,0.0,0.44,38.85,38.47,0.0,0.38,31,15
2003-11-11 04:00:00,4,2318.9,1671.0,34.95,34.5,0.0,0.45,39.68,39.34,0.0,0.34,32,14
2003-11-11 05:00:00,5,2310.3,1806.0,38.59,38.07,0.0,0.52,55.54,54.93,0.0,0.61,31,13
2003-11-11 06:00:00,6,2116.7,1997.0,46.17,45.53,0.0,0.64,56.66,56.14,0.0,0.52,30,15
2003-11-11 07:00:00,7,1960.2,2169.0,49.93,49.26,0.0,0.67,57.41,56.94,0.0,0.47,31,15
2003-11-11 08:00:00,8,1915.0,2266.0,44.35,43.63,0.14,0.58,55.03,54.27,0.2,0.56,33,16
2003-11-11 09:00:00,9,1974.8,2324.0,45.23,45.77,-1.14,0.6,56.48,54.6,1.14,0.74,38,16
2003-11-11 10:00:00,10,2020.6,2369.0,43.52,44.45,-1.51,0.58,46.63,45.92,0.07,0.64,38,18
2003-11-11 11:00:00,11,1994.0,2377.0,46.72,46.84,-0.72,0.6,48.76,48.38,-0.32,0.7,39,18
2003-11-11 12:00:00,12,1953.4,2364.0,45.31,45.46,-0.74,0.59,54.21,54.48,-1.02,0.75,39,20
2003-11-11 13:00:00,13,1920.6,2360.0,45.87,45.06,0.24,0.57,53.02,53.48,-1.23,0.77,39,21
2003-11-11 14:00:00,14,1890.1,2349.0,43.91,43.06,0.31,0.54,45.59,48.3,-3.38,0.67,41,24
2003-11-11 15:00:00,15,1936.1,2379.0,44.0,43.12,0.32,0.56,53.92,54.42,-1.26,0.76,36,32
2003-11-11 16:00:00,16,2085.7,2510.0,53.04,53.47,-1.14,0.71,67.86,92.46,-25.68,1.08,37,34
2003-11-11 17:00:00,17,1981.7,2594.0,60.07,62.2,-2.96,0.83,65.8,90.21,-25.64,1.23,37,35
2003-11-11 18:00:00,18,2015.4,2533.0,56.37,58.81,-3.23,0.79,54.55,97.34,-44.35,1.56,38,37
2003-11-11 19:00:00,19,1990.0,2448.0,53.63,55.91,-3.02,0.74,53.46,63.43,-10.96,0.99,39,38
2003-11-11 20:00:00,20,1985.3,2328.0,47.37,47.6,-0.86,0.63,51.34,50.61,0.0,0.73,40,39
2003-11-11 21:00:00,21,1765.9,2158.0,42.9,42.14,0.22,0.54,48.32,47.67,0.0,0.65,45,43
2003-11-11 22:00:00,22,1400.0,1945.0,38.5,38.02,0.0,0.48,41.65,41.2,0.0,0.45,45,43
2003-11-11 23:00:00,23,1730.1,1751.0,36.66,36.21,0.0,0.45,38.14,37.81,0.0,0.33,46,43
2003-11-12 00:00:00,0,1653.7,1630.0,36.05,35.59,0.0,0.46,38.69,38.31,0.0,0.38,45,43
2003-11-12 01:00:00,1,2002.2,1570.0,35.66,35.2,0.0,0.46,39.3,38.84,0.0,0.46,44,42
2003-11-12 02:00:00,2,2214.3,1540.0,35.93,35.46,0.0,0.47,38.28,37.83,0.0,0.45,44,42
2003-11-12 03:00:00,3,2312.9,1533.0,35.89,35.42,0.0,0.47,38.44,37.96,0.0,0.48,43,42
2003-11-12 04:00:00,4,2040.1,1572.0,35.58,35.1,0.0,0.48,38.79,38.32,0.0,0.47,43,42
2003-11-12 05:00:00,5,1806.0,1744.0,39.4,38.87,0.0,0.53,40.65,40.11,0.0,0.54,43,42
2003-11-12 06:00:00,6,1859.7,2056.0,47.95,47.29,0.0,0.66,45.69,45.04,0.0,0.65,43,42
2003-11-12 07:00:00,7,1893.3,2246.0,55.0,54.27,0.0,0.73,56.41,55.57,0.0,0.84,43,42
2003-11-12 08:00:00,8,1944.6,2289.0,49.64,48.99,0.0,0.65,54.56,53.65,0.0,0.91,43,42
2003-11-12 09:00:00,9,2010.8,2308.0,49.72,48.82,0.26,0.64,55.68,54.7,0.0,0.98,45,44
2003-11-12 10:00:00,10,1943.7,2321.0,45.91,45.8,-0.49,0.6,54.09,53.13,0.0,0.96,45,44
2003-11-12 11:00:00,11,1858.0,2307.0,44.14,44.64,-1.07,0.57,57.6,56.6,0.0,1.0,46,45
2003-11-12 12:00:00,12,1829.4,2262.0,43.6,43.98,-0.94,0.56,53.22,52.34,0.0,0.88,48,46
2003-11-12 13:00:00,13,1819.8,2236.0,43.39,42.84,0.0,0.55,52.41,51.47,0.0,0.94,51,47
2003-11-12 14:00:00,14,1785.4,2210.0,42.54,42.01,0.0,0.53,48.82,48.02,0.0,0.8,52,48
2003-11-12 15:00:00,15,1786.7,2206.0,41.97,41.45,0.0,0.52,46.5,45.81,0.0,0.69,53,48
2003-11-12 16:00:00,16,2030.3,2339.0,50.6,51.21,-1.28,0.67,48.89,48.62,-0.38,0.65,53,47
2003-11-12 17:00:00,17,1869.7,2494.0,55.45,57.45,-2.75,0.75,52.47,55.75,-4.06,0.78,50,47
2003-11-12 18:00:00,18,1836.5,2451.0,54.05,55.47,-2.15,0.73,56.35,55.44,-0.01,0.92,50,48
2003-11-12 19:00:00,19,2020.1,2382.0,50.5,52.16,-2.34,0.68,50.02,49.2,0.0,0.82,48,47
2003-11-12 20:00:00,20,1859.3,2280.0,46.84,47.49,-1.28,0.63,50.58,50.0,-0.26,0.84,48,47
2003-11-12 21:00:00,21,1617.1,2123.0,41.09,40.56,0.0,0.53,44.56,44.03,-0.11,0.64,48,48
2003-11-12 22:00:00,22,1272.3,1906.0,38.06,37.59,0.0,0.47,31.54,31.13,0.0,0.41,49,48
2003-11-12 23:00:00,23,1556.8,1710.0,38.27,37.79,0.0,0.48,27.73,27.36,0.0,0.37,49,48
2003-11-13 00:00:00,0,1662.1,1584.0,38.96,38.46,0.0,0.5,24.14,23.74,0.0,0.4,49,49
2003-11-13 01:00:00,1,1858.9,1518.0,38.07,37.57,0.0,0.5,21.59,21.23,0.0,0.36,50,49
2003-11-13 02:00:00,2,2058.5,1488.0,38.07,37.56,0.0,0.51,22.27,21.83,0.0,0.44,50,50
2003-11-13 03:00:00,3,2046.6,1482.0,38.07,37.55,0.0,0.52,23.21,22.77,0.0,0.44,51,50
2003-11-13 04:00:00,4,2074.9,1515.0,38.96,38.43,0.0,0.53,30.21,29.68,0.0,0.53,52,52
2003-11-13 05:00:00,5,1447.5,1678.0,40.36,39.82,0.0,0.54,31.97,31.52,0.0,0.45,54,53
2003-11-13 06:00:00,6,1746.2,1988.0,47.64,47.0,0.0,0.64,42.16,41.71,0.0,0.45,55,53
2003-11-13 07:00:00,7,1858.7,2177.0,54.46,54.91,-1.2,0.75,43.69,43.22,0.0,0.47,53,45
2003-11-13 08:00:00,8,1937.1,2221.0,53.4,53.72,-1.04,0.72,39.94,39.49,0.0,0.45,52,40
2003-11-13 09:00:00,9,1900.8,2244.0,53.65,54.69,-1.77,0.73,40.25,39.78,0.0,0.47,50,35
2003-11-13 10:00:00,10,1896.2,2249.0,52.4,53.83,-2.14,0.71,40.68,40.27,0.0,0.41,48,27
2003-11-13 11:00:00,11,1980.1,2251.0,52.0,51.87,-0.55,0.68,43.95,43.49,0.0,0.46,49,28
2003-11-13 12:00:00,12,1901.1,2229.0,53.58,53.86,-0.99,0.71,43.21,42.72,0.0,0.49,47,29
2003-11-13 13:00:00,13,1967.0,2228.0,51.95,53.14,-1.89,0.7,42.03,41.58,0.0,0.45,47,25
2003-11-13 14:00:00,14,1962.1,2224.0,49.33,51.38,-2.72,0.67,40.85,40.44,0.0,0.41,45,23
2003-11-13 15:00:00,15,1972.1,2248.0,50.77,52.71,-2.64,0.7,44.0,43.54,0.0,0.46,43,21
2003-11-13 16:00:00,16,1932.9,2402.0,59.58,62.85,-4.11,0.84,50.44,49.81,0.0,0.63,41,21
2003-11-13 17:00:00,17,1979.0,2528.0,62.82,71.46,-9.58,0.94,55.31,55.79,-1.21,0.73,39,23
2003-11-13 18:00:00,18,1933.8,2493.0,58.89,68.48,-10.49,0.9,49.58,50.64,-1.78,0.72,38,25
2003-11-13 19:00:00,19,2013.5,2442.0,56.91,61.45,-5.36,0.82,49.07,48.46,-0.09,0.7,38,24
2003-11-13 20:00:00,20,2002.7,2346.0,54.69,55.47,-1.51,0.73,45.85,45.27,-0.04,0.62,36,24
2003-11-13 21:00:00,21,1832.8,2196.0,50.69,50.04,0.0,0.65,43.67,43.13,0.0,0.54,36,23
2003-11-13 22:00:00,22,1481.4,1976.0,45.06,44.69,-0.21,0.58,38.22,37.76,0.0,0.46,35,24
2003-11-13 23:00:00,23,1351.7,1792.0,41.14,40.84,-0.22,0.52,33.5,33.09,0.0,0.41,35,20
2003-11-14 00:00:00,0,1725.8,1684.0,37.01,36.52,0.0,0.49,37.75,37.21,0.0,0.54,34,18
2003-11-14 01:00:00,1,1895.6,1630.0,35.04,34.57,0.0,0.47,26.38,25.99,0.0,0.39,33,18
2003-11-14 02:00:00,2,1853.6,1607.0,35.04,34.56,0.0,0.48,28.79,28.35,0.0,0.44,32,18
2003-11-14 03:00:00,3,1852.9,1606.0,35.04,34.57,0.0,0.47,35.59,35.04,0.0,0.55,31,18
2003-11-14 04:00:00,4,1913.6,1655.0,36.04,35.54,0.0,0.5,35.22,34.69,0.0,0.53,30,17
2003-11-14 05:00:00,5,1920.4,1826.0,38.97,38.44,-0.01,0.54,45.35,44.7,0.0,0.65,29,15
2003-11-14 06:00:00,6,2062.3,2132.0,46.2,45.79,-0.23,0.64,52.38,51.66,0.0,0.72,29,14
2003-11-14 07:00:00,7,1873.5,2304.0,52.79,54.64,-2.61,0.76,56.31,55.58,0.0,0.73,28,15
2003-11-14 08:00:00,8,1937.6,2350.0,51.08,52.96,-2.6,0.72,53.99,53.21,0.0,0.78,28,13
2003-11-14 09:00:00,9,1941.3,2364.0,51.54,53.63,-2.83,0.74,55.09,54.18,0.0,0.91,28,11
2003-11-14 10:00:00,10,2107.0,2378.0,50.99,53.26,-2.99,0.72,55.78,54.63,0.39,0.76,29,9
2003-11-14 11:00:00,11,1967.5,2363.0,51.79,53.43,-2.36,0.72,57.03,55.67,0.6,0.76,30,8
2003-11-14 12:00:00,12,2072.7,2327.0,50.28,52.39,-2.81,0.7,54.62,53.78,0.0,0.84,31,5
2003-11-14 13:00:00,13,2036.7,2309.0,49.54,51.9,-3.05,0.69,53.23,52.41,0.0,0.82,33,5
2003-11-14 14:00:00,14,1992.5,2283.0,48.27,51.05,-3.46,0.68,50.98,50.25,0.0,0.73,35,8
2003-11-14 15:00:00,15,1977.2,2282.0,47.83,51.04,-3.9,0.69,50.73,50.0,0.0,0.73,34,7
2003-11-14 16:00:00,16,2191.0,2407.0,55.01,60.11,-5.93,0.83,63.93,63.17,0.0,0.76,33,9
2003-11-14 17:00:00,17,2299.6,2535.0,58.53,69.17,-11.6,0.96,74.16,73.41,0.0,0.75,32,15
2003-11-14 18:00:00,18,2119.2,2500.0,57.46,68.08,-11.56,0.94,58.15,57.44,0.0,0.71,31,15
2003-11-14 19:00:00,19,2262.7,2417.0,51.14,57.9,-7.56,0.8,54.49,53.73,0.0,0.76,31,17
2003-11-14 20:00:00,20,2094.6,2326.0,49.44,52.11,-3.4,0.73,51.64,50.96,0.0,0.68,32,17
2003-11-14 21:00:00,21,1878.8,2203.0,46.52,49.73,-3.89,0.68,48.15,47.44,0.0,0.71,32,16
2003-11-14 22:00:00,22,1608.7,2034.0,41.05,41.61,-1.12,0.56,41.61,41.03,0.0,0.58,32,16
2003-11-14 23:00:00,23,1783.4,1858.0,38.04,37.55,0.0,0.49,36.34,35.86,0.0,0.48,31,14
2003-11-15 00:00:00,0,1659.5,1735.0,36.12,35.62,0.0,0.5,38.99,38.42,0.0,0.57,31,14
2003-11-15 01:00:00,1,2085.2,1664.0,35.05,34.55,0.0,0.5,47.35,46.54,0.0,0.81,30,13
2003-11-15 02:00:00,2,2085.3,1626.0,34.0,33.52,0.0,0.48,38.24,37.58,0.0,0.66,29,11
2003-11-15 03:00:00,3,2085.6,1611.0,33.04,32.57,0.0,0.47,36.79,36.19,0.0,0.6,29,8
2003-11-15 04:00:00,4,2359.3,1628.0,34.91,34.41,0.0,0.5,41.99,41.14,0.0,0.85,28,9
2003-11-15 05:00:00,5,1981.5,1693.0,36.66,36.14,0.0,0.52,38.31,37.63,0.0,0.68,27,8
2003-11-15 06:00:00,6,1474.8,1797.0,40.52,39.96,-0.01,0.57,38.37,37.93,0.0,0.44,27,5
2003-11-15 07:00:00,7,1648.2,1924.0,44.07,43.44,0.0,0.63,39.43,38.96,0.0,0.47,26,4
2003-11-15 08:00:00,8,1839.6,2054.0,48.31,47.61,0.0,0.7,48.89,48.21,0.0,0.68,27,4
2003-11-15 09:00:00,9,1916.8,2122.0,50.05,49.31,0.0,0.74,53.17,52.36,0.0,0.81,28,3
2003-11-15 10:00:00,10,1943.4,2136.0,49.67,48.95,0.0,0.72,51.68,50.86,0.0,0.82,30,4
2003-11-15 11:00:00,11,1893.9,2108.0,47.23,46.55,0.0,0.68,47.33,46.59,0.0,0.74,33,5
2003-11-15 12:00:00,12,1837.1,2050.0,45.79,45.13,0.0,0.66,44.13,43.53,0.0,0.6,35,6
2003-11-15 13:00:00,13,1748.2,1995.0,42.98,42.36,0.0,0.62,41.35,40.82,0.0,0.53,36,5
2003-11-15 14:00:00,14,1720.8,1959.0,42.85,42.23,0.0,0.62,40.51,40.13,0.0,0.38,37,6
2003-11-15 15:00:00,15,1695.4,1972.0,43.6,42.96,0.0,0.64,41.91,41.51,0.0,0.4,36,8
2003-11-15 16:00:00,16,1890.5,2123.0,52.07,51.29,0.0,0.78,63.37,62.88,0.0,0.49,34,8
2003-11-15 17:00:00,17,2134.1,2292.0,58.05,57.58,-0.39,0.86,70.5,72.38,-2.36,0.48,32,9
2003-11-15 18:00:00,18,1961.6,2263.0,54.68,55.19,-1.33,0.82,55.09,54.56,0.0,0.53,32,9
2003-11-15 19:00:00,19,1907.2,2205.0,51.95,51.19,0.0,0.76,54.07,53.53,0.0,0.54,30,11
2003-11-15 20:00:00,20,1991.8,2134.0,47.24,46.55,0.0,0.69,46.34,45.82,0.0,0.52,29,12
2003-11-15 21:00:00,21,1791.7,2038.0,45.07,44.42,0.0,0.65,45.56,45.04,0.0,0.52,29,13
2003-11-15 22:00:00,22,1536.1,1909.0,41.02,40.45,0.0,0.57,45.57,45.05,0.0,0.52,29,14
2003-11-15 23:00:00,23,1580.5,1765.0,37.59,37.07,0.0,0.52,46.23,45.66,0.0,0.57,29,14
2003-11-16 00:00:00,0,1682.6,1656.0,36.05,35.52,0.0,0.53,45.08,44.54,0.0,0.54,29,14
2003-11-16 01:00:00,1,2148.2,1589.0,35.43,34.9,0.0,0.53,40.7,40.19,0.0,0.51,28,14
2003-11-16 02:00:00,2,2298.2,1556.0,34.05,33.54,0.0,0.51,40.25,39.75,0.0,0.5,28,13
2003-11-16 03:00:00,3,2293.7,1542.0,32.93,32.43,0.0,0.5,39.38,38.9,0.0,0.48,27,14
2003-11-16 04:00:00,4,2306.3,1545.0,34.05,33.53,0.0,0.52,41.33,40.71,0.0,0.62,27,14
2003-11-16 05:00:00,5,2110.0,1588.0,36.05,35.5,0.0,0.55,40.13,39.53,0.0,0.6,27,14
2003-11-16 06:00:00,6,1737.8,1653.0,37.56,36.98,0.0,0.58,39.13,38.69,0.0,0.44,27,14
2003-11-16 07:00:00,7,1614.6,1743.0,38.39,37.8,0.0,0.59,39.62,39.17,0.0,0.45,27,14
2003-11-16 08:00:00,8,1596.6,1864.0,41.56,40.9,0.0,0.66,44.53,44.03,0.0,0.5,30,14
2003-11-16 09:00:00,9,1714.5,1961.0,44.46,43.76,0.0,0.7,44.61,44.17,0.0,0.44,32,16
2003-11-16 10:00:00,10,1772.6,1996.0,43.39,42.72,0.0,0.67,44.73,44.28,0.0,0.45,35,18
2003-11-16 11:00:00,11,1767.7,1998.0,44.0,43.32,0.0,0.68,44.9,44.43,0.0,0.47,36,18
2003-11-16 12:00:00,12,1774.7,1981.0,46.66,45.95,0.0,0.71,44.84,44.39,0.0,0.45,40,18
2003-11-16 13:00:00,13,1699.5,1952.0,43.39,42.74,0.0,0.65,41.04,40.69,0.0,0.35,41,19
2003-11-16 14:00:00,14,1678.3,1931.0,43.06,42.41,0.0,0.65,38.63,38.38,0.0,0.25,40,22
2003-11-16 15:00:00,15,1707.1,1956.0,43.7,43.03,0.0,0.67,40.74,40.42,0.0,0.32,40,23
2003-11-16 16:00:00,16,1754.0,2128.0,54.53,53.67,0.0,0.86,61.37,60.86,0.0,0.51,40,26
2003-11-16 17:00:00,17,1846.9,2301.0,59.37,58.45,0.0,0.92,65.88,65.71,-0.32,0.49,38,27
2003-11-16 18:00:00,18,1957.3,2280.0,56.52,56.44,-0.8,0.88,61.79,61.69,-0.6,0.7,37,27
2003-11-16 19:00:00,19,1884.9,2217.0,53.08,52.26,0.0,0.82,53.29,52.88,-0.27,0.68,36,27
2003-11-16 20:00:00,20,2019.1,2132.0,48.84,48.1,0.0,0.74,47.56,46.99,0.0,0.57,37,28
2003-11-16 21:00:00,21,1834.5,1989.0,44.14,43.48,0.0,0.66,41.24,40.85,0.0,0.39,38,28
2003-11-16 22:00:00,22,1685.5,1827.0,38.78,38.21,0.0,0.57,33.03,32.67,0.0,0.36,38,29
2003-11-16 23:00:00,23,1780.9,1678.0,36.13,35.59,0.0,0.54,36.38,35.92,0.0,0.46,38,29
2003-11-17 00:00:00,0,1934.0,1557.0,35.06,34.52,0.0,0.54,28.6,28.15,0.0,0.45,38,30
2003-11-17 01:00:00,1,1911.4,1500.0,30.57,30.1,0.0,0.47,21.38,21.03,0.0,0.35,38,30
2003-11-17 02:00:00,2,2023.1,1482.0,30.57,30.1,0.0,0.47,21.82,21.45,0.0,0.37,37,30
2003-11-17 03:00:00,3,1984.2,1479.0,30.57,30.1,0.0,0.47,24.43,23.98,0.0,0.45,37,29
2003-11-17 04:00:00,4,1924.3,1525.0,30.71,30.23,0.0,0.48,31.54,30.99,0.0,0.55,37,29
2003-11-17 05:00:00,5,1916.3,1712.0,37.88,37.28,0.0,0.6,33.54,32.99,0.0,0.55,37,24
2003-11-17 06:00:00,6,1807.0,2038.0,45.08,44.36,0.0,0.72,47.76,47.22,0.0,0.54,37,23
2003-11-17 07:00:00,7,1963.8,2246.0,50.0,49.23,0.0,0.77,56.33,55.69,0.0,0.64,35,26
2003-11-17 08:00:00,8,2101.5,2314.0,48.72,47.98,0.0,0.74,54.22,53.51,0.0,0.71,36,24
2003-11-17 09:00:00,9,2159.9,2344.0,48.87,48.14,0.0,0.73,55.04,54.29,0.0,0.75,36,21
2003-11-17 10:00:00,10,2186.9,2376.0,48.63,47.91,0.0,0.72,58.54,57.85,0.0,0.69,37,22
2003-11-17 11:00:00,11,2176.0,2379.0,48.07,47.36,0.0,0.71,55.83,55.06,0.0,0.77,37,25
2003-11-17 12:00:00,12,2159.2,2376.0,46.78,46.08,0.0,0.7,53.2,52.48,0.0,0.72,36,29
2003-11-17 13:00:00,13,2149.1,2370.0,46.44,45.75,0.0,0.69,56.42,55.66,0.0,0.76,37,30
2003-11-17 14:00:00,14,2116.8,2345.0,44.58,43.91,0.02,0.65,54.79,54.06,0.0,0.73,36,30
2003-11-17 15:00:00,15,2100.1,2363.0,44.65,43.98,0.0,0.67,56.18,55.4,0.0,0.78,36,31
2003-11-17 16:00:00,16,1893.8,2504.0,58.56,57.86,-0.2,0.9,69.07,68.18,0.0,0.89,36,32
2003-11-17 17:00:00,17,1937.0,2602.0,62.25,63.36,-2.09,0.98,68.46,67.74,0.0,0.72,37,27
2003-11-17 18:00:00,18,2235.4,2559.0,57.85,60.18,-3.26,0.93,68.67,67.84,0.0,0.83,38,21
2003-11-17 19:00:00,19,2196.0,2481.0,53.01,54.26,-2.09,0.84,60.97,60.11,0.0,0.86,38,21
2003-11-17 20:00:00,20,2205.8,2381.0,48.55,47.86,-0.05,0.74,53.85,53.05,0.0,0.8,38,22
2003-11-17 21:00:00,21,1953.1,2215.0,46.26,45.56,0.0,0.7,47.97,47.24,0.0,0.73,38,24
2003-11-17 22:00:00,22,1591.9,1993.0,41.55,40.94,0.0,0.61,40.11,39.61,0.0,0.5,39,23
2003-11-17 23:00:00,23,2019.6,1795.0,37.59,37.03,0.0,0.56,36.9,36.44,0.0,0.46,39,22
2003-11-18 00:00:00,0,2180.5,1668.0,35.96,34.32,1.09,0.55,35.44,34.9,0.0,0.54,39,22
2003-11-18 01:00:00,1,2546.5,1600.0,34.88,32.76,1.59,0.53,36.62,35.95,0.03,0.64,39,24
2003-11-18 02:00:00,2,2690.8,1555.0,34.88,32.74,1.6,0.54,35.09,34.41,0.0,0.68,39,25
2003-11-18 03:00:00,3,2702.4,1550.0,34.88,32.73,1.62,0.53,27.5,26.99,0.0,0.51,40,20
2003-11-18 04:00:00,4,2707.6,1592.0,34.9,34.33,0.0,0.57,34.32,33.65,0.0,0.67,39,23
2003-11-18 05:00:00,5,2030.6,1768.0,37.89,37.28,-0.01,0.62,40.24,39.58,0.0,0.66,39,25
2003-11-18 06:00:00,6,2083.7,2080.0,46.1,45.33,0.0,0.77,54.38,53.68,0.0,0.7,39,25
2003-11-18 07:00:00,7,2142.1,2267.0,50.09,49.28,0.0,0.81,52.45,51.81,0.0,0.64,39,25
2003-11-18 08:00:00,8,2130.0,2293.0,49.89,49.09,0.0,0.8,52.74,52.13,0.0,0.61,39,27
2003-11-18 09:00:00,9,2074.4,2290.0,50.32,49.55,-0.04,0.81,50.81,50.2,0.0,0.61,41,27
2003-11-18 10:00:00,10,2071.5,2300.0,50.1,51.39,-2.11,0.82,47.59,46.99,0.0,0.6,44,27
2003-11-18 11:00:00,11,2150.7,2279.0,47.95,49.89,-2.74,0.8,48.45,47.82,0.0,0.63,45,29
2003-11-18 12:00:00,12,2112.6,2246.0,46.06,48.29,-3.0,0.77,47.84,47.19,0.0,0.65,45,30
2003-11-18 13:00:00,13,2084.8,2226.0,45.1,47.64,-3.3,0.76,45.78,45.15,0.0,0.63,49,31
2003-11-18 14:00:00,14,2031.9,2214.0,43.64,46.36,-3.45,0.73,43.27,42.78,0.0,0.49,50,36
2003-11-18 15:00:00,15,2037.3,2221.0,43.98,43.29,0.0,0.69,43.65,43.17,0.0,0.48,50,37
2003-11-18 16:00:00,16,2123.1,2379.0,56.19,56.16,-0.88,0.91,57.57,56.93,0.0,0.64,50,37
2003-11-18 17:00:00,17,2154.6,2522.0,60.06,62.56,-3.52,1.02,51.56,53.06,-2.01,0.51,47,37
2003-11-18 18:00:00,18,2209.0,2486.0,57.99,62.06,-5.07,1.0,52.34,69.61,-18.26,0.99,45,37
2003-11-18 19:00:00,19,2210.9,2418.0,51.66,53.02,-2.22,0.86,43.11,45.58,-3.06,0.59,43,37
2003-11-18 20:00:00,20,2182.3,2325.0,48.09,50.54,-3.27,0.82,42.43,41.91,0.0,0.52,41,37
2003-11-18 21:00:00,21,1894.0,2168.0,44.28,43.59,0.0,0.69,38.66,38.16,0.0,0.5,40,38
2003-11-18 22:00:00,22,1854.2,1951.0,37.62,37.03,0.0,0.59,31.78,31.22,0.0,0.56,41,39
2003-11-18 23:00:00,23,1957.6,1751.0,36.63,36.06,0.0,0.57,34.66,34.01,0.0,0.65,41,39
2003-11-19 00:00:00,0,2094.1,1621.0,34.89,34.32,-0.01,0.58,27.07,26.56,0.0,0.51,41,39
2003-11-19 01:00:00,1,2607.6,1551.0,34.89,34.31,0.0,0.58,27.17,26.63,0.0,0.54,41,40
2003-11-19 02:00:00,2,2601.1,1520.0,32.99,32.44,0.0,0.55,26.34,25.74,0.0,0.6,41,40
2003-11-19 03:00:00,3,2596.5,1511.0,32.99,32.44,0.0,0.55,15.15,14.81,0.0,0.34,41,40
2003-11-19 04:00:00,4,2611.0,1551.0,34.17,33.59,0.0,0.58,24.29,23.73,0.0,0.56,41,41
2003-11-19 05:00:00,5,1963.5,1720.0,36.62,36.01,-0.02,0.63,32.62,31.98,0.0,0.64,42,41
2003-11-19 06:00:00,6,1850.4,2039.0,45.2,44.4,0.0,0.8,37.81,37.28,0.0,0.53,42,41
2003-11-19 07:00:00,7,1926.8,2240.0,49.07,48.22,0.0,0.85,48.86,48.21,0.0,0.65,42,42
2003-11-19 08:00:00,8,1962.4,2283.0,49.24,48.41,0.0,0.83,47.6,46.91,0.0,0.69,43,43
2003-11-19 09:00:00,9,2017.1,2304.0,48.59,47.78,0.0,0.81,47.65,46.93,0.0,0.72,45,45
2003-11-19 10:00:00,10,2038.6,2325.0,47.61,46.82,0.0,0.79,47.59,46.87,0.0,0.72,47,46
2003-11-19 11:00:00,11,1875.9,2330.0,50.78,49.95,0.0,0.83,50.59,49.86,0.0,0.73,49,48
2003-11-19 12:00:00,12,1869.2,2322.0,49.81,48.99,0.0,0.82,52.27,51.54,0.0,0.73,53,49
2003-11-19 13:00:00,13,1970.4,2323.0,49.24,48.44,0.0,0.8,46.77,46.15,0.0,0.62,53,50
2003-11-19 14:00:00,14,1940.8,2307.0,47.1,46.34,0.0,0.76,43.96,43.37,0.0,0.59,55,52
2003-11-19 15:00:00,15,1949.0,2322.0,47.64,46.86,0.0,0.78,45.7,45.08,0.0,0.62,56,52
2003-11-19 16:00:00,16,2304.6,2448.0,58.59,57.78,-0.18,0.99,50.94,51.78,-1.51,0.67,55,52
2003-11-19 17:00:00,17,2108.9,2524.0,59.4,60.51,-2.16,1.05,48.5,50.29,-2.42,0.63,56,52
2003-11-19 18:00:00,18,2109.9,2488.0,57.02,58.18,-2.15,0.99,44.02,45.31,-1.8,0.51,56,52
2003-11-19 19:00:00,19,2073.7,2394.0,53.68,54.95,-2.21,0.94,42.77,42.55,-0.27,0.49,57,52
2003-11-19 20:00:00,20,2050.2,2294.0,49.85,51.4,-2.43,0.88,46.16,45.54,0.0,0.62,56,52
2003-11-19 21:00:00,21,1845.6,2116.0,45.83,45.08,0.0,0.75,40.39,39.87,0.0,0.52,58,53
2003-11-19 22:00:00,22,1516.1,1911.0,38.89,38.26,0.0,0.63,33.33,32.86,0.0,0.47,57,53
2003-11-19 23:00:00,23,2109.1,1722.0,36.57,35.98,0.0,0.59,33.84,33.32,0.0,0.52,60,53
2003-11-20 00:00:00,0,1684.6,1582.0,31.23,30.73,0.0,0.5,26.04,25.61,0.0,0.43,61,53
2003-11-20 01:00:00,1,2118.4,1516.0,30.06,29.58,0.0,0.48,19.94,19.58,0.0,0.36,61,54
2003-11-20 02:00:00,2,2308.7,1479.0,28.56,28.1,0.0,0.46,7.36,7.23,0.0,0.13,58,54
2003-11-20 03:00:00,3,2302.5,1466.0,28.05,27.6,0.0,0.45,0.0,0.0,0.0,0.0,57,56
2003-11-20 04:00:00,4,2115.4,1504.0,29.5,29.01,0.0,0.49,0.0,0.0,0.0,0.0,57,56
2003-11-20 05:00:00,5,1812.1,1670.0,34.06,33.49,0.0,0.57,36.72,36.09,0.0,0.63,55,53
2003-11-20 06:00:00,6,1836.4,1995.0,41.78,41.07,0.0,0.71,44.62,43.9,0.0,0.72,50,47
2003-11-20 07:00:00,7,1951.9,2180.0,47.77,46.96,0.0,0.81,40.75,40.21,0.0,0.54,46,43
2003-11-20 08:00:00,8,2118.2,2238.0,46.79,46.01,0.0,0.78,40.18,39.7,0.0,0.48,43,40
2003-11-20 09:00:00,9,2136.0,2261.0,47.43,46.65,0.0,0.78,41.68,41.13,0.0,0.55,43,40
2003-11-20 10:00:00,10,2098.7,2275.0,47.77,46.99,0.0,0.78,46.54,45.91,0.0,0.63,43,39
2003-11-20 11:00:00,11,2181.1,2274.0,47.08,46.33,0.0,0.75,46.47,45.81,0.0,0.66,44,38
2003-11-20 12:00:00,12,2154.9,2265.0,46.58,45.84,0.0,0.74,41.38,40.84,0.0,0.54,45,37
2003-11-20 13:00:00,13,2149.7,2259.0,45.08,44.49,-0.12,0.71,41.69,41.13,0.0,0.56,46,37
2003-11-20 14:00:00,14,2049.0,2242.0,44.63,43.93,0.0,0.7,39.59,39.1,0.0,0.49,47,36
2003-11-20 15:00:00,15,2046.7,2271.0,45.84,45.11,0.0,0.73,40.39,39.88,0.0,0.51,47,35
2003-11-20 16:00:00,16,2288.9,2419.0,55.05,55.33,-1.21,0.93,53.75,55.06,-1.94,0.63,46,35
2003-11-20 17:00:00,17,2207.9,2519.0,54.72,62.32,-8.65,1.05,50.81,69.15,-19.27,0.93,45,35
2003-11-20 18:00:00,18,2183.5,2478.0,53.99,62.65,-9.7,1.04,47.27,61.49,-15.18,0.96,44,35
2003-11-20 19:00:00,19,2154.0,2423.0,49.9,51.8,-2.77,0.87,47.53,48.77,-1.98,0.74,44,34
2003-11-20 20:00:00,20,2172.7,2326.0,44.98,48.41,-4.24,0.81,44.99,44.36,0.0,0.63,43,35
2003-11-20 21:00:00,21,1951.6,2180.0,41.21,40.55,0.0,0.66,39.89,39.34,0.0,0.55,43,32
2003-11-20 22:00:00,22,1569.1,1970.0,38.18,37.57,0.0,0.61,29.55,29.12,0.0,0.43,41,33
2003-11-20 23:00:00,23,1471.2,1779.0,36.23,35.67,0.0,0.56,32.32,31.82,0.0,0.5,41,31
2003-11-21 00:00:00,0,1530.6,1649.0,29.65,29.19,-0.02,0.48,32.48,31.93,0.0,0.55,40,30
2003-11-21 01:00:00,1,1746.1,1583.0,25.77,25.35,0.0,0.42,30.05,29.54,0.0,0.51,39,30
2003-11-21 02:00:00,2,1867.6,1552.0,24.71,24.3,0.0,0.41,31.51,30.95,0.0,0.56,39,30
2003-11-21 03:00:00,3,1856.3,1545.0,24.22,23.82,0.0,0.4,26.5,26.03,0.0,0.47,39,31
2003-11-21 04:00:00,4,1730.8,1588.0,25.72,25.31,-0.02,0.43,30.7,30.17,0.0,0.53,38,30
2003-11-21 05:00:00,5,1438.3,1755.0,35.42,34.82,-0.01,0.61,38.49,37.88,0.0,0.61,39,31
2003-11-21 06:00:00,6,1637.5,2062.0,45.14,44.36,-0.01,0.79,69.99,69.01,0.0,0.98,40,31
2003-11-21 07:00:00,7,1864.2,2243.0,43.96,43.2,0.0,0.76,52.41,51.73,0.0,0.68,39,30
2003-11-21 08:00:00,8,1950.6,2283.0,44.1,43.35,0.0,0.75,48.29,47.48,0.0,0.81,42,29
2003-11-21 09:00:00,9,1882.2,2285.0,45.6,44.83,0.0,0.77,44.27,43.6,0.0,0.67,45,29
2003-11-21 10:00:00,10,1865.7,2279.0,45.94,45.18,0.0,0.76,43.1,42.46,0.0,0.64,46,29
2003-11-21 11:00:00,11,1856.3,2258.0,46.15,45.39,0.0,0.76,40.85,40.25,0.0,0.6,51,30
2003-11-21 12:00:00,12,1880.5,2221.0,45.6,44.85,0.0,0.75,41.16,40.56,0.0,0.6,55,35
2003-11-21 13:00:00,13,1922.2,2207.0,44.49,43.76,0.0,0.73,40.36,39.78,0.0,0.58,57,35
2003-11-21 14:00:00,14,1879.4,2171.0,42.46,41.77,0.0,0.69,39.69,39.19,0.0,0.5,57,27
2003-11-21 15:00:00,15,1864.5,2147.0,43.13,42.42,0.0,0.71,39.07,38.6,0.0,0.47,56,23
2003-11-21 16:00:00,16,1820.5,2260.0,49.66,48.81,0.0,0.85,52.01,51.4,0.0,0.61,56,24
2003-11-21 17:00:00,17,1844.3,2384.0,54.67,54.97,-1.26,0.96,51.34,50.87,0.0,0.47,53,28
2003-11-21 18:00:00,18,1894.3,2338.0,53.18,53.91,-1.67,0.94,56.25,55.62,0.0,0.63,51,31
2003-11-21 19:00:00,19,1860.1,2260.0,49.0,48.16,0.0,0.84,51.34,50.76,0.0,0.58,46,36
2003-11-21 20:00:00,20,1919.0,2181.0,44.9,44.12,0.0,0.78,40.38,39.88,0.0,0.5,50,33
2003-11-21 21:00:00,21,1671.9,2064.0,40.97,40.28,0.0,0.69,38.8,38.31,0.0,0.49,49,35
2003-11-21 22:00:00,22,1414.4,1912.0,37.54,36.92,0.0,0.62,37.36,36.81,0.0,0.55,48,36
2003-11-21 23:00:00,23,1293.0,1743.0,35.11,34.54,0.0,0.57,31.91,31.46,0.0,0.45,49,36
2003-11-22 00:00:00,0,1668.0,1613.0,33.12,32.54,0.0,0.58,33.55,33.1,0.0,0.45,48,36
2003-11-22 01:00:00,1,1553.0,1538.0,27.64,27.16,0.0,0.48,34.67,34.24,0.0,0.43,47,36
2003-11-22 02:00:00,2,1629.9,1502.0,26.38,25.92,0.0,0.46,29.36,28.99,0.0,0.37,47,36
2003-11-22 03:00:00,3,1702.2,1485.0,25.97,25.51,0.0,0.46,30.07,29.67,0.0,0.4,45,36
2003-11-22 04:00:00,4,1572.8,1499.0,26.38,25.92,-0.01,0.47,28.24,27.89,0.0,0.35,44,35
2003-11-22 05:00:00,5,1616.3,1567.0,33.85,33.27,-0.01,0.59,29.61,29.22,0.0,0.39,42,35
2003-11-22 06:00:00,6,1440.4,1680.0,38.11,37.46,-0.02,0.67,33.47,32.99,0.0,0.48,43,32
2003-11-22 07:00:00,7,1601.8,1810.0,41.04,40.3,0.0,0.74,35.64,35.13,0.01,0.5,43,32
2003-11-22 08:00:00,8,1897.4,1933.0,43.12,42.32,0.0,0.8,40.05,39.49,0.0,0.56,45,32
2003-11-22 09:00:00,9,1914.5,2009.0,45.16,44.31,0.02,0.83,45.01,44.38,0.0,0.63,47,32
2003-11-22 10:00:00,10,1872.4,2024.0,44.69,43.55,0.34,0.8,38.96,38.43,0.0,0.53,49,31
2003-11-22 11:00:00,11,1897.9,1992.0,44.31,43.38,0.13,0.8,38.34,37.87,0.0,0.47,51,32
2003-11-22 12:00:00,12,1856.5,1945.0,41.88,41.12,0.0,0.76,38.56,38.11,0.0,0.45,52,31
2003-11-22 13:00:00,13,1694.4,1899.0,39.01,38.3,0.0,0.71,38.23,37.78,0.0,0.45,53,32
2003-11-22 14:00:00,14,1638.4,1854.0,38.92,38.22,0.0,0.7,32.14,31.78,0.0,0.36,54,33
2003-11-22 15:00:00,15,1741.0,1856.0,39.84,39.11,0.0,0.73,33.88,33.5,0.0,0.38,54,33
2003-11-22 16:00:00,16,1598.9,2012.0,52.46,51.42,0.05,0.99,59.1,58.38,0.0,0.72,53,32
2003-11-22 17:00:00,17,1653.5,2172.0,54.79,53.69,0.08,1.02,71.51,70.72,0.0,0.79,50,32
2003-11-22 18:00:00,18,1655.1,2140.0,52.39,51.37,0.06,0.96,44.09,43.52,0.0,0.57,49,33
2003-11-22 19:00:00,19,1875.6,2082.0,48.17,47.25,0.03,0.89,45.78,45.17,0.0,0.61,47,34
2003-11-22 20:00:00,20,1917.4,2023.0,45.47,44.62,0.02,0.83,45.89,45.27,0.0,0.62,42,36
2003-11-22 21:00:00,21,1720.8,1926.0,40.49,39.76,0.0,0.73,38.62,38.15,0.0,0.47,42,34
2003-11-22 22:00:00,22,1453.8,1798.0,37.54,36.88,0.0,0.66,39.06,38.59,0.0,0.47,43,30
2003-11-22 23:00:00,23,1215.8,1655.0,35.12,34.51,0.0,0.61,37.42,36.89,0.0,0.53,42,29
2003-11-23 00:00:00,0,1466.5,1543.0,32.61,32.05,0.0,0.56,31.66,31.21,0.0,0.45,40,25
2003-11-23 01:00:00,1,1654.2,1481.0,30.11,29.59,0.0,0.52,33.79,33.3,0.0,0.49,39,24
2003-11-23 02:00:00,2,1807.7,1450.0,29.55,29.03,0.0,0.52,33.33,32.8,0.0,0.53,37,22
2003-11-23 03:00:00,3,1777.5,1438.0,28.71,28.21,0.0,0.5,29.42,28.96,0.0,0.46,37,22
2003-11-23 04:00:00,4,1542.1,1448.0,28.43,27.93,0.0,0.5,26.76,26.35,0.0,0.41,36,22
2003-11-23 05:00:00,5,1365.7,1490.0,31.9,31.33,0.0,0.57,28.29,27.82,0.0,0.47,36,21
2003-11-23 06:00:00,6,1444.8,1565.0,34.88,34.25,0.0,0.63,26.56,26.09,0.0,0.47,35,21
2003-11-23 07:00:00,7,1241.2,1662.0,38.52,37.82,-0.01,0.71,26.69,26.22,0.0,0.47,35,20
2003-11-23 08:00:00,8,1431.1,1790.0,39.35,38.63,-0.01,0.73,35.54,35.0,0.0,0.54,37,19
2003-11-23 09:00:00,9,1668.3,1882.0,42.6,41.8,0.0,0.8,38.68,38.12,0.0,0.56,38,19
2003-11-23 10:00:00,10,1651.6,1910.0,40.42,39.68,0.0,0.74,38.13,37.57,0.0,0.56,42,21
2003-11-23 11:00:00,11,1666.7,1909.0,40.79,40.05,0.0,0.74,37.77,37.22,0.0,0.55,44,22
2003-11-23 12:00:00,12,1688.3,1893.0,41.18,40.43,0.0,0.75,36.95,36.41,0.0,0.54,46,22
2003-11-23 13:00:00,13,1547.0,1864.0,38.87,38.17,0.0,0.7,34.87,34.39,0.0,0.48,49,20
2003-11-23 14:00:00,14,1510.0,1840.0,38.94,38.24,0.0,0.7,32.83,32.4,0.0,0.43,50,17
2003-11-23 15:00:00,15,1657.9,1861.0,38.31,37.62,0.0,0.69,34.71,34.19,0.0,0.52,49,18
2003-11-23 16:00:00,16,1749.3,2056.0,52.19,51.22,0.0,0.97,62.46,61.59,0.0,0.87,48,21
2003-11-23 17:00:00,17,1633.2,2258.0,54.72,53.7,0.0,1.02,85.25,84.26,0.0,0.99,46,23
2003-11-23 18:00:00,18,1672.4,2250.0,54.08,53.1,0.0,0.98,71.5,70.59,0.0,0.91,44,23
2003-11-23 19:00:00,19,1686.2,2203.0,49.43,48.55,0.0,0.88,56.03,55.24,0.0,0.79,42,21
2003-11-23 20:00:00,20,1910.4,2125.0,43.6,42.82,0.0,0.78,41.17,40.52,0.0,0.65,41,24
2003-11-23 21:00:00,21,1669.8,1983.0,40.09,39.39,0.0,0.7,36.87,36.35,0.0,0.52,40,24
2003-11-23 22:00:00,22,1490.4,1821.0,37.5,36.86,0.0,0.64,35.2,34.68,0.0,0.52,39,27
2003-11-23 23:00:00,23,1452.4,1674.0,34.88,34.28,0.0,0.6,35.18,34.65,0.0,0.53,39,24
2003-11-24 00:00:00,0,1825.6,1574.0,33.72,33.14,0.0,0.58,35.76,35.15,0.0,0.61,37,26
2003-11-24 01:00:00,1,1975.9,1533.0,32.01,31.46,0.0,0.55,37.48,36.84,0.0,0.64,37,30
2003-11-24 02:00:00,2,2219.9,1507.0,30.1,29.58,0.0,0.52,39.34,38.65,0.0,0.69,37,32
2003-11-24 03:00:00,3,2200.2,1515.0,30.1,29.58,0.0,0.52,38.09,37.43,0.0,0.66,37,32
2003-11-24 04:00:00,4,2263.6,1571.0,32.39,31.82,0.0,0.57,40.09,39.35,0.0,0.74,36,33
2003-11-24 05:00:00,5,1352.1,1753.0,35.61,34.97,0.0,0.64,44.07,43.35,0.0,0.72,37,35
2003-11-24 06:00:00,6,1695.2,2085.0,38.91,38.21,0.0,0.7,80.21,79.01,0.0,1.2,37,35
2003-11-24 07:00:00,7,1818.7,2260.0,44.95,44.15,0.0,0.8,62.08,61.16,0.0,0.92,37,36
2003-11-24 08:00:00,8,1927.7,2305.0,45.57,45.03,-0.26,0.8,60.46,59.47,0.0,0.99,38,35
2003-11-24 09:00:00,9,1942.0,2304.0,45.0,44.38,-0.16,0.78,49.71,48.96,0.0,0.75,40,37
2003-11-24 10:00:00,10,1979.2,2322.0,43.66,42.91,0.0,0.75,52.16,51.37,0.0,0.79,42,36
2003-11-24 11:00:00,11,1959.0,2302.0,43.59,42.85,0.0,0.74,45.29,44.64,0.0,0.65,44,37
2003-11-24 12:00:00,12,1926.3,2271.0,42.73,42.0,0.0,0.73,39.28,38.74,0.0,0.54,46,36
2003-11-24 13:00:00,13,1976.7,2241.0,43.81,43.11,-0.03,0.73,38.3,37.8,0.0,0.5,48,35
2003-11-24 14:00:00,14,1905.2,2207.0,40.72,40.04,0.0,0.68,37.45,36.96,0.0,0.49,49,34
2003-11-24 15:00:00,15,1855.1,2210.0,40.35,39.67,-0.01,0.69,39.66,39.11,0.0,0.55,50,32
2003-11-24 16:00:00,16,1954.3,2369.0,55.87,55.71,-0.82,0.98,58.45,57.66,0.0,0.79,47,34
2003-11-24 17:00:00,17,2010.1,2535.0,59.12,58.71,-0.64,1.05,63.63,63.75,-1.1,0.98,44,36
2003-11-24 18:00:00,18,2093.9,2501.0,53.16,52.7,-0.47,0.93,63.15,62.22,0.0,0.93,42,39
2003-11-24 19:00:00,19,2160.8,2438.0,49.29,49.17,-0.75,0.87,55.97,55.08,0.0,0.89,41,38
2003-11-24 20:00:00,20,2142.4,2337.0,45.21,44.45,-0.03,0.79,48.45,47.7,0.0,0.75,41,36
2003-11-24 21:00:00,21,1874.2,2170.0,41.12,40.43,0.0,0.69,46.19,45.44,0.0,0.75,41,38
2003-11-24 22:00:00,22,1637.8,1957.0,38.15,37.51,0.0,0.64,37.2,36.64,0.0,0.56,43,39
2003-11-24 23:00:00,23,1830.9,1756.0,34.59,34.02,0.0,0.57,33.38,32.8,0.0,0.58,43,40
2003-11-25 00:00:00,0,1515.0,1619.0,37.39,36.82,0.0,0.57,32.02,31.43,0.0,0.59,44,41
2003-11-25 01:00:00,1,1895.6,1552.0,35.11,34.44,0.14,0.53,27.52,27.02,0.0,0.5,44,41
2003-11-25 02:00:00,2,2065.3,1524.0,35.0,34.33,0.12,0.55,27.67,27.15,0.0,0.52,44,42
2003-11-25 03:00:00,3,2076.8,1521.0,34.92,34.25,0.12,0.55,27.81,27.3,0.0,0.51,41,38
2003-11-25 04:00:00,4,1899.8,1561.0,36.37,35.52,0.28,0.57,32.05,31.46,0.0,0.59,40,37
2003-11-25 05:00:00,5,1708.4,1742.0,38.08,37.47,0.0,0.61,38.57,37.95,0.0,0.62,37,34
2003-11-25 06:00:00,6,1835.5,2066.0,50.19,49.38,0.0,0.81,44.67,44.02,0.0,0.65,34,29
2003-11-25 07:00:00,7,1818.1,2242.0,54.46,55.27,-1.71,0.9,49.49,48.71,0.0,0.78,32,25
2003-11-25 08:00:00,8,1815.5,2283.0,54.8,59.36,-5.51,0.95,55.72,54.85,0.0,0.87,33,23
2003-11-25 09:00:00,9,1843.5,2289.0,52.41,57.25,-5.75,0.91,53.92,53.05,0.0,0.87,34,22
2003-11-25 10:00:00,10,1868.1,2301.0,51.45,59.64,-9.13,0.94,50.8,49.98,0.0,0.82,36,20
2003-11-25 11:00:00,11,1844.7,2292.0,49.96,55.85,-6.76,0.87,49.52,48.72,0.0,0.8,37,21
2003-11-25 12:00:00,12,2011.9,2274.0,47.17,56.84,-10.55,0.88,52.49,51.69,0.0,0.8,39,21
2003-11-25 13:00:00,13,2028.5,2262.0,47.17,54.39,-8.06,0.84,51.94,51.11,0.0,0.83,40,21
2003-11-25 14:00:00,14,1958.8,2233.0,46.23,53.7,-8.29,0.82,50.0,49.27,0.0,0.73,39,21
2003-11-25 15:00:00,15,1962.6,2252.0,46.39,49.72,-4.1,0.77,52.47,51.82,0.0,0.65,40,22
2003-11-25 16:00:00,16,1858.3,2417.0,61.77,68.15,-7.48,1.1,65.53,64.83,0.0,0.7,37,22
2003-11-25 17:00:00,17,1905.2,2570.0,71.14,103.8,-34.34,1.68,77.2,76.44,0.0,0.76,34,22
2003-11-25 18:00:00,18,1789.7,2550.0,63.66,90.29,-28.09,1.46,64.67,63.89,0.0,0.78,32,23
2003-11-25 19:00:00,19,1876.8,2496.0,57.44,76.36,-20.15,1.23,53.68,52.94,0.0,0.74,31,23
2003-11-25 20:00:00,20,1904.9,2416.0,50.64,60.92,-11.26,0.98,52.45,51.73,0.0,0.72,31,22
2003-11-25 21:00:00,21,1680.7,2269.0,53.42,53.61,-1.04,0.85,49.83,49.09,0.0,0.74,31,23
2003-11-25 22:00:00,22,1511.4,2060.0,43.14,42.48,0.0,0.66,44.44,43.81,0.0,0.63,30,23
2003-11-25 23:00:00,23,1747.1,1865.0,38.08,37.51,0.0,0.57,36.69,36.16,0.0,0.53,30,22
2003-11-26 00:00:00,0,1864.0,1734.0,36.75,36.11,-0.01,0.65,36.53,35.93,0.0,0.6,29,22
2003-11-26 01:00:00,1,2215.9,1669.0,36.61,35.96,0.0,0.65,38.23,37.6,0.0,0.63,29,22
2003-11-26 02:00:00,2,2173.9,1640.0,36.14,35.5,0.0,0.64,37.11,36.49,0.0,0.62,29,22
2003-11-26 03:00:00,3,2167.3,1638.0,36.14,35.49,0.0,0.65,35.64,35.04,0.0,0.6,28,22
2003-11-26 04:00:00,4,2232.4,1682.0,36.47,35.81,0.0,0.66,34.19,33.62,0.0,0.57,28,22
2003-11-26 05:00:00,5,2080.9,1849.0,40.12,39.38,-0.01,0.75,39.3,38.71,0.0,0.59,27,22
2003-11-26 06:00:00,6,1937.5,2136.0,50.51,49.57,0.0,0.94,44.76,44.18,0.0,0.58,27,22
2003-11-26 07:00:00,7,1848.1,2315.0,55.16,54.15,0.0,1.01,76.57,75.59,0.0,0.98,27,23
2003-11-26 08:00:00,8,1890.9,2368.0,54.79,53.8,0.0,0.99,71.15,70.17,0.0,0.98,30,24
2003-11-26 09:00:00,9,1906.8,2373.0,54.59,53.6,0.0,0.99,47.16,46.53,0.0,0.63,34,25
2003-11-26 10:00:00,10,1911.5,2381.0,53.49,52.08,0.46,0.95,46.33,45.7,0.0,0.63,36,25
2003-11-26 11:00:00,11,1943.0,2366.0,50.03,49.13,0.0,0.9,49.21,48.57,0.0,0.64,39,26
2003-11-26 12:00:00,12,2094.7,2331.0,48.9,47.94,0.09,0.87,45.53,44.93,0.0,0.6,40,24
2003-11-26 13:00:00,13,2101.2,2314.0,46.89,46.06,0.0,0.83,44.86,44.26,0.0,0.6,41,24
2003-11-26 14:00:00,14,2058.0,2266.0,45.14,44.34,0.0,0.8,41.75,41.31,0.0,0.44,42,24
2003-11-26 15:00:00,15,2059.1,2235.0,45.14,44.33,0.0,0.81,38.28,37.89,0.0,0.39,42,24
2003-11-26 16:00:00,16,1927.3,2382.0,59.31,58.23,0.0,1.08,59.67,58.99,0.0,0.68,41,24
2003-11-26 17:00:00,17,1974.0,2491.0,61.9,60.75,0.0,1.15,54.97,54.36,0.0,0.61,39,25
2003-11-26 18:00:00,18,1888.2,2448.0,60.18,58.97,0.11,1.1,50.86,50.19,0.0,0.67,38,25
2003-11-26 19:00:00,19,2102.3,2378.0,54.44,54.79,-1.37,1.02,43.05,42.55,0.0,0.5,38,25
2003-11-26 20:00:00,20,2063.1,2280.0,49.52,48.62,0.0,0.9,43.0,42.54,0.0,0.46,38,25
2003-11-26 21:00:00,21,1973.8,2140.0,48.45,47.17,0.43,0.85,41.99,41.51,0.0,0.48,39,27
2003-11-26 22:00:00,22,1586.0,1937.0,43.0,42.24,0.0,0.76,38.64,38.21,0.0,0.43,38,27
2003-11-26 23:00:00,23,1678.3,1727.0,36.88,36.23,0.0,0.65,31.77,31.47,0.0,0.3,38,26
2003-11-27 00:00:00,0,1351.0,1573.0,33.77,33.16,0.0,0.61,22.32,22.09,0.0,0.23,37,27
2003-11-27 01:00:00,1,1652.8,1492.0,31.69,31.11,0.0,0.58,16.62,16.44,0.0,0.18,37,26
2003-11-27 02:00:00,2,1693.7,1447.0,29.9,29.35,0.0,0.55,14.4,14.24,0.0,0.16,37,26
2003-11-27 03:00:00,3,1672.2,1419.0,29.43,28.89,0.0,0.54,22.1,21.83,0.0,0.27,36,26
2003-11-27 04:00:00,4,1721.0,1422.0,29.9,29.34,0.0,0.56,21.87,21.61,0.0,0.26,37,26
2003-11-27 05:00:00,5,1326.3,1483.0,35.47,34.81,0.0,0.66,10.73,10.62,0.0,0.11,37,27
2003-11-27 06:00:00,6,1290.0,1586.0,42.11,41.32,0.0,0.79,0.0,0.0,0.0,0.0,37,26
2003-11-27 07:00:00,7,1475.3,1709.0,43.2,42.37,0.0,0.83,0.0,0.0,0.0,0.0,40,23
2003-11-27 08:00:00,8,1635.1,1872.0,44.92,44.05,0.0,0.87,47.76,47.09,0.15,0.52,39,23
2003-11-27 09:00:00,9,1681.8,1983.0,47.49,46.57,0.0,0.92,51.62,51.03,0.0,0.59,41,24
2003-11-27 10:00:00,10,1774.4,2010.0,45.25,44.39,0.0,0.86,43.38,42.88,0.0,0.5,43,25
2003-11-27 11:00:00,11,1774.0,1995.0,43.36,42.55,0.0,0.81,41.93,41.49,0.0,0.44,45,23
2003-11-27 12:00:00,12,1692.9,1907.0,42.01,41.23,0.0,0.78,38.93,38.53,0.0,0.4,45,23
2003-11-27 13:00:00,13,1642.1,1766.0,40.83,40.07,0.0,0.76,29.16,28.89,0.0,0.27,48,24
2003-11-27 14:00:00,14,1573.8,1650.0,39.28,38.53,0.0,0.75,5.98,5.92,0.0,0.06,50,22
2003-11-27 15:00:00,15,1570.8,1625.0,40.36,39.57,0.0,0.79,0.0,0.0,0.0,0.0,49,22
2003-11-27 16:00:00,16,1594.0,1727.0,51.0,49.97,0.0,1.03,18.89,18.66,0.02,0.21,48,23
2003-11-27 17:00:00,17,1653.9,1794.0,59.0,57.81,0.0,1.19,38.07,37.69,0.0,0.38,47,24
2003-11-27 18:00:00,18,1739.5,1801.0,53.91,52.83,0.0,1.08,35.71,35.34,0.0,0.37,46,24
2003-11-27 19:00:00,19,1896.2,1794.0,48.03,47.07,0.0,0.96,35.36,34.98,0.0,0.38,45,26
2003-11-27 20:00:00,20,1807.0,1780.0,43.2,42.35,0.0,0.85,37.05,36.66,0.0,0.39,42,28
2003-11-27 21:00:00,21,1689.1,1715.0,39.75,38.99,0.0,0.76,35.76,35.35,0.0,0.41,41,31
2003-11-27 22:00:00,22,1416.1,1603.0,36.91,36.23,0.0,0.68,28.62,28.34,0.0,0.28,41,32
2003-11-27 23:00:00,23,1706.5,1477.0,33.18,32.56,0.0,0.62,18.64,18.47,0.0,0.17,41,31
2003-11-28 00:00:00,0,1633.2,1388.0,29.49,28.97,0.0,0.52,0.0,0.0,0.0,0.0,41,31
2003-11-28 01:00:00,1,1522.0,1334.0,27.92,27.42,0.0,0.5,0.0,0.0,0.0,0.0,41,31
2003-11-28 02:00:00,2,1654.8,1312.0,25.56,25.1,0.0,0.46,0.0,0.0,0.0,0.0,40,31
2003-11-28 03:00:00,3,1752.2,1305.0,25.08,24.63,0.0,0.45,0.0,0.0,0.0,0.0,39,34
2003-11-28 04:00:00,4,1686.2,1333.0,25.56,25.1,0.0,0.46,0.0,0.0,0.0,0.0,40,33
2003-11-28 05:00:00,5,1381.4,1423.0,30.62,30.07,0.0,0.55,32.61,32.29,0.0,0.32,40,36
2003-11-28 06:00:00,6,1334.4,1559.0,38.12,37.44,0.0,0.68,25.78,25.52,0.0,0.26,40,37
2003-11-28 07:00:00,7,1344.5,1693.0,42.64,41.87,0.0,0.77,36.96,36.6,0.0,0.36,40,38
2003-11-28 08:00:00,8,1546.1,1830.0,42.91,42.12,0.0,0.79,42.5,42.08,0.0,0.42,39,39
2003-11-28 09:00:00,9,1675.2,1946.0,43.14,43.29,-0.97,0.82,51.54,51.0,0.0,0.54,40,40
2003-11-28 10:00:00,10,1736.2,2013.0,43.29,43.54,-1.06,0.81,51.51,50.94,0.0,0.57,40,40
2003-11-28 11:00:00,11,1722.2,2049.0,43.27,43.63,-1.17,0.81,53.74,53.12,0.0,0.62,41,41
2003-11-28 12:00:00,12,1683.2,2057.0,42.94,43.22,-1.07,0.79,52.43,51.89,0.0,0.54,42,41
2003-11-28 13:00:00,13,1641.3,2036.0,42.63,42.91,-1.07,0.79,55.78,55.11,0.0,0.67,43,42
2003-11-28 14:00:00,14,1559.9,2013.0,41.86,42.15,-1.06,0.77,53.85,53.2,0.0,0.65,44,43
2003-11-28 15:00:00,15,1554.1,2033.0,42.9,42.64,-0.52,0.78,56.27,55.57,0.0,0.7,44,43
2003-11-28 16:00:00,16,1580.5,2148.0,50.34,50.33,-0.95,0.96,56.49,55.81,0.0,0.68,45,45
2003-11-28 17:00:00,17,1569.0,2200.0,59.46,59.01,-0.68,1.13,79.09,78.35,0.0,0.74,47,47
2003-11-28 18:00:00,18,1679.6,2155.0,53.95,53.76,-0.84,1.03,67.78,67.17,0.0,0.61,50,50
2003-11-28 19:00:00,19,1701.0,2081.0,47.94,47.95,-0.92,0.91,53.59,53.02,0.0,0.57,51,51
2003-11-28 20:00:00,20,1682.5,2006.0,43.23,42.72,-0.29,0.8,47.84,47.32,0.0,0.52,54,53
2003-11-28 21:00:00,21,1517.5,1888.0,40.46,40.41,-0.7,0.75,43.45,42.99,0.0,0.46,60,59
2003-11-28 22:00:00,22,1308.6,1747.0,37.14,36.55,-0.08,0.67,42.22,41.78,0.0,0.44,60,60
2003-11-28 23:00:00,23,1492.9,1588.0,34.62,34.0,0.0,0.62,41.61,41.29,0.0,0.32,62,60
2003-11-29 00:00:00,0,1515.7,1454.0,28.05,27.58,0.0,0.47,41.47,41.19,0.0,0.28,61,58
2003-11-29 01:00:00,1,1452.5,1380.0,25.11,24.69,0.0,0.42,35.78,35.56,0.0,0.22,60,58
2003-11-29 02:00:00,2,1879.2,1334.0,23.44,23.04,0.0,0.4,37.58,37.22,0.0,0.36,60,57
2003-11-29 03:00:00,3,1859.0,1312.0,22.73,22.35,0.0,0.38,32.34,32.04,0.0,0.3,54,50
2003-11-29 04:00:00,4,1861.4,1323.0,23.35,22.96,0.0,0.39,32.21,31.91,0.0,0.3,53,47
2003-11-29 05:00:00,5,1501.0,1379.0,25.11,24.68,0.0,0.43,32.58,32.32,0.0,0.26,45,39
2003-11-29 06:00:00,6,1296.1,1485.0,37.7,37.05,0.0,0.65,35.07,34.82,0.0,0.25,41,33
2003-11-29 07:00:00,7,1456.7,1603.0,39.05,38.36,0.0,0.69,36.3,36.11,0.0,0.19,40,30
2003-11-29 08:00:00,8,1724.5,1769.0,41.57,40.82,0.0,0.75,45.54,45.3,0.0,0.24,40,29
2003-11-29 09:00:00,9,1865.4,1892.0,42.8,42.03,0.0,0.77,45.44,45.21,0.0,0.23,41,28
2003-11-29 10:00:00,10,1949.8,1959.0,43.0,42.23,0.0,0.77,53.41,53.11,0.0,0.3,40,26
2003-11-29 11:00:00,11,1933.3,1975.0,42.71,41.95,0.0,0.76,54.1,53.81,0.0,0.29,41,25
2003-11-29 12:00:00,12,1875.9,1966.0,40.92,40.2,0.0,0.72,55.3,55.06,0.0,0.24,41,23
2003-11-29 13:00:00,13,1807.2,1947.0,40.05,39.36,0.0,0.69,46.66,46.51,0.0,0.15,37,28
2003-11-29 14:00:00,14,1753.2,1934.0,40.05,39.36,0.0,0.69,45.91,45.7,0.0,0.21,39,27
2003-11-29 15:00:00,15,1749.3,1988.0,40.91,40.2,0.0,0.71,49.21,48.86,0.0,0.35,38,20
2003-11-29 16:00:00,16,1858.1,2156.0,53.0,52.04,0.0,0.96,95.48,94.86,0.0,0.62,34,26
2003-11-29 17:00:00,17,1808.6,2258.0,59.03,57.96,0.0,1.07,91.31,90.77,0.0,0.54,33,23
2003-11-29 18:00:00,18,1951.9,2234.0,53.3,52.35,0.0,0.95,75.45,74.91,0.0,0.54,33,22
2003-11-29 19:00:00,19,2025.1,2184.0,48.09,47.24,0.0,0.85,56.51,56.06,0.0,0.45,34,21
2003-11-29 20:00:00,20,1968.9,2116.0,42.77,42.02,0.0,0.75,59.56,59.08,0.0,0.48,34,19
2003-11-29 21:00:00,21,1813.6,2015.0,40.98,40.28,0.0,0.7,57.27,56.76,0.0,0.51,34,18
2003-11-29 22:00:00,22,1613.3,1882.0,38.36,37.71,0.0,0.65,46.63,46.11,0.0,0.52,34,18
2003-11-29 23:00:00,23,1457.5,1715.0,32.77,32.23,0.0,0.54,38.89,38.53,0.0,0.36,34,19
2003-11-30 00:00:00,0,1434.4,1592.0,32.05,31.53,0.0,0.52,41.65,41.35,0.0,0.3,34,19
2003-11-30 01:00:00,1,1657.3,1518.0,30.05,29.56,0.0,0.49,39.64,39.35,0.0,0.29,34,19
2003-11-30 02:00:00,2,1749.1,1472.0,28.48,28.0,0.0,0.48,37.51,37.17,0.0,0.34,33,20
2003-11-30 03:00:00,3,1725.9,1450.0,26.51,26.07,0.0,0.44,37.26,36.89,0.0,0.37,34,20
2003-11-30 04:00:00,4,1734.5,1455.0,27.3,26.84,0.0,0.46,37.36,36.98,0.0,0.38,33,21
2003-11-30 05:00:00,5,1748.5,1487.0,29.62,29.12,0.0,0.5,37.43,37.03,0.0,0.4,34,21
2003-11-30 06:00:00,6,1497.8,1556.0,36.73,36.11,-0.01,0.63,30.51,30.16,0.0,0.35,34,22
2003-11-30 07:00:00,7,1331.9,1638.0,40.51,39.81,0.0,0.7,32.18,31.88,0.0,0.3,34,22
2003-11-30 08:00:00,8,1542.4,1770.0,42.57,41.82,0.0,0.75,45.46,45.08,0.0,0.38,34,23
2003-11-30 09:00:00,9,1694.5,1887.0,43.23,42.47,0.0,0.76,46.96,46.56,0.0,0.4,35,23
2003-11-30 10:00:00,10,1778.8,1947.0,43.63,42.86,0.0,0.77,44.18,43.77,0.0,0.41,36,23
2003-11-30 11:00:00,11,1809.0,1955.0,43.81,43.05,0.0,0.76,44.19,43.77,0.0,0.42,38,24
2003-11-30 12:00:00,12,1797.2,1958.0,42.84,42.11,0.0,0.73,42.31,41.98,0.0,0.33,40,24
2003-11-30 13:00:00,13,1753.9,1937.0,42.57,41.85,0.0,0.72,42.07,41.79,0.0,0.28,40,24
2003-11-30 14:00:00,14,1722.5,1937.0,41.73,41.03,0.0,0.7,43.49,43.28,0.0,0.21,41,25
2003-11-30 15:00:00,15,1745.1,1979.0,42.84,42.12,0.0,0.72,43.47,43.31,0.0,0.16,40,25
2003-11-30 16:00:00,16,1766.5,2172.0,55.75,54.78,0.0,0.97,121.61,121.48,0.0,0.13,39,26
2003-11-30 17:00:00,17,2054.0,2315.0,61.51,60.43,0.0,1.08,180.16,180.1,0.0,0.06,39,26
2003-11-30 18:00:00,18,1767.1,2298.0,59.06,58.06,0.0,1.0,84.22,84.06,0.0,0.16,39,26
2003-11-30 19:00:00,19,1844.8,2248.0,54.12,53.21,0.0,0.91,96.64,96.27,0.0,0.37,38,25
2003-11-30 20:00:00,20,1895.4,2169.0,47.99,47.2,0.0,0.79,75.55,75.2,0.0,0.35,36,25
2003-11-30 21:00:00,21,1838.1,2016.0,42.95,42.25,0.0,0.7,51.43,51.22,0.0,0.21,36,25
2003-11-30 22:00:00,22,1577.3,1838.0,40.69,40.04,0.0,0.65,43.07,42.86,0.0,0.21,38,24
2003-11-30 23:00:00,23,1383.5,1682.0,33.65,33.12,0.0,0.53,44.48,44.16,0.0,0.32,39,25
2003-12-01 00:00:00,0,1632.3,1561.0,37.7,37.12,0.0,0.58,44.51,44.12,0.0,0.39,39,25
2003-12-01 01:00:00,1,1889.7,1499.0,36.74,36.18,0.0,0.56,41.62,41.26,0.0,0.36,36,25
2003-12-01 02:00:00,2,2041.3,1480.0,36.74,36.17,0.0,0.57,39.53,39.19,0.0,0.34,39,25
2003-12-01 03:00:00,3,2000.0,1484.0,36.0,35.44,0.0,0.56,39.26,38.91,0.0,0.35,38,27
2003-12-01 04:00:00,4,1802.7,1536.0,37.0,36.42,0.0,0.58,39.86,39.51,0.0,0.35,37,28
2003-12-01 05:00:00,5,1508.0,1720.0,39.98,39.35,0.0,0.63,40.59,40.3,0.0,0.29,39,28
2003-12-01 06:00:00,6,1616.2,2051.0,50.29,49.48,0.01,0.8,56.69,56.43,0.0,0.26,39,27
2003-12-01 07:00:00,7,1942.1,2234.0,54.29,53.44,0.0,0.85,59.79,59.42,0.0,0.37,39,27
2003-12-01 08:00:00,8,2238.2,2293.0,55.99,55.02,0.11,0.86,54.09,53.65,0.0,0.44,41,28
2003-12-01 09:00:00,9,1989.8,2332.0,54.45,53.61,0.0,0.84,54.17,53.67,0.0,0.5,40,31
2003-12-01 10:00:00,10,1970.1,2327.0,54.53,53.69,0.0,0.84,56.57,55.99,0.0,0.58,40,27
2003-12-01 11:00:00,11,1932.4,2316.0,53.02,52.21,0.0,0.81,50.28,49.75,0.0,0.53,43,24
2003-12-01 12:00:00,12,1953.4,2301.0,51.91,51.12,0.0,0.79,44.89,44.38,0.0,0.51,44,20
2003-12-01 13:00:00,13,2063.0,2293.0,49.25,48.51,0.0,0.74,45.1,44.59,0.0,0.51,40,25
2003-12-01 14:00:00,14,2024.7,2289.0,48.83,48.1,0.0,0.73,45.49,44.97,0.0,0.52,41,22
2003-12-01 15:00:00,15,2019.8,2292.0,49.0,48.26,0.0,0.74,42.24,41.77,0.0,0.47,38,19
2003-12-01 16:00:00,16,1994.0,2482.0,61.45,60.52,-0.02,0.95,52.85,52.23,0.0,0.62,37,13
2003-12-01 17:00:00,17,2249.8,2662.0,64.93,64.52,-0.61,1.02,62.95,62.32,0.0,0.63,34,15
2003-12-01 18:00:00,18,1979.6,2648.0,64.33,63.33,0.0,1.0,57.73,57.14,0.0,0.59,33,15
2003-12-01 19:00:00,19,1949.2,2584.0,60.98,59.95,0.09,0.94,65.36,64.58,0.0,0.78,32,18
2003-12-01 20:00:00,20,2004.2,2492.0,55.07,54.44,-0.22,0.85,59.27,58.52,0.0,0.75,31,17
2003-12-01 21:00:00,21,1939.7,2331.0,50.28,49.4,0.12,0.76,47.31,46.72,0.0,0.59,29,18
2003-12-01 22:00:00,22,1667.9,2102.0,44.8,44.13,0.0,0.67,44.97,44.4,0.0,0.57,29,18
2003-12-01 23:00:00,23,1697.8,1891.0,38.18,37.61,0.0,0.57,47.88,47.21,0.0,0.67,29,19
2003-12-02 00:00:00,0,2163.6,1757.0,40.21,39.66,0.0,0.55,54.54,53.77,0.0,0.77,28,22
2003-12-02 01:00:00,1,2345.5,1688.0,39.26,38.73,0.0,0.53,50.46,49.59,0.0,0.87,28,20
2003-12-02 02:00:00,2,2308.6,1661.0,38.61,38.08,0.0,0.53,28.46,27.99,0.0,0.47,29,18
2003-12-02 03:00:00,3,2305.8,1659.0,38.29,37.76,0.0,0.53,36.52,35.88,0.0,0.64,29,17
2003-12-02 04:00:00,4,2369.3,1707.0,39.42,38.87,0.0,0.55,37.93,37.26,0.0,0.67,28,18
2003-12-02 05:00:00,5,2016.9,1886.0,42.47,41.88,-0.01,0.6,54.13,53.26,0.0,0.87,28,18
2003-12-02 06:00:00,6,1786.0,2202.0,55.17,54.38,0.02,0.77,58.96,58.09,0.0,0.87,27,18
2003-12-02 07:00:00,7,1786.2,2352.0,57.81,57.02,0.0,0.79,56.96,56.13,0.0,0.83,25,13
2003-12-02 08:00:00,8,1851.0,2371.0,58.72,57.93,0.0,0.79,51.52,50.85,0.0,0.67,25,10
2003-12-02 09:00:00,9,1838.4,2398.0,58.48,57.69,0.0,0.79,52.88,52.1,0.0,0.78,26,10
2003-12-02 10:00:00,10,1843.9,2428.0,57.81,57.04,0.0,0.77,53.42,52.62,0.0,0.8,26,6
2003-12-02 11:00:00,11,1863.2,2446.0,57.62,56.86,0.0,0.76,53.76,52.92,0.0,0.84,24,15
2003-12-02 12:00:00,12,1930.3,2432.0,56.68,55.93,0.0,0.75,54.17,53.34,0.0,0.83,24,15
2003-12-02 13:00:00,13,2028.0,2438.0,55.09,54.38,-0.02,0.73,56.99,56.1,0.0,0.89,26,5
2003-12-02 14:00:00,14,2036.4,2439.0,51.92,51.24,0.0,0.68,55.1,54.28,0.0,0.82,23,4
2003-12-02 15:00:00,15,1986.9,2489.0,53.35,52.69,-0.05,0.71,56.03,55.12,0.0,0.91,21,-5
2003-12-02 16:00:00,16,1966.6,2692.0,64.62,63.88,-0.14,0.88,72.64,71.36,0.05,1.23,20,-4
2003-12-02 17:00:00,17,2005.3,2854.0,69.51,68.76,-0.2,0.95,80.58,84.95,-5.79,1.42,18,-6
2003-12-02 18:00:00,18,1826.1,2843.0,67.88,67.43,-0.49,0.94,62.73,67.57,-6.04,1.2,16,-7
2003-12-02 19:00:00,19,1914.0,2787.0,63.16,63.11,-0.81,0.86,60.84,65.73,-6.04,1.15,15,-8
2003-12-02 20:00:00,20,1982.5,2702.0,59.22,58.56,-0.14,0.8,61.3,59.37,0.93,1.0,14,-8
2003-12-02 21:00:00,21,1935.4,2531.0,55.16,54.14,0.3,0.72,62.03,60.06,0.86,1.11,13,-7
2003-12-02 22:00:00,22,1609.2,2302.0,50.81,50.15,0.0,0.66,61.04,58.79,1.25,1.0,13,-5
2003-12-02 23:00:00,23,1673.9,2096.0,43.21,42.65,0.0,0.56,52.3,50.7,0.71,0.89,12,-5
2003-12-03 00:00:00,0,2506.0,1955.0,42.45,41.92,0.0,0.53,47.0,46.04,0.03,0.93,11,-4
2003-12-03 01:00:00,1,2568.7,1893.0,40.99,40.46,0.0,0.53,45.6,44.55,0.13,0.92,11,-3
2003-12-03 02:00:00,2,2533.7,1870.0,40.05,39.53,0.0,0.52,44.25,43.34,0.01,0.9,11,-4
2003-12-03 03:00:00,3,2568.5,1870.0,39.98,39.46,0.0,0.52,39.99,39.18,0.0,0.81,11,-4
2003-12-03 04:00:00,4,2608.6,1911.0,41.3,40.76,0.0,0.54,42.77,41.87,0.0,0.9,10,-3
2003-12-03 05:00:00,5,2161.7,2090.0,45.38,44.79,0.0,0.59,46.65,45.75,0.01,0.89,11,-4
2003-12-03 06:00:00,6,2250.0,2419.0,56.76,55.96,0.07,0.73,82.63,78.73,2.46,1.44,11,-4
2003-12-03 07:00:00,7,2118.6,2588.0,60.91,59.76,0.37,0.78,67.59,64.77,1.67,1.15,11,-4
2003-12-03 08:00:00,8,2206.8,2607.0,60.47,59.22,0.49,0.76,63.41,61.28,1.1,1.03,12,-3
2003-12-03 09:00:00,9,2143.1,2589.0,58.41,57.63,0.04,0.74,58.95,57.34,0.59,1.02,14,-3
2003-12-03 10:00:00,10,2132.9,2574.0,58.22,57.35,0.15,0.72,55.19,53.95,0.34,0.9,17,-2
2003-12-03 11:00:00,11,2092.9,2544.0,58.24,57.32,0.21,0.71,42.45,41.27,0.54,0.64,20,0
2003-12-03 12:00:00,12,2242.4,2503.0,57.77,56.88,0.19,0.7,47.22,46.23,0.24,0.75,21,-1
2003-12-03 13:00:00,13,2209.6,2484.0,57.66,56.64,0.31,0.71,49.6,48.44,0.32,0.84,23,0
2003-12-03 14:00:00,14,2158.8,2458.0,56.0,54.89,0.44,0.67,37.17,36.59,0.0,0.58,24,0
2003-12-03 15:00:00,15,2044.6,2479.0,56.75,56.0,0.06,0.69,48.51,47.8,0.0,0.71,25,0
2003-12-03 16:00:00,16,2043.6,2689.0,67.89,66.37,0.67,0.85,70.36,68.79,0.49,1.08,23,1
2003-12-03 17:00:00,17,2049.5,2861.0,75.06,73.54,0.57,0.95,67.31,65.77,0.5,1.04,21,2
2003-12-03 18:00:00,18,2090.4,2841.0,73.5,72.21,0.36,0.93,59.71,58.0,0.7,1.01,20,2
2003-12-03 19:00:00,19,2134.9,2786.0,67.49,66.33,0.32,0.84,56.81,55.45,0.47,0.89,19,4
2003-12-03 20:00:00,20,2246.9,2701.0,62.77,61.36,0.62,0.79,64.12,61.94,1.1,1.08,18,5
2003-12-03 21:00:00,21,2066.3,2532.0,57.67,56.48,0.48,0.71,53.78,52.74,0.05,0.99,16,5
2003-12-03 22:00:00,22,1806.3,2297.0,56.74,55.89,0.16,0.69,47.55,46.71,0.0,0.84,16,6
2003-12-03 23:00:00,23,2200.8,2083.0,45.43,44.87,0.0,0.56,48.81,47.96,0.02,0.83,15,7
2003-12-04 00:00:00,0,2662.1,1934.0,42.17,41.42,0.2,0.55,44.55,43.75,0.0,0.8,15,8
2003-12-04 01:00:00,1,2709.6,1869.0,40.74,40.0,0.2,0.54,45.09,44.26,0.0,0.83,14,8
2003-12-04 02:00:00,2,2539.2,1847.0,40.08,39.43,0.12,0.53,44.34,43.52,0.0,0.82,13,9
2003-12-04 03:00:00,3,2541.6,1851.0,40.08,39.42,0.12,0.54,43.85,43.03,0.0,0.82,14,9
2003-12-04 04:00:00,4,2646.2,1892.0,40.57,39.87,0.15,0.55,43.21,42.38,0.0,0.83,15,9
2003-12-04 05:00:00,5,2526.8,2060.0,45.6,44.35,0.65,0.6,44.51,43.65,0.0,0.86,17,12
2003-12-04 06:00:00,6,2202.8,2392.0,58.46,56.02,1.68,0.76,50.59,49.77,0.0,0.82,18,15
2003-12-04 07:00:00,7,2212.7,2557.0,60.0,57.9,1.32,0.78,56.55,55.41,0.17,0.97,19,15
2003-12-04 08:00:00,8,2439.2,2551.0,57.69,55.67,1.29,0.73,55.98,54.17,0.73,1.08,20,15
2003-12-04 09:00:00,9,2435.2,2529.0,57.15,55.62,0.8,0.73,55.83,53.94,0.8,1.09,23,17
2003-12-04 10:00:00,10,2388.8,2518.0,56.18,54.38,1.1,0.7,51.72,50.62,0.07,1.03,28,18
2003-12-04 11:00:00,11,2388.1,2494.0,54.0,52.7,0.62,0.68,48.76,47.87,0.0,0.89,30,18
2003-12-04 12:00:00,12,2352.8,2468.0,53.0,51.7,0.64,0.66,42.96,42.62,-0.44,0.78,32,19
2003-12-04 13:00:00,13,2330.5,2458.0,51.56,50.43,0.49,0.64,41.77,41.98,-0.99,0.78,32,20
2003-12-04 14:00:00,14,2246.5,2448.0,50.26,49.35,0.28,0.63,40.81,40.66,-0.59,0.74,32,20
2003-12-04 15:00:00,15,2243.4,2467.0,51.45,50.42,0.39,0.64,43.79,44.93,-1.93,0.79,31,21
2003-12-04 16:00:00,16,2354.7,2645.0,64.44,60.38,3.27,0.79,53.94,56.84,-3.98,1.08,30,24
2003-12-04 17:00:00,17,2319.9,2786.0,69.56,67.0,1.66,0.9,54.78,65.24,-11.52,1.06,28,25
2003-12-04 18:00:00,18,2287.4,2767.0,66.83,67.11,-1.17,0.89,52.5,51.74,-0.26,1.02,27,21
2003-12-04 19:00:00,19,2340.8,2715.0,64.05,61.74,1.48,0.83,52.23,51.91,-0.77,1.09,25,17
2003-12-04 20:00:00,20,2407.6,2631.0,58.16,56.56,0.85,0.75,49.32,48.48,-0.16,1.0,23,13
2003-12-04 21:00:00,21,2174.4,2484.0,56.6,54.78,1.11,0.71,46.71,45.77,0.0,0.94,20,12
2003-12-04 22:00:00,22,1887.2,2260.0,49.17,48.41,0.14,0.62,41.56,40.77,0.0,0.79,19,11
2003-12-04 23:00:00,23,2681.6,2047.0,43.04,42.49,0.0,0.55,39.81,39.01,0.0,0.8,20,11
2003-12-05 00:00:00,0,2291.2,1909.0,40.33,39.79,0.0,0.54,38.24,37.38,0.0,0.86,18,10
2003-12-05 01:00:00,1,2244.5,1850.0,39.49,38.95,0.0,0.54,37.1,36.25,0.0,0.85,18,9
2003-12-05 02:00:00,2,2480.0,1828.0,38.25,37.71,0.0,0.54,41.26,40.28,0.0,0.98,17,9
2003-12-05 03:00:00,3,2446.0,1834.0,38.01,37.47,0.0,0.54,36.71,35.86,0.0,0.85,17,8
2003-12-05 04:00:00,4,2210.3,1883.0,38.41,37.87,0.0,0.54,40.65,39.69,0.0,0.96,16,8
2003-12-05 05:00:00,5,1918.5,2060.0,43.32,42.33,0.38,0.61,47.7,46.72,0.0,0.98,16,7
2003-12-05 06:00:00,6,2390.3,2395.0,56.94,55.2,0.93,0.81,82.65,80.99,0.0,1.66,12,7
2003-12-05 07:00:00,7,2251.2,2577.0,56.74,55.38,0.57,0.79,82.19,80.51,0.0,1.68,12,6
2003-12-05 08:00:00,8,2280.1,2607.0,57.77,56.05,0.94,0.78,75.81,74.21,0.0,1.6,15,9
2003-12-05 09:00:00,9,2249.7,2584.0,56.69,55.0,0.93,0.76,71.89,69.47,0.89,1.53,21,6
2003-12-05 10:00:00,10,2236.4,2564.0,54.89,53.27,0.88,0.74,63.82,61.5,0.85,1.47,21,4
2003-12-05 11:00:00,11,2110.2,2533.0,49.76,48.88,0.21,0.67,59.21,56.98,0.87,1.36,22,6
2003-12-05 12:00:00,12,2042.9,2501.0,48.31,47.64,0.02,0.65,60.31,58.17,0.72,1.42,24,5
2003-12-05 13:00:00,13,1963.7,2482.0,48.05,47.41,0.0,0.64,58.09,56.12,0.6,1.37,24,6
2003-12-05 14:00:00,14,1911.4,2474.0,47.35,46.72,0.0,0.63,68.81,65.71,1.8,1.3,25,4
2003-12-05 15:00:00,15,1895.3,2502.0,48.88,49.15,-0.92,0.65,72.79,69.71,1.85,1.23,24,6
2003-12-05 16:00:00,16,2149.6,2666.0,62.38,61.22,0.31,0.85,161.64,148.96,10.0,2.68,24,10
2003-12-05 17:00:00,17,1964.4,2762.0,66.58,65.59,0.07,0.92,990.34,930.59,43.06,16.69,24,14
2003-12-05 18:00:00,18,1914.7,2720.0,65.27,64.58,-0.21,0.9,266.8,260.11,1.96,4.73,24,16
2003-12-05 19:00:00,19,2050.3,2640.0,62.33,60.52,0.97,0.84,133.26,126.22,4.68,2.36,24,20
2003-12-05 20:00:00,20,2151.4,2564.0,56.98,55.79,0.4,0.79,78.71,77.04,0.09,1.58,25,22
2003-12-05 21:00:00,21,1839.4,2442.0,49.2,49.02,-0.49,0.67,57.91,56.71,0.0,1.2,24,21
2003-12-05 22:00:00,22,1529.9,2269.0,46.95,46.46,-0.13,0.62,40.58,39.79,0.0,0.79,22,20
2003-12-05 23:00:00,23,1858.1,2077.0,43.01,42.46,-0.02,0.57,41.0,40.19,0.0,0.81,20,19
2003-12-06 00:00:00,0,1648.4,1920.0,42.48,41.83,0.0,0.65,56.3,55.26,0.0,1.04,20,17
2003-12-06 01:00:00,1,1788.3,1836.0,42.48,41.83,-0.01,0.66,58.83,57.8,0.0,1.03,19,16
2003-12-06 02:00:00,2,1726.3,1797.0,41.05,40.41,-0.01,0.65,42.67,41.94,0.0,0.73,18,15
2003-12-06 03:00:00,3,1707.0,1781.0,40.0,39.38,-0.01,0.63,43.67,42.93,0.0,0.74,18,15
2003-12-06 04:00:00,4,1721.2,1795.0,40.1,39.48,-0.02,0.64,51.73,50.84,0.0,0.89,18,15
2003-12-06 05:00:00,5,1892.5,1855.0,42.5,41.86,-0.04,0.68,56.51,55.54,0.0,0.97,18,15
2003-12-06 06:00:00,6,1774.2,1958.0,47.8,47.67,-0.65,0.78,55.93,54.93,0.0,1.0,18,15
2003-12-06 07:00:00,7,1463.6,2075.0,49.2,49.18,-0.77,0.79,49.45,48.57,0.0,0.88,18,15
2003-12-06 08:00:00,8,1657.5,2234.0,56.29,55.72,-0.35,0.92,79.81,77.26,1.06,1.49,18,15
2003-12-06 09:00:00,9,1741.1,2351.0,60.77,58.82,1.0,0.95,81.03,77.46,2.01,1.56,18,14
2003-12-06 10:00:00,10,1704.1,2427.0,60.0,58.84,0.21,0.95,70.95,68.57,1.01,1.37,18,14
2003-12-06 11:00:00,11,1859.8,2452.0,56.27,55.38,0.01,0.88,71.6,69.18,1.06,1.36,18,15
2003-12-06 12:00:00,12,1803.0,2441.0,55.58,53.84,0.9,0.84,72.05,69.52,1.1,1.43,19,15
2003-12-06 13:00:00,13,1750.3,2425.0,55.28,53.57,0.87,0.84,63.43,61.84,0.35,1.24,20,16
2003-12-06 14:00:00,14,1705.5,2405.0,51.37,50.29,0.31,0.77,56.11,55.05,0.0,1.06,21,17
2003-12-06 15:00:00,15,1596.1,2431.0,56.76,54.85,1.07,0.84,58.57,57.5,0.0,1.07,21,18
2003-12-06 16:00:00,16,1594.0,2620.0,66.98,64.83,1.12,1.03,75.18,73.74,0.0,1.44,21,18
2003-12-06 17:00:00,17,1549.9,2740.0,71.19,68.96,1.14,1.09,101.59,99.82,0.0,1.77,21,20
2003-12-06 18:00:00,18,1639.5,2683.0,67.54,65.29,1.23,1.02,74.1,72.56,0.22,1.32,21,20
2003-12-06 19:00:00,19,1647.0,2588.0,65.0,63.06,0.95,0.99,61.03,59.91,0.0,1.12,21,20
2003-12-06 20:00:00,20,1593.8,2462.0,61.69,60.27,0.48,0.94,64.7,63.59,0.0,1.11,22,19
2003-12-06 21:00:00,21,1791.1,2324.0,56.32,54.91,0.56,0.85,71.28,70.11,0.0,1.17,22,20
2003-12-06 22:00:00,22,1601.9,2160.0,49.34,48.49,0.11,0.74,59.5,58.52,0.0,0.98,22,20
2003-12-06 23:00:00,23,1369.0,1981.0,45.74,45.06,0.0,0.68,52.16,51.44,0.0,0.72,23,20
2003-12-07 00:00:00,0,2150.7,1846.0,43.5,42.78,-0.04,0.76,60.25,59.13,0.16,0.96,22,20
2003-12-07 01:00:00,1,2125.4,1769.0,42.56,41.86,-0.04,0.74,57.86,56.54,0.36,0.96,22,20
2003-12-07 02:00:00,2,2226.9,1721.0,42.56,41.84,-0.04,0.76,57.5,56.2,0.31,0.99,23,20
2003-12-07 03:00:00,3,2207.7,1702.0,41.46,40.76,-0.04,0.74,55.14,53.94,0.27,0.93,23,21
2003-12-07 04:00:00,4,2218.5,1703.0,41.0,40.3,-0.04,0.74,47.64,46.69,0.15,0.8,23,21
2003-12-07 05:00:00,5,2364.0,1741.0,44.0,43.21,-0.01,0.8,44.36,43.65,0.02,0.69,23,21
2003-12-07 06:00:00,6,2208.2,1814.0,46.25,45.41,0.0,0.84,50.33,49.4,0.16,0.77,24,21
2003-12-07 07:00:00,7,1494.6,1892.0,46.47,45.65,0.0,0.82,38.34,37.71,0.0,0.63,23,21
2003-12-07 08:00:00,8,1522.1,2045.0,50.47,50.26,-0.7,0.91,59.52,58.46,0.13,0.93,23,20
2003-12-07 09:00:00,9,1672.0,2156.0,56.25,55.62,-0.4,1.03,64.9,63.32,0.49,1.09,22,18
2003-12-07 10:00:00,10,1775.1,2213.0,58.6,57.18,0.39,1.03,57.12,55.89,0.3,0.93,21,18
2003-12-07 11:00:00,11,1768.6,2242.0,56.21,55.69,-0.48,1.0,57.98,56.68,0.37,0.93,23,17
2003-12-07 12:00:00,12,1771.8,2260.0,54.97,53.78,0.23,0.96,63.5,61.67,0.78,1.05,24,17
2003-12-07 13:00:00,13,1737.8,2245.0,55.0,54.15,-0.09,0.94,58.71,57.42,0.36,0.93,24,18
2003-12-07 14:00:00,14,1716.3,2237.0,52.77,51.66,0.22,0.89,54.3,53.32,0.18,0.8,24,17
2003-12-07 15:00:00,15,1745.9,2276.0,56.21,55.33,-0.08,0.96,57.57,56.63,0.03,0.91,24,17
2003-12-07 16:00:00,16,1717.6,2502.0,66.77,65.61,0.0,1.16,75.67,77.38,-2.95,1.24,23,17
2003-12-07 17:00:00,17,1678.9,2660.0,73.9,72.01,0.61,1.28,97.92,93.79,2.56,1.57,21,17
2003-12-07 18:00:00,18,1681.3,2629.0,69.61,68.41,0.0,1.2,81.48,78.56,1.56,1.36,21,15
2003-12-07 19:00:00,19,1745.7,2570.0,67.0,65.9,-0.07,1.17,76.06,73.37,1.48,1.21,21,15
2003-12-07 20:00:00,20,1842.7,2481.0,63.0,62.04,-0.13,1.09,64.17,62.81,0.43,0.93,21,15
2003-12-07 21:00:00,21,1883.1,2311.0,55.99,55.17,-0.13,0.95,56.64,55.41,0.41,0.82,21,15
2003-12-07 22:00:00,22,1637.0,2109.0,48.84,48.16,-0.15,0.83,36.56,35.71,0.28,0.57,20,14
2003-12-07 23:00:00,23,1937.7,1936.0,45.0,44.24,0.0,0.76,47.31,46.54,0.0,0.77,21,15
2003-12-08 00:00:00,0,2536.5,1820.0,45.0,44.15,0.0,0.85,50.75,49.86,0.0,0.89,20,14
2003-12-08 01:00:00,1,2476.4,1769.0,42.83,42.03,-0.01,0.81,27.31,26.84,0.0,0.47,20,14
2003-12-08 02:00:00,2,2550.2,1750.0,42.59,41.79,0.0,0.8,42.36,41.66,0.0,0.7,20,14
2003-12-08 03:00:00,3,2461.0,1753.0,42.59,41.78,0.0,0.81,52.17,51.3,0.0,0.87,21,15
2003-12-08 04:00:00,4,2484.3,1799.0,45.98,45.1,0.0,0.88,45.98,45.17,0.0,0.81,20,15
2003-12-08 05:00:00,5,2143.7,1976.0,47.28,46.13,0.25,0.9,48.54,47.68,0.0,0.86,20,15
2003-12-08 06:00:00,6,2194.7,2295.0,61.32,59.86,0.28,1.18,73.68,72.47,0.0,1.21,21,15
2003-12-08 07:00:00,7,1943.8,2478.0,65.66,63.52,0.91,1.23,84.05,81.38,1.37,1.3,21,15
2003-12-08 08:00:00,8,1906.4,2510.0,64.78,62.81,0.77,1.2,89.17,85.25,2.74,1.18,21,15
2003-12-08 09:00:00,9,1880.7,2504.0,65.58,63.51,0.87,1.2,84.17,80.78,2.23,1.16,23,15
2003-12-08 10:00:00,10,1896.9,2500.0,66.15,64.0,0.95,1.2,78.87,75.85,1.79,1.23,26,16
2003-12-08 11:00:00,11,1982.7,2475.0,62.8,60.64,1.03,1.13,84.25,80.66,2.29,1.3,28,16
2003-12-08 12:00:00,12,1974.8,2444.0,61.62,59.33,1.19,1.1,59.2,58.28,0.1,0.82,30,17
2003-12-08 13:00:00,13,2045.3,2417.0,61.61,59.2,1.32,1.09,58.55,57.47,0.13,0.95,31,17
2003-12-08 14:00:00,14,2023.3,2384.0,59.65,57.39,1.2,1.06,53.18,52.27,0.04,0.87,31,17
2003-12-08 15:00:00,15,1938.1,2402.0,62.63,60.23,1.29,1.11,51.92,51.07,0.0,0.85,32,17
2003-12-08 16:00:00,16,1935.6,2624.0,69.2,67.67,0.23,1.3,64.5,63.57,0.0,0.93,30,16
2003-12-08 17:00:00,17,1971.8,2824.0,76.34,74.0,0.91,1.43,76.42,75.32,0.0,1.1,28,15
2003-12-08 18:00:00,18,1856.2,2812.0,75.53,73.34,0.78,1.41,65.73,64.79,0.0,0.94,28,14
2003-12-08 19:00:00,19,1948.2,2760.0,69.98,68.3,0.38,1.3,58.09,57.24,0.0,0.85,26,14
2003-12-08 20:00:00,20,2060.0,2672.0,66.16,64.1,0.84,1.22,56.4,55.58,0.0,0.82,25,13
2003-12-08 21:00:00,21,2053.5,2504.0,59.54,58.01,0.44,1.09,58.62,57.47,0.18,0.97,25,13
2003-12-08 22:00:00,22,1754.8,2274.0,50.78,49.93,-0.08,0.93,51.53,50.34,0.33,0.86,23,13
2003-12-08 23:00:00,23,2629.7,2057.0,46.03,45.17,0.0,0.86,51.27,50.18,0.18,0.91,23,12
2003-12-09 00:00:00,0,2431.7,1921.0,46.88,45.9,0.0,0.98,48.1,47.19,0.0,0.91,26,12
2003-12-09 01:00:00,1,2609.7,1861.0,45.08,44.14,0.0,0.94,38.02,37.25,0.0,0.77,26,12
2003-12-09 02:00:00,2,2574.2,1836.0,45.05,44.1,0.0,0.95,43.91,42.96,0.0,0.95,26,11
2003-12-09 03:00:00,3,2276.9,1845.0,45.05,44.1,0.0,0.95,42.7,41.9,0.0,0.8,26,11
2003-12-09 04:00:00,4,2379.5,1902.0,45.08,44.12,0.0,0.96,36.31,35.64,0.0,0.67,25,11
2003-12-09 05:00:00,5,2102.5,2077.0,52.0,50.63,0.27,1.1,39.2,38.51,0.0,0.69,25,10
2003-12-09 06:00:00,6,2214.2,2411.0,63.35,61.41,0.62,1.32,65.63,64.84,0.0,0.79,25,10
2003-12-09 07:00:00,7,2144.0,2589.0,65.87,64.58,-0.08,1.37,65.84,65.03,0.0,0.81,24,11
2003-12-09 08:00:00,8,2041.2,2599.0,65.87,64.59,-0.07,1.35,63.0,62.11,0.0,0.89,26,11
2003-12-09 09:00:00,9,2040.9,2565.0,66.32,65.04,-0.07,1.35,63.27,62.1,0.2,0.97,28,11
2003-12-09 10:00:00,10,2025.3,2549.0,65.42,63.35,0.76,1.31,61.74,60.62,0.15,0.97,30,15
2003-12-09 11:00:00,11,1985.1,2524.0,64.22,62.3,0.63,1.29,56.07,55.17,0.0,0.9,29,17
2003-12-09 12:00:00,12,1940.9,2493.0,64.21,61.29,1.66,1.26,49.12,48.38,0.0,0.74,32,18
2003-12-09 13:00:00,13,1932.0,2485.0,63.49,60.64,1.6,1.25,49.27,48.51,0.0,0.76,32,19
2003-12-09 14:00:00,14,1941.5,2472.0,61.67,58.86,1.59,1.22,54.07,53.29,0.0,0.78,33,20
2003-12-09 15:00:00,15,1960.8,2499.0,62.0,59.37,1.4,1.23,54.98,54.25,0.0,0.73,33,20
2003-12-09 16:00:00,16,2123.4,2696.0,69.23,67.85,-0.05,1.43,72.62,71.4,0.19,1.03,32,21
2003-12-09 17:00:00,17,2134.4,2831.0,79.99,78.4,-0.07,1.66,70.04,69.06,0.17,0.81,32,21
2003-12-09 18:00:00,18,2133.1,2800.0,77.7,75.14,0.97,1.59,63.27,62.34,0.04,0.89,31,22
2003-12-09 19:00:00,19,2272.4,2739.0,66.24,64.96,-0.09,1.37,60.49,59.46,0.0,1.03,31,22
2003-12-09 20:00:00,20,2104.2,2651.0,64.56,62.62,0.62,1.32,50.02,49.26,0.0,0.76,30,21
2003-12-09 21:00:00,21,1837.6,2472.0,64.15,61.57,1.31,1.27,40.04,39.4,0.0,0.64,30,21
2003-12-09 22:00:00,22,1673.8,2226.0,52.18,51.13,0.0,1.05,28.11,27.66,0.0,0.45,30,21
2003-12-09 23:00:00,23,1836.6,1996.0,48.87,47.87,0.0,1.0,28.13,27.59,0.0,0.54,29,22
2003-12-10 00:00:00,0,1641.7,1849.0,44.84,43.87,0.0,0.97,31.65,31.07,0.0,0.58,30,22
2003-12-10 01:00:00,1,2075.3,1778.0,43.13,42.19,0.0,0.94,31.8,31.16,0.0,0.64,29,23
2003-12-10 02:00:00,2,2052.4,1737.0,41.99,41.07,0.0,0.92,27.31,26.74,0.0,0.57,30,23
2003-12-10 03:00:00,3,2057.1,1731.0,41.66,40.74,0.0,0.92,4.09,4.01,0.0,0.08,31,26
2003-12-10 04:00:00,4,2098.9,1774.0,43.13,42.17,0.0,0.96,0.0,0.0,0.0,0.0,30,26
2003-12-10 05:00:00,5,1714.0,1938.0,46.36,45.33,0.0,1.03,14.25,14.04,0.0,0.21,30,27
2003-12-10 06:00:00,6,2074.5,2262.0,55.95,54.6,0.1,1.25,60.71,59.76,0.0,0.95,31,28
2003-12-10 07:00:00,7,1970.6,2442.0,59.91,57.86,0.74,1.31,60.78,59.8,0.0,0.98,31,28
2003-12-10 08:00:00,8,1864.7,2476.0,62.0,60.64,0.0,1.36,49.97,49.23,0.0,0.74,31,29
2003-12-10 09:00:00,9,1881.9,2491.0,62.8,61.44,0.0,1.36,56.06,55.19,0.0,0.87,31,29
2003-12-10 10:00:00,10,1909.7,2494.0,62.27,60.4,0.54,1.33,52.51,51.66,0.0,0.85,32,30
2003-12-10 11:00:00,11,1886.5,2482.0,61.54,59.48,0.76,1.3,52.01,51.18,0.0,0.83,33,31
2003-12-10 12:00:00,12,1942.2,2454.0,57.99,56.39,0.36,1.24,50.96,50.12,0.0,0.84,34,31
2003-12-10 13:00:00,13,1995.8,2438.0,57.62,56.06,0.34,1.22,52.0,51.06,0.0,0.94,36,32
2003-12-10 14:00:00,14,2017.4,2412.0,57.17,55.68,0.27,1.22,49.05,48.16,0.0,0.89,36,32
2003-12-10 15:00:00,15,1897.9,2431.0,57.62,56.06,0.34,1.22,54.55,53.56,0.0,0.99,37,32
2003-12-10 16:00:00,16,1943.3,2623.0,66.14,64.7,0.0,1.44,64.4,63.15,0.0,1.25,37,32
2003-12-10 17:00:00,17,1812.2,2750.0,76.25,74.57,0.0,1.68,62.81,61.85,0.0,0.96,37,33
2003-12-10 18:00:00,18,1833.5,2722.0,79.0,69.6,7.83,1.57,62.03,61.02,0.0,1.01,36,32
2003-12-10 19:00:00,19,1998.9,2656.0,65.43,63.89,0.11,1.43,54.97,54.18,0.0,0.79,35,33
2003-12-10 20:00:00,20,1875.0,2563.0,62.32,60.63,0.33,1.36,56.33,55.47,0.0,0.86,35,32
2003-12-10 21:00:00,21,1898.7,2393.0,56.73,55.3,0.21,1.22,49.04,48.26,0.0,0.78,35,33
2003-12-10 22:00:00,22,1514.1,2163.0,51.62,50.52,0.0,1.1,34.87,34.35,0.0,0.52,35,33
2003-12-10 23:00:00,23,1509.7,1930.0,46.54,45.55,0.0,0.99,27.53,27.1,0.0,0.43,35,34
2003-12-11 00:00:00,0,1353.7,1778.0,36.59,35.8,0.01,0.78,41.79,41.19,0.0,0.6,36,35
2003-12-11 01:00:00,1,1783.5,1697.0,33.42,32.7,0.0,0.72,42.07,41.52,0.0,0.55,37,36
2003-12-11 02:00:00,2,1762.3,1661.0,31.56,30.87,0.0,0.69,26.32,25.95,0.0,0.37,38,37
2003-12-11 03:00:00,3,1781.2,1648.0,30.87,30.2,-0.01,0.68,30.66,30.24,0.0,0.42,37,37
2003-12-11 04:00:00,4,1708.5,1682.0,33.44,32.71,-0.01,0.74,40.58,40.08,0.0,0.5,37,37
2003-12-11 05:00:00,5,1254.2,1842.0,43.17,42.21,0.0,0.96,54.59,53.82,0.0,0.77,38,38
2003-12-11 06:00:00,6,1607.8,2163.0,54.85,53.63,0.0,1.22,63.22,62.29,0.0,0.93,39,39
2003-12-11 07:00:00,7,1560.2,2369.0,61.08,59.74,0.0,1.34,69.02,67.93,0.0,1.09,40,39
2003-12-11 08:00:00,8,1555.2,2404.0,60.96,59.48,0.16,1.32,62.82,61.66,0.03,1.13,40,40
2003-12-11 09:00:00,9,1565.2,2413.0,61.91,59.81,0.78,1.32,63.17,61.57,0.57,1.03,42,42
2003-12-11 10:00:00,10,1634.4,2432.0,61.6,59.38,0.92,1.3,64.16,62.51,0.59,1.06,46,45
2003-12-11 11:00:00,11,1630.0,2440.0,61.48,59.0,1.19,1.29,62.63,60.48,1.0,1.15,46,46
2003-12-11 12:00:00,12,1680.9,2430.0,57.84,56.14,0.47,1.23,57.54,56.42,0.02,1.1,47,46
2003-12-11 13:00:00,13,1742.2,2418.0,57.56,56.01,0.33,1.22,57.81,56.58,0.14,1.09,48,48
2003-12-11 14:00:00,14,1771.0,2392.0,57.19,55.7,0.28,1.21,52.58,51.67,0.0,0.91,50,50
2003-12-11 15:00:00,15,1648.0,2397.0,58.09,56.08,0.79,1.22,56.87,55.85,0.0,1.02,51,50
2003-12-11 16:00:00,16,1729.6,2559.0,67.04,65.05,0.55,1.44,67.1,65.99,0.0,1.11,51,50
2003-12-11 17:00:00,17,1580.3,2655.0,76.28,74.1,0.53,1.65,75.76,74.6,0.0,1.16,50,49
2003-12-11 18:00:00,18,1607.4,2625.0,75.66,72.65,1.4,1.61,70.9,69.67,0.0,1.23,49,49
2003-12-11 19:00:00,19,1763.5,2564.0,64.42,62.58,0.46,1.38,65.72,64.39,0.0,1.33,47,47
2003-12-11 20:00:00,20,1653.0,2478.0,61.65,59.95,0.37,1.33,63.02,61.9,0.0,1.12,47,46
2003-12-11 21:00:00,21,1645.4,2319.0,54.02,52.87,0.0,1.15,47.1,46.27,0.0,0.83,40,39
2003-12-11 22:00:00,22,1327.4,2109.0,50.84,50.52,-0.77,1.09,53.44,52.56,0.0,0.88,37,33
2003-12-11 23:00:00,23,1298.3,1903.0,45.0,44.35,-0.31,0.96,39.22,38.66,0.0,0.56,36,30
2003-12-12 00:00:00,0,1410.4,1766.0,42.06,41.23,-0.06,0.89,25.97,25.54,0.0,0.43,35,26
2003-12-12 01:00:00,1,1563.7,1700.0,38.52,37.7,0.0,0.82,29.48,28.96,0.0,0.52,34,24
2003-12-12 02:00:00,2,1817.9,1669.0,37.44,36.65,-0.01,0.8,34.58,33.97,0.0,0.61,33,24
2003-12-12 03:00:00,3,1813.1,1671.0,37.44,36.63,0.01,0.8,32.04,31.48,0.0,0.56,32,22
2003-12-12 04:00:00,4,1577.0,1715.0,38.51,37.69,-0.01,0.83,38.53,37.83,0.0,0.7,32,21
2003-12-12 05:00:00,5,1592.4,1879.0,47.12,46.54,-0.45,1.03,25.8,25.32,0.0,0.48,32,19
2003-12-12 06:00:00,6,1986.2,2208.0,55.0,54.16,-0.36,1.2,60.95,59.86,0.0,1.09,31,18
2003-12-12 07:00:00,7,1730.0,2391.0,63.2,62.15,-0.31,1.36,63.58,62.55,0.0,1.03,31,19
2003-12-12 08:00:00,8,1693.6,2415.0,64.48,63.31,-0.21,1.38,61.51,60.56,-0.17,1.12,31,19
2003-12-12 09:00:00,9,1684.1,2409.0,64.49,63.34,-0.23,1.38,59.28,58.07,0.04,1.17,32,19
2003-12-12 10:00:00,10,1735.1,2399.0,62.07,60.97,-0.23,1.33,57.47,56.01,0.26,1.2,33,17
2003-12-12 11:00:00,11,1757.2,2382.0,60.72,59.02,0.41,1.29,51.26,50.21,0.0,1.05,35,16
2003-12-12 12:00:00,12,1780.0,2353.0,57.54,56.2,0.12,1.22,49.43,48.52,0.0,0.91,35,15
2003-12-12 13:00:00,13,1880.9,2326.0,57.26,55.86,0.19,1.21,50.61,49.71,0.0,0.9,36,15
2003-12-12 14:00:00,14,1839.4,2307.0,56.2,54.75,0.26,1.19,48.05,47.23,0.0,0.82,35,14
2003-12-12 15:00:00,15,1824.9,2321.0,57.25,55.62,0.41,1.22,43.05,42.35,0.0,0.7,35,14
2003-12-12 16:00:00,16,1741.7,2509.0,66.22,64.74,0.04,1.44,62.18,60.94,0.11,1.13,33,13
2003-12-12 17:00:00,17,1751.0,2665.0,76.77,75.3,-0.21,1.68,65.66,64.19,0.32,1.15,31,15
2003-12-12 18:00:00,18,1739.1,2628.0,77.71,75.15,0.9,1.66,61.98,59.83,0.93,1.22,30,15
2003-12-12 19:00:00,19,1796.9,2564.0,66.76,64.92,0.41,1.43,50.81,48.67,1.18,0.96,29,14
2003-12-12 20:00:00,20,1715.8,2490.0,62.53,60.86,0.33,1.34,52.76,51.32,0.44,1.0,28,14
2003-12-12 21:00:00,21,1738.3,2375.0,55.18,53.91,0.1,1.17,53.23,51.75,0.48,1.0,27,15
2003-12-12 22:00:00,22,1462.0,2205.0,52.52,51.41,0.0,1.11,44.38,43.6,0.0,0.78,26,15
2003-12-12 23:00:00,23,1432.7,2005.0,46.38,45.4,0.0,0.98,33.21,32.71,0.0,0.5,25,15
2003-12-13 00:00:00,0,1651.4,1855.0,44.44,43.55,-0.04,0.93,49.46,48.69,0.0,0.77,24,17
2003-12-13 01:00:00,1,2029.4,1773.0,44.44,43.49,0.0,0.95,50.22,49.21,0.0,1.01,24,17
2003-12-13 02:00:00,2,1980.7,1733.0,41.2,40.32,0.0,0.88,44.96,44.11,0.0,0.85,23,17
2003-12-13 03:00:00,3,1960.5,1723.0,42.04,41.13,0.0,0.91,41.55,40.83,0.0,0.72,22,18
2003-12-13 04:00:00,4,1982.0,1733.0,42.53,41.65,-0.04,0.92,42.36,41.66,0.0,0.7,23,15
2003-12-13 05:00:00,5,1913.5,1796.0,44.93,43.96,0.0,0.97,37.31,36.69,0.0,0.62,23,12
2003-12-13 06:00:00,6,1858.4,1926.0,49.1,48.05,0.0,1.05,54.76,53.97,0.0,0.79,22,5
2003-12-13 07:00:00,7,1770.9,2062.0,54.64,53.47,0.0,1.17,51.47,50.68,0.0,0.79,22,4
2003-12-13 08:00:00,8,1970.9,2204.0,59.63,58.33,0.0,1.3,61.79,60.76,0.0,1.03,22,3
2003-12-13 09:00:00,9,1917.4,2278.0,61.43,60.09,0.0,1.34,55.39,54.45,0.0,0.94,22,2
2003-12-13 10:00:00,10,1871.1,2289.0,62.57,61.06,0.17,1.34,47.02,46.29,0.0,0.73,23,3
2003-12-13 11:00:00,11,1821.2,2262.0,61.91,60.53,0.07,1.31,46.07,45.37,-0.01,0.71,24,2
2003-12-13 12:00:00,12,1797.3,2211.0,60.69,58.55,0.87,1.27,49.71,48.9,0.0,0.81,25,1
2003-12-13 13:00:00,13,1851.7,2166.0,57.43,55.83,0.4,1.2,46.58,45.86,0.0,0.72,26,0
2003-12-13 14:00:00,14,1790.6,2133.0,55.31,54.06,0.09,1.16,44.6,43.93,0.0,0.67,27,0
2003-12-13 15:00:00,15,1777.4,2162.0,60.55,58.46,0.84,1.25,45.41,44.78,0.0,0.63,26,0
2003-12-13 16:00:00,16,1904.8,2375.0,75.26,71.76,1.95,1.55,77.72,76.73,0.0,0.99,25,0
2003-12-13 17:00:00,17,1982.3,2553.0,86.66,82.76,2.1,1.8,82.55,81.57,0.0,0.98,23,0
2003-12-13 18:00:00,18,1842.8,2537.0,81.23,77.11,2.44,1.68,70.16,69.05,0.21,0.9,22,0
2003-12-13 19:00:00,19,1709.9,2480.0,75.75,72.11,2.07,1.57,65.61,64.26,0.51,0.84,20,0
2003-12-13 20:00:00,20,1690.2,2420.0,63.82,61.4,1.08,1.34,66.15,64.7,0.66,0.79,19,0
2003-12-13 21:00:00,21,1792.5,2332.0,61.92,60.6,0.01,1.31,69.83,68.82,0.2,0.81,18,5
2003-12-13 22:00:00,22,1748.2,2204.0,54.41,53.27,-0.01,1.15,62.28,61.6,0.0,0.68,17,6
2003-12-13 23:00:00,23,1764.7,2033.0,46.01,45.04,0.0,0.97,37.08,36.62,0.0,0.46,18,3
2003-12-14 00:00:00,0,1650.8,1898.0,44.49,43.61,-0.04,0.92,37.98,37.51,0.0,0.47,16,0
2003-12-14 01:00:00,1,2112.9,1816.0,44.49,43.56,-0.01,0.94,41.42,40.89,0.0,0.53,16,-2
2003-12-14 02:00:00,2,2502.8,1775.0,43.18,42.31,-0.04,0.91,46.93,46.21,0.0,0.72,17,-4
2003-12-14 03:00:00,3,2495.0,1755.0,43.12,42.25,-0.05,0.92,44.38,43.68,0.0,0.7,16,-5
2003-12-14 04:00:00,4,2359.9,1760.0,43.18,42.3,-0.04,0.92,43.9,43.17,0.0,0.73,14,-3
2003-12-14 05:00:00,5,2095.2,1796.0,44.9,43.97,-0.03,0.96,41.21,40.66,0.0,0.55,13,-2
2003-12-14 06:00:00,6,1957.9,1884.0,48.1,47.65,-0.59,1.04,45.71,45.13,0.0,0.58,13,0
2003-12-14 07:00:00,7,1782.2,1999.0,50.57,50.27,-0.8,1.1,35.47,35.03,0.0,0.44,13,2
2003-12-14 08:00:00,8,1722.3,2150.0,54.53,53.99,-0.64,1.18,55.16,54.32,0.0,0.84,13,-2
2003-12-14 09:00:00,9,1826.4,2270.0,56.0,55.39,-0.61,1.22,60.88,60.02,0.0,0.86,14,0
2003-12-14 10:00:00,10,1923.3,2317.0,57.84,57.11,-0.51,1.24,53.69,52.91,0.0,0.78,16,3
2003-12-14 11:00:00,11,1953.0,2349.0,55.18,54.31,-0.31,1.18,56.64,55.79,0.0,0.85,17,6
2003-12-14 12:00:00,12,1942.8,2376.0,54.55,53.53,-0.14,1.16,59.58,58.69,0.0,0.89,17,7
2003-12-14 13:00:00,13,1874.1,2386.0,52.22,51.35,-0.23,1.1,60.55,59.16,0.41,0.98,18,8
2003-12-14 14:00:00,14,1805.2,2409.0,51.56,50.69,-0.21,1.08,54.55,53.66,0.0,0.89,18,9
2003-12-14 15:00:00,15,1887.5,2466.0,53.83,52.91,-0.21,1.13,58.13,57.09,0.07,0.97,18,15
2003-12-14 16:00:00,16,2228.5,2667.0,71.69,69.82,0.36,1.51,75.88,73.43,1.3,1.15,18,16
2003-12-14 17:00:00,17,2205.4,2778.0,82.58,79.68,1.18,1.72,91.17,87.58,2.43,1.16,19,18
2003-12-14 18:00:00,18,2052.3,2734.0,79.69,76.61,1.43,1.65,76.12,73.91,1.21,1.0,22,20
2003-12-14 19:00:00,19,1872.5,2662.0,69.66,67.44,0.78,1.44,65.95,64.71,0.34,0.9,23,22
2003-12-14 20:00:00,20,1838.0,2536.0,65.75,63.65,0.75,1.35,59.74,58.81,0.0,0.93,24,23
2003-12-14 21:00:00,21,2016.2,2363.0,56.75,55.51,0.08,1.16,47.63,46.88,0.0,0.75,28,28
2003-12-14 22:00:00,22,1746.3,2155.0,50.0,48.98,0.0,1.02,34.08,33.59,0.0,0.49,30,30
2003-12-14 23:00:00,23,1843.7,1955.0,44.49,43.58,0.0,0.91,39.92,39.32,0.0,0.6,32,31
2003-12-15 00:00:00,0,1920.8,1811.0,43.62,42.74,-0.01,0.89,39.38,38.79,0.0,0.59,32,32
2003-12-15 01:00:00,1,2361.0,1742.0,43.18,42.3,-0.01,0.89,41.35,40.7,0.0,0.65,33,32
2003-12-15 02:00:00,2,2354.6,1712.0,42.5,41.63,0.0,0.87,40.69,40.0,0.0,0.69,32,31
2003-12-15 03:00:00,3,2361.4,1713.0,42.5,41.63,-0.01,0.88,38.65,37.97,0.0,0.68,32,31
2003-12-15 04:00:00,4,2433.0,1751.0,42.95,42.06,0.0,0.89,38.85,38.13,0.0,0.72,32,31
2003-12-15 05:00:00,5,1665.8,1914.0,45.8,44.85,0.01,0.94,38.25,37.52,0.0,0.73,29,28
2003-12-15 06:00:00,6,2187.6,2172.0,58.52,57.52,-0.21,1.21,42.42,41.71,0.0,0.71,27,26
2003-12-15 07:00:00,7,2095.6,2363.0,64.78,63.69,-0.23,1.32,55.05,54.08,0.0,0.97,27,26
2003-12-15 08:00:00,8,2178.9,2474.0,66.53,65.34,-0.15,1.34,49.03,48.26,0.0,0.77,27,25
2003-12-15 09:00:00,9,2172.9,2535.0,67.08,65.88,-0.15,1.35,52.13,51.28,0.0,0.85,26,24
2003-12-15 10:00:00,10,2111.8,2541.0,66.18,64.57,0.3,1.31,60.82,59.72,0.0,1.1,25,22
2003-12-15 11:00:00,11,2019.7,2542.0,62.16,60.81,0.11,1.24,56.98,55.96,0.0,1.02,28,24
2003-12-15 12:00:00,12,1997.3,2507.0,58.02,56.87,-0.01,1.16,50.38,49.51,0.0,0.87,27,23
2003-12-15 13:00:00,13,1987.2,2494.0,55.85,54.84,-0.11,1.12,48.29,47.51,0.0,0.78,30,24
2003-12-15 14:00:00,14,1955.3,2484.0,55.11,54.1,-0.09,1.1,52.15,51.33,0.0,0.82,29,24
2003-12-15 15:00:00,15,1966.3,2486.0,58.31,57.19,-0.04,1.16,47.24,46.51,0.0,0.73,29,23
2003-12-15 16:00:00,16,2123.4,2713.0,74.78,73.26,0.01,1.51,79.58,78.43,0.0,1.15,28,22
2003-12-15 17:00:00,17,2148.1,2910.0,85.77,84.02,0.0,1.75,96.17,94.79,0.0,1.38,27,19
2003-12-15 18:00:00,18,2147.8,2885.0,80.57,77.87,1.09,1.61,76.56,75.09,0.15,1.32,26,19
2003-12-15 19:00:00,19,2148.1,2830.0,70.98,68.77,0.8,1.41,62.69,61.51,0.01,1.17,26,19
2003-12-15 20:00:00,20,2093.7,2725.0,66.13,64.06,0.76,1.31,59.1,58.02,0.0,1.08,26,18
2003-12-15 21:00:00,21,1908.2,2543.0,57.31,55.99,0.19,1.13,54.97,53.96,0.01,1.0,25,18
2003-12-15 22:00:00,22,1538.4,2297.0,53.65,52.6,0.0,1.05,27.96,27.49,0.0,0.47,24,18
2003-12-15 23:00:00,23,1611.2,2067.0,46.86,45.94,0.0,0.92,43.35,42.67,0.0,0.68,24,17
2003-12-16 00:00:00,0,2080.7,1903.0,41.61,40.78,0.01,0.82,42.87,42.15,0.0,0.72,23,17
2003-12-16 01:00:00,1,2406.0,1817.0,41.07,40.25,0.0,0.82,39.41,38.69,0.0,0.72,23,17
2003-12-16 02:00:00,2,2476.7,1785.0,40.21,39.4,0.0,0.81,43.77,43.01,0.0,0.76,22,17
2003-12-16 03:00:00,3,2437.9,1784.0,40.21,39.39,0.01,0.81,46.16,45.34,0.0,0.82,22,16
2003-12-16 04:00:00,4,2274.3,1835.0,41.07,40.23,0.0,0.84,43.82,43.03,0.0,0.79,21,16
2003-12-16 05:00:00,5,1781.3,2010.0,45.23,44.31,0.0,0.92,48.93,48.0,0.0,0.93,20,15
2003-12-16 06:00:00,6,2045.0,2345.0,54.82,53.71,0.0,1.11,63.28,62.26,0.0,1.02,20,15
2003-12-16 07:00:00,7,2039.5,2506.0,59.45,58.25,0.01,1.19,65.8,64.68,0.0,1.12,20,15
2003-12-16 08:00:00,8,1976.2,2523.0,61.08,59.87,0.0,1.21,60.83,59.63,0.0,1.2,20,15
2003-12-16 09:00:00,9,2106.0,2499.0,60.52,59.32,0.0,1.2,55.69,54.61,0.0,1.08,24,18
2003-12-16 10:00:00,10,2091.4,2479.0,58.99,57.85,-0.03,1.17,53.38,52.34,0.0,1.04,27,17
2003-12-16 11:00:00,11,2059.5,2419.0,56.69,55.57,0.0,1.12,47.71,46.79,0.0,0.92,30,18
2003-12-16 12:00:00,12,2003.3,2382.0,54.5,53.42,0.0,1.08,49.25,48.31,0.0,0.94,32,19
2003-12-16 13:00:00,13,1922.9,2373.0,53.13,52.08,0.0,1.05,46.61,45.71,0.0,0.9,35,18
2003-12-16 14:00:00,14,1893.4,2345.0,52.57,51.53,0.0,1.04,35.3,34.52,0.0,0.78,36,19
2003-12-16 15:00:00,15,1936.6,2386.0,53.39,52.33,0.01,1.05,49.01,48.02,0.0,0.99,37,20
2003-12-16 16:00:00,16,2096.6,2585.0,67.01,65.66,0.0,1.35,72.52,71.09,0.0,1.43,36,20
2003-12-16 17:00:00,17,1879.9,2763.0,79.74,78.13,0.0,1.61,88.98,87.38,0.0,1.6,34,21
2003-12-16 18:00:00,18,1896.2,2758.0,74.0,72.27,0.24,1.49,83.55,81.95,0.0,1.6,32,20
2003-12-16 19:00:00,19,2036.2,2704.0,66.62,64.63,0.66,1.33,77.01,75.53,0.0,1.48,32,20
2003-12-16 20:00:00,20,2111.1,2621.0,62.0,60.27,0.5,1.23,77.87,76.39,0.0,1.48,32,19
2003-12-16 21:00:00,21,1885.6,2474.0,52.7,51.66,0.0,1.04,62.98,61.62,0.0,1.36,32,22
2003-12-16 22:00:00,22,1532.7,2236.0,48.84,47.89,-0.01,0.96,35.17,34.5,0.0,0.67,31,24
2003-12-16 23:00:00,23,1762.9,2000.0,44.12,43.25,0.0,0.87,39.73,38.94,0.0,0.79,33,30
2003-12-17 00:00:00,0,2259.9,1856.0,39.86,39.08,-0.01,0.79,24.52,23.99,0.0,0.53,35,33
2003-12-17 01:00:00,1,2430.9,1773.0,37.48,36.73,0.0,0.75,41.04,40.17,0.0,0.87,36,36
2003-12-17 02:00:00,2,2406.9,1739.0,36.97,36.23,0.0,0.74,37.81,36.95,0.0,0.86,37,36
2003-12-17 03:00:00,3,2402.5,1721.0,36.82,36.08,0.0,0.74,38.08,37.21,0.0,0.87,38,37
2003-12-17 04:00:00,4,2438.3,1749.0,37.56,36.79,0.01,0.76,39.5,38.57,0.0,0.93,39,39
2003-12-17 05:00:00,5,1934.6,1907.0,44.9,43.99,-0.01,0.92,48.16,46.98,0.0,1.18,40,39
2003-12-17 06:00:00,6,1817.6,2228.0,55.58,54.45,0.0,1.13,47.49,46.5,0.0,0.99,41,41
2003-12-17 07:00:00,7,1851.9,2420.0,58.93,57.91,-0.16,1.18,56.61,55.46,0.0,1.15,42,41
2003-12-17 08:00:00,8,1875.7,2443.0,59.53,58.49,-0.14,1.18,58.5,57.23,0.0,1.27,43,42
2003-12-17 09:00:00,9,1979.3,2449.0,58.93,57.84,-0.08,1.17,53.97,52.85,0.0,1.12,44,43
2003-12-17 10:00:00,10,2007.3,2455.0,57.59,56.55,-0.1,1.14,73.78,72.4,0.0,1.38,45,44
2003-12-17 11:00:00,11,1994.9,2452.0,53.97,52.9,0.0,1.07,61.5,60.36,0.0,1.14,48,45
2003-12-17 12:00:00,12,1964.2,2443.0,52.99,51.94,0.0,1.05,65.37,63.61,0.54,1.22,50,47
2003-12-17 13:00:00,13,1958.0,2443.0,51.67,50.65,0.0,1.02,64.35,62.55,0.52,1.28,50,48
2003-12-17 14:00:00,14,1925.0,2432.0,51.12,50.11,0.01,1.0,56.6,55.39,0.0,1.21,50,49
2003-12-17 15:00:00,15,1939.3,2468.0,51.91,50.89,0.0,1.02,59.7,58.39,0.09,1.22,51,49
2003-12-17 16:00:00,16,2060.2,2646.0,67.16,65.82,0.0,1.34,78.65,77.17,0.15,1.33,50,49
2003-12-17 17:00:00,17,2105.3,2731.0,79.73,77.93,0.21,1.59,94.64,91.45,1.83,1.36,50,49
2003-12-17 18:00:00,18,2085.0,2695.0,72.3,70.48,0.38,1.44,69.94,68.08,0.67,1.19,51,50
2003-12-17 19:00:00,19,1941.6,2624.0,65.22,63.42,0.51,1.29,65.55,64.25,0.21,1.09,52,50
2003-12-17 20:00:00,20,1953.4,2529.0,59.61,58.46,-0.03,1.18,75.82,73.24,1.49,1.09,51,50
2003-12-17 21:00:00,21,1821.0,2373.0,51.28,50.28,0.0,1.0,61.65,60.34,0.18,1.13,52,51
2003-12-17 22:00:00,22,1519.0,2152.0,41.62,40.81,0.0,0.81,48.32,47.41,0.0,0.91,40,39
2003-12-17 23:00:00,23,1772.1,1934.0,41.35,40.54,0.01,0.8,41.77,41.04,0.0,0.73,36,34
2003-12-18 00:00:00,0,1376.6,1786.0,43.3,42.42,0.0,0.88,33.2,32.66,0.0,0.54,33,31
2003-12-18 01:00:00,1,1515.6,1721.0,41.3,40.44,0.01,0.85,50.82,49.97,0.0,0.85,32,29
2003-12-18 02:00:00,2,1641.0,1701.0,41.3,40.44,0.0,0.86,49.42,48.58,0.0,0.84,31,27
2003-12-18 03:00:00,3,1702.6,1700.0,41.3,40.44,0.0,0.86,48.72,47.89,0.0,0.83,29,22
2003-12-18 04:00:00,4,1530.3,1749.0,41.63,40.76,0.0,0.87,46.89,46.07,0.0,0.82,29,22
2003-12-18 05:00:00,5,1297.1,1925.0,47.1,46.13,0.0,0.97,35.45,34.8,0.0,0.65,29,24
2003-12-18 06:00:00,6,1953.8,2259.0,57.23,56.05,0.0,1.18,64.35,63.21,0.0,1.14,29,24
2003-12-18 07:00:00,7,1579.2,2435.0,71.82,70.34,0.01,1.47,76.21,75.01,0.0,1.2,29,22
2003-12-18 08:00:00,8,1685.5,2469.0,71.65,70.19,0.0,1.46,65.43,64.26,0.0,1.17,29,21
2003-12-18 09:00:00,9,1735.3,2460.0,71.1,69.66,0.0,1.44,61.94,60.56,0.0,1.38,30,21
2003-12-18 10:00:00,10,1717.3,2461.0,69.48,68.08,-0.01,1.41,62.37,60.84,0.28,1.25,31,21
2003-12-18 11:00:00,11,1706.4,2438.0,65.12,63.8,0.0,1.32,60.65,59.34,0.13,1.18,32,21
2003-12-18 12:00:00,12,1689.1,2408.0,63.12,61.41,0.44,1.27,49.46,48.44,0.0,1.02,33,20
2003-12-18 13:00:00,13,1685.6,2403.0,61.16,59.52,0.4,1.24,56.76,55.56,0.01,1.19,33,19
2003-12-18 14:00:00,14,1707.1,2387.0,60.28,58.77,0.29,1.22,57.26,56.03,0.03,1.2,33,19
2003-12-18 15:00:00,15,1680.0,2427.0,62.45,60.88,0.29,1.28,61.29,59.61,0.41,1.27,33,19
2003-12-18 16:00:00,16,2047.9,2632.0,70.75,69.29,-0.01,1.47,81.33,77.75,2.08,1.5,33,18
2003-12-18 17:00:00,17,1986.0,2759.0,84.0,82.25,0.0,1.75,98.05,92.8,3.63,1.62,32,19
2003-12-18 18:00:00,18,2047.7,2744.0,77.0,75.4,0.0,1.6,75.29,72.58,1.36,1.35,31,17
2003-12-18 19:00:00,19,1842.8,2696.0,67.65,66.27,0.0,1.38,73.58,71.14,1.2,1.24,31,18
2003-12-18 20:00:00,20,1769.0,2628.0,63.92,62.63,-0.01,1.3,78.98,75.51,1.94,1.53,30,17
2003-12-18 21:00:00,21,1717.2,2484.0,61.71,60.23,0.24,1.24,78.56,74.9,2.08,1.58,28,15
2003-12-18 22:00:00,22,1437.6,2261.0,53.85,52.77,0.0,1.08,54.8,52.89,0.78,1.13,27,16
2003-12-18 23:00:00,23,1494.3,2032.0,46.97,46.03,0.0,0.94,33.99,33.3,0.03,0.66,27,18
2003-12-19 00:00:00,0,2439.2,1868.0,46.01,45.05,0.0,0.96,52.48,51.36,0.0,1.12,27,18
2003-12-19 01:00:00,1,2586.1,1790.0,46.01,45.04,0.0,0.97,51.41,50.31,0.0,1.1,27,18
2003-12-19 02:00:00,2,2544.9,1756.0,46.01,45.03,0.0,0.98,52.72,51.58,0.0,1.14,26,18
2003-12-19 03:00:00,3,2545.7,1754.0,46.01,45.03,0.0,0.98,42.95,41.93,0.0,1.02,26,18
2003-12-19 04:00:00,4,2610.8,1785.0,46.01,45.03,0.0,0.98,41.09,40.05,0.0,1.04,25,17
2003-12-19 05:00:00,5,2137.1,1963.0,48.85,47.81,0.01,1.03,44.92,43.95,0.0,0.97,25,17
2003-12-19 06:00:00,6,2091.6,2281.0,62.29,60.96,0.02,1.31,65.07,63.84,0.0,1.23,24,16
2003-12-19 07:00:00,7,1917.7,2459.0,68.95,67.52,0.0,1.43,65.12,63.94,0.0,1.18,24,16
2003-12-19 08:00:00,8,1883.3,2474.0,70.09,67.56,1.1,1.43,61.44,60.08,0.07,1.29,25,16
2003-12-19 09:00:00,9,1864.6,2458.0,70.09,67.55,1.1,1.44,60.84,59.03,0.55,1.26,27,16
2003-12-19 10:00:00,10,1910.8,2446.0,68.64,66.32,0.91,1.41,59.22,57.56,0.41,1.25,29,15
2003-12-19 11:00:00,11,2013.9,2409.0,65.11,63.35,0.41,1.35,35.8,35.07,0.0,0.73,31,14
2003-12-19 12:00:00,12,2081.6,2345.0,63.36,61.88,0.16,1.32,37.06,36.37,0.0,0.69,32,14
2003-12-19 13:00:00,13,2082.8,2316.0,62.41,61.07,0.04,1.3,50.19,49.24,0.0,0.95,34,14
2003-12-19 14:00:00,14,2007.4,2289.0,60.83,59.56,0.01,1.26,49.77,48.82,0.0,0.95,34,14
2003-12-19 15:00:00,15,2018.0,2312.0,63.36,61.88,0.16,1.32,45.4,44.56,0.0,0.84,34,14
2003-12-19 16:00:00,16,2012.5,2505.0,73.54,71.47,0.53,1.54,57.12,56.02,0.0,1.1,32,14
2003-12-19 17:00:00,17,2028.5,2666.0,87.39,85.54,0.0,1.85,65.17,63.8,0.1,1.27,30,13
2003-12-19 18:00:00,18,2013.4,2634.0,80.93,77.93,1.31,1.69,59.33,58.11,0.0,1.22,29,14
2003-12-19 19:00:00,19,1990.9,2576.0,72.9,69.89,1.51,1.5,58.75,57.51,0.0,1.24,28,17
2003-12-19 20:00:00,20,2128.0,2506.0,66.29,64.35,0.57,1.37,57.88,56.61,0.0,1.27,27,17
2003-12-19 21:00:00,21,1931.7,2393.0,61.94,60.58,0.08,1.28,54.59,53.39,0.0,1.2,28,16
2003-12-19 22:00:00,22,1570.1,2219.0,56.8,55.63,0.01,1.16,52.33,51.18,0.0,1.15,27,16
2003-12-19 23:00:00,23,2045.7,2009.0,50.35,49.3,0.0,1.05,55.3,54.15,0.0,1.15,27,16
2003-12-20 00:00:00,0,1900.1,1850.0,48.12,47.15,0.0,0.97,47.57,46.71,0.0,0.86,26,17
2003-12-20 01:00:00,1,2191.6,1764.0,48.6,47.59,0.0,1.01,49.19,48.26,0.0,0.93,26,17
2003-12-20 02:00:00,2,2190.5,1718.0,47.45,46.46,0.0,0.99,49.39,48.47,0.0,0.92,26,18
2003-12-20 03:00:00,3,2362.8,1700.0,46.07,45.11,0.0,0.96,50.97,49.99,0.0,0.98,25,18
2003-12-20 04:00:00,4,2382.2,1710.0,46.07,45.11,0.0,0.96,51.19,50.21,0.0,0.98,26,20
2003-12-20 05:00:00,5,2264.4,1775.0,47.45,46.47,0.0,0.98,51.26,50.38,0.0,0.88,26,21
2003-12-20 06:00:00,6,1959.2,1894.0,55.25,54.11,0.0,1.14,45.6,44.86,0.0,0.74,26,22
2003-12-20 07:00:00,7,1893.4,2025.0,62.3,61.01,0.01,1.28,51.2,50.31,0.0,0.89,26,22
2003-12-20 08:00:00,8,2110.0,2164.0,62.42,61.09,0.03,1.3,59.33,58.24,0.0,1.09,26,21
2003-12-20 09:00:00,9,2168.3,2244.0,65.31,63.89,0.05,1.37,64.4,63.13,0.0,1.27,28,22
2003-12-20 10:00:00,10,2252.0,2267.0,63.51,62.14,0.04,1.33,70.38,69.22,0.0,1.16,29,22
2003-12-20 11:00:00,11,2186.0,2247.0,61.03,59.73,0.03,1.27,70.99,69.94,0.0,1.05,31,22
2003-12-20 12:00:00,12,2108.2,2206.0,58.07,56.85,0.01,1.21,64.75,63.65,0.0,1.1,31,22
2003-12-20 13:00:00,13,2022.9,2186.0,56.51,55.34,0.0,1.17,57.79,56.89,0.0,0.9,30,23
2003-12-20 14:00:00,14,1970.9,2170.0,56.51,55.34,0.0,1.17,50.4,49.61,0.0,0.79,31,22
2003-12-20 15:00:00,15,1984.0,2202.0,57.07,55.87,0.01,1.19,50.94,50.15,0.0,0.79,31,21
2003-12-20 16:00:00,16,2261.8,2367.0,74.67,73.0,0.09,1.58,61.69,60.65,0.0,1.04,31,18
2003-12-20 17:00:00,17,2136.4,2512.0,91.45,89.33,0.19,1.93,86.23,84.76,0.0,1.47,30,20
2003-12-20 18:00:00,18,2122.3,2486.0,84.89,82.96,0.14,1.79,76.19,74.87,0.0,1.32,29,19
2003-12-20 19:00:00,19,1904.2,2435.0,74.55,72.89,0.09,1.57,70.91,69.24,0.34,1.33,26,17
2003-12-20 20:00:00,20,2035.7,2384.0,66.08,64.67,0.05,1.36,70.78,68.79,0.7,1.29,25,17
2003-12-20 21:00:00,21,2145.4,2295.0,61.69,60.41,0.02,1.26,58.23,57.2,0.0,1.03,23,16
2003-12-20 22:00:00,22,1911.8,2168.0,54.57,53.47,0.0,1.1,53.09,52.12,0.0,0.97,22,14
2003-12-20 23:00:00,23,1943.1,2005.0,50.66,49.63,0.0,1.03,56.69,55.67,0.0,1.02,21,13
2003-12-21 00:00:00,0,1792.1,1844.0,49.18,48.13,0.0,1.05,52.87,51.97,0.0,0.9,20,12
2003-12-21 01:00:00,1,1922.7,1760.0,48.14,47.1,0.0,1.04,51.16,50.29,0.0,0.87,19,11
2003-12-21 02:00:00,2,2108.3,1719.0,47.14,46.12,0.0,1.02,47.91,47.12,0.0,0.79,18,9
2003-12-21 03:00:00,3,2088.4,1706.0,46.66,45.64,0.0,1.02,47.59,46.82,0.0,0.77,18,8
2003-12-21 04:00:00,4,2108.0,1720.0,46.61,45.59,0.0,1.02,51.23,50.37,0.0,0.86,17,8
2003-12-21 05:00:00,5,1728.9,1753.0,46.79,45.77,0.0,1.02,44.32,43.57,0.0,0.75,17,9
2003-12-21 06:00:00,6,1917.7,1837.0,50.92,49.8,0.0,1.12,43.85,43.21,0.0,0.64,16,9
2003-12-21 07:00:00,7,1723.3,1936.0,54.54,53.34,0.01,1.19,34.94,34.46,0.0,0.48,16,10
2003-12-21 08:00:00,8,1899.5,2072.0,56.37,55.12,0.0,1.25,55.35,54.51,0.0,0.84,17,11
2003-12-21 09:00:00,9,2004.9,2173.0,63.47,62.02,0.05,1.4,58.66,57.68,0.0,0.98,20,12
2003-12-21 10:00:00,10,2048.7,2211.0,62.37,60.96,0.03,1.38,59.99,58.95,0.0,1.04,22,14
2003-12-21 11:00:00,11,2054.1,2234.0,57.89,56.61,0.01,1.27,62.44,61.27,0.0,1.17,24,14
2003-12-21 12:00:00,12,2042.9,2238.0,56.89,55.64,0.0,1.25,58.77,57.64,0.0,1.13,26,14
2003-12-21 13:00:00,13,2000.0,2206.0,56.56,55.33,0.0,1.23,53.62,52.61,0.0,1.01,27,14
2003-12-21 14:00:00,14,1965.5,2171.0,56.56,55.34,0.0,1.22,38.93,38.28,0.0,0.65,28,15
2003-12-21 15:00:00,15,2002.9,2189.0,56.56,55.33,0.0,1.23,49.35,48.57,0.0,0.78,29,17
2003-12-21 16:00:00,16,2264.3,2373.0,70.59,68.73,0.3,1.56,58.29,57.28,0.0,1.01,29,17
2003-12-21 17:00:00,17,2209.6,2547.0,87.0,84.62,0.45,1.93,64.46,63.15,0.0,1.31,29,15
2003-12-21 18:00:00,18,2079.9,2553.0,83.8,81.49,0.47,1.84,62.84,61.68,0.0,1.16,29,14
2003-12-21 19:00:00,19,1873.1,2517.0,72.82,70.66,0.58,1.58,63.55,62.32,0.0,1.23,29,15
2003-12-21 20:00:00,20,2043.2,2453.0,69.1,66.63,0.98,1.49,64.72,63.32,0.0,1.4,29,14
2003-12-21 21:00:00,21,2168.9,2322.0,57.04,55.81,0.0,1.23,55.04,53.96,0.0,1.08,30,13
2003-12-21 22:00:00,22,1895.6,2129.0,52.12,51.0,0.01,1.11,50.89,49.9,0.0,0.99,30,14
2003-12-21 23:00:00,23,1907.5,1924.0,50.06,48.98,0.0,1.08,30.92,30.35,0.0,0.57,30,13
2003-12-22 00:00:00,0,1699.5,1774.0,46.12,45.11,0.0,1.01,19.76,19.38,0.0,0.38,30,13
2003-12-22 01:00:00,1,1860.2,1702.0,46.12,45.1,-0.01,1.03,14.43,14.13,0.0,0.3,30,13
2003-12-22 02:00:00,2,1848.0,1678.0,45.33,44.32,0.0,1.01,34.9,34.17,0.0,0.73,30,13
2003-12-22 03:00:00,3,1851.6,1677.0,45.33,44.31,0.0,1.02,36.93,36.14,0.0,0.79,28,14
2003-12-22 04:00:00,4,1917.4,1714.0,46.12,45.08,0.0,1.04,12.67,12.41,0.0,0.26,28,14
2003-12-22 05:00:00,5,1761.4,1873.0,47.39,46.33,-0.01,1.07,18.78,18.36,0.0,0.42,28,15
2003-12-22 06:00:00,6,2168.7,2186.0,57.44,56.13,0.0,1.31,54.98,53.88,0.0,1.1,27,15
2003-12-22 07:00:00,7,2106.3,2372.0,66.47,64.98,0.0,1.49,60.94,59.8,0.0,1.14,28,16
2003-12-22 08:00:00,8,2109.9,2424.0,68.68,66.3,0.88,1.5,54.8,53.81,0.0,0.99,30,16
2003-12-22 09:00:00,9,1996.0,2420.0,67.2,65.05,0.67,1.48,50.44,49.55,0.0,0.89,34,15
2003-12-22 10:00:00,10,2084.4,2421.0,65.71,63.79,0.47,1.45,49.59,48.68,0.0,0.91,37,15
2003-12-22 11:00:00,11,2056.9,2404.0,62.42,61.03,0.01,1.38,43.73,42.94,0.0,0.79,40,15
2003-12-22 12:00:00,12,2004.4,2354.0,60.49,59.14,0.0,1.35,23.01,22.55,0.0,0.46,41,15
2003-12-22 13:00:00,13,1986.8,2322.0,57.99,56.7,0.01,1.28,42.59,41.61,0.0,0.98,42,17
2003-12-22 14:00:00,14,1955.2,2292.0,56.91,55.65,0.0,1.26,32.56,31.86,0.0,0.7,44,18
2003-12-22 15:00:00,15,1975.7,2281.0,59.07,57.75,0.01,1.31,49.39,48.38,0.0,1.01,45,20
2003-12-22 16:00:00,16,2246.3,2474.0,69.03,67.48,0.0,1.55,49.26,48.25,0.0,1.01,45,21
2003-12-22 17:00:00,17,2334.9,2667.0,80.42,78.43,0.18,1.81,54.17,53.14,0.0,1.03,42,22
2003-12-22 18:00:00,18,2206.4,2656.0,77.66,75.69,0.23,1.74,50.9,50.04,0.0,0.86,42,23
2003-12-22 19:00:00,19,2223.7,2597.0,68.6,66.7,0.38,1.52,50.77,49.93,0.0,0.84,41,23
2003-12-22 20:00:00,20,2268.0,2520.0,63.51,61.81,0.3,1.4,49.75,48.95,0.0,0.8,42,22
2003-12-22 21:00:00,21,1974.0,2374.0,61.6,60.24,0.01,1.35,38.86,38.19,0.0,0.67,41,22
2003-12-22 22:00:00,22,1616.2,2151.0,51.3,50.99,-0.82,1.13,22.15,21.73,0.0,0.42,41,23
2003-12-22 23:00:00,23,1823.4,1926.0,47.28,46.71,-0.47,1.04,22.81,22.42,0.0,0.39,40,24
2003-12-23 00:00:00,0,1509.7,1754.0,34.57,33.81,0.0,0.76,28.04,27.65,0.0,0.39,41,24
2003-12-23 01:00:00,1,1652.6,1666.0,32.93,32.19,0.0,0.74,21.57,21.28,0.0,0.29,40,25
2003-12-23 02:00:00,2,1655.2,1625.0,30.95,30.25,0.0,0.7,1.76,1.74,0.0,0.02,41,25
2003-12-23 03:00:00,3,1672.8,1610.0,30.95,30.25,0.0,0.7,0.0,0.0,0.0,0.0,42,26
2003-12-23 04:00:00,4,1643.0,1649.0,33.94,33.17,0.01,0.76,0.0,0.0,0.0,0.0,42,26
2003-12-23 05:00:00,5,1432.1,1793.0,40.45,39.55,-0.02,0.92,35.95,35.44,0.0,0.51,42,27
2003-12-23 06:00:00,6,1820.3,2085.0,50.0,48.87,-0.02,1.15,51.19,50.46,0.0,0.73,42,27
2003-12-23 07:00:00,7,1906.8,2290.0,54.13,52.96,-0.06,1.23,53.18,52.47,0.0,0.71,40,27
2003-12-23 08:00:00,8,2002.9,2346.0,52.02,50.84,0.01,1.17,41.95,41.32,0.0,0.63,39,27
2003-12-23 09:00:00,9,2006.2,2353.0,52.02,50.85,0.0,1.17,43.71,43.08,0.0,0.63,40,27
2003-12-23 10:00:00,10,2029.7,2359.0,52.02,50.85,0.0,1.17,48.42,47.74,0.0,0.68,40,29
2003-12-23 11:00:00,11,1984.9,2329.0,52.02,50.85,0.0,1.17,44.67,43.98,0.0,0.69,43,29
2003-12-23 12:00:00,12,1937.2,2285.0,50.56,49.43,0.0,1.13,40.46,39.76,0.0,0.7,46,31
2003-12-23 13:00:00,13,1917.6,2248.0,49.43,48.32,0.01,1.1,42.92,42.16,0.0,0.76,48,33
2003-12-23 14:00:00,14,1885.6,2206.0,48.31,47.23,0.0,1.08,40.44,39.73,0.0,0.71,50,35
2003-12-23 15:00:00,15,1816.4,2203.0,50.27,49.14,0.0,1.13,41.41,40.72,0.0,0.69,50,34
2003-12-23 16:00:00,16,2196.3,2379.0,59.66,58.3,0.0,1.36,80.24,79.18,0.0,1.06,49,33
2003-12-23 17:00:00,17,2095.9,2560.0,68.09,66.53,0.01,1.55,91.91,90.64,0.0,1.27,45,32
2003-12-23 18:00:00,18,2093.9,2551.0,67.51,65.99,0.0,1.52,59.16,58.31,0.0,0.85,45,33
2003-12-23 19:00:00,19,2040.4,2507.0,60.2,58.85,0.0,1.35,59.47,58.65,0.0,0.82,42,35
2003-12-23 20:00:00,20,1989.2,2436.0,56.68,55.42,0.0,1.26,54.35,53.64,0.0,0.71,41,32
2003-12-23 21:00:00,21,1770.0,2308.0,52.01,50.86,0.01,1.14,41.98,41.41,0.0,0.57,40,35
2003-12-23 22:00:00,22,1323.2,2109.0,41.79,40.88,0.0,0.91,26.25,25.91,0.0,0.34,40,35
2003-12-23 23:00:00,23,1610.8,1872.0,38.99,38.14,0.0,0.85,22.0,21.68,0.0,0.32,41,37
2003-12-24 00:00:00,0,1669.8,1697.0,24.77,24.22,0.0,0.55,32.44,31.96,0.0,0.48,43,42
2003-12-24 01:00:00,1,1778.5,1595.0,22.07,21.58,0.0,0.49,20.06,19.76,0.0,0.3,44,43
2003-12-24 02:00:00,2,1846.4,1548.0,20.64,20.18,0.0,0.46,21.6,21.23,0.0,0.37,44,43
2003-12-24 03:00:00,3,1920.4,1526.0,20.64,20.18,0.0,0.46,22.09,21.72,0.0,0.37,45,43
2003-12-24 04:00:00,4,1783.3,1547.0,20.83,20.37,-0.01,0.47,22.45,22.07,0.0,0.38,45,44
2003-12-24 05:00:00,5,1279.8,1650.0,34.34,33.57,0.0,0.77,22.47,22.08,0.0,0.39,45,44
2003-12-24 06:00:00,6,1447.7,1845.0,40.55,39.64,0.0,0.91,23.31,22.87,0.0,0.44,46,45
2003-12-24 07:00:00,7,1427.9,2031.0,41.65,40.71,0.0,0.94,45.7,44.84,0.0,0.86,45,44
2003-12-24 08:00:00,8,1423.6,2160.0,43.45,42.44,0.01,1.0,46.76,45.91,0.0,0.85,45,44
2003-12-24 09:00:00,9,1453.7,2241.0,44.88,43.84,0.0,1.04,50.83,49.83,0.0,1.0,46,45
2003-12-24 10:00:00,10,1521.4,2280.0,46.14,45.07,0.01,1.06,57.52,56.44,0.0,1.08,47,47
2003-12-24 11:00:00,11,1520.3,2251.0,46.14,45.08,0.0,1.06,52.35,51.46,0.0,0.89,50,50
2003-12-24 12:00:00,12,1488.7,2183.0,45.27,44.23,0.01,1.03,48.64,47.8,0.0,0.84,52,51
2003-12-24 13:00:00,13,1472.3,2147.0,44.87,43.84,0.01,1.02,48.4,47.6,0.0,0.8,53,52
2003-12-24 14:00:00,14,1437.3,2137.0,44.71,43.69,0.0,1.02,46.2,45.45,0.0,0.75,54,54
2003-12-24 15:00:00,15,1453.8,2140.0,44.88,43.85,0.0,1.03,49.97,49.15,0.0,0.82,54,54
2003-12-24 16:00:00,16,1796.1,2239.0,47.97,46.86,0.0,1.11,63.04,62.01,0.0,1.03,55,54
2003-12-24 17:00:00,17,1785.4,2261.0,53.43,52.19,0.0,1.24,47.42,46.77,0.0,0.65,54,53
2003-12-24 18:00:00,18,1829.8,2136.0,51.27,50.09,0.0,1.18,38.7,38.17,0.0,0.53,54,53
2003-12-24 19:00:00,19,1856.6,2014.0,47.97,46.88,0.0,1.09,23.86,23.53,0.0,0.33,54,52
2003-12-24 20:00:00,20,1650.2,1945.0,46.1,45.05,0.01,1.04,35.18,34.62,0.0,0.56,53,51
2003-12-24 21:00:00,21,1349.8,1878.0,41.98,41.04,0.0,0.94,24.53,24.14,0.0,0.39,52,51
2003-12-24 22:00:00,22,1163.9,1790.0,34.15,33.39,0.01,0.75,27.47,27.05,0.0,0.42,52,51
2003-12-24 23:00:00,23,925.1,1658.0,35.43,34.65,0.0,0.78,24.94,24.58,0.0,0.36,51,50
2003-12-25 00:00:00,0,1572.9,1503.0,23.88,23.37,0.0,0.51,24.53,24.18,0.0,0.35,50,50
2003-12-25 01:00:00,1,1605.3,1394.0,20.2,19.76,0.01,0.43,20.22,19.91,0.0,0.31,50,49
2003-12-25 02:00:00,2,1920.2,1331.0,18.56,18.16,0.0,0.4,19.05,18.72,0.0,0.33,49,47
2003-12-25 03:00:00,3,2052.9,1304.0,18.25,17.86,0.0,0.39,0.0,0.0,0.0,0.0,48,47
2003-12-25 04:00:00,4,1973.6,1311.0,18.18,17.79,0.0,0.39,0.0,0.0,0.0,0.0,46,46
2003-12-25 05:00:00,5,1766.3,1350.0,21.14,20.68,0.0,0.46,0.0,0.0,0.0,0.0,46,45
2003-12-25 06:00:00,6,1463.2,1443.0,31.9,31.21,-0.01,0.7,0.0,0.0,0.0,0.0,45,43
2003-12-25 07:00:00,7,1164.4,1564.0,36.94,36.12,0.0,0.82,0.0,0.0,0.0,0.0,43,42
2003-12-25 08:00:00,8,1071.7,1702.0,41.51,40.58,0.0,0.93,0.0,0.0,0.0,0.0,41,39
2003-12-25 09:00:00,9,1181.4,1817.0,44.83,43.83,0.0,1.0,35.16,34.6,0.0,0.56,41,38
2003-12-25 10:00:00,10,1256.1,1874.0,44.86,43.87,-0.01,1.0,42.28,41.59,0.0,0.69,41,39
2003-12-25 11:00:00,11,1175.8,1892.0,43.9,42.93,0.0,0.97,43.83,43.08,0.0,0.75,40,38
2003-12-25 12:00:00,12,1154.3,1871.0,42.94,42.0,0.0,0.94,37.6,36.99,0.0,0.61,40,38
2003-12-25 13:00:00,13,1296.5,1808.0,41.61,40.7,0.0,0.91,29.12,28.67,0.0,0.45,40,37
2003-12-25 14:00:00,14,1349.6,1738.0,40.93,40.03,0.0,0.9,20.35,20.05,0.0,0.3,40,36
2003-12-25 15:00:00,15,1259.7,1732.0,41.89,40.97,-0.01,0.93,7.42,7.31,0.0,0.11,40,32
2003-12-25 16:00:00,16,1451.7,1845.0,52.63,51.45,0.0,1.18,41.01,40.37,0.0,0.64,39,30
2003-12-25 17:00:00,17,1295.2,1953.0,67.93,66.44,-0.04,1.53,45.51,44.73,0.0,0.78,37,28
2003-12-25 18:00:00,18,1352.3,1974.0,60.58,59.23,0.0,1.35,45.34,44.55,0.0,0.79,34,26
2003-12-25 19:00:00,19,1370.9,1981.0,56.09,54.85,0.0,1.24,47.58,46.72,0.0,0.86,33,25
2003-12-25 20:00:00,20,1395.5,1968.0,49.48,48.4,-0.01,1.09,46.94,46.1,0.0,0.84,32,24
2003-12-25 21:00:00,21,1411.3,1908.0,44.85,43.87,0.0,0.98,44.14,43.37,0.0,0.77,32,23
2003-12-25 22:00:00,22,1178.6,1795.0,39.57,38.73,-0.01,0.85,37.32,36.71,0.0,0.61,32,22
2003-12-25 23:00:00,23,1326.5,1641.0,33.48,32.77,0.0,0.71,28.03,27.61,0.0,0.42,31,21
2003-12-26 00:00:00,0,1422.0,1525.0,28.86,28.27,-0.01,0.6,22.71,22.39,0.0,0.32,31,21
2003-12-26 01:00:00,1,1509.0,1462.0,24.46,23.95,0.0,0.51,21.01,20.73,0.0,0.28,30,23
2003-12-26 02:00:00,2,1491.1,1437.0,22.1,21.64,0.0,0.46,20.45,20.17,0.0,0.28,30,24
2003-12-26 03:00:00,3,1493.7,1436.0,22.0,21.54,0.0,0.46,21.48,21.18,0.0,0.3,29,23
2003-12-26 04:00:00,4,1508.4,1464.0,23.23,22.75,0.0,0.48,23.08,22.74,0.0,0.34,28,22
2003-12-26 05:00:00,5,1006.8,1556.0,33.05,32.38,0.0,0.67,27.29,26.86,0.0,0.43,29,21
2003-12-26 06:00:00,6,1676.2,1705.0,43.37,42.5,-0.01,0.88,26.64,26.2,0.0,0.44,29,20
2003-12-26 07:00:00,7,1551.0,1832.0,49.22,48.21,0.01,1.0,20.89,20.54,0.0,0.35,29,20
2003-12-26 08:00:00,8,1563.4,1963.0,52.07,50.99,0.0,1.08,41.89,41.23,0.0,0.66,29,20
2003-12-26 09:00:00,9,1559.2,2096.0,52.6,51.49,0.0,1.11,46.15,45.32,0.0,0.83,30,20
2003-12-26 10:00:00,10,1164.6,2186.0,52.07,50.98,0.0,1.09,47.95,47.08,0.0,0.87,31,21
2003-12-26 11:00:00,11,1243.0,2225.0,49.96,48.92,0.0,1.04,46.28,45.48,0.0,0.8,32,21
2003-12-26 12:00:00,12,1154.2,2229.0,49.22,48.19,0.01,1.02,47.28,46.43,0.0,0.85,32,21
2003-12-26 13:00:00,13,1119.9,2191.0,48.4,47.4,-0.01,1.01,44.97,44.19,0.0,0.78,32,23
2003-12-26 14:00:00,14,1548.2,2157.0,44.79,43.83,-0.01,0.97,44.05,43.34,0.0,0.71,34,24
2003-12-26 15:00:00,15,1540.9,2159.0,44.82,43.85,0.0,0.97,43.66,43.02,0.0,0.64,34,25
2003-12-26 16:00:00,16,1815.7,2303.0,60.0,58.69,0.0,1.31,52.59,51.89,0.0,0.7,37,28
2003-12-26 17:00:00,17,1812.1,2430.0,70.44,68.9,0.01,1.53,77.11,76.04,0.0,1.07,34,27
2003-12-26 18:00:00,18,1206.8,2397.0,65.0,63.6,0.0,1.4,55.29,54.46,0.0,0.83,34,26
2003-12-26 19:00:00,19,1492.8,2334.0,56.46,55.24,0.01,1.21,52.93,52.07,0.0,0.86,33,24
2003-12-26 20:00:00,20,1645.7,2261.0,52.6,51.47,0.01,1.12,49.89,49.08,0.0,0.81,33,21
2003-12-26 21:00:00,21,1575.5,2147.0,44.79,43.85,0.0,0.94,44.75,44.09,0.0,0.66,33,18
2003-12-26 22:00:00,22,846.4,1990.0,41.76,40.9,-0.01,0.87,33.38,32.9,0.0,0.48,33,17
2003-12-26 23:00:00,23,993.2,1813.0,36.82,36.06,0.0,0.76,33.6,33.19,0.0,0.41,32,17
2003-12-27 00:00:00,0,1543.9,1675.0,36.14,35.39,0.01,0.74,39.22,38.75,0.0,0.47,32,17
2003-12-27 01:00:00,1,1803.5,1583.0,29.76,29.14,0.0,0.62,37.16,36.64,0.0,0.52,32,16
2003-12-27 02:00:00,2,1854.1,1542.0,27.57,26.99,0.0,0.58,23.88,23.56,0.0,0.32,32,16
2003-12-27 03:00:00,3,1877.2,1525.0,25.65,25.11,0.0,0.54,22.17,21.89,0.0,0.28,31,17
2003-12-27 04:00:00,4,1867.1,1533.0,25.65,25.11,0.0,0.54,22.38,22.08,0.0,0.3,31,16
2003-12-27 05:00:00,5,1953.5,1581.0,31.6,30.94,0.0,0.66,22.27,21.96,0.0,0.31,31,16
2003-12-27 06:00:00,6,1464.9,1674.0,36.07,35.34,0.0,0.73,24.72,24.37,0.0,0.35,32,16
2003-12-27 07:00:00,7,1666.7,1768.0,40.85,40.02,-0.01,0.84,21.57,21.25,0.0,0.32,32,16
2003-12-27 08:00:00,8,1807.4,1893.0,42.62,41.74,-0.01,0.89,28.06,27.62,0.0,0.44,32,16
2003-12-27 09:00:00,9,1860.8,1995.0,43.54,42.63,0.0,0.91,35.32,34.79,0.0,0.53,34,17
2003-12-27 10:00:00,10,1863.2,2035.0,43.91,42.99,0.0,0.92,40.48,39.86,0.0,0.62,39,17
2003-12-27 11:00:00,11,1829.6,2025.0,42.62,41.74,0.0,0.88,37.41,36.89,0.0,0.52,41,15
2003-12-27 12:00:00,12,1759.2,1984.0,42.32,41.45,0.0,0.87,38.32,37.74,0.0,0.58,43,14
2003-12-27 13:00:00,13,1822.5,1937.0,40.85,40.01,0.0,0.84,22.75,22.42,0.0,0.33,44,13
2003-12-27 14:00:00,14,1737.8,1890.0,40.71,39.87,0.0,0.84,18.22,17.97,0.0,0.25,45,13
2003-12-27 15:00:00,15,1748.5,1896.0,40.79,39.95,-0.01,0.85,22.42,22.09,0.0,0.33,44,11
2003-12-27 16:00:00,16,2134.6,2057.0,56.74,55.54,0.01,1.19,47.15,46.47,0.0,0.68,43,11
2003-12-27 17:00:00,17,1875.9,2262.0,61.0,59.75,-0.03,1.28,55.79,55.04,0.0,0.75,40,12
2003-12-27 18:00:00,18,1898.4,2251.0,57.63,56.47,-0.04,1.2,44.86,44.22,0.0,0.64,38,12
2003-12-27 19:00:00,19,1902.4,2219.0,51.46,50.41,-0.01,1.06,43.14,42.53,0.0,0.61,37,12
2003-12-27 20:00:00,20,1874.3,2166.0,45.32,44.4,-0.01,0.93,43.21,42.56,0.0,0.65,36,12
2003-12-27 21:00:00,21,1828.3,2080.0,42.0,41.15,0.0,0.85,42.41,41.75,0.0,0.66,34,12
2003-12-27 22:00:00,22,1619.2,1942.0,40.7,39.89,0.0,0.81,36.27,35.71,0.0,0.56,35,9
2003-12-27 23:00:00,23,1432.8,1781.0,35.58,34.87,0.0,0.71,32.26,31.81,0.0,0.45,33,10
2003-12-28 00:00:00,0,1369.8,1651.0,32.93,32.3,-0.01,0.64,33.82,33.31,0.0,0.51,31,11
2003-12-28 01:00:00,1,1727.1,1582.0,28.81,28.23,0.0,0.58,38.0,37.42,0.0,0.58,38,2
2003-12-28 02:00:00,2,1749.0,1555.0,24.45,23.96,0.0,0.49,35.43,34.88,0.0,0.55,38,2
2003-12-28 03:00:00,3,1798.5,1541.0,24.14,23.66,0.0,0.48,34.24,33.7,0.0,0.54,37,0
2003-12-28 04:00:00,4,1818.0,1553.0,24.0,23.52,0.0,0.48,23.61,23.24,0.0,0.37,32,3
2003-12-28 05:00:00,5,1763.9,1590.0,26.28,25.75,0.0,0.53,23.85,23.44,0.0,0.41,32,5
2003-12-28 06:00:00,6,1167.4,1660.0,32.93,32.28,0.0,0.65,25.44,25.06,0.0,0.38,29,8
2003-12-28 07:00:00,7,1195.0,1731.0,35.69,34.98,0.0,0.71,25.88,25.51,0.0,0.37,30,7
2003-12-28 08:00:00,8,1165.8,1837.0,40.76,39.94,0.0,0.82,39.37,38.78,0.0,0.59,29,11
2003-12-28 09:00:00,9,1544.6,1924.0,41.92,41.07,0.0,0.85,40.7,40.06,0.0,0.64,36,7
2003-12-28 10:00:00,10,1497.7,1967.0,41.98,41.14,-0.01,0.85,40.38,39.74,0.0,0.64,39,6
2003-12-28 11:00:00,11,1605.9,1974.0,40.68,39.86,0.0,0.82,39.41,38.79,0.0,0.62,43,6
2003-12-28 12:00:00,12,1489.1,1951.0,39.8,39.01,-0.01,0.8,37.67,37.08,0.0,0.59,48,5
2003-12-28 13:00:00,13,1554.2,1906.0,38.57,37.81,-0.01,0.77,35.22,34.69,0.0,0.53,48,7
2003-12-28 14:00:00,14,1589.8,1868.0,38.57,37.8,0.0,0.77,35.76,35.25,0.0,0.51,49,7
2003-12-28 15:00:00,15,1517.4,1882.0,39.34,38.55,0.0,0.79,38.52,37.97,0.0,0.55,49,1
2003-12-28 16:00:00,16,1560.8,2073.0,54.56,53.45,0.01,1.1,62.51,61.56,0.0,0.95,47,7
2003-12-28 17:00:00,17,1758.0,2283.0,64.26,63.0,-0.04,1.3,59.4,58.52,0.0,0.88,45,6
2003-12-28 18:00:00,18,1461.2,2292.0,57.49,56.38,-0.04,1.15,65.2,64.18,0.0,1.02,43,5
2003-12-28 19:00:00,19,1402.3,2257.0,52.5,51.46,0.0,1.04,61.3,60.3,0.0,1.0,43,7
2003-12-28 20:00:00,20,1660.3,2196.0,47.31,46.4,-0.02,0.93,52.59,51.67,0.0,0.92,42,8
2003-12-28 21:00:00,21,1608.8,2074.0,42.54,41.71,0.0,0.83,44.2,43.46,0.0,0.74,41,8
2003-12-28 22:00:00,22,1151.2,1921.0,38.67,37.92,0.0,0.75,39.0,38.44,0.0,0.56,41,7
2003-12-28 23:00:00,23,1213.7,1758.0,34.81,34.14,0.0,0.67,37.69,37.21,0.0,0.48,42,8
2003-12-29 00:00:00,0,1376.7,1639.0,33.94,33.29,0.0,0.65,38.89,38.41,0.0,0.48,40,12
2003-12-29 01:00:00,1,1783.4,1574.0,32.52,31.88,0.0,0.64,35.98,35.48,0.0,0.5,41,8
2003-12-29 02:00:00,2,1763.8,1555.0,28.16,27.61,0.0,0.55,37.55,37.04,0.0,0.51,41,11
2003-12-29 03:00:00,3,1761.5,1556.0,28.16,27.61,0.0,0.55,36.45,35.98,0.0,0.47,40,14
2003-12-29 04:00:00,4,1764.6,1595.0,31.91,31.28,0.0,0.63,33.61,33.17,0.0,0.44,40,15
2003-12-29 05:00:00,5,1273.0,1728.0,38.19,37.44,0.0,0.75,38.07,37.54,0.0,0.53,39,16
2003-12-29 06:00:00,6,1599.9,1959.0,42.0,41.19,0.0,0.81,38.06,37.5,0.0,0.56,38,17
2003-12-29 07:00:00,7,1603.0,2129.0,43.25,42.42,0.0,0.83,42.79,42.16,0.0,0.63,37,18
2003-12-29 08:00:00,8,1580.6,2226.0,48.27,47.32,0.0,0.95,48.79,48.0,0.0,0.79,37,18
2003-12-29 09:00:00,9,1646.4,2264.0,48.93,47.96,0.0,0.97,48.29,47.5,0.0,0.79,41,20
2003-12-29 10:00:00,10,1673.9,2282.0,48.97,47.99,0.01,0.97,48.36,47.57,0.0,0.79,43,20
2003-12-29 11:00:00,11,1651.4,2280.0,46.05,45.14,0.0,0.91,48.66,47.8,0.0,0.86,46,21
2003-12-29 12:00:00,12,1703.7,2241.0,44.81,43.93,0.0,0.88,43.84,43.13,0.0,0.71,48,23
2003-12-29 13:00:00,13,1680.3,2205.0,43.9,43.04,0.0,0.86,42.22,41.56,0.0,0.66,51,24
2003-12-29 14:00:00,14,1641.4,2163.0,43.38,42.54,-0.01,0.85,41.44,40.82,0.0,0.62,53,24
2003-12-29 15:00:00,15,1651.5,2145.0,44.81,43.93,0.0,0.88,40.79,40.17,0.0,0.62,53,26
2003-12-29 16:00:00,16,1667.3,2297.0,53.0,51.96,-0.01,1.05,58.68,57.7,0.0,0.98,52,26
2003-12-29 17:00:00,17,1740.2,2494.0,67.67,66.34,0.0,1.33,90.67,89.07,0.0,1.6,50,26
2003-12-29 18:00:00,18,1484.2,2476.0,59.49,58.33,0.0,1.16,86.43,84.9,0.0,1.53,47,26
2003-12-29 19:00:00,19,1677.7,2414.0,53.31,52.28,0.0,1.03,59.56,58.52,0.0,1.04,44,27
2003-12-29 20:00:00,20,1585.8,2324.0,50.53,49.56,0.0,0.97,48.88,48.02,0.0,0.86,42,28
2003-12-29 21:00:00,21,1668.5,2182.0,43.46,42.64,0.0,0.82,44.24,43.48,0.0,0.76,42,28
2003-12-29 22:00:00,22,1338.9,1987.0,40.6,39.83,0.01,0.76,29.17,28.7,0.0,0.47,41,28
2003-12-29 23:00:00,23,1275.9,1790.0,35.72,35.04,0.01,0.67,27.06,26.68,0.0,0.38,41,29
2003-12-30 00:00:00,0,1884.9,1652.0,37.53,36.83,-0.01,0.71,35.13,34.61,0.0,0.52,42,30
2003-12-30 01:00:00,1,2230.6,1583.0,36.72,36.01,0.0,0.71,36.94,36.33,0.0,0.61,42,30
2003-12-30 02:00:00,2,2296.1,1550.0,33.95,33.29,0.01,0.65,38.3,37.65,0.0,0.65,42,30
2003-12-30 03:00:00,3,2294.1,1541.0,32.77,32.14,0.0,0.63,37.65,37.0,0.0,0.65,41,31
2003-12-30 04:00:00,4,2264.0,1567.0,35.45,34.76,0.0,0.69,35.89,35.26,0.0,0.63,40,32
2003-12-30 05:00:00,5,2012.5,1692.0,40.89,40.1,0.01,0.78,32.19,31.56,0.0,0.63,38,33
2003-12-30 06:00:00,6,1712.8,1902.0,41.29,40.53,-0.01,0.77,39.54,38.76,0.0,0.78,39,37
2003-12-30 07:00:00,7,1701.2,2082.0,43.93,43.11,0.0,0.82,35.51,34.93,0.0,0.58,42,39
2003-12-30 08:00:00,8,1822.3,2192.0,45.88,45.01,0.0,0.87,41.27,40.69,0.0,0.58,43,41
2003-12-30 09:00:00,9,1839.9,2264.0,46.37,45.48,0.0,0.89,44.23,43.6,0.0,0.63,46,43
2003-12-30 10:00:00,10,1870.4,2312.0,46.67,45.77,0.01,0.89,44.93,44.29,0.0,0.64,47,44
2003-12-30 11:00:00,11,1836.5,2317.0,46.37,45.49,0.0,0.88,45.88,45.24,0.0,0.64,47,45
2003-12-30 12:00:00,12,1800.3,2279.0,45.39,44.53,0.0,0.86,44.52,43.9,0.0,0.62,46,43
2003-12-30 13:00:00,13,1785.8,2266.0,44.51,43.67,0.0,0.84,43.58,42.96,0.0,0.62,48,42
2003-12-30 14:00:00,14,1766.1,2238.0,43.44,42.62,0.0,0.82,40.18,39.61,0.0,0.57,46,39
2003-12-30 15:00:00,15,1762.3,2216.0,45.38,44.53,-0.01,0.86,41.14,40.61,0.0,0.53,42,29
2003-12-30 16:00:00,16,1957.7,2376.0,52.86,51.87,-0.02,1.01,46.22,45.6,0.0,0.62,40,23
2003-12-30 17:00:00,17,1934.8,2533.0,65.33,64.1,-0.01,1.24,73.45,72.36,0.0,1.09,40,24
2003-12-30 18:00:00,18,1901.1,2502.0,57.41,56.33,0.0,1.08,53.47,52.7,0.0,0.77,39,22
2003-12-30 19:00:00,19,1938.6,2436.0,54.67,53.65,0.0,1.02,52.7,51.85,0.0,0.85,37,22
2003-12-30 20:00:00,20,2020.0,2355.0,49.56,48.64,0.0,0.92,53.41,52.54,0.0,0.87,36,23
2003-12-30 21:00:00,21,1731.2,2207.0,44.46,43.65,-0.01,0.82,45.35,44.67,0.0,0.68,37,23
2003-12-30 22:00:00,22,1401.5,2014.0,41.58,40.82,0.0,0.76,35.5,34.97,0.0,0.53,37,24
2003-12-30 23:00:00,23,1618.3,1813.0,39.08,38.37,0.0,0.71,35.06,34.6,0.0,0.46,37,24
2003-12-31 00:00:00,0,1133.4,1669.0,33.17,32.58,0.0,0.59,29.74,29.35,0.0,0.39,37,24
2003-12-31 01:00:00,1,1539.4,1591.0,32.74,32.16,0.0,0.58,35.27,34.75,0.0,0.52,36,23
2003-12-31 02:00:00,2,1699.7,1551.0,31.16,30.59,0.0,0.57,37.83,37.24,0.0,0.59,36,24
2003-12-31 03:00:00,3,1691.9,1541.0,30.26,29.71,0.0,0.55,28.09,27.65,0.0,0.44,36,24
2003-12-31 04:00:00,4,1630.0,1569.0,32.74,32.14,0.0,0.6,37.13,36.53,0.0,0.6,35,23
2003-12-31 05:00:00,5,1510.1,1689.0,37.96,37.27,0.0,0.69,41.25,40.57,0.0,0.68,34,23
2003-12-31 06:00:00,6,1590.3,1883.0,40.98,40.24,0.0,0.74,45.47,44.84,0.0,0.63,33,22
2003-12-31 07:00:00,7,1417.0,2040.0,43.0,42.22,0.0,0.78,53.84,53.1,0.0,0.74,32,22
2003-12-31 08:00:00,8,1490.0,2143.0,45.35,44.51,0.0,0.84,49.05,48.42,0.0,0.63,31,22
2003-12-31 09:00:00,9,1500.0,2205.0,46.63,45.76,0.0,0.87,59.18,58.31,0.0,0.87,34,23
2003-12-31 10:00:00,10,1512.4,2241.0,47.18,46.29,0.0,0.89,70.59,69.54,0.0,1.05,35,24
2003-12-31 11:00:00,11,1495.9,2239.0,46.31,45.45,0.0,0.86,51.72,50.93,0.0,0.79,36,24
2003-12-31 12:00:00,12,1451.5,2182.0,45.54,44.69,0.0,0.85,48.55,47.89,0.0,0.66,38,23
2003-12-31 13:00:00,13,1360.1,2121.0,44.61,43.79,0.0,0.82,45.02,44.42,0.0,0.6,40,22
2003-12-31 14:00:00,14,1384.6,2057.0,43.0,42.21,0.0,0.79,41.88,41.37,0.0,0.51,42,21
2003-12-31 15:00:00,15,1208.9,2032.0,45.54,44.69,0.0,0.85,41.28,40.85,0.0,0.43,42,22
2003-12-31 16:00:00,16,1531.1,2158.0,55.33,54.3,0.0,1.03,54.17,53.63,0.0,0.54,40,23
2003-12-31 17:00:00,17,1482.6,2337.0,75.4,73.99,0.0,1.41,75.88,75.14,0.0,0.74,37,23
2003-12-31 18:00:00,18,1476.2,2283.0,74.0,72.64,0.0,1.36,53.3,52.75,0.0,0.55,37,23
2003-12-31 19:00:00,19,1509.1,2168.0,59.11,58.03,0.0,1.08,45.59,45.15,0.0,0.44,36,24
2003-12-31 20:00:00,20,1551.2,2062.0,52.86,51.9,0.0,0.96,43.1,42.65,0.0,0.45,36,23
2003-12-31 21:00:00,21,1357.1,1953.0,44.96,44.15,0.0,0.81,34.78,34.4,0.0,0.38,37,24
2003-12-31 22:00:00,22,1112.9,1846.0,41.61,40.87,0.0,0.74,42.7,42.2,0.0,0.5,38,23
2003-12-31 23:00:00,23,1306.1,1736.0,37.36,36.69,0.0,0.67,43.68,43.21,0.0,0.47,37,23
