DATE,HOUR,DA_DEMD,DEMAND,DA_LMP,DA_EC,DA_CC,DA_MLC,RT_LMP,RT_EC,RT_CC,RT_MLC,DRYBULB,DEWPNT
2012-01-01 00:00:00,0,976.0,1067.0,34.75,35.22,0.0,-0.47,54.6,55.78,0.0,-1.18,34,34
2012-01-01 01:00:00,1,933.9,1005.0,32.94,33.39,0.0,-0.45,38.41,39.01,0.0,-0.6,37,35
2012-01-01 02:00:00,2,912.8,959.0,29.99,30.3,0.0,-0.31,37.74,38.29,0.0,-0.55,30,29
2012-01-01 03:00:00,3,858.7,935.0,28.54,28.88,0.0,-0.34,33.28,33.77,0.0,-0.49,36,34
2012-01-01 04:00:00,4,860.9,935.0,19.96,20.21,0.0,-0.25,21.86,22.14,0.0,-0.28,37,35
2012-01-01 05:00:00,5,862.1,957.0,20.0,20.24,0.0,-0.24,36.6,37.08,0.0,-0.48,36,35
2012-01-01 06:00:00,6,861.4,993.0,30.24,30.7,0.0,-0.46,39.27,39.92,0.0,-0.65,31,30
2012-01-01 07:00:00,7,974.2,1045.0,33.81,34.33,0.0,-0.52,25.26,25.71,0.0,-0.45,29,28
2012-01-01 08:00:00,8,1095.7,1126.0,36.97,37.57,0.0,-0.6,34.68,35.36,0.0,-0.68,26,26
2012-01-01 09:00:00,9,1259.6,1203.0,37.73,38.45,0.0,-0.72,49.55,50.77,0.0,-1.22,35,34
2012-01-01 10:00:00,10,1304.6,1239.0,40.49,41.22,0.0,-0.73,37.06,37.88,0.0,-0.82,39,37
2012-01-01 11:00:00,11,1296.0,1248.0,41.28,42.04,0.0,-0.76,31.81,32.44,0.0,-0.63,44,39
2012-01-01 12:00:00,12,1290.7,1259.0,39.69,40.29,0.0,-0.6,32.72,33.26,0.0,-0.54,47,37
2012-01-01 13:00:00,13,1267.1,1242.0,37.19,37.76,0.0,-0.57,22.71,23.1,0.0,-0.39,46,34
2012-01-01 14:00:00,14,1252.5,1227.0,35.99,36.52,0.0,-0.53,21.09,21.48,0.0,-0.39,47,37
2012-01-01 15:00:00,15,1272.6,1236.0,37.98,38.63,0.0,-0.65,24.62,25.04,0.0,-0.42,46,36
2012-01-01 16:00:00,16,1422.4,1373.0,48.96,49.78,0.0,-0.82,40.68,41.49,0.0,-0.81,45,36
2012-01-01 17:00:00,17,1508.8,1482.0,65.11,66.82,-0.56,-1.15,48.37,49.49,0.0,-1.12,43,36
2012-01-01 18:00:00,18,1482.9,1463.0,56.32,57.92,-0.61,-0.99,52.95,54.23,0.0,-1.28,42,35
2012-01-01 19:00:00,19,1434.5,1402.0,46.04,46.85,0.0,-0.81,49.21,50.44,0.0,-1.23,40,35
2012-01-01 20:00:00,20,1367.7,1334.0,44.47,45.3,0.0,-0.83,43.03,44.16,0.0,-1.13,42,36
2012-01-01 21:00:00,21,1253.7,1242.0,37.72,38.51,0.0,-0.79,36.97,37.89,0.0,-0.92,42,37
2012-01-01 22:00:00,22,1151.2,1132.0,37.2,38.05,0.0,-0.85,36.52,37.45,0.0,-0.93,42,39
2012-01-01 23:00:00,23,1016.5,1033.0,37.47,38.19,0.0,-0.72,29.53,30.22,0.0,-0.69,41,40
2012-01-02 00:00:00,0,873.4,951.0,29.51,30.24,0.0,-0.73,25.06,25.68,0.0,-0.62,41,41
2012-01-02 01:00:00,1,846.6,903.0,30.02,30.8,0.0,-0.78,2.48,2.54,0.0,-0.06,42,41
2012-01-02 02:00:00,2,842.5,880.0,23.31,23.86,0.0,-0.55,0.0,0.0,0.0,0.0,42,42
2012-01-02 03:00:00,3,848.1,874.0,19.88,20.34,0.0,-0.46,0.0,0.0,0.0,0.0,42,42
2012-01-02 04:00:00,4,888.2,899.0,19.9,20.34,0.0,-0.44,0.0,0.0,0.0,0.0,41,36
2012-01-02 05:00:00,5,944.0,960.0,30.19,30.89,0.0,-0.7,0.0,0.0,0.0,0.0,39,35
2012-01-02 06:00:00,6,1084.7,1062.0,30.32,31.0,0.0,-0.68,0.0,0.0,0.0,0.0,37,30
2012-01-02 07:00:00,7,1174.9,1129.0,34.66,35.45,0.0,-0.79,0.0,0.0,0.0,0.0,35,29
2012-01-02 08:00:00,8,1253.2,1234.0,40.56,41.49,0.0,-0.93,0.0,0.0,0.0,0.0,35,29
2012-01-02 09:00:00,9,1313.7,1325.0,48.84,49.85,0.0,-1.01,35.87,36.62,0.0,-0.75,36,26
2012-01-02 10:00:00,10,1345.9,1381.0,43.7,44.52,0.0,-0.82,39.62,40.44,0.0,-0.82,37,24
2012-01-02 11:00:00,11,1339.6,1399.0,47.26,48.05,0.0,-0.79,39.32,40.09,0.0,-0.77,40,23
2012-01-02 12:00:00,12,1336.4,1386.0,43.67,44.38,0.0,-0.71,39.18,39.91,0.0,-0.73,38,19
2012-01-02 13:00:00,13,1317.7,1373.0,42.22,42.87,0.0,-0.65,37.31,38.09,0.0,-0.78,40,19
2012-01-02 14:00:00,14,1315.4,1362.0,38.1,38.67,0.0,-0.57,34.04,34.69,0.0,-0.65,39,19
2012-01-02 15:00:00,15,1345.6,1394.0,38.39,38.96,0.0,-0.57,34.11,34.67,0.0,-0.56,38,18
2012-01-02 16:00:00,16,1504.5,1529.0,66.09,66.92,0.0,-0.83,55.83,56.88,0.0,-1.05,37,18
2012-01-02 17:00:00,17,1607.2,1669.0,84.59,85.73,0.0,-1.14,204.26,208.66,0.0,-4.4,35,18
2012-01-02 18:00:00,18,1585.6,1655.0,81.06,82.36,0.0,-1.3,47.91,48.77,0.0,-0.86,33,17
2012-01-02 19:00:00,19,1546.6,1600.0,77.09,78.3,0.0,-1.21,56.24,57.27,0.0,-1.03,32,16
2012-01-02 20:00:00,20,1465.8,1520.0,57.82,58.68,0.0,-0.86,40.22,40.94,0.0,-0.72,32,15
2012-01-02 21:00:00,21,1356.9,1399.0,45.71,46.51,0.0,-0.8,25.23,25.66,0.0,-0.43,32,15
2012-01-02 22:00:00,22,1223.9,1259.0,45.34,46.4,0.0,-1.06,27.98,28.52,0.0,-0.54,30,16
2012-01-02 23:00:00,23,1099.3,1151.0,39.28,40.14,0.0,-0.86,27.86,28.46,0.0,-0.6,30,16
2012-01-03 00:00:00,0,1021.0,1077.0,36.16,37.17,0.0,-1.01,36.88,37.77,0.0,-0.89,29,14
2012-01-03 01:00:00,1,975.2,1043.0,35.3,36.12,0.0,-0.82,15.42,15.78,0.0,-0.36,29,9
2012-01-03 02:00:00,2,973.9,1026.0,30.29,30.88,0.0,-0.59,2.59,2.65,0.0,-0.06,27,10
2012-01-03 03:00:00,3,969.4,1031.0,30.21,30.75,0.0,-0.54,0.0,0.0,0.0,0.0,27,8
2012-01-03 04:00:00,4,1001.1,1083.0,33.88,34.53,0.0,-0.65,0.0,0.0,0.0,0.0,24,9
2012-01-03 05:00:00,5,1107.0,1208.0,47.13,48.05,0.0,-0.92,0.0,0.0,0.0,0.0,24,7
2012-01-03 06:00:00,6,1317.9,1428.0,80.35,81.36,0.0,-1.01,41.22,41.87,0.0,-0.65,22,7
2012-01-03 07:00:00,7,1414.0,1532.0,80.18,80.75,0.0,-0.57,40.91,41.5,0.0,-0.59,20,11
2012-01-03 08:00:00,8,1448.8,1544.0,74.65,75.06,0.0,-0.41,31.52,31.91,0.0,-0.39,20,10
2012-01-03 09:00:00,9,1481.6,1567.0,74.6,75.42,0.0,-0.82,35.57,35.96,0.0,-0.39,21,7
2012-01-03 10:00:00,10,1504.2,1593.0,75.11,75.72,0.0,-0.61,36.03,36.32,0.0,-0.29,20,5
2012-01-03 11:00:00,11,1497.6,1598.0,74.4,74.98,0.0,-0.58,37.67,37.93,0.0,-0.26,21,3
2012-01-03 12:00:00,12,1476.7,1591.0,71.24,71.71,0.0,-0.47,37.08,37.35,0.0,-0.27,21,2
2012-01-03 13:00:00,13,1464.2,1581.0,69.02,69.49,0.0,-0.47,36.1,36.4,0.0,-0.3,21,1
2012-01-03 14:00:00,14,1453.0,1571.0,59.66,60.09,0.0,-0.43,34.51,34.74,0.0,-0.23,20,0
2012-01-03 15:00:00,15,1473.2,1597.0,63.98,64.44,0.0,-0.46,38.5,38.78,0.0,-0.28,20,0
2012-01-03 16:00:00,16,1662.1,1730.0,86.25,86.61,0.0,-0.36,68.5,69.16,0.0,-0.66,18,-1
2012-01-03 17:00:00,17,1719.7,1862.0,122.02,123.39,0.0,-1.37,145.3,147.28,0.0,-1.98,15,-2
2012-01-03 18:00:00,18,1718.4,1864.0,107.14,108.3,0.0,-1.16,106.18,107.49,0.0,-1.31,13,-4
2012-01-03 19:00:00,19,1645.3,1821.0,92.64,93.35,0.0,-0.71,74.4,75.06,0.0,-0.66,11,-6
2012-01-03 20:00:00,20,1571.3,1744.0,82.18,82.84,0.0,-0.66,72.37,73.02,0.0,-0.65,10,-5
2012-01-03 21:00:00,21,1459.4,1623.0,74.32,74.93,0.0,-0.61,59.23,59.81,0.0,-0.58,9,-4
2012-01-03 22:00:00,22,1317.2,1471.0,73.42,74.58,0.0,-1.16,46.86,47.55,0.0,-0.69,8,-4
2012-01-03 23:00:00,23,1192.3,1353.0,72.71,74.33,0.0,-1.62,45.19,46.02,0.0,-0.83,7,-4
2012-01-04 00:00:00,0,1169.0,1273.0,59.5,60.68,0.0,-1.18,42.54,43.41,0.0,-0.87,5,-4
2012-01-04 01:00:00,1,1135.2,1234.0,48.26,49.27,0.0,-1.01,48.48,49.64,0.0,-1.16,5,-5
2012-01-04 02:00:00,2,1115.1,1221.0,45.95,46.91,0.0,-0.96,46.77,47.84,0.0,-1.07,4,-5
2012-01-04 03:00:00,3,1116.1,1226.0,46.15,47.05,0.0,-0.9,47.45,48.48,0.0,-1.03,4,-6
2012-01-04 04:00:00,4,1149.6,1258.0,54.69,55.67,0.0,-0.98,57.65,58.79,0.0,-1.14,4,-6
2012-01-04 05:00:00,5,1261.4,1380.0,59.87,60.73,0.0,-0.86,55.74,56.36,0.0,-0.62,3,-6
2012-01-04 06:00:00,6,1425.6,1593.0,79.93,80.21,0.0,-0.28,72.6,73.12,0.0,-0.52,4,-6
2012-01-04 07:00:00,7,1517.2,1693.0,103.85,104.93,0.0,-1.08,97.94,99.24,0.0,-1.3,4,-6
2012-01-04 08:00:00,8,1552.5,1695.0,88.91,89.62,0.0,-0.71,129.04,130.74,0.0,-1.7,5,-5
2012-01-04 09:00:00,9,1569.2,1697.0,82.71,83.16,0.0,-0.45,87.15,87.96,0.0,-0.81,8,-5
2012-01-04 10:00:00,10,1588.7,1690.0,78.52,78.81,0.0,-0.29,76.55,77.18,0.0,-0.63,11,-4
2012-01-04 11:00:00,11,1537.7,1687.0,72.88,73.08,0.0,-0.2,60.81,61.26,0.0,-0.45,14,-3
2012-01-04 12:00:00,12,1512.1,1664.0,60.87,61.09,0.0,-0.22,47.58,47.92,0.0,-0.34,16,-3
2012-01-04 13:00:00,13,1500.0,1642.0,60.75,61.04,0.0,-0.29,37.69,37.9,0.0,-0.21,18,-3
2012-01-04 14:00:00,14,1484.3,1634.0,60.88,61.21,0.0,-0.33,32.82,32.99,0.0,-0.17,20,-3
2012-01-04 15:00:00,15,1504.5,1652.0,61.33,61.44,0.0,-0.11,37.71,37.88,0.0,-0.17,20,-3
2012-01-04 16:00:00,16,1612.8,1767.0,72.06,72.02,0.0,0.04,57.52,57.91,0.0,-0.39,21,-2
2012-01-04 17:00:00,17,1692.4,1859.0,114.05,114.59,0.0,-0.54,79.78,80.53,0.0,-0.75,21,1
2012-01-04 18:00:00,18,1632.2,1849.0,88.98,89.28,0.0,-0.3,57.14,57.44,0.0,-0.3,21,2
2012-01-04 19:00:00,19,1630.4,1798.0,80.77,80.88,0.0,-0.11,40.44,40.56,0.0,-0.12,21,3
2012-01-04 20:00:00,20,1556.3,1719.0,77.17,77.08,0.0,0.09,48.4,48.6,0.0,-0.2,21,3
2012-01-04 21:00:00,21,1467.5,1583.0,70.01,70.31,0.0,-0.3,45.24,45.62,0.0,-0.38,21,4
2012-01-04 22:00:00,22,1313.5,1427.0,53.11,53.71,0.0,-0.6,42.22,42.63,0.0,-0.41,22,3
2012-01-04 23:00:00,23,1185.8,1291.0,38.17,38.79,0.0,-0.62,33.48,33.87,0.0,-0.39,23,3
2012-01-05 00:00:00,0,1090.2,1209.0,38.09,39.0,0.0,-0.91,38.14,38.67,0.0,-0.53,23,2
2012-01-05 01:00:00,1,1048.8,1162.0,38.74,39.66,0.0,-0.92,37.09,37.66,0.0,-0.57,23,4
2012-01-05 02:00:00,2,1024.1,1141.0,38.85,39.78,0.0,-0.93,34.96,35.45,0.0,-0.49,22,5
2012-01-05 03:00:00,3,1026.9,1145.0,38.79,39.77,0.0,-0.98,34.83,35.33,0.0,-0.5,21,6
2012-01-05 04:00:00,4,1071.0,1180.0,38.75,39.61,0.0,-0.86,35.49,36.04,0.0,-0.55,20,9
2012-01-05 05:00:00,5,1226.1,1299.0,38.94,39.61,0.0,-0.67,26.59,26.96,0.0,-0.37,20,9
2012-01-05 06:00:00,6,1430.4,1504.0,44.24,44.96,0.0,-0.72,40.57,40.91,0.0,-0.34,21,9
2012-01-05 07:00:00,7,1504.6,1602.0,56.2,57.32,0.0,-1.12,47.6,48.07,0.0,-0.47,22,11
2012-01-05 08:00:00,8,1486.0,1605.0,50.08,51.05,0.0,-0.97,37.16,37.3,0.0,-0.14,22,11
2012-01-05 09:00:00,9,1476.6,1619.0,46.36,47.28,0.0,-0.92,38.24,38.38,0.0,-0.14,24,13
2012-01-05 10:00:00,10,1477.2,1617.0,41.68,42.24,0.0,-0.56,38.72,39.0,0.0,-0.28,27,15
2012-01-05 11:00:00,11,1431.4,1606.0,39.64,40.17,0.0,-0.53,39.05,39.31,0.0,-0.26,30,17
2012-01-05 12:00:00,12,1395.6,1582.0,38.17,38.63,0.0,-0.46,39.32,39.61,0.0,-0.29,32,15
2012-01-05 13:00:00,13,1381.6,1570.0,37.86,38.22,0.0,-0.36,37.72,37.95,0.0,-0.23,33,19
2012-01-05 14:00:00,14,1356.0,1551.0,37.57,37.96,0.0,-0.39,36.2,36.42,0.0,-0.22,34,20
2012-01-05 15:00:00,15,1370.3,1569.0,37.79,38.17,0.0,-0.38,33.78,34.01,0.0,-0.23,34,20
2012-01-05 16:00:00,16,1516.1,1678.0,44.84,45.43,0.0,-0.59,37.55,37.77,0.0,-0.22,33,18
2012-01-05 17:00:00,17,1619.8,1783.0,72.37,73.62,0.0,-1.25,39.0,39.35,0.0,-0.35,31,22
2012-01-05 18:00:00,18,1569.7,1781.0,51.31,52.67,-0.62,-0.74,39.04,39.48,0.0,-0.44,28,19
2012-01-05 19:00:00,19,1551.1,1733.0,49.9,50.7,0.0,-0.8,42.26,42.83,0.0,-0.57,28,17
2012-01-05 20:00:00,20,1512.2,1657.0,43.54,44.15,0.0,-0.61,39.8,40.34,0.0,-0.54,27,16
2012-01-05 21:00:00,21,1405.0,1533.0,43.03,43.48,0.0,-0.45,33.63,33.97,0.0,-0.34,26,12
2012-01-05 22:00:00,22,1265.3,1387.0,40.74,41.19,0.0,-0.45,35.82,36.23,0.0,-0.41,24,11
2012-01-05 23:00:00,23,1141.9,1268.0,41.12,41.72,0.0,-0.6,42.77,43.46,0.0,-0.69,21,10
2012-01-06 00:00:00,0,1062.9,1188.0,32.24,32.66,0.0,-0.42,29.62,30.04,0.0,-0.42,17,9
2012-01-06 01:00:00,1,1021.8,1148.0,32.26,32.71,0.0,-0.45,29.08,29.44,0.0,-0.36,15,11
2012-01-06 02:00:00,2,997.7,1128.0,30.48,30.86,0.0,-0.38,30.46,30.78,0.0,-0.32,17,13
2012-01-06 03:00:00,3,995.9,1128.0,30.42,30.81,0.0,-0.39,29.9,30.21,0.0,-0.31,21,15
2012-01-06 04:00:00,4,1037.5,1161.0,30.59,30.95,0.0,-0.36,29.27,29.58,0.0,-0.31,20,16
2012-01-06 05:00:00,5,1135.1,1281.0,32.79,33.13,0.0,-0.34,27.79,28.0,0.0,-0.21,20,16
2012-01-06 06:00:00,6,1329.4,1479.0,36.68,37.56,-0.46,-0.42,29.22,29.43,0.0,-0.21,22,15
2012-01-06 07:00:00,7,1417.8,1589.0,37.94,38.44,-0.01,-0.49,34.78,35.06,0.0,-0.28,22,18
2012-01-06 08:00:00,8,1421.3,1598.0,35.61,36.02,0.0,-0.41,32.05,32.29,0.0,-0.24,22,18
2012-01-06 09:00:00,9,1431.5,1608.0,35.44,35.81,0.0,-0.37,32.3,32.5,0.0,-0.2,24,18
2012-01-06 10:00:00,10,1441.3,1613.0,37.48,37.79,0.0,-0.31,34.96,35.17,0.0,-0.21,25,19
2012-01-06 11:00:00,11,1427.5,1589.0,34.08,34.32,0.0,-0.24,30.61,30.76,0.0,-0.15,27,20
2012-01-06 12:00:00,12,1384.1,1548.0,33.49,33.82,0.0,-0.33,28.87,29.01,0.0,-0.14,30,20
2012-01-06 13:00:00,13,1363.0,1522.0,32.63,32.96,0.0,-0.33,29.29,29.46,0.0,-0.17,31,21
2012-01-06 14:00:00,14,1338.1,1495.0,31.75,32.05,0.0,-0.3,28.41,28.59,0.0,-0.18,32,22
2012-01-06 15:00:00,15,1321.8,1504.0,32.02,32.33,0.0,-0.31,27.48,27.68,0.0,-0.2,33,22
2012-01-06 16:00:00,16,1459.6,1595.0,40.13,40.6,0.0,-0.47,31.06,31.33,0.0,-0.27,32,22
2012-01-06 17:00:00,17,1548.6,1682.0,53.63,54.41,-0.14,-0.64,31.84,32.14,0.0,-0.3,28,22
2012-01-06 18:00:00,18,1483.9,1658.0,40.68,41.78,-0.51,-0.59,30.65,30.97,0.0,-0.32,27,22
2012-01-06 19:00:00,19,1429.1,1604.0,35.42,35.91,0.0,-0.49,30.34,30.65,0.0,-0.31,28,23
2012-01-06 20:00:00,20,1369.4,1543.0,35.47,35.8,0.0,-0.33,29.18,29.43,0.0,-0.25,28,23
2012-01-06 21:00:00,21,1279.3,1449.0,32.85,33.04,0.0,-0.19,27.79,28.0,0.0,-0.21,27,22
2012-01-06 22:00:00,22,1174.6,1326.0,33.33,33.64,0.0,-0.31,24.7,24.98,0.0,-0.28,27,23
2012-01-06 23:00:00,23,1050.4,1200.0,33.41,33.73,0.0,-0.32,24.28,24.58,0.0,-0.3,27,22
2012-01-07 00:00:00,0,998.5,1111.0,30.59,31.22,0.0,-0.63,26.8,27.12,0.0,-0.32,26,22
2012-01-07 01:00:00,1,942.0,1059.0,30.32,30.87,0.0,-0.55,28.97,29.4,0.0,-0.43,25,22
2012-01-07 02:00:00,2,909.2,1027.0,30.0,30.53,0.0,-0.53,34.82,35.33,0.0,-0.51,24,22
2012-01-07 03:00:00,3,894.0,1016.0,27.28,27.73,0.0,-0.45,29.92,30.34,0.0,-0.42,24,22
2012-01-07 04:00:00,4,910.1,1029.0,27.11,27.59,0.0,-0.48,28.04,28.43,0.0,-0.39,26,23
2012-01-07 05:00:00,5,950.5,1069.0,27.73,28.16,0.0,-0.43,28.61,28.95,0.0,-0.34,25,23
2012-01-07 06:00:00,6,1025.8,1151.0,29.56,30.05,0.0,-0.49,28.7,29.04,0.0,-0.34,24,22
2012-01-07 07:00:00,7,1197.1,1241.0,29.9,30.58,0.0,-0.68,27.05,27.53,0.0,-0.48,24,22
2012-01-07 08:00:00,8,1234.4,1325.0,30.41,31.06,0.0,-0.65,25.57,26.03,0.0,-0.46,27,24
2012-01-07 09:00:00,9,1300.7,1391.0,30.79,31.36,0.0,-0.57,26.7,27.07,0.0,-0.37,30,24
2012-01-07 10:00:00,10,1319.5,1400.0,30.82,31.42,0.0,-0.6,26.51,26.89,0.0,-0.38,32,25
2012-01-07 11:00:00,11,1290.1,1378.0,30.73,31.38,0.0,-0.65,27.39,27.76,0.0,-0.37,36,26
2012-01-07 12:00:00,12,1271.9,1358.0,30.51,31.08,0.0,-0.57,27.53,27.83,0.0,-0.3,40,27
2012-01-07 13:00:00,13,1250.7,1338.0,29.68,30.25,0.0,-0.57,27.13,27.42,0.0,-0.29,44,27
2012-01-07 14:00:00,14,1234.6,1335.0,28.82,29.36,0.0,-0.54,26.62,26.91,0.0,-0.29,42,27
2012-01-07 15:00:00,15,1249.6,1369.0,29.37,29.91,0.0,-0.54,26.1,26.37,0.0,-0.27,40,27
2012-01-07 16:00:00,16,1361.5,1451.0,30.43,31.75,-0.86,-0.46,26.23,26.51,0.0,-0.28,40,27
2012-01-07 17:00:00,17,1551.2,1532.0,39.27,40.73,-0.82,-0.64,26.16,26.53,0.0,-0.37,36,27
2012-01-07 18:00:00,18,1469.8,1508.0,31.7,33.66,-1.33,-0.63,25.75,26.12,0.0,-0.37,31,26
2012-01-07 19:00:00,19,1410.2,1450.0,30.42,31.05,-0.07,-0.56,25.16,25.5,0.0,-0.34,30,26
2012-01-07 20:00:00,20,1347.0,1396.0,30.5,31.11,0.0,-0.61,26.31,26.73,0.0,-0.42,27,25
2012-01-07 21:00:00,21,1266.7,1303.0,31.25,32.01,0.0,-0.76,26.55,27.01,0.0,-0.46,26,24
2012-01-07 22:00:00,22,1163.4,1210.0,30.51,31.11,0.0,-0.6,26.59,26.95,0.0,-0.36,26,25
2012-01-07 23:00:00,23,1040.8,1108.0,30.41,30.98,0.0,-0.57,23.08,23.45,0.0,-0.37,39,28
2012-01-08 00:00:00,0,1012.5,1027.0,28.95,29.42,0.0,-0.47,26.03,26.4,0.0,-0.37,26,24
2012-01-08 01:00:00,1,967.0,981.0,27.23,27.66,0.0,-0.43,24.33,24.64,0.0,-0.31,24,23
2012-01-08 02:00:00,2,945.8,957.0,26.09,26.49,0.0,-0.4,24.57,24.87,0.0,-0.3,24,22
2012-01-08 03:00:00,3,926.6,948.0,27.07,27.5,0.0,-0.43,25.98,26.33,0.0,-0.35,25,23
2012-01-08 04:00:00,4,940.5,959.0,26.36,26.83,0.0,-0.47,26.64,27.0,0.0,-0.36,25,23
2012-01-08 05:00:00,5,951.2,992.0,26.97,27.46,0.0,-0.49,26.92,27.23,0.0,-0.31,27,23
2012-01-08 06:00:00,6,1022.6,1055.0,28.09,28.49,0.0,-0.4,27.12,27.36,0.0,-0.24,32,24
2012-01-08 07:00:00,7,1078.2,1129.0,28.47,28.82,0.0,-0.35,28.06,28.27,0.0,-0.21,26,22
2012-01-08 08:00:00,8,1201.2,1229.0,30.58,30.78,0.0,-0.2,21.25,21.4,0.0,-0.15,31,24
2012-01-08 09:00:00,9,1255.8,1319.0,30.7,30.95,0.0,-0.25,23.72,23.93,0.0,-0.21,37,25
2012-01-08 10:00:00,10,1292.2,1366.0,30.15,30.58,0.0,-0.43,24.95,25.32,0.0,-0.37,41,22
2012-01-08 11:00:00,11,1287.6,1389.0,29.93,30.48,0.0,-0.55,26.13,26.57,0.0,-0.44,39,20
2012-01-08 12:00:00,12,1292.6,1397.0,29.15,29.61,0.0,-0.46,27.02,27.39,0.0,-0.37,38,24
2012-01-08 13:00:00,13,1256.8,1388.0,27.74,28.17,0.0,-0.43,27.42,27.78,0.0,-0.36,36,23
2012-01-08 14:00:00,14,1240.2,1379.0,27.57,27.98,0.0,-0.41,27.5,27.85,0.0,-0.35,37,20
2012-01-08 15:00:00,15,1274.8,1404.0,28.69,29.12,0.0,-0.43,27.03,27.34,0.0,-0.31,36,17
2012-01-08 16:00:00,16,1407.5,1520.0,32.76,34.22,-0.91,-0.55,31.14,31.6,0.0,-0.46,36,17
2012-01-08 17:00:00,17,1501.3,1630.0,46.04,47.47,-0.65,-0.78,39.23,39.87,0.0,-0.64,35,16
2012-01-08 18:00:00,18,1511.0,1606.0,41.28,42.05,0.0,-0.77,37.6,38.31,0.0,-0.71,33,19
2012-01-08 19:00:00,19,1464.4,1552.0,36.18,36.8,0.0,-0.62,32.34,32.88,0.0,-0.54,29,18
2012-01-08 20:00:00,20,1400.9,1486.0,34.09,34.66,0.0,-0.57,34.63,35.22,0.0,-0.59,27,15
2012-01-08 21:00:00,21,1321.1,1384.0,30.67,31.13,0.0,-0.46,27.07,27.56,0.0,-0.49,26,14
2012-01-08 22:00:00,22,1207.6,1262.0,30.62,30.94,0.0,-0.32,26.39,26.83,0.0,-0.44,24,13
2012-01-08 23:00:00,23,1083.1,1161.0,29.11,29.48,0.0,-0.37,34.56,35.06,0.0,-0.5,23,13
2012-01-09 00:00:00,0,1004.8,1099.0,30.1,30.69,0.0,-0.59,29.11,29.56,0.0,-0.45,23,12
2012-01-09 01:00:00,1,992.1,1073.0,27.57,28.04,0.0,-0.47,26.35,26.78,0.0,-0.43,21,11
2012-01-09 02:00:00,2,979.4,1065.0,27.53,27.98,0.0,-0.45,28.39,28.79,0.0,-0.4,19,11
2012-01-09 03:00:00,3,986.3,1064.0,24.85,25.28,0.0,-0.43,26.78,27.18,0.0,-0.4,18,11
2012-01-09 04:00:00,4,1011.5,1115.0,30.13,30.58,0.0,-0.45,28.08,28.47,0.0,-0.39,18,11
2012-01-09 05:00:00,5,1119.8,1242.0,31.61,32.26,0.0,-0.65,27.31,27.73,0.0,-0.42,18,11
2012-01-09 06:00:00,6,1393.3,1458.0,36.53,37.02,0.0,-0.49,41.33,41.75,0.0,-0.42,19,12
2012-01-09 07:00:00,7,1397.7,1573.0,43.13,43.74,0.0,-0.61,45.94,46.44,0.0,-0.5,17,11
2012-01-09 08:00:00,8,1437.1,1581.0,38.2,38.85,0.0,-0.65,43.3,43.93,0.0,-0.63,15,11
2012-01-09 09:00:00,9,1451.7,1592.0,39.01,39.63,0.0,-0.62,38.71,39.29,0.0,-0.58,20,13
2012-01-09 10:00:00,10,1468.2,1603.0,40.11,40.62,0.0,-0.51,37.56,38.02,0.0,-0.46,23,14
2012-01-09 11:00:00,11,1467.0,1592.0,38.3,38.79,0.0,-0.49,35.92,36.33,0.0,-0.41,26,14
2012-01-09 12:00:00,12,1430.9,1567.0,35.78,36.27,0.0,-0.49,36.05,36.5,0.0,-0.45,29,15
2012-01-09 13:00:00,13,1411.9,1546.0,35.36,35.84,0.0,-0.48,29.26,29.61,0.0,-0.35,30,15
2012-01-09 14:00:00,14,1367.2,1516.0,35.19,35.72,0.0,-0.53,27.87,28.21,0.0,-0.34,34,15
2012-01-09 15:00:00,15,1377.6,1520.0,35.1,35.6,0.0,-0.5,27.48,27.73,0.0,-0.25,34,14
2012-01-09 16:00:00,16,1524.6,1623.0,40.33,40.89,0.0,-0.56,32.04,32.41,0.0,-0.37,33,14
2012-01-09 17:00:00,17,1608.1,1757.0,61.99,62.88,0.0,-0.89,55.11,55.8,0.0,-0.69,30,14
2012-01-09 18:00:00,18,1577.1,1752.0,50.5,51.27,0.0,-0.77,48.39,49.01,0.0,-0.62,29,14
2012-01-09 19:00:00,19,1549.8,1701.0,44.48,45.12,0.0,-0.64,46.07,46.75,0.0,-0.68,28,13
2012-01-09 20:00:00,20,1489.6,1619.0,39.1,39.75,0.0,-0.65,36.9,37.54,0.0,-0.64,25,14
2012-01-09 21:00:00,21,1355.6,1495.0,37.87,38.74,0.0,-0.87,26.5,26.96,0.0,-0.46,22,16
2012-01-09 22:00:00,22,1225.8,1347.0,34.05,34.81,0.0,-0.76,27.95,28.54,0.0,-0.59,25,15
2012-01-09 23:00:00,23,1124.4,1223.0,30.52,30.95,0.0,-0.43,26.45,26.96,0.0,-0.51,26,13
2012-01-10 00:00:00,0,1023.2,1142.0,32.32,33.02,0.0,-0.7,36.82,37.5,0.0,-0.68,28,13
2012-01-10 01:00:00,1,983.7,1098.0,31.29,31.97,0.0,-0.68,29.93,30.48,0.0,-0.55,29,13
2012-01-10 02:00:00,2,968.8,1074.0,31.28,31.87,0.0,-0.59,35.82,36.42,0.0,-0.6,28,14
2012-01-10 03:00:00,3,966.4,1074.0,30.28,30.92,0.0,-0.64,33.55,34.12,0.0,-0.57,29,16
2012-01-10 04:00:00,4,1004.9,1108.0,30.39,31.02,0.0,-0.63,30.23,30.68,0.0,-0.45,30,17
2012-01-10 05:00:00,5,1108.4,1227.0,32.86,33.47,0.0,-0.61,31.4,31.86,0.0,-0.46,30,19
2012-01-10 06:00:00,6,1310.6,1435.0,34.48,34.91,0.0,-0.43,40.2,40.74,0.0,-0.54,27,19
2012-01-10 07:00:00,7,1376.7,1531.0,38.33,38.78,0.0,-0.45,36.87,37.34,0.0,-0.47,25,19
2012-01-10 08:00:00,8,1405.4,1547.0,32.73,33.13,0.0,-0.4,40.47,41.02,0.0,-0.55,27,21
2012-01-10 09:00:00,9,1423.7,1558.0,34.13,34.59,0.0,-0.46,46.69,47.37,0.0,-0.68,28,22
2012-01-10 10:00:00,10,1438.7,1551.0,34.02,34.37,0.0,-0.35,37.35,37.79,0.0,-0.44,32,23
2012-01-10 11:00:00,11,1431.8,1527.0,34.13,34.53,0.0,-0.4,31.96,32.32,0.0,-0.36,38,23
2012-01-10 12:00:00,12,1406.9,1501.0,32.64,33.0,0.0,-0.36,31.31,31.64,0.0,-0.33,42,24
2012-01-10 13:00:00,13,1384.3,1495.0,32.41,32.75,0.0,-0.34,31.06,31.37,0.0,-0.31,42,25
2012-01-10 14:00:00,14,1340.7,1482.0,31.67,32.01,0.0,-0.34,30.34,30.64,0.0,-0.3,41,26
2012-01-10 15:00:00,15,1365.3,1494.0,32.08,32.43,0.0,-0.35,30.19,30.51,0.0,-0.32,40,26
2012-01-10 16:00:00,16,1492.1,1593.0,34.34,34.67,0.0,-0.33,32.04,32.43,0.0,-0.39,40,26
2012-01-10 17:00:00,17,1579.4,1696.0,50.96,52.34,-0.72,-0.66,45.12,45.85,0.0,-0.73,39,26
2012-01-10 18:00:00,18,1566.2,1688.0,43.1,45.0,-1.25,-0.65,39.21,39.79,0.0,-0.58,37,25
2012-01-10 19:00:00,19,1531.5,1639.0,35.16,35.61,0.0,-0.45,42.62,43.25,0.0,-0.63,36,24
2012-01-10 20:00:00,20,1467.0,1569.0,34.48,34.85,0.0,-0.37,35.66,36.28,0.0,-0.62,33,22
2012-01-10 21:00:00,21,1346.2,1454.0,34.86,35.0,0.0,-0.14,32.7,33.14,0.0,-0.44,33,23
2012-01-10 22:00:00,22,1228.4,1314.0,33.0,33.29,0.0,-0.29,34.58,35.01,0.0,-0.43,31,22
2012-01-10 23:00:00,23,1100.7,1195.0,30.7,31.03,0.0,-0.33,30.88,31.28,0.0,-0.4,30,20
2012-01-11 00:00:00,0,1083.7,1123.0,33.07,33.64,0.0,-0.57,29.57,30.0,0.0,-0.43,30,20
2012-01-11 01:00:00,1,1039.1,1087.0,32.7,33.26,0.0,-0.56,23.85,24.21,0.0,-0.36,28,19
2012-01-11 02:00:00,2,1023.8,1071.0,33.0,33.54,0.0,-0.54,19.77,20.02,0.0,-0.25,28,19
2012-01-11 03:00:00,3,1030.2,1084.0,32.44,32.97,0.0,-0.53,25.79,26.13,0.0,-0.34,27,18
2012-01-11 04:00:00,4,1063.1,1121.0,32.2,32.66,0.0,-0.46,26.9,27.26,0.0,-0.36,25,16
2012-01-11 05:00:00,5,1137.3,1250.0,37.65,38.12,0.0,-0.47,28.63,29.0,0.0,-0.37,23,14
2012-01-11 06:00:00,6,1359.4,1462.0,38.98,39.39,0.0,-0.41,35.63,35.95,0.0,-0.32,23,13
2012-01-11 07:00:00,7,1429.4,1563.0,50.0,50.75,0.0,-0.75,46.15,46.68,0.0,-0.53,22,13
2012-01-11 08:00:00,8,1446.3,1558.0,43.42,43.91,0.0,-0.49,37.51,37.81,0.0,-0.3,22,15
2012-01-11 09:00:00,9,1455.5,1549.0,41.91,42.44,0.0,-0.53,39.57,39.9,0.0,-0.33,26,16
2012-01-11 10:00:00,10,1471.2,1552.0,40.28,40.61,0.0,-0.33,40.56,40.82,0.0,-0.26,29,16
2012-01-11 11:00:00,11,1458.5,1544.0,40.97,41.34,0.0,-0.37,41.72,42.06,0.0,-0.34,30,16
2012-01-11 12:00:00,12,1442.0,1520.0,39.99,40.38,0.0,-0.39,36.01,36.3,0.0,-0.29,32,15
2012-01-11 13:00:00,13,1422.8,1514.0,38.74,39.13,0.0,-0.39,35.55,35.8,0.0,-0.25,33,14
2012-01-11 14:00:00,14,1373.8,1505.0,38.17,38.58,0.0,-0.41,35.15,35.38,0.0,-0.23,34,14
2012-01-11 15:00:00,15,1402.6,1518.0,37.68,37.93,0.0,-0.25,34.77,34.93,0.0,-0.16,34,14
2012-01-11 16:00:00,16,1547.8,1621.0,45.8,47.32,-1.39,-0.13,42.9,43.07,0.0,-0.17,33,13
2012-01-11 17:00:00,17,1618.6,1725.0,68.19,70.34,-1.86,-0.29,89.18,89.65,0.0,-0.47,32,18
2012-01-11 18:00:00,18,1537.0,1717.0,49.82,50.55,-0.45,-0.28,58.23,58.51,0.0,-0.28,31,19
2012-01-11 19:00:00,19,1515.8,1664.0,44.36,45.6,-1.04,-0.2,51.42,51.73,0.0,-0.31,30,20
2012-01-11 20:00:00,20,1447.9,1585.0,41.72,41.92,-0.05,-0.15,43.87,44.15,0.0,-0.28,30,21
2012-01-11 21:00:00,21,1317.6,1456.0,38.55,38.83,0.0,-0.28,32.86,33.1,0.0,-0.24,29,22
2012-01-11 22:00:00,22,1187.4,1309.0,37.89,38.28,0.0,-0.39,30.22,30.48,0.0,-0.26,31,24
2012-01-11 23:00:00,23,1072.9,1180.0,36.68,37.26,0.0,-0.58,31.35,31.67,0.0,-0.32,31,25
2012-01-12 00:00:00,0,997.5,1102.0,30.28,30.68,0.0,-0.4,31.0,31.32,0.0,-0.32,32,26
2012-01-12 01:00:00,1,954.3,1055.0,29.2,29.57,0.0,-0.37,30.43,30.74,0.0,-0.31,30,27
2012-01-12 02:00:00,2,939.0,1037.0,27.67,27.96,0.0,-0.29,30.09,30.37,0.0,-0.28,31,28
2012-01-12 03:00:00,3,935.7,1034.0,27.67,27.96,0.0,-0.29,30.51,30.77,0.0,-0.26,31,28
2012-01-12 04:00:00,4,973.8,1067.0,29.77,30.11,0.0,-0.34,30.39,30.61,0.0,-0.22,31,28
2012-01-12 05:00:00,5,1064.7,1184.0,30.57,30.8,0.0,-0.23,28.33,28.53,0.0,-0.2,32,27
2012-01-12 06:00:00,6,1321.8,1356.0,34.69,36.06,-1.24,-0.13,30.18,30.32,0.0,-0.14,31,28
2012-01-12 07:00:00,7,1395.5,1466.0,44.68,45.01,0.0,-0.33,34.28,34.56,0.0,-0.28,30,28
2012-01-12 08:00:00,8,1381.6,1514.0,43.95,44.32,0.0,-0.37,37.4,37.71,0.0,-0.31,29,27
2012-01-12 09:00:00,9,1446.2,1556.0,44.28,44.62,0.0,-0.34,43.03,43.39,0.0,-0.36,27,25
2012-01-12 10:00:00,10,1469.3,1591.0,44.74,45.03,0.0,-0.29,46.03,46.35,0.0,-0.32,26,24
2012-01-12 11:00:00,11,1479.3,1617.0,44.91,45.2,0.0,-0.29,38.15,38.31,0.0,-0.16,26,24
2012-01-12 12:00:00,12,1459.2,1602.0,43.85,44.15,0.0,-0.3,36.27,36.35,0.0,-0.08,26,24
2012-01-12 13:00:00,13,1455.5,1593.0,43.76,44.1,0.0,-0.34,39.76,39.99,0.0,-0.23,28,25
2012-01-12 14:00:00,14,1407.7,1563.0,38.55,38.81,0.0,-0.26,34.55,34.76,0.0,-0.21,28,26
2012-01-12 15:00:00,15,1430.8,1558.0,39.62,39.93,0.0,-0.31,31.5,31.69,0.0,-0.19,30,26
2012-01-12 16:00:00,16,1531.3,1637.0,46.09,46.37,0.0,-0.28,41.86,42.19,0.0,-0.33,30,26
2012-01-12 17:00:00,17,1590.8,1738.0,66.89,67.72,0.0,-0.83,48.03,48.42,0.0,-0.39,31,27
2012-01-12 18:00:00,18,1528.5,1726.0,50.34,51.0,0.0,-0.66,42.49,42.89,0.0,-0.4,31,26
2012-01-12 19:00:00,19,1478.7,1657.0,45.92,46.52,0.0,-0.6,34.28,34.6,0.0,-0.32,30,26
2012-01-12 20:00:00,20,1408.9,1571.0,40.98,41.63,0.0,-0.65,36.86,37.26,0.0,-0.4,30,25
2012-01-12 21:00:00,21,1341.5,1432.0,32.59,32.9,0.0,-0.31,29.54,29.92,0.0,-0.38,30,26
2012-01-12 22:00:00,22,1205.8,1281.0,31.5,31.77,0.0,-0.27,24.27,24.61,0.0,-0.34,30,25
2012-01-12 23:00:00,23,1077.5,1157.0,30.72,31.03,0.0,-0.31,25.76,26.13,0.0,-0.37,29,26
2012-01-13 00:00:00,0,990.6,1082.0,25.86,26.22,0.0,-0.36,29.75,30.09,0.0,-0.34,29,26
2012-01-13 01:00:00,1,951.0,1039.0,24.83,25.19,0.0,-0.36,30.6,30.95,0.0,-0.35,28,27
2012-01-13 02:00:00,2,936.1,1018.0,23.93,24.2,0.0,-0.27,26.54,26.83,0.0,-0.29,28,27
2012-01-13 03:00:00,3,932.5,1017.0,21.77,21.98,0.0,-0.21,26.15,26.42,0.0,-0.27,28,27
2012-01-13 04:00:00,4,966.7,1060.0,23.91,24.15,0.0,-0.24,28.0,28.25,0.0,-0.25,28,27
2012-01-13 05:00:00,5,1061.7,1169.0,29.79,30.12,0.0,-0.33,36.31,36.54,0.0,-0.23,28,28
2012-01-13 06:00:00,6,1253.6,1349.0,35.27,35.57,0.0,-0.3,53.37,53.82,0.0,-0.45,29,27
2012-01-13 07:00:00,7,1338.7,1470.0,39.2,39.88,0.0,-0.68,40.91,41.29,0.0,-0.38,28,27
2012-01-13 08:00:00,8,1375.7,1525.0,38.85,39.47,0.0,-0.62,41.68,42.13,0.0,-0.45,28,27
2012-01-13 09:00:00,9,1409.7,1541.0,39.12,39.66,0.0,-0.54,40.3,40.66,0.0,-0.36,29,27
2012-01-13 10:00:00,10,1434.8,1552.0,38.22,38.71,0.0,-0.49,37.85,38.12,0.0,-0.27,30,28
2012-01-13 11:00:00,11,1432.7,1535.0,37.02,37.54,0.0,-0.52,38.45,38.76,0.0,-0.31,31,29
2012-01-13 12:00:00,12,1425.2,1508.0,36.6,37.12,0.0,-0.52,36.03,36.35,0.0,-0.32,32,31
2012-01-13 13:00:00,13,1405.1,1489.0,36.16,36.65,0.0,-0.49,37.5,37.87,0.0,-0.37,32,32
2012-01-13 14:00:00,14,1387.5,1463.0,36.41,36.96,0.0,-0.55,39.66,40.16,0.0,-0.5,35,30
2012-01-13 15:00:00,15,1398.0,1476.0,36.78,37.34,0.0,-0.56,35.71,36.23,0.0,-0.52,36,30
2012-01-13 16:00:00,16,1489.9,1560.0,42.0,42.58,0.0,-0.58,46.68,47.48,0.0,-0.8,33,22
2012-01-13 17:00:00,17,1568.1,1666.0,57.88,59.29,-0.39,-1.02,55.37,56.27,0.0,-0.9,31,20
2012-01-13 18:00:00,18,1538.6,1655.0,47.49,48.51,-0.09,-0.93,50.55,51.41,0.0,-0.86,29,18
2012-01-13 19:00:00,19,1512.2,1611.0,41.02,41.77,0.0,-0.75,50.37,51.34,0.0,-0.97,28,17
2012-01-13 20:00:00,20,1439.5,1555.0,36.85,37.53,0.0,-0.68,56.97,58.27,0.0,-1.3,26,20
2012-01-13 21:00:00,21,1306.4,1455.0,36.52,37.04,0.0,-0.52,47.96,49.01,0.0,-1.05,27,19
2012-01-13 22:00:00,22,1191.5,1333.0,34.51,35.12,0.0,-0.61,34.98,35.59,0.0,-0.61,28,20
2012-01-13 23:00:00,23,1101.1,1212.0,30.67,31.34,0.0,-0.67,34.78,35.42,0.0,-0.64,30,21
2012-01-14 00:00:00,0,1091.1,1125.0,30.59,31.12,0.0,-0.53,39.41,40.15,0.0,-0.74,30,21
2012-01-14 01:00:00,1,1044.8,1073.0,30.5,31.01,0.0,-0.51,38.32,39.08,0.0,-0.76,30,21
2012-01-14 02:00:00,2,1011.4,1047.0,29.89,30.36,0.0,-0.47,39.3,40.01,0.0,-0.71,30,21
2012-01-14 03:00:00,3,1000.3,1043.0,28.44,28.88,0.0,-0.44,39.7,40.48,0.0,-0.78,30,21
2012-01-14 04:00:00,4,1017.3,1060.0,28.53,28.99,0.0,-0.46,42.08,42.86,0.0,-0.78,29,20
2012-01-14 05:00:00,5,1053.0,1113.0,30.42,30.93,0.0,-0.51,39.97,40.73,0.0,-0.76,29,19
2012-01-14 06:00:00,6,1104.4,1195.0,37.65,38.26,0.0,-0.61,41.71,42.38,0.0,-0.67,28,17
2012-01-14 07:00:00,7,1218.2,1291.0,41.78,42.36,0.0,-0.58,48.63,49.5,0.0,-0.87,27,15
2012-01-14 08:00:00,8,1307.7,1388.0,45.49,46.31,0.0,-0.82,63.58,65.06,0.0,-1.48,27,13
2012-01-14 09:00:00,9,1368.8,1468.0,54.58,55.58,0.0,-1.0,67.2,68.75,0.0,-1.55,27,13
2012-01-14 10:00:00,10,1384.4,1496.0,59.1,60.36,0.0,-1.26,61.38,62.65,0.0,-1.27,25,17
2012-01-14 11:00:00,11,1388.0,1490.0,60.3,61.65,0.0,-1.35,54.2,55.04,0.0,-0.84,25,14
2012-01-14 12:00:00,12,1357.3,1469.0,55.87,56.95,0.0,-1.08,42.35,42.97,0.0,-0.62,25,14
2012-01-14 13:00:00,13,1338.6,1451.0,48.23,49.14,0.0,-0.91,41.51,42.06,0.0,-0.55,24,12
2012-01-14 14:00:00,14,1328.4,1433.0,47.08,47.97,0.0,-0.89,36.9,37.44,0.0,-0.54,24,11
2012-01-14 15:00:00,15,1345.1,1448.0,45.75,46.54,0.0,-0.79,39.05,39.59,0.0,-0.54,24,11
2012-01-14 16:00:00,16,1440.5,1547.0,55.2,56.09,0.0,-0.89,49.4,50.04,0.0,-0.64,23,6
2012-01-14 17:00:00,17,1567.8,1682.0,77.45,78.94,0.0,-1.49,60.57,61.39,0.0,-0.82,20,5
2012-01-14 18:00:00,18,1527.4,1679.0,67.28,68.57,0.0,-1.29,46.78,47.21,0.0,-0.43,18,3
2012-01-14 19:00:00,19,1477.5,1630.0,60.78,61.96,0.0,-1.18,42.76,43.22,0.0,-0.46,16,3
2012-01-14 20:00:00,20,1426.8,1565.0,59.02,60.01,0.0,-0.99,44.17,44.58,0.0,-0.41,14,3
2012-01-14 21:00:00,21,1333.9,1489.0,55.66,56.59,0.0,-0.93,41.38,41.79,0.0,-0.41,11,0
2012-01-14 22:00:00,22,1256.7,1407.0,50.9,51.8,0.0,-0.9,39.69,40.18,0.0,-0.49,10,-1
2012-01-14 23:00:00,23,1145.3,1321.0,46.51,47.34,0.0,-0.83,51.68,52.56,0.0,-0.88,7,-3
2012-01-15 00:00:00,0,1155.5,1241.0,52.88,53.76,0.0,-0.88,37.29,37.94,0.0,-0.65,5,-6
2012-01-15 01:00:00,1,1123.8,1195.0,50.16,50.94,0.0,-0.78,36.51,37.03,0.0,-0.52,3,-7
2012-01-15 02:00:00,2,1095.6,1175.0,45.02,45.73,0.0,-0.71,34.77,35.28,0.0,-0.51,1,-9
2012-01-15 03:00:00,3,1091.0,1172.0,45.9,46.66,0.0,-0.76,35.96,36.52,0.0,-0.56,0,-10
2012-01-15 04:00:00,4,1106.8,1187.0,45.07,45.84,0.0,-0.77,36.9,37.47,0.0,-0.57,0,-10
2012-01-15 05:00:00,5,1105.2,1228.0,47.32,48.05,0.0,-0.73,34.5,34.97,0.0,-0.47,-1,-11
2012-01-15 06:00:00,6,1164.3,1284.0,47.06,47.88,0.0,-0.82,36.68,37.1,0.0,-0.42,-1,-11
2012-01-15 07:00:00,7,1284.5,1359.0,47.82,49.03,-0.72,-0.49,36.85,37.15,0.0,-0.3,-1,-11
2012-01-15 08:00:00,8,1370.9,1454.0,55.6,56.26,0.0,-0.66,42.39,42.82,0.0,-0.43,-1,-11
2012-01-15 09:00:00,9,1435.9,1528.0,55.53,56.45,0.0,-0.92,56.53,57.34,0.0,-0.81,1,-10
2012-01-15 10:00:00,10,1457.7,1561.0,57.43,58.38,-0.01,-0.94,58.55,59.44,0.0,-0.89,4,-9
2012-01-15 11:00:00,11,1451.2,1571.0,57.27,58.24,-0.01,-0.96,60.25,61.24,0.0,-0.99,6,-8
2012-01-15 12:00:00,12,1400.6,1566.0,53.57,54.38,0.0,-0.81,58.46,59.43,0.0,-0.97,7,-7
2012-01-15 13:00:00,13,1378.0,1542.0,49.91,50.67,0.0,-0.76,56.74,57.68,0.0,-0.94,9,-7
2012-01-15 14:00:00,14,1374.5,1531.0,47.07,47.72,0.0,-0.65,51.86,52.45,0.0,-0.59,9,-7
2012-01-15 15:00:00,15,1385.2,1553.0,49.31,49.9,0.0,-0.59,52.91,53.38,0.0,-0.47,10,-7
2012-01-15 16:00:00,16,1495.4,1662.0,55.2,55.77,0.0,-0.57,66.69,67.38,0.0,-0.69,9,-7
2012-01-15 17:00:00,17,1628.6,1804.0,88.3,89.64,0.0,-1.34,103.98,105.27,0.0,-1.29,7,-8
2012-01-15 18:00:00,18,1605.4,1792.0,75.41,76.52,0.0,-1.11,97.76,98.73,0.0,-0.97,6,-8
2012-01-15 19:00:00,19,1550.1,1724.0,64.17,65.1,0.0,-0.93,71.16,71.82,0.0,-0.66,5,-8
2012-01-15 20:00:00,20,1503.0,1656.0,55.67,56.45,0.0,-0.78,54.97,55.4,0.0,-0.43,4,-8
2012-01-15 21:00:00,21,1405.2,1550.0,55.4,56.05,0.0,-0.65,60.08,60.8,0.0,-0.72,4,-8
2012-01-15 22:00:00,22,1298.3,1435.0,52.51,53.15,0.0,-0.64,53.8,54.6,0.0,-0.8,3,-7
2012-01-15 23:00:00,23,1183.1,1336.0,49.4,50.13,0.0,-0.73,51.63,52.33,0.0,-0.7,3,-7
2012-01-16 00:00:00,0,1116.2,1269.0,43.65,44.61,0.0,-0.96,54.91,55.74,0.0,-0.83,3,-7
2012-01-16 01:00:00,1,1089.9,1236.0,39.28,40.14,0.0,-0.86,43.65,44.26,0.0,-0.61,4,-6
2012-01-16 02:00:00,2,1081.4,1222.0,40.12,41.01,0.0,-0.89,40.59,41.2,0.0,-0.61,3,-7
2012-01-16 03:00:00,3,1082.4,1229.0,39.67,40.54,0.0,-0.87,39.59,40.18,0.0,-0.59,3,-7
2012-01-16 04:00:00,4,1097.4,1259.0,44.37,45.54,-0.48,-0.69,53.04,53.52,0.0,-0.48,2,-7
2012-01-16 05:00:00,5,1145.4,1359.0,49.8,51.22,-0.57,-0.85,61.74,62.26,0.0,-0.52,2,-6
2012-01-16 06:00:00,6,1280.5,1502.0,54.41,56.69,-1.43,-0.85,63.18,63.67,0.0,-0.49,-3,-7
2012-01-16 07:00:00,7,1410.1,1621.0,61.78,62.4,0.0,-0.62,64.01,64.49,0.0,-0.48,-2,-6
2012-01-16 08:00:00,8,1452.3,1692.0,68.99,70.0,0.0,-1.01,79.05,79.71,0.0,-0.66,-3,-7
2012-01-16 09:00:00,9,1492.5,1719.0,73.3,74.43,0.0,-1.13,84.4,85.04,0.0,-0.64,4,-3
2012-01-16 10:00:00,10,1519.7,1735.0,65.11,65.93,0.0,-0.82,72.93,73.4,0.0,-0.47,9,-3
2012-01-16 11:00:00,11,1484.5,1719.0,58.83,59.55,-0.01,-0.71,67.23,67.69,0.0,-0.46,14,-1
2012-01-16 12:00:00,12,1470.6,1683.0,54.51,55.06,0.0,-0.55,60.39,60.69,0.0,-0.3,18,0
2012-01-16 13:00:00,13,1446.9,1650.0,53.37,53.9,0.0,-0.53,56.57,57.02,0.0,-0.45,22,3
2012-01-16 14:00:00,14,1407.0,1627.0,49.13,49.66,0.0,-0.53,53.82,54.21,0.0,-0.39,25,4
2012-01-16 15:00:00,15,1419.1,1630.0,49.63,50.16,0.0,-0.53,50.61,50.86,0.0,-0.25,25,4
2012-01-16 16:00:00,16,1551.4,1721.0,61.78,62.31,0.0,-0.53,61.5,61.86,0.0,-0.36,26,4
2012-01-16 17:00:00,17,1652.0,1837.0,83.91,85.03,0.0,-1.12,61.16,61.46,0.0,-0.3,26,5
2012-01-16 18:00:00,18,1602.8,1814.0,65.37,66.14,0.0,-0.77,62.29,62.66,0.0,-0.37,25,5
2012-01-16 19:00:00,19,1563.8,1752.0,57.63,58.11,0.0,-0.48,60.74,61.12,0.0,-0.38,26,4
2012-01-16 20:00:00,20,1480.7,1660.0,56.93,57.62,0.0,-0.69,63.3,63.81,0.13,-0.64,26,7
2012-01-16 21:00:00,21,1367.0,1523.0,54.78,55.56,0.0,-0.78,51.42,51.9,0.0,-0.48,26,12
2012-01-16 22:00:00,22,1246.3,1369.0,48.94,49.64,0.0,-0.7,38.22,38.7,0.0,-0.48,27,15
2012-01-16 23:00:00,23,1124.9,1241.0,37.14,37.85,0.0,-0.71,35.37,35.82,0.0,-0.45,30,19
2012-01-17 00:00:00,0,1037.5,1161.0,46.13,47.11,0.0,-0.98,40.57,41.19,0.0,-0.62,29,23
2012-01-17 01:00:00,1,994.3,1114.0,45.56,46.57,0.0,-1.01,40.97,41.72,0.0,-0.75,29,23
2012-01-17 02:00:00,2,991.3,1089.0,42.16,43.09,0.0,-0.93,40.29,41.04,0.0,-0.75,29,23
2012-01-17 03:00:00,3,993.1,1081.0,41.73,42.67,0.0,-0.94,36.06,36.64,0.0,-0.58,30,23
2012-01-17 04:00:00,4,1031.6,1124.0,44.26,45.16,0.0,-0.9,41.37,42.1,0.0,-0.73,30,24
2012-01-17 05:00:00,5,1140.7,1238.0,45.31,46.1,0.0,-0.79,38.23,38.84,0.0,-0.61,29,26
2012-01-17 06:00:00,6,1307.5,1425.0,54.41,55.08,0.0,-0.67,46.15,46.68,0.0,-0.53,29,28
2012-01-17 07:00:00,7,1404.2,1516.0,55.07,55.86,-0.04,-0.75,48.21,48.78,0.0,-0.57,29,28
2012-01-17 08:00:00,8,1427.3,1533.0,54.49,55.22,-0.05,-0.68,48.0,48.6,0.0,-0.6,27,27
2012-01-17 09:00:00,9,1444.1,1530.0,55.57,56.45,0.0,-0.88,59.68,60.53,0.0,-0.85,30,29
2012-01-17 10:00:00,10,1462.3,1521.0,55.82,56.73,0.0,-0.91,57.45,58.33,0.0,-0.88,32,30
2012-01-17 11:00:00,11,1452.7,1518.0,55.32,56.12,0.0,-0.8,46.18,46.72,0.0,-0.54,34,30
2012-01-17 12:00:00,12,1435.2,1497.0,52.09,52.67,0.0,-0.58,57.12,57.97,0.0,-0.85,36,30
2012-01-17 13:00:00,13,1422.4,1492.0,51.55,52.21,0.0,-0.66,53.1,53.87,0.0,-0.77,38,31
2012-01-17 14:00:00,14,1414.7,1494.0,46.23,46.85,0.0,-0.62,46.44,47.04,0.0,-0.6,38,32
2012-01-17 15:00:00,15,1434.2,1521.0,49.62,50.2,0.0,-0.58,48.46,48.99,0.0,-0.53,37,33
2012-01-17 16:00:00,16,1507.1,1615.0,55.25,55.9,0.0,-0.65,63.65,64.37,0.0,-0.72,36,35
2012-01-17 17:00:00,17,1596.9,1704.0,68.99,70.24,0.0,-1.25,74.84,76.01,0.0,-1.17,36,35
2012-01-17 18:00:00,18,1551.7,1688.0,56.12,57.07,0.0,-0.95,64.88,65.83,0.0,-0.95,35,35
2012-01-17 19:00:00,19,1500.4,1632.0,53.12,53.84,0.0,-0.72,51.95,52.61,0.0,-0.66,36,35
2012-01-17 20:00:00,20,1433.9,1541.0,49.87,50.58,0.0,-0.71,35.34,35.82,0.0,-0.48,36,35
2012-01-17 21:00:00,21,1317.2,1414.0,46.22,47.07,0.0,-0.85,29.29,29.77,0.0,-0.48,36,36
2012-01-17 22:00:00,22,1180.3,1261.0,45.87,46.85,0.0,-0.98,39.08,39.74,0.0,-0.66,36,36
2012-01-17 23:00:00,23,1064.1,1133.0,44.31,45.1,0.0,-0.79,23.82,24.19,0.0,-0.37,37,37
2012-01-18 00:00:00,0,1025.9,1060.0,30.53,30.99,0.0,-0.46,33.25,33.66,0.0,-0.41,38,37
2012-01-18 01:00:00,1,990.1,1018.0,29.45,29.87,0.0,-0.42,24.42,24.74,0.0,-0.32,39,38
2012-01-18 02:00:00,2,965.6,1006.0,30.04,30.5,0.0,-0.46,25.48,25.8,0.0,-0.32,42,41
2012-01-18 03:00:00,3,963.9,1005.0,29.36,29.83,0.0,-0.47,26.08,26.48,0.0,-0.4,44,38
2012-01-18 04:00:00,4,1007.0,1043.0,29.46,29.87,0.0,-0.41,22.12,22.37,0.0,-0.25,41,28
2012-01-18 05:00:00,5,1106.7,1161.0,31.61,31.96,0.0,-0.35,24.77,25.07,0.0,-0.3,39,22
2012-01-18 06:00:00,6,1320.7,1368.0,38.14,38.14,0.0,0.0,32.67,33.14,0.0,-0.47,37,21
2012-01-18 07:00:00,7,1434.7,1466.0,37.58,38.05,-0.08,-0.39,27.55,28.05,0.0,-0.5,35,17
2012-01-18 08:00:00,8,1430.5,1481.0,35.41,35.84,-0.09,-0.34,25.32,25.76,0.0,-0.44,33,16
2012-01-18 09:00:00,9,1460.2,1498.0,35.5,36.02,-0.15,-0.37,25.88,26.41,0.0,-0.53,32,15
2012-01-18 10:00:00,10,1494.2,1510.0,35.98,36.5,-0.19,-0.33,31.27,31.91,0.0,-0.64,32,15
2012-01-18 11:00:00,11,1496.9,1519.0,33.13,33.67,-0.21,-0.33,32.7,33.41,0.0,-0.71,33,15
2012-01-18 12:00:00,12,1480.4,1515.0,33.23,33.59,0.0,-0.36,30.92,31.59,0.0,-0.67,31,13
2012-01-18 13:00:00,13,1467.4,1515.0,33.16,33.46,0.0,-0.3,31.55,32.24,0.0,-0.69,31,12
2012-01-18 14:00:00,14,1446.7,1503.0,33.54,33.75,0.0,-0.21,28.79,29.34,0.0,-0.55,28,9
2012-01-18 15:00:00,15,1469.7,1516.0,33.59,33.95,-0.16,-0.2,19.85,20.19,0.0,-0.34,27,8
2012-01-18 16:00:00,16,1583.4,1619.0,38.18,38.21,0.0,-0.03,28.06,28.47,0.0,-0.41,26,5
2012-01-18 17:00:00,17,1679.4,1776.0,68.02,68.79,-0.12,-0.65,38.31,38.97,0.0,-0.66,23,2
2012-01-18 18:00:00,18,1658.4,1788.0,58.29,58.91,0.0,-0.62,40.6,41.24,0.0,-0.64,21,0
2012-01-18 19:00:00,19,1637.5,1752.0,44.03,44.41,0.0,-0.38,36.62,37.18,0.0,-0.56,19,0
2012-01-18 20:00:00,20,1569.7,1674.0,37.86,38.09,0.0,-0.23,33.9,34.35,0.0,-0.45,18,0
2012-01-18 21:00:00,21,1470.5,1557.0,39.37,39.42,0.0,-0.05,34.64,35.15,0.0,-0.51,17,1
2012-01-18 22:00:00,22,1343.1,1414.0,37.88,37.96,0.0,-0.08,35.32,35.82,0.0,-0.5,16,0
2012-01-18 23:00:00,23,1196.7,1300.0,36.06,36.37,0.0,-0.31,28.43,28.85,0.0,-0.42,15,0
2012-01-19 00:00:00,0,1139.5,1228.0,37.81,38.65,0.0,-0.84,31.88,32.55,0.0,-0.67,13,0
2012-01-19 01:00:00,1,1100.9,1192.0,35.63,36.47,0.0,-0.84,31.13,31.83,0.0,-0.7,13,0
2012-01-19 02:00:00,2,1083.2,1178.0,34.7,35.5,0.0,-0.8,30.76,31.39,0.0,-0.63,11,0
2012-01-19 03:00:00,3,1083.6,1187.0,34.23,35.06,0.0,-0.83,32.84,33.49,0.0,-0.65,7,0
2012-01-19 04:00:00,4,1126.5,1230.0,38.01,38.62,0.0,-0.61,37.05,37.6,0.0,-0.55,6,0
2012-01-19 05:00:00,5,1232.8,1361.0,45.5,46.17,0.0,-0.67,37.87,38.23,0.0,-0.36,6,1
2012-01-19 06:00:00,6,1492.6,1579.0,53.71,54.18,0.0,-0.47,54.42,54.68,0.0,-0.26,4,0
2012-01-19 07:00:00,7,1586.7,1672.0,63.76,64.45,0.0,-0.69,69.49,69.73,0.0,-0.24,6,1
2012-01-19 08:00:00,8,1553.2,1669.0,54.3,54.85,0.0,-0.55,50.2,50.28,0.0,-0.08,4,0
2012-01-19 09:00:00,9,1570.6,1671.0,53.9,54.21,0.0,-0.31,48.95,49.19,0.0,-0.24,11,3
2012-01-19 10:00:00,10,1574.9,1662.0,51.15,51.33,0.0,-0.18,45.16,45.34,0.0,-0.18,15,3
2012-01-19 11:00:00,11,1566.0,1641.0,44.76,44.94,0.0,-0.18,41.93,42.11,0.0,-0.18,17,4
2012-01-19 12:00:00,12,1545.9,1610.0,41.9,42.06,0.0,-0.16,37.41,37.51,0.0,-0.1,21,6
2012-01-19 13:00:00,13,1517.9,1592.0,38.74,38.94,0.0,-0.2,37.08,37.15,0.0,-0.07,26,11
2012-01-19 14:00:00,14,1492.3,1578.0,36.53,36.72,0.0,-0.19,35.39,35.53,0.0,-0.14,26,12
2012-01-19 15:00:00,15,1497.5,1588.0,37.01,37.18,0.0,-0.17,30.61,30.72,0.0,-0.11,26,13
2012-01-19 16:00:00,16,1594.6,1683.0,45.66,45.62,0.0,0.04,32.68,32.69,0.0,-0.01,24,15
2012-01-19 17:00:00,17,1706.0,1808.0,72.79,73.15,0.0,-0.36,39.76,39.85,0.0,-0.09,23,15
2012-01-19 18:00:00,18,1674.7,1801.0,62.45,62.86,0.0,-0.41,41.16,41.27,0.0,-0.11,24,14
2012-01-19 19:00:00,19,1601.7,1757.0,52.45,52.6,0.0,-0.15,42.54,42.62,0.0,-0.08,23,16
2012-01-19 20:00:00,20,1533.1,1675.0,48.35,48.52,0.0,-0.17,38.41,38.52,0.0,-0.11,24,18
2012-01-19 21:00:00,21,1428.7,1543.0,45.38,45.67,0.0,-0.29,37.79,37.97,0.0,-0.18,24,20
2012-01-19 22:00:00,22,1249.4,1397.0,43.01,43.43,0.0,-0.42,39.83,40.07,0.0,-0.24,24,21
2012-01-19 23:00:00,23,1097.5,1270.0,40.86,41.6,0.0,-0.74,38.1,38.49,0.0,-0.39,23,21
2012-01-20 00:00:00,0,1039.0,1189.0,33.46,34.14,0.0,-0.68,35.15,35.58,0.0,-0.43,24,22
2012-01-20 01:00:00,1,998.3,1141.0,31.37,32.01,0.0,-0.64,33.19,33.65,0.0,-0.46,24,22
2012-01-20 02:00:00,2,979.8,1118.0,31.17,31.79,0.0,-0.62,34.33,34.84,0.0,-0.51,24,22
2012-01-20 03:00:00,3,977.9,1123.0,31.03,31.68,0.0,-0.65,34.89,35.37,0.0,-0.48,20,19
2012-01-20 04:00:00,4,995.9,1162.0,31.29,31.94,0.0,-0.65,31.07,31.48,0.0,-0.41,18,16
2012-01-20 05:00:00,5,1092.4,1279.0,34.63,35.12,0.0,-0.49,33.85,34.2,0.0,-0.35,11,11
2012-01-20 06:00:00,6,1284.1,1480.0,41.6,42.21,0.0,-0.61,39.51,39.9,0.0,-0.39,11,9
2012-01-20 07:00:00,7,1387.2,1563.0,48.14,48.72,0.0,-0.58,40.03,40.4,0.0,-0.37,12,10
2012-01-20 08:00:00,8,1431.3,1563.0,42.95,43.52,-0.09,-0.48,40.13,40.54,0.0,-0.41,10,8
2012-01-20 09:00:00,9,1449.8,1573.0,45.86,46.46,0.0,-0.6,39.78,40.17,0.0,-0.39,18,15
2012-01-20 10:00:00,10,1466.5,1577.0,43.96,44.5,0.0,-0.54,40.54,40.97,0.0,-0.43,21,14
2012-01-20 11:00:00,11,1450.4,1574.0,41.78,42.34,0.0,-0.56,41.89,42.34,0.0,-0.45,24,11
2012-01-20 12:00:00,12,1431.9,1551.0,39.83,40.33,0.0,-0.5,41.77,42.2,0.0,-0.43,24,8
2012-01-20 13:00:00,13,1403.5,1539.0,38.52,39.05,0.0,-0.53,41.2,41.67,0.0,-0.47,25,7
2012-01-20 14:00:00,14,1379.8,1517.0,36.09,36.62,0.0,-0.53,38.3,38.75,0.0,-0.45,24,5
2012-01-20 15:00:00,15,1391.8,1518.0,36.58,37.06,0.0,-0.48,37.39,37.78,0.0,-0.39,25,5
2012-01-20 16:00:00,16,1468.7,1589.0,41.09,41.45,0.0,-0.36,37.47,37.85,0.0,-0.38,24,4
2012-01-20 17:00:00,17,1559.2,1722.0,56.94,58.8,-1.2,-0.66,40.75,41.25,0.0,-0.5,22,3
2012-01-20 18:00:00,18,1554.0,1719.0,50.97,52.06,-0.5,-0.59,41.87,42.36,0.0,-0.49,21,2
2012-01-20 19:00:00,19,1507.4,1674.0,43.43,43.93,-0.01,-0.49,41.32,41.9,0.0,-0.58,19,2
2012-01-20 20:00:00,20,1441.8,1610.0,41.13,41.45,0.0,-0.32,42.41,42.85,0.0,-0.44,17,1
2012-01-20 21:00:00,21,1348.2,1522.0,40.99,41.81,-0.15,-0.67,37.59,38.04,0.0,-0.45,16,2
2012-01-20 22:00:00,22,1240.1,1399.0,38.18,38.89,0.0,-0.71,36.92,37.47,0.0,-0.55,16,1
2012-01-20 23:00:00,23,1093.4,1279.0,38.26,38.69,0.0,-0.43,38.71,39.16,0.0,-0.45,15,1
2012-01-21 00:00:00,0,1037.7,1200.0,37.58,37.86,0.0,-0.28,34.7,35.06,0.0,-0.36,13,-2
2012-01-21 01:00:00,1,995.2,1153.0,34.75,34.99,0.0,-0.24,31.43,31.78,0.0,-0.35,13,-1
2012-01-21 02:00:00,2,974.6,1127.0,30.87,31.22,0.0,-0.35,31.55,31.88,0.0,-0.33,13,-2
2012-01-21 03:00:00,3,973.2,1118.0,30.94,31.28,0.0,-0.34,34.49,34.82,0.0,-0.33,13,-2
2012-01-21 04:00:00,4,978.6,1132.0,31.7,31.93,0.0,-0.23,35.18,35.49,0.0,-0.31,13,-2
2012-01-21 05:00:00,5,1010.5,1175.0,35.25,35.52,0.0,-0.27,35.71,35.98,0.0,-0.27,13,0
2012-01-21 06:00:00,6,1089.5,1263.0,35.85,36.08,0.0,-0.23,36.26,36.54,0.0,-0.28,14,1
2012-01-21 07:00:00,7,1196.7,1363.0,36.46,37.03,0.0,-0.57,32.49,32.81,0.0,-0.32,14,2
2012-01-21 08:00:00,8,1293.6,1468.0,38.14,38.62,0.0,-0.48,37.14,37.41,0.0,-0.27,12,7
2012-01-21 09:00:00,9,1387.3,1548.0,41.0,41.56,0.0,-0.56,40.67,40.97,0.0,-0.3,13,9
2012-01-21 10:00:00,10,1396.8,1594.0,44.91,45.43,0.0,-0.52,55.82,56.25,0.0,-0.43,13,8
2012-01-21 11:00:00,11,1393.3,1607.0,41.74,42.27,0.0,-0.53,68.45,69.09,0.0,-0.64,14,9
2012-01-21 12:00:00,12,1366.1,1590.0,40.17,40.67,0.0,-0.5,76.72,77.63,0.0,-0.91,15,10
2012-01-21 13:00:00,13,1297.0,1565.0,38.93,39.46,0.0,-0.53,52.45,53.1,0.0,-0.65,15,10
2012-01-21 14:00:00,14,1285.1,1547.0,36.59,37.01,0.0,-0.42,38.94,39.21,0.0,-0.27,16,10
2012-01-21 15:00:00,15,1296.2,1543.0,36.7,37.03,0.0,-0.33,38.17,38.34,0.0,-0.17,17,10
2012-01-21 16:00:00,16,1393.4,1604.0,38.4,38.62,0.0,-0.22,45.55,45.78,0.0,-0.23,17,10
2012-01-21 17:00:00,17,1496.0,1710.0,52.3,54.07,-1.15,-0.62,131.39,132.83,0.0,-1.44,17,10
2012-01-21 18:00:00,18,1487.1,1692.0,45.89,46.71,-0.35,-0.47,49.15,49.63,0.0,-0.48,17,11
2012-01-21 19:00:00,19,1423.9,1629.0,39.1,39.53,0.0,-0.43,47.1,47.64,0.0,-0.54,15,9
2012-01-21 20:00:00,20,1382.1,1563.0,38.85,39.28,0.0,-0.43,47.61,48.2,0.0,-0.59,13,9
2012-01-21 21:00:00,21,1309.9,1477.0,38.9,39.53,0.0,-0.63,38.62,39.13,0.0,-0.51,11,8
2012-01-21 22:00:00,22,1210.4,1368.0,37.21,37.73,0.0,-0.52,40.6,41.19,0.0,-0.59,7,5
2012-01-21 23:00:00,23,1093.2,1263.0,36.06,36.57,0.0,-0.51,42.01,42.49,0.0,-0.48,7,5
2012-01-22 00:00:00,0,1003.4,1193.0,37.51,37.72,0.0,-0.21,40.08,40.65,0.0,-0.57,0,-3
2012-01-22 01:00:00,1,972.7,1154.0,36.38,36.58,0.0,-0.2,34.56,34.99,0.0,-0.43,-2,-5
2012-01-22 02:00:00,2,959.5,1136.0,32.58,32.81,0.0,-0.23,36.55,36.92,0.0,-0.37,-3,-6
2012-01-22 03:00:00,3,961.3,1133.0,32.07,32.31,0.0,-0.24,38.28,38.63,0.0,-0.35,-2,-6
2012-01-22 04:00:00,4,968.8,1149.0,32.84,33.78,-0.68,-0.26,35.58,35.89,0.0,-0.31,-3,-7
2012-01-22 05:00:00,5,1004.7,1190.0,32.52,32.84,0.0,-0.32,37.02,37.35,0.0,-0.33,-5,-9
2012-01-22 06:00:00,6,1058.3,1259.0,37.27,37.92,-0.36,-0.29,39.54,39.96,0.0,-0.42,-4,-9
2012-01-22 07:00:00,7,1151.0,1341.0,36.55,36.93,-0.16,-0.22,36.92,37.21,0.0,-0.29,-5,-8
2012-01-22 08:00:00,8,1229.5,1441.0,38.13,38.38,0.0,-0.25,35.68,35.9,0.0,-0.22,-4,-7
2012-01-22 09:00:00,9,1268.8,1498.0,38.83,39.16,0.0,-0.33,38.01,38.22,0.0,-0.21,1,0
2012-01-22 10:00:00,10,1288.3,1508.0,38.67,38.97,0.0,-0.3,38.29,38.53,0.0,-0.24,7,4
2012-01-22 11:00:00,11,1281.9,1501.0,39.48,39.81,0.0,-0.33,38.28,38.57,0.0,-0.29,14,8
2012-01-22 12:00:00,12,1264.1,1483.0,38.91,39.2,0.0,-0.29,39.37,39.7,0.0,-0.33,18,6
2012-01-22 13:00:00,13,1235.7,1458.0,37.85,38.14,0.0,-0.29,38.0,38.38,0.0,-0.38,23,6
2012-01-22 14:00:00,14,1216.7,1450.0,37.66,37.96,0.0,-0.3,36.77,37.06,0.0,-0.29,24,5
2012-01-22 15:00:00,15,1225.5,1447.0,37.98,38.18,0.0,-0.2,36.34,36.58,0.0,-0.24,24,6
2012-01-22 16:00:00,16,1327.9,1514.0,39.21,39.31,0.0,-0.1,39.63,39.81,0.0,-0.18,24,7
2012-01-22 17:00:00,17,1440.4,1628.0,59.73,60.32,0.0,-0.59,41.39,41.72,0.0,-0.33,23,8
2012-01-22 18:00:00,18,1427.6,1632.0,50.2,50.61,0.0,-0.41,43.88,44.26,0.0,-0.38,19,10
2012-01-22 19:00:00,19,1373.0,1599.0,38.93,39.26,0.0,-0.33,38.94,39.26,0.0,-0.32,21,13
2012-01-22 20:00:00,20,1307.8,1523.0,38.87,39.17,0.0,-0.3,39.54,39.86,0.0,-0.32,20,14
2012-01-22 21:00:00,21,1231.5,1412.0,37.94,38.15,0.0,-0.21,34.72,35.05,0.0,-0.33,19,14
2012-01-22 22:00:00,22,1140.2,1289.0,37.53,37.79,0.0,-0.26,32.93,33.45,0.0,-0.52,19,16
2012-01-22 23:00:00,23,1026.2,1179.0,35.56,35.87,0.0,-0.31,26.57,26.98,0.0,-0.41,21,16
2012-01-23 00:00:00,0,965.6,1108.0,33.99,34.3,0.0,-0.31,30.97,31.38,0.0,-0.41,20,16
2012-01-23 01:00:00,1,942.4,1075.0,32.58,32.82,0.0,-0.24,33.13,33.53,0.0,-0.4,24,18
2012-01-23 02:00:00,2,940.7,1060.0,31.5,31.72,0.0,-0.22,24.75,25.05,0.0,-0.3,24,18
2012-01-23 03:00:00,3,949.3,1064.0,32.24,32.51,0.0,-0.27,25.05,25.36,0.0,-0.31,22,18
2012-01-23 04:00:00,4,993.2,1106.0,31.88,32.07,0.0,-0.19,28.71,29.0,0.0,-0.29,23,19
2012-01-23 05:00:00,5,1097.0,1219.0,35.13,36.39,-1.08,-0.18,30.82,31.1,0.0,-0.28,23,18
2012-01-23 06:00:00,6,1311.9,1428.0,38.0,37.91,0.0,0.09,42.21,42.47,0.0,-0.26,23,19
2012-01-23 07:00:00,7,1418.5,1526.0,38.95,39.05,0.0,-0.1,38.95,39.25,0.0,-0.3,24,20
2012-01-23 08:00:00,8,1440.1,1551.0,39.06,39.12,0.0,-0.06,36.45,36.7,0.0,-0.25,24,20
2012-01-23 09:00:00,9,1463.2,1573.0,39.29,39.28,0.0,0.01,37.23,37.4,0.0,-0.17,24,20
2012-01-23 10:00:00,10,1479.2,1589.0,43.24,43.45,-0.18,-0.03,40.47,40.69,0.0,-0.22,26,21
2012-01-23 11:00:00,11,1448.1,1589.0,40.26,40.24,0.0,0.02,46.86,47.13,0.0,-0.27,26,23
2012-01-23 12:00:00,12,1444.2,1571.0,39.21,39.17,0.0,0.04,41.75,41.88,0.0,-0.13,26,24
2012-01-23 13:00:00,13,1425.5,1567.0,38.11,38.07,0.0,0.04,38.73,38.82,0.0,-0.09,28,26
2012-01-23 14:00:00,14,1403.8,1546.0,37.84,37.85,0.0,-0.01,36.33,36.4,0.0,-0.07,28,27
2012-01-23 15:00:00,15,1416.4,1545.0,36.96,36.92,0.0,0.04,34.78,34.86,0.0,-0.08,29,28
2012-01-23 16:00:00,16,1529.3,1620.0,39.59,39.35,0.0,0.24,42.46,42.52,0.0,-0.06,30,29
2012-01-23 17:00:00,17,1617.4,1725.0,62.73,62.82,0.0,-0.09,57.28,57.63,0.0,-0.35,30,29
2012-01-23 18:00:00,18,1558.0,1718.0,48.19,48.15,0.0,0.04,46.65,46.85,0.0,-0.2,30,30
2012-01-23 19:00:00,19,1498.6,1657.0,37.84,38.51,-0.55,-0.12,39.8,40.04,0.0,-0.24,31,31
2012-01-23 20:00:00,20,1399.0,1565.0,37.79,38.46,-0.55,-0.12,28.21,28.47,0.0,-0.26,31,31
2012-01-23 21:00:00,21,1289.3,1432.0,36.03,36.05,0.0,-0.02,19.02,19.17,0.0,-0.15,32,31
2012-01-23 22:00:00,22,1157.0,1280.0,35.78,36.01,0.0,-0.23,21.15,21.37,0.0,-0.22,32,32
2012-01-23 23:00:00,23,1011.0,1154.0,33.79,35.46,-1.25,-0.42,23.06,23.35,0.0,-0.29,32,32
2012-01-24 00:00:00,0,860.5,1074.0,26.46,26.75,0.0,-0.29,23.43,23.67,0.0,-0.24,32,32
2012-01-24 01:00:00,1,864.6,1025.0,24.87,25.17,0.0,-0.3,17.87,18.04,0.0,-0.17,32,32
2012-01-24 02:00:00,2,856.2,1007.0,24.79,25.01,0.0,-0.22,22.4,22.58,0.0,-0.18,32,31
2012-01-24 03:00:00,3,883.5,1001.0,24.49,24.73,0.0,-0.24,20.66,20.82,0.0,-0.16,32,32
2012-01-24 04:00:00,4,849.9,1043.0,25.02,25.28,0.0,-0.26,22.58,22.75,0.0,-0.17,32,32
2012-01-24 05:00:00,5,974.4,1162.0,28.08,28.26,0.0,-0.18,22.91,23.03,0.0,-0.12,32,32
2012-01-24 06:00:00,6,1228.2,1366.0,30.18,30.35,-0.3,0.13,22.97,22.96,0.0,0.01,31,31
2012-01-24 07:00:00,7,1334.2,1463.0,30.83,31.05,-0.2,-0.02,24.76,24.84,0.0,-0.08,31,31
2012-01-24 08:00:00,8,1316.6,1465.0,30.59,31.03,-0.33,-0.11,21.42,21.58,0.0,-0.16,31,31
2012-01-24 09:00:00,9,1331.2,1458.0,31.08,31.47,-0.31,-0.08,23.12,23.3,0.0,-0.18,32,32
2012-01-24 10:00:00,10,1371.2,1460.0,30.81,31.01,0.0,-0.2,23.05,23.34,0.0,-0.29,32,32
2012-01-24 11:00:00,11,1369.6,1452.0,29.91,30.13,-0.04,-0.18,23.89,24.18,0.0,-0.29,35,35
2012-01-24 12:00:00,12,1360.0,1433.0,29.76,29.99,-0.05,-0.18,23.51,23.79,0.0,-0.28,41,39
2012-01-24 13:00:00,13,1350.3,1427.0,27.91,28.24,-0.2,-0.13,23.49,23.73,0.0,-0.24,48,38
2012-01-24 14:00:00,14,1302.8,1411.0,27.56,27.7,0.0,-0.14,23.82,24.02,0.0,-0.2,48,36
2012-01-24 15:00:00,15,1313.0,1425.0,29.51,29.67,0.0,-0.16,23.85,24.0,0.0,-0.15,47,34
2012-01-24 16:00:00,16,1431.8,1514.0,31.19,31.3,0.0,-0.11,25.31,25.48,0.0,-0.17,42,33
2012-01-24 17:00:00,17,1504.9,1632.0,51.19,51.65,0.0,-0.46,28.48,28.73,0.0,-0.25,42,31
2012-01-24 18:00:00,18,1512.9,1629.0,37.3,37.6,0.0,-0.3,29.36,29.56,0.0,-0.2,41,31
2012-01-24 19:00:00,19,1472.4,1580.0,34.76,35.1,0.0,-0.34,28.45,28.62,0.0,-0.17,39,31
2012-01-24 20:00:00,20,1400.2,1508.0,30.42,30.68,0.0,-0.26,25.55,25.74,0.0,-0.19,38,31
2012-01-24 21:00:00,21,1291.0,1376.0,29.89,30.1,0.0,-0.21,13.47,13.64,0.0,-0.17,38,31
2012-01-24 22:00:00,22,1152.5,1239.0,29.73,30.01,0.0,-0.28,18.79,18.96,0.0,-0.17,38,27
2012-01-24 23:00:00,23,1020.8,1121.0,27.83,28.09,0.0,-0.26,19.45,19.61,0.0,-0.16,37,26
2012-01-25 00:00:00,0,974.2,1046.0,27.59,27.95,0.0,-0.36,20.14,20.33,0.0,-0.19,36,24
2012-01-25 01:00:00,1,972.9,1009.0,24.89,25.2,0.0,-0.31,19.7,19.9,0.0,-0.2,36,24
2012-01-25 02:00:00,2,954.4,992.0,24.88,25.16,0.0,-0.28,17.99,18.15,0.0,-0.16,36,25
2012-01-25 03:00:00,3,898.6,995.0,24.68,25.0,0.0,-0.32,12.12,12.23,0.0,-0.11,36,25
2012-01-25 04:00:00,4,941.8,1034.0,25.89,26.21,0.0,-0.32,15.49,15.61,0.0,-0.12,35,25
2012-01-25 05:00:00,5,1050.8,1162.0,28.99,29.16,0.0,-0.17,28.04,28.3,0.0,-0.26,35,24
2012-01-25 06:00:00,6,1291.6,1373.0,32.07,32.23,0.0,-0.16,35.26,35.67,0.0,-0.41,35,23
2012-01-25 07:00:00,7,1382.0,1476.0,35.91,36.29,0.0,-0.38,34.03,34.55,0.0,-0.52,34,22
2012-01-25 08:00:00,8,1383.6,1482.0,32.36,32.72,0.0,-0.36,28.2,28.71,0.0,-0.51,34,22
2012-01-25 09:00:00,9,1405.3,1498.0,32.33,32.66,0.0,-0.33,28.12,28.66,0.0,-0.54,34,23
2012-01-25 10:00:00,10,1410.7,1509.0,32.15,32.51,0.0,-0.36,29.43,29.99,0.0,-0.56,35,22
2012-01-25 11:00:00,11,1405.2,1509.0,32.06,32.41,0.0,-0.35,29.63,30.19,0.0,-0.56,36,23
2012-01-25 12:00:00,12,1381.1,1493.0,31.63,31.94,0.0,-0.31,32.71,33.28,0.0,-0.57,36,23
2012-01-25 13:00:00,13,1373.9,1489.0,30.5,30.81,0.0,-0.31,30.05,30.54,0.0,-0.49,36,23
2012-01-25 14:00:00,14,1333.0,1471.0,30.48,30.82,0.0,-0.34,29.04,29.52,0.0,-0.48,36,23
2012-01-25 15:00:00,15,1349.9,1469.0,30.88,31.12,0.0,-0.24,28.26,28.72,0.0,-0.46,36,24
2012-01-25 16:00:00,16,1434.2,1534.0,33.56,33.8,0.0,-0.24,27.72,28.13,0.0,-0.41,36,23
2012-01-25 17:00:00,17,1527.9,1678.0,50.8,51.34,0.0,-0.54,36.52,36.93,0.0,-0.41,34,23
2012-01-25 18:00:00,18,1509.7,1690.0,42.39,42.81,0.0,-0.42,38.7,39.15,0.0,-0.45,32,23
2012-01-25 19:00:00,19,1476.2,1644.0,38.3,38.66,0.0,-0.36,38.41,38.93,0.0,-0.52,32,23
2012-01-25 20:00:00,20,1395.2,1568.0,35.22,35.56,0.0,-0.34,32.0,32.41,0.0,-0.41,31,23
2012-01-25 21:00:00,21,1298.6,1443.0,32.0,32.29,0.0,-0.29,28.62,28.99,0.0,-0.37,31,23
2012-01-25 22:00:00,22,1154.9,1297.0,30.58,30.76,0.0,-0.18,26.16,26.38,0.0,-0.22,31,23
2012-01-25 23:00:00,23,1012.5,1175.0,29.02,29.32,0.0,-0.3,23.86,24.07,0.0,-0.21,32,22
2012-01-26 00:00:00,0,951.2,1101.0,26.49,26.86,0.0,-0.37,21.57,21.84,0.0,-0.27,31,22
2012-01-26 01:00:00,1,916.3,1061.0,21.98,22.33,0.0,-0.35,25.15,25.48,0.0,-0.33,31,21
2012-01-26 02:00:00,2,895.5,1038.0,21.7,21.95,0.0,-0.25,21.7,21.98,0.0,-0.28,30,21
2012-01-26 03:00:00,3,893.4,1039.0,19.89,20.11,0.0,-0.22,19.85,20.07,0.0,-0.22,30,20
2012-01-26 04:00:00,4,928.1,1085.0,25.36,25.65,0.0,-0.29,22.9,23.16,0.0,-0.26,30,20
2012-01-26 05:00:00,5,1032.7,1202.0,30.38,30.54,0.0,-0.16,29.43,29.69,0.0,-0.26,30,21
2012-01-26 06:00:00,6,1268.5,1414.0,32.43,32.53,0.0,-0.1,36.67,36.94,0.0,-0.27,29,20
2012-01-26 07:00:00,7,1377.1,1509.0,33.75,34.0,0.0,-0.25,31.73,32.02,0.0,-0.29,28,20
2012-01-26 08:00:00,8,1369.2,1503.0,32.81,33.07,0.0,-0.26,29.84,30.1,0.0,-0.26,28,19
2012-01-26 09:00:00,9,1389.1,1497.0,33.2,33.48,0.0,-0.28,29.47,29.71,0.0,-0.24,30,19
2012-01-26 10:00:00,10,1399.2,1492.0,33.33,33.66,0.0,-0.33,30.24,30.53,0.0,-0.29,32,19
2012-01-26 11:00:00,11,1390.1,1473.0,33.04,33.38,0.0,-0.34,30.11,30.42,0.0,-0.31,34,18
2012-01-26 12:00:00,12,1379.2,1452.0,31.92,32.22,0.0,-0.3,29.9,30.24,0.0,-0.34,37,18
2012-01-26 13:00:00,13,1359.8,1441.0,32.27,32.58,0.0,-0.31,29.83,30.18,0.0,-0.35,37,18
2012-01-26 14:00:00,14,1337.2,1422.0,32.32,32.63,0.0,-0.31,30.25,30.63,0.0,-0.38,38,18
2012-01-26 15:00:00,15,1343.0,1437.0,32.34,32.6,0.0,-0.26,30.06,30.39,0.0,-0.33,38,19
2012-01-26 16:00:00,16,1419.9,1520.0,34.4,34.68,0.0,-0.28,34.52,34.9,0.0,-0.38,37,19
2012-01-26 17:00:00,17,1552.9,1646.0,45.49,45.87,0.0,-0.38,45.04,45.59,0.0,-0.55,37,16
2012-01-26 18:00:00,18,1509.1,1652.0,38.59,38.91,0.0,-0.32,39.16,39.59,0.0,-0.43,34,21
2012-01-26 19:00:00,19,1428.5,1623.0,35.4,35.75,0.0,-0.35,38.91,39.31,0.0,-0.4,31,26
2012-01-26 20:00:00,20,1365.1,1552.0,33.04,33.36,0.0,-0.32,33.49,33.79,0.0,-0.3,30,28
2012-01-26 21:00:00,21,1264.0,1430.0,31.77,31.84,0.0,-0.07,28.98,29.13,0.0,-0.15,30,29
2012-01-26 22:00:00,22,1122.6,1288.0,30.24,30.53,-0.15,-0.14,28.54,28.7,0.0,-0.16,30,29
2012-01-26 23:00:00,23,956.5,1164.0,30.14,30.42,0.0,-0.28,29.6,29.88,0.0,-0.28,30,29
2012-01-27 00:00:00,0,915.0,1084.0,26.59,27.0,0.0,-0.41,27.64,27.93,0.0,-0.29,31,30
2012-01-27 01:00:00,1,906.0,1043.0,24.77,25.18,0.0,-0.41,29.89,30.23,0.0,-0.34,32,31
2012-01-27 02:00:00,2,888.7,1020.0,22.51,22.86,0.0,-0.35,26.0,26.28,0.0,-0.28,32,31
2012-01-27 03:00:00,3,840.9,1012.0,22.46,22.82,0.0,-0.36,24.59,24.9,0.0,-0.31,32,32
2012-01-27 04:00:00,4,920.6,1049.0,22.92,23.27,0.0,-0.35,23.67,23.99,0.0,-0.32,33,32
2012-01-27 05:00:00,5,950.3,1158.0,26.03,26.53,0.0,-0.5,22.84,23.12,0.0,-0.28,34,32
2012-01-27 06:00:00,6,1171.4,1345.0,29.45,29.78,0.0,-0.33,33.08,33.36,0.02,-0.3,34,33
2012-01-27 07:00:00,7,1300.6,1462.0,31.24,31.67,0.0,-0.43,33.13,33.52,0.0,-0.39,34,33
2012-01-27 08:00:00,8,1311.0,1504.0,34.26,34.83,0.0,-0.57,33.56,34.05,0.0,-0.49,34,33
2012-01-27 09:00:00,9,1338.2,1530.0,35.15,35.7,0.0,-0.55,36.83,37.37,0.0,-0.54,35,34
2012-01-27 10:00:00,10,1352.2,1545.0,35.1,35.67,0.0,-0.57,35.7,36.24,0.0,-0.54,35,34
2012-01-27 11:00:00,11,1342.2,1544.0,34.34,34.93,0.0,-0.59,37.21,37.77,0.0,-0.56,36,35
2012-01-27 12:00:00,12,1328.2,1534.0,32.14,32.68,0.0,-0.54,34.36,34.84,0.0,-0.48,36,34
2012-01-27 13:00:00,13,1320.3,1522.0,30.42,30.89,0.0,-0.47,36.81,37.23,0.0,-0.42,35,34
2012-01-27 14:00:00,14,1307.4,1498.0,29.17,29.61,0.0,-0.44,35.24,35.63,0.0,-0.39,35,34
2012-01-27 15:00:00,15,1329.9,1494.0,28.95,29.35,0.0,-0.4,32.81,33.17,0.0,-0.36,34,33
2012-01-27 16:00:00,16,1391.4,1546.0,34.7,35.24,0.0,-0.54,41.12,41.61,0.0,-0.49,34,34
2012-01-27 17:00:00,17,1504.3,1622.0,40.57,41.53,-0.24,-0.72,58.61,59.34,0.0,-0.73,33,33
2012-01-27 18:00:00,18,1457.2,1600.0,36.99,37.7,0.0,-0.71,35.85,36.4,0.0,-0.55,34,33
2012-01-27 19:00:00,19,1402.5,1540.0,30.56,31.17,0.0,-0.61,34.41,34.96,0.0,-0.55,33,33
2012-01-27 20:00:00,20,1340.5,1470.0,28.85,29.41,0.0,-0.56,28.37,28.81,0.0,-0.44,34,33
2012-01-27 21:00:00,21,1240.2,1376.0,27.98,28.57,0.0,-0.59,25.7,26.12,0.0,-0.42,38,34
2012-01-27 22:00:00,22,1129.2,1261.0,27.2,27.74,0.0,-0.54,24.06,24.46,0.0,-0.4,38,31
2012-01-27 23:00:00,23,979.7,1144.0,27.03,27.71,0.0,-0.68,26.46,27.03,0.0,-0.57,38,31
2012-01-28 00:00:00,0,928.9,1060.0,26.98,27.43,0.0,-0.45,23.69,24.18,0.0,-0.49,37,29
2012-01-28 01:00:00,1,880.3,1017.0,26.69,27.12,0.0,-0.43,25.27,25.71,0.0,-0.44,37,28
2012-01-28 02:00:00,2,832.4,987.0,26.1,26.55,0.0,-0.45,24.88,25.35,0.0,-0.47,37,28
2012-01-28 03:00:00,3,814.7,980.0,25.98,26.44,0.0,-0.46,23.75,24.17,0.0,-0.42,37,27
2012-01-28 04:00:00,4,846.0,993.0,25.17,25.64,0.0,-0.47,24.35,24.79,0.0,-0.44,37,26
2012-01-28 05:00:00,5,885.5,1040.0,26.25,26.73,0.0,-0.48,25.25,25.69,0.0,-0.44,37,25
2012-01-28 06:00:00,6,973.2,1121.0,26.74,27.2,0.0,-0.46,25.24,25.65,0.0,-0.41,36,24
2012-01-28 07:00:00,7,1086.4,1213.0,27.84,28.26,0.0,-0.42,23.74,24.2,0.0,-0.46,35,23
2012-01-28 08:00:00,8,1158.8,1300.0,31.06,31.75,0.0,-0.69,26.38,26.96,0.0,-0.58,35,24
2012-01-28 09:00:00,9,1211.6,1357.0,35.06,35.82,0.0,-0.76,28.41,28.99,0.0,-0.58,36,24
2012-01-28 10:00:00,10,1212.6,1377.0,36.12,36.91,0.0,-0.79,30.34,30.98,0.0,-0.64,37,24
2012-01-28 11:00:00,11,1196.5,1365.0,33.19,33.95,0.0,-0.76,29.78,30.43,0.0,-0.65,39,25
2012-01-28 12:00:00,12,1217.3,1336.0,30.53,31.15,0.0,-0.62,28.12,28.67,0.0,-0.55,41,25
2012-01-28 13:00:00,13,1194.5,1300.0,29.29,29.93,0.0,-0.64,23.95,24.42,0.0,-0.47,42,24
2012-01-28 14:00:00,14,1178.1,1272.0,29.22,29.84,0.0,-0.62,18.55,18.91,0.0,-0.36,43,25
2012-01-28 15:00:00,15,1188.2,1281.0,29.3,29.92,0.0,-0.62,22.77,23.14,0.0,-0.37,44,25
2012-01-28 16:00:00,16,1287.9,1346.0,29.85,30.35,0.0,-0.5,24.88,25.25,0.0,-0.37,42,25
2012-01-28 17:00:00,17,1413.8,1482.0,40.22,40.91,0.0,-0.69,34.32,34.73,0.0,-0.41,40,25
2012-01-28 18:00:00,18,1363.2,1487.0,39.1,39.85,0.0,-0.75,33.25,33.72,0.0,-0.47,38,25
2012-01-28 19:00:00,19,1303.4,1435.0,35.07,35.74,0.0,-0.67,28.7,29.12,0.0,-0.42,34,24
2012-01-28 20:00:00,20,1247.8,1378.0,33.6,34.15,0.0,-0.55,28.41,28.78,0.0,-0.37,34,25
2012-01-28 21:00:00,21,1182.4,1296.0,30.96,31.56,0.0,-0.6,27.03,27.43,0.0,-0.4,34,26
2012-01-28 22:00:00,22,1083.9,1196.0,30.33,30.74,0.0,-0.41,25.4,25.72,0.0,-0.32,33,26
2012-01-28 23:00:00,23,951.7,1100.0,28.78,29.15,0.0,-0.37,25.92,26.17,0.0,-0.25,38,28
2012-01-29 00:00:00,0,900.5,1023.0,27.03,27.52,0.0,-0.49,23.04,23.39,0.0,-0.35,37,28
2012-01-29 01:00:00,1,862.6,983.0,26.75,27.23,0.0,-0.48,22.26,22.61,0.0,-0.35,36,25
2012-01-29 02:00:00,2,820.0,960.0,25.8,26.27,0.0,-0.47,19.87,20.14,0.0,-0.27,36,17
2012-01-29 03:00:00,3,820.4,959.0,25.71,26.19,0.0,-0.48,19.86,20.13,0.0,-0.27,34,16
2012-01-29 04:00:00,4,851.6,975.0,24.72,25.17,0.0,-0.45,21.89,22.2,0.0,-0.31,33,15
2012-01-29 05:00:00,5,877.6,1009.0,26.48,26.97,0.0,-0.49,24.31,24.73,0.0,-0.42,32,13
2012-01-29 06:00:00,6,943.2,1069.0,26.56,27.12,0.0,-0.56,22.45,22.92,0.0,-0.47,31,13
2012-01-29 07:00:00,7,1036.7,1141.0,26.65,27.15,0.0,-0.5,21.52,21.89,0.0,-0.37,30,14
2012-01-29 08:00:00,8,1123.1,1239.0,27.23,27.9,0.0,-0.67,24.74,25.25,0.0,-0.51,31,13
2012-01-29 09:00:00,9,1189.6,1302.0,28.62,29.25,0.0,-0.63,26.03,26.53,0.0,-0.5,33,14
2012-01-29 10:00:00,10,1218.6,1332.0,30.3,31.02,0.0,-0.72,26.48,27.02,0.0,-0.54,35,15
2012-01-29 11:00:00,11,1212.4,1343.0,28.79,29.65,0.0,-0.86,26.14,26.7,0.0,-0.56,36,14
2012-01-29 12:00:00,12,1205.1,1331.0,28.44,29.2,0.0,-0.76,25.93,26.45,0.0,-0.52,37,16
2012-01-29 13:00:00,13,1184.8,1304.0,27.77,28.54,0.0,-0.77,24.5,25.01,0.0,-0.51,38,14
2012-01-29 14:00:00,14,1172.0,1285.0,27.22,27.96,0.0,-0.74,20.6,20.97,0.0,-0.37,39,13
2012-01-29 15:00:00,15,1183.7,1297.0,28.02,28.79,0.0,-0.77,20.42,20.73,0.0,-0.31,39,14
2012-01-29 16:00:00,16,1286.2,1378.0,29.3,29.89,0.0,-0.59,26.78,27.19,0.0,-0.41,38,15
2012-01-29 17:00:00,17,1417.8,1541.0,42.34,43.3,0.0,-0.96,38.92,39.61,0.0,-0.69,35,15
2012-01-29 18:00:00,18,1407.7,1556.0,36.2,37.0,0.0,-0.8,37.72,38.43,0.0,-0.71,28,16
2012-01-29 19:00:00,19,1341.1,1500.0,36.12,36.98,0.0,-0.86,31.82,32.42,0.0,-0.6,30,16
2012-01-29 20:00:00,20,1278.4,1422.0,35.37,36.28,0.0,-0.91,33.41,34.09,0.0,-0.68,25,18
2012-01-29 21:00:00,21,1183.5,1314.0,30.65,31.6,0.0,-0.95,27.58,28.2,0.0,-0.62,27,15
2012-01-29 22:00:00,22,1072.1,1192.0,28.46,29.02,0.0,-0.56,24.16,24.62,0.0,-0.46,31,17
2012-01-29 23:00:00,23,965.5,1095.0,27.18,27.57,0.0,-0.39,22.8,23.12,0.0,-0.32,25,16
2012-01-30 00:00:00,0,929.0,1037.0,24.93,25.35,0.0,-0.42,21.59,21.89,0.0,-0.3,22,16
2012-01-30 01:00:00,1,867.8,1007.0,22.82,23.24,0.0,-0.42,21.84,22.17,0.0,-0.33,22,19
2012-01-30 02:00:00,2,862.9,999.0,21.73,22.08,0.0,-0.35,23.25,23.61,0.0,-0.36,27,17
2012-01-30 03:00:00,3,867.1,1002.0,21.62,21.94,0.0,-0.32,21.63,21.96,0.0,-0.33,28,17
2012-01-30 04:00:00,4,914.8,1051.0,23.69,24.06,0.0,-0.37,25.07,25.44,0.0,-0.37,29,20
2012-01-30 05:00:00,5,1027.9,1168.0,30.73,31.2,-0.11,-0.36,22.03,22.29,0.0,-0.26,27,20
2012-01-30 06:00:00,6,1276.4,1393.0,31.71,33.07,-1.31,-0.05,31.65,31.94,0.0,-0.29,26,20
2012-01-30 07:00:00,7,1355.6,1492.0,35.08,35.58,0.0,-0.5,34.28,34.88,0.0,-0.6,27,22
2012-01-30 08:00:00,8,1383.0,1501.0,33.29,33.8,0.0,-0.51,29.3,29.82,0.0,-0.52,28,25
2012-01-30 09:00:00,9,1405.9,1519.0,35.55,36.01,0.0,-0.46,28.86,29.3,0.0,-0.44,30,21
2012-01-30 10:00:00,10,1422.3,1530.0,35.57,35.94,0.0,-0.37,30.43,30.85,0.0,-0.42,28,21
2012-01-30 11:00:00,11,1407.9,1524.0,35.17,35.53,0.0,-0.36,30.28,30.69,0.0,-0.41,31,16
2012-01-30 12:00:00,12,1397.6,1509.0,32.65,33.02,0.0,-0.37,31.28,31.68,0.0,-0.4,33,12
2012-01-30 13:00:00,13,1383.8,1500.0,31.86,32.24,0.0,-0.38,30.6,30.99,0.0,-0.39,34,11
2012-01-30 14:00:00,14,1362.8,1483.0,31.42,31.82,0.0,-0.4,28.69,29.08,0.0,-0.39,31,12
2012-01-30 15:00:00,15,1374.7,1488.0,31.84,32.28,0.0,-0.44,27.97,28.38,0.0,-0.41,30,13
2012-01-30 16:00:00,16,1430.5,1551.0,38.38,38.82,0.0,-0.44,31.89,32.31,0.0,-0.42,31,12
2012-01-30 17:00:00,17,1574.1,1701.0,62.99,63.7,0.0,-0.71,60.57,61.33,0.0,-0.76,29,9
2012-01-30 18:00:00,18,1545.7,1717.0,54.16,54.89,0.0,-0.73,49.25,49.94,0.0,-0.69,27,11
2012-01-30 19:00:00,19,1492.2,1669.0,44.1,44.69,0.0,-0.59,37.82,38.43,0.0,-0.61,25,13
2012-01-30 20:00:00,20,1418.9,1588.0,38.7,39.25,0.0,-0.55,36.15,36.79,0.0,-0.64,23,13
2012-01-30 21:00:00,21,1316.9,1466.0,35.67,36.39,0.0,-0.72,28.63,29.1,0.0,-0.47,21,14
2012-01-30 22:00:00,22,1195.4,1322.0,28.92,29.42,0.0,-0.5,30.95,31.35,0.0,-0.4,19,14
2012-01-30 23:00:00,23,1032.5,1204.0,29.46,29.99,0.0,-0.53,36.22,36.59,0.0,-0.37,18,14
2012-01-31 00:00:00,0,926.5,1128.0,27.55,28.02,0.0,-0.47,30.66,31.03,0.0,-0.37,18,14
2012-01-31 01:00:00,1,886.1,1091.0,26.88,27.27,0.0,-0.39,27.84,28.12,0.0,-0.28,19,16
2012-01-31 02:00:00,2,873.8,1075.0,24.85,25.18,0.0,-0.33,27.33,27.57,0.0,-0.24,20,17
2012-01-31 03:00:00,3,874.4,1086.0,24.67,25.04,0.0,-0.37,25.98,26.19,0.0,-0.21,21,17
2012-01-31 04:00:00,4,920.4,1125.0,27.07,27.41,0.0,-0.34,28.04,28.29,0.0,-0.25,22,18
2012-01-31 05:00:00,5,1034.6,1245.0,27.95,28.2,0.0,-0.25,33.19,33.45,0.0,-0.26,23,21
2012-01-31 06:00:00,6,1250.7,1454.0,30.11,30.33,0.0,-0.22,33.33,33.57,0.0,-0.24,24,21
2012-01-31 07:00:00,7,1394.4,1548.0,33.53,34.0,0.0,-0.47,32.95,33.3,0.0,-0.35,24,22
2012-01-31 08:00:00,8,1339.5,1549.0,30.18,30.64,0.0,-0.46,31.1,31.49,0.0,-0.39,25,22
2012-01-31 09:00:00,9,1385.2,1561.0,30.51,30.95,0.0,-0.44,29.04,29.35,0.0,-0.31,26,23
2012-01-31 10:00:00,10,1456.0,1575.0,32.36,32.75,0.0,-0.39,28.01,28.27,0.0,-0.26,27,24
2012-01-31 11:00:00,11,1448.9,1572.0,30.63,30.98,0.0,-0.35,27.39,27.62,0.0,-0.23,28,24
2012-01-31 12:00:00,12,1397.6,1552.0,30.48,30.85,0.0,-0.37,26.66,26.82,0.0,-0.16,29,25
2012-01-31 13:00:00,13,1381.2,1527.0,29.19,29.58,0.0,-0.39,26.31,26.48,0.0,-0.17,29,26
2012-01-31 14:00:00,14,1338.7,1487.0,28.75,29.13,0.0,-0.38,25.85,26.03,0.0,-0.18,30,26
2012-01-31 15:00:00,15,1351.5,1478.0,28.76,29.13,0.0,-0.37,25.63,25.83,0.0,-0.2,31,27
2012-01-31 16:00:00,16,1423.1,1536.0,30.02,30.42,0.0,-0.4,26.14,26.35,0.0,-0.21,30,26
2012-01-31 17:00:00,17,1544.9,1672.0,40.82,41.34,0.0,-0.52,35.0,35.31,0.0,-0.31,30,25
2012-01-31 18:00:00,18,1494.1,1685.0,36.68,37.23,0.0,-0.55,30.61,30.9,0.0,-0.29,29,25
2012-01-31 19:00:00,19,1452.6,1637.0,38.06,38.59,0.0,-0.53,35.6,36.05,0.0,-0.45,29,27
2012-01-31 20:00:00,20,1393.4,1553.0,31.9,32.35,0.0,-0.45,29.48,29.91,0.0,-0.43,28,26
2012-01-31 21:00:00,21,1250.1,1428.0,29.49,29.82,0.0,-0.33,25.25,25.58,0.0,-0.33,28,25
2012-01-31 22:00:00,22,1095.0,1276.0,27.69,28.19,0.0,-0.5,20.36,20.7,0.0,-0.34,28,25
2012-01-31 23:00:00,23,928.0,1156.0,27.58,27.96,0.0,-0.38,18.64,18.94,0.0,-0.3,27,25
2012-02-01 00:00:00,0,850.1,1082.0,24.18,24.55,0.0,-0.37,20.23,20.53,0.0,-0.3,27,25
2012-02-01 01:00:00,1,814.4,1038.0,22.71,23.0,0.0,-0.29,22.29,22.56,0.0,-0.27,27,25
2012-02-01 02:00:00,2,798.2,1019.0,21.55,21.85,0.0,-0.3,23.14,23.34,0.0,-0.2,27,26
2012-02-01 03:00:00,3,792.9,1023.0,21.39,21.71,0.0,-0.32,24.43,24.59,0.0,-0.16,27,26
2012-02-01 04:00:00,4,837.1,1055.0,21.82,22.09,0.0,-0.27,21.76,21.92,0.0,-0.16,27,26
2012-02-01 05:00:00,5,936.5,1179.0,24.77,24.95,0.0,-0.18,20.74,20.86,0.0,-0.12,27,27
2012-02-01 06:00:00,6,1175.1,1387.0,26.69,26.9,0.0,-0.21,24.99,25.12,0.0,-0.13,27,27
2012-02-01 07:00:00,7,1258.0,1487.0,27.51,27.85,0.0,-0.34,28.29,28.47,0.0,-0.18,27,26
2012-02-01 08:00:00,8,1276.0,1486.0,27.45,27.87,0.0,-0.42,26.58,26.78,0.0,-0.2,27,27
2012-02-01 09:00:00,9,1288.6,1496.0,27.45,27.86,0.0,-0.41,23.76,23.91,0.0,-0.15,28,28
2012-02-01 10:00:00,10,1320.1,1508.0,27.45,27.79,0.0,-0.34,24.08,24.23,0.0,-0.15,29,28
2012-02-01 11:00:00,11,1313.8,1510.0,27.47,27.83,0.0,-0.36,25.08,25.25,0.0,-0.17,30,28
2012-02-01 12:00:00,12,1299.9,1493.0,27.33,27.6,0.0,-0.27,28.21,28.33,0.0,-0.12,30,30
2012-02-01 13:00:00,13,1295.4,1472.0,26.54,26.79,0.0,-0.25,28.89,29.0,0.0,-0.11,32,31
2012-02-01 14:00:00,14,1251.7,1436.0,26.42,26.69,0.0,-0.27,24.03,24.1,0.0,-0.07,35,33
2012-02-01 15:00:00,15,1278.0,1425.0,25.78,25.97,0.0,-0.19,22.06,22.14,0.0,-0.08,41,35
2012-02-01 16:00:00,16,1355.2,1470.0,27.51,27.81,0.0,-0.3,21.83,21.99,0.0,-0.16,44,37
2012-02-01 17:00:00,17,1489.5,1607.0,38.44,38.94,0.0,-0.5,27.95,28.14,0.0,-0.19,41,36
2012-02-01 18:00:00,18,1423.3,1627.0,32.75,33.26,0.0,-0.51,34.49,34.81,0.0,-0.32,33,32
2012-02-01 19:00:00,19,1409.2,1581.0,30.4,30.77,0.0,-0.37,35.29,35.72,0.0,-0.43,31,30
2012-02-01 20:00:00,20,1333.9,1501.0,27.48,27.82,0.0,-0.34,27.8,28.11,0.0,-0.31,38,33
2012-02-01 21:00:00,21,1189.3,1377.0,27.49,27.73,0.0,-0.24,25.8,25.92,0.0,-0.12,44,32
2012-02-01 22:00:00,22,1055.9,1229.0,25.73,25.93,0.0,-0.2,24.07,24.15,0.0,-0.08,41,31
2012-02-01 23:00:00,23,929.7,1109.0,24.08,24.33,0.0,-0.25,21.89,21.97,0.0,-0.08,40,30
2012-02-02 00:00:00,0,861.2,1032.0,21.51,21.85,0.0,-0.34,21.32,21.47,0.0,-0.15,39,29
2012-02-02 01:00:00,1,818.8,996.0,21.39,21.71,0.0,-0.32,24.13,24.33,0.0,-0.2,38,29
2012-02-02 02:00:00,2,809.5,976.0,20.51,20.82,0.0,-0.31,22.65,22.85,0.0,-0.2,39,29
2012-02-02 03:00:00,3,824.4,980.0,20.02,20.3,0.0,-0.28,22.68,22.84,0.0,-0.16,39,29
2012-02-02 04:00:00,4,853.3,1010.0,20.87,21.12,0.0,-0.25,21.67,21.84,0.0,-0.17,39,28
2012-02-02 05:00:00,5,951.0,1133.0,25.06,25.28,0.0,-0.22,17.66,17.75,0.0,-0.09,38,30
2012-02-02 06:00:00,6,1188.7,1355.0,27.59,27.72,0.0,-0.13,27.14,27.23,0.0,-0.09,37,29
2012-02-02 07:00:00,7,1272.2,1455.0,29.47,29.73,0.0,-0.26,27.65,27.8,0.0,-0.15,36,28
2012-02-02 08:00:00,8,1285.6,1464.0,27.68,27.98,0.0,-0.3,26.18,26.39,0.0,-0.21,35,26
2012-02-02 09:00:00,9,1308.7,1474.0,27.52,27.78,0.0,-0.26,26.33,26.54,0.0,-0.21,35,25
2012-02-02 10:00:00,10,1317.5,1491.0,27.5,27.75,0.0,-0.25,28.09,28.34,0.0,-0.25,36,24
2012-02-02 11:00:00,11,1309.5,1493.0,27.46,27.76,0.0,-0.3,28.23,28.5,0.0,-0.27,37,24
2012-02-02 12:00:00,12,1284.7,1486.0,27.54,27.79,0.0,-0.25,29.51,29.7,0.0,-0.19,37,23
2012-02-02 13:00:00,13,1268.2,1486.0,27.51,27.77,0.0,-0.26,31.22,31.44,0.0,-0.22,36,23
2012-02-02 14:00:00,14,1250.5,1478.0,27.43,27.67,0.0,-0.24,32.6,32.82,0.0,-0.22,36,23
2012-02-02 15:00:00,15,1264.2,1487.0,27.58,27.82,0.0,-0.24,28.12,28.33,0.0,-0.21,34,22
2012-02-02 16:00:00,16,1343.6,1557.0,29.08,29.36,0.0,-0.28,32.14,32.43,0.0,-0.29,33,21
2012-02-02 17:00:00,17,1461.2,1661.0,41.77,42.31,0.0,-0.54,51.61,52.11,0.0,-0.5,32,20
2012-02-02 18:00:00,18,1406.8,1671.0,36.92,37.45,0.0,-0.53,46.29,46.73,0.0,-0.44,31,19
2012-02-02 19:00:00,19,1405.9,1629.0,33.61,33.99,0.0,-0.38,34.05,34.35,0.0,-0.3,30,20
2012-02-02 20:00:00,20,1349.4,1558.0,29.33,29.66,0.0,-0.33,30.84,31.11,0.0,-0.27,30,18
2012-02-02 21:00:00,21,1234.0,1439.0,27.64,27.78,0.0,-0.14,27.9,28.04,0.0,-0.14,29,18
2012-02-02 22:00:00,22,1079.7,1295.0,27.43,27.64,0.0,-0.21,31.36,31.5,0.0,-0.14,29,18
2012-02-02 23:00:00,23,959.7,1177.0,25.06,25.4,0.0,-0.34,32.47,32.62,0.0,-0.15,28,17
2012-02-03 00:00:00,0,943.9,1104.0,28.06,28.47,-0.25,-0.16,25.29,25.42,0.0,-0.13,27,17
2012-02-03 01:00:00,1,906.0,1065.0,25.83,26.13,-0.2,-0.1,23.19,23.3,0.0,-0.11,26,15
2012-02-03 02:00:00,2,890.4,1049.0,25.25,25.37,0.0,-0.12,22.98,23.09,0.0,-0.11,25,15
2012-02-03 03:00:00,3,890.9,1056.0,24.37,24.52,0.0,-0.15,23.01,23.13,0.0,-0.12,23,14
2012-02-03 04:00:00,4,928.2,1094.0,25.91,26.31,-0.31,-0.09,23.3,23.44,0.0,-0.14,22,13
2012-02-03 05:00:00,5,1028.0,1217.0,28.1,28.55,-0.39,-0.06,24.98,25.17,0.0,-0.19,21,12
2012-02-03 06:00:00,6,1257.9,1424.0,31.38,31.69,0.0,-0.31,28.44,28.62,0.0,-0.18,19,11
2012-02-03 07:00:00,7,1347.1,1513.0,33.77,34.2,0.0,-0.43,31.4,31.66,0.0,-0.26,18,11
2012-02-03 08:00:00,8,1334.7,1522.0,31.48,31.85,0.0,-0.37,33.27,33.64,0.0,-0.37,20,11
2012-02-03 09:00:00,9,1348.0,1525.0,31.47,31.8,0.0,-0.33,30.05,30.34,0.0,-0.29,22,10
2012-02-03 10:00:00,10,1353.9,1522.0,31.48,31.81,0.0,-0.33,31.46,31.75,0.0,-0.29,25,11
2012-02-03 11:00:00,11,1339.0,1505.0,31.47,31.85,0.0,-0.38,30.65,30.95,0.0,-0.3,28,11
2012-02-03 12:00:00,12,1319.5,1473.0,30.96,31.23,0.0,-0.27,29.03,29.25,0.0,-0.22,32,10
2012-02-03 13:00:00,13,1294.6,1453.0,30.7,31.02,0.0,-0.32,28.65,28.85,0.0,-0.2,33,9
2012-02-03 14:00:00,14,1282.4,1432.0,28.86,29.13,0.0,-0.27,26.97,27.13,0.0,-0.16,33,10
2012-02-03 15:00:00,15,1291.7,1428.0,28.81,29.04,0.0,-0.23,26.79,26.96,0.0,-0.17,35,12
2012-02-03 16:00:00,16,1347.6,1475.0,31.84,32.22,0.0,-0.38,28.14,28.42,0.0,-0.28,34,12
2012-02-03 17:00:00,17,1452.7,1598.0,39.78,40.32,0.0,-0.54,30.85,31.12,0.0,-0.27,32,13
2012-02-03 18:00:00,18,1439.0,1614.0,36.88,37.42,0.0,-0.54,32.1,32.44,0.0,-0.34,30,14
2012-02-03 19:00:00,19,1393.9,1567.0,34.84,35.41,0.0,-0.57,31.56,31.87,0.0,-0.31,26,14
2012-02-03 20:00:00,20,1334.2,1503.0,31.83,32.31,0.0,-0.48,32.95,33.35,0.0,-0.4,25,18
2012-02-03 21:00:00,21,1251.0,1410.0,29.23,29.5,0.0,-0.27,28.14,28.41,0.0,-0.27,26,19
2012-02-03 22:00:00,22,1135.5,1293.0,29.85,30.5,-0.44,-0.21,25.91,26.06,0.0,-0.15,27,19
2012-02-03 23:00:00,23,981.9,1169.0,28.83,29.04,-0.03,-0.18,24.61,24.79,0.0,-0.18,28,18
2012-02-04 00:00:00,0,904.6,1081.0,27.21,27.41,0.0,-0.2,25.31,25.47,0.0,-0.16,27,20
2012-02-04 01:00:00,1,864.3,1040.0,27.13,27.32,0.0,-0.19,28.04,28.12,0.0,-0.08,23,19
2012-02-04 02:00:00,2,836.0,1017.0,24.81,25.03,0.0,-0.22,25.07,25.2,0.0,-0.13,22,18
2012-02-04 03:00:00,3,799.8,1010.0,25.07,25.3,0.0,-0.23,24.48,24.64,0.0,-0.16,23,19
2012-02-04 04:00:00,4,818.0,1018.0,25.25,25.47,0.0,-0.22,25.17,25.35,0.0,-0.18,25,21
2012-02-04 05:00:00,5,897.5,1062.0,25.73,25.89,0.0,-0.16,24.85,25.1,0.0,-0.25,26,21
2012-02-04 06:00:00,6,971.1,1142.0,25.87,26.2,0.0,-0.33,25.87,26.11,0.0,-0.24,26,21
2012-02-04 07:00:00,7,1073.7,1236.0,28.3,28.7,0.0,-0.4,28.28,28.57,0.0,-0.29,24,21
2012-02-04 08:00:00,8,1183.8,1331.0,29.6,30.01,0.0,-0.41,29.38,29.7,0.0,-0.32,27,22
2012-02-04 09:00:00,9,1222.7,1392.0,30.99,31.56,0.0,-0.57,27.19,27.54,0.0,-0.35,31,20
2012-02-04 10:00:00,10,1210.0,1415.0,31.47,32.06,0.0,-0.59,29.13,29.55,0.0,-0.42,32,18
2012-02-04 11:00:00,11,1221.1,1396.0,31.33,31.87,0.0,-0.54,29.44,29.82,0.0,-0.38,33,17
2012-02-04 12:00:00,12,1191.2,1366.0,30.8,31.27,0.0,-0.47,29.54,29.87,0.0,-0.33,34,13
2012-02-04 13:00:00,13,1136.4,1338.0,29.45,29.9,0.0,-0.45,27.68,27.98,0.0,-0.3,34,10
2012-02-04 14:00:00,14,1117.2,1320.0,27.71,28.12,0.0,-0.41,26.73,27.02,0.0,-0.29,33,9
2012-02-04 15:00:00,15,1114.8,1319.0,27.53,27.93,0.0,-0.4,27.42,27.72,0.0,-0.3,36,10
2012-02-04 16:00:00,16,1203.7,1377.0,30.28,30.75,0.0,-0.47,28.3,28.61,0.0,-0.31,33,8
2012-02-04 17:00:00,17,1333.0,1522.0,38.6,39.34,0.0,-0.74,33.52,33.89,0.0,-0.37,31,7
2012-02-04 18:00:00,18,1304.9,1551.0,41.62,42.52,0.0,-0.9,29.57,29.88,0.0,-0.31,29,8
2012-02-04 19:00:00,19,1283.2,1507.0,34.97,35.68,0.0,-0.71,29.63,29.96,0.0,-0.33,27,8
2012-02-04 20:00:00,20,1252.4,1452.0,32.59,33.2,0.0,-0.61,37.61,38.18,0.0,-0.57,25,8
2012-02-04 21:00:00,21,1156.6,1369.0,30.68,31.25,0.0,-0.57,31.21,31.63,0.0,-0.42,24,9
2012-02-04 22:00:00,22,1084.0,1267.0,30.11,30.74,0.0,-0.63,26.58,26.96,0.0,-0.38,22,9
2012-02-04 23:00:00,23,936.1,1167.0,29.05,29.58,0.0,-0.53,25.35,25.64,0.0,-0.29,22,8
2012-02-05 00:00:00,0,928.5,1097.0,27.17,27.46,0.0,-0.29,26.3,26.53,0.0,-0.23,20,8
2012-02-05 01:00:00,1,884.6,1059.0,27.22,27.49,0.0,-0.27,26.51,26.71,0.0,-0.2,19,8
2012-02-05 02:00:00,2,860.1,1041.0,26.18,26.42,0.0,-0.24,25.95,26.16,0.0,-0.21,17,8
2012-02-05 03:00:00,3,854.6,1038.0,26.14,26.43,0.0,-0.29,25.02,25.23,0.0,-0.21,17,7
2012-02-05 04:00:00,4,872.6,1051.0,26.13,26.39,0.0,-0.26,25.38,25.58,0.0,-0.2,17,7
2012-02-05 05:00:00,5,893.4,1090.0,26.35,26.62,0.0,-0.27,26.3,26.49,0.0,-0.19,16,7
2012-02-05 06:00:00,6,950.2,1147.0,26.46,26.71,0.0,-0.25,31.92,32.17,0.0,-0.25,15,7
2012-02-05 07:00:00,7,1036.3,1227.0,28.11,28.37,0.0,-0.26,28.93,29.17,0.0,-0.24,12,6
2012-02-05 08:00:00,8,1152.9,1327.0,29.4,29.86,0.0,-0.46,28.4,28.66,0.0,-0.26,16,10
2012-02-05 09:00:00,9,1227.5,1386.0,29.05,29.48,0.0,-0.43,30.68,30.99,0.0,-0.31,20,10
2012-02-05 10:00:00,10,1215.3,1404.0,28.97,29.42,0.0,-0.45,35.36,35.73,0.0,-0.37,23,9
2012-02-05 11:00:00,11,1212.6,1404.0,29.33,29.75,0.0,-0.42,36.48,36.87,0.0,-0.39,27,9
2012-02-05 12:00:00,12,1195.4,1391.0,29.15,29.52,0.0,-0.37,37.06,37.42,0.0,-0.36,30,8
2012-02-05 13:00:00,13,1108.2,1362.0,28.39,28.82,0.0,-0.43,33.73,34.12,0.0,-0.39,33,7
2012-02-05 14:00:00,14,1118.1,1344.0,27.85,28.21,0.0,-0.36,28.35,28.61,0.0,-0.26,35,6
2012-02-05 15:00:00,15,1086.9,1362.0,28.53,28.99,0.0,-0.46,30.12,30.37,0.0,-0.25,34,7
2012-02-05 16:00:00,16,1207.7,1427.0,30.79,31.26,0.0,-0.47,38.53,38.93,0.0,-0.4,33,6
2012-02-05 17:00:00,17,1388.7,1557.0,42.14,42.84,0.0,-0.7,53.37,53.86,0.0,-0.49,30,7
2012-02-05 18:00:00,18,1290.8,1520.0,36.09,36.8,0.0,-0.71,36.25,36.61,0.0,-0.36,29,10
2012-02-05 19:00:00,19,1231.5,1425.0,32.72,33.43,0.0,-0.71,32.54,32.95,0.0,-0.41,27,10
2012-02-05 20:00:00,20,1233.8,1377.0,30.74,31.3,0.0,-0.56,36.74,37.29,0.0,-0.55,25,11
2012-02-05 21:00:00,21,1146.7,1306.0,30.12,30.66,0.0,-0.54,29.02,29.41,0.0,-0.39,26,10
2012-02-05 22:00:00,22,1034.4,1258.0,29.97,30.23,0.0,-0.26,33.23,33.64,0.0,-0.41,21,11
2012-02-05 23:00:00,23,914.9,1143.0,29.36,29.66,0.0,-0.3,36.89,37.15,0.0,-0.26,18,13
2012-02-06 00:00:00,0,853.4,1068.0,30.47,30.86,0.0,-0.39,34.98,35.37,0.0,-0.39,23,12
2012-02-06 01:00:00,1,791.0,1028.0,30.46,30.85,0.0,-0.39,30.89,31.18,0.0,-0.29,22,12
2012-02-06 02:00:00,2,785.5,1014.0,30.32,30.7,0.0,-0.38,38.16,38.57,0.0,-0.41,17,13
2012-02-06 03:00:00,3,790.8,1020.0,27.62,27.98,0.0,-0.36,28.71,29.03,0.0,-0.32,18,13
2012-02-06 04:00:00,4,842.7,1060.0,27.97,28.41,0.0,-0.44,28.04,28.33,0.0,-0.29,20,14
2012-02-06 05:00:00,5,950.0,1177.0,31.01,31.56,0.0,-0.55,22.06,22.26,0.0,-0.2,20,14
2012-02-06 06:00:00,6,1206.5,1381.0,46.3,46.91,0.0,-0.61,38.3,38.71,0.0,-0.41,21,16
2012-02-06 07:00:00,7,1330.4,1475.0,40.53,41.31,0.0,-0.78,37.18,37.78,0.0,-0.6,17,14
2012-02-06 08:00:00,8,1314.7,1487.0,32.59,33.19,0.0,-0.6,40.6,41.24,0.0,-0.64,21,16
2012-02-06 09:00:00,9,1313.2,1486.0,32.34,32.91,0.0,-0.57,37.55,38.06,0.0,-0.51,33,21
2012-02-06 10:00:00,10,1349.6,1486.0,32.37,32.89,0.0,-0.52,29.92,30.35,0.0,-0.43,37,22
2012-02-06 11:00:00,11,1334.5,1471.0,32.39,32.9,0.0,-0.51,28.94,29.32,0.0,-0.38,41,23
2012-02-06 12:00:00,12,1292.9,1444.0,30.53,30.96,0.0,-0.43,34.22,34.63,0.0,-0.41,43,23
2012-02-06 13:00:00,13,1291.0,1425.0,29.66,30.07,0.0,-0.41,33.17,33.58,0.0,-0.41,47,21
2012-02-06 14:00:00,14,1265.3,1395.0,28.53,28.96,0.0,-0.43,27.48,27.75,0.0,-0.27,48,20
2012-02-06 15:00:00,15,1272.8,1384.0,28.3,28.67,0.0,-0.37,26.2,26.45,0.0,-0.25,49,19
2012-02-06 16:00:00,16,1331.3,1435.0,30.36,30.73,0.0,-0.37,27.62,27.89,0.0,-0.27,49,19
2012-02-06 17:00:00,17,1440.5,1579.0,49.36,50.16,0.0,-0.8,51.86,52.51,0.0,-0.65,47,19
2012-02-06 18:00:00,18,1414.7,1617.0,42.72,43.55,0.0,-0.83,78.6,79.63,0.0,-1.03,43,19
2012-02-06 19:00:00,19,1385.8,1572.0,38.83,39.56,0.0,-0.73,42.41,43.0,0.0,-0.59,40,19
2012-02-06 20:00:00,20,1304.3,1489.0,33.64,34.23,0.0,-0.59,30.54,30.94,0.0,-0.4,41,19
2012-02-06 21:00:00,21,1193.6,1361.0,30.29,30.74,-0.07,-0.38,25.8,26.09,0.0,-0.29,40,19
2012-02-06 22:00:00,22,1078.7,1219.0,30.38,30.92,0.0,-0.54,25.72,26.16,0.0,-0.44,40,19
2012-02-06 23:00:00,23,894.4,1098.0,30.38,30.97,0.0,-0.59,22.78,23.25,0.0,-0.47,30,19
2012-02-07 00:00:00,0,951.1,1031.0,28.72,28.99,0.0,-0.27,23.33,23.75,0.0,-0.42,31,19
2012-02-07 01:00:00,1,920.1,1000.0,28.5,28.74,0.0,-0.24,25.52,25.9,0.0,-0.38,27,20
2012-02-07 02:00:00,2,867.9,986.0,28.41,28.66,0.0,-0.25,26.28,26.66,0.0,-0.38,27,19
2012-02-07 03:00:00,3,899.4,992.0,26.5,26.73,0.0,-0.23,25.92,26.3,0.0,-0.38,25,19
2012-02-07 04:00:00,4,943.6,1035.0,27.1,27.32,0.0,-0.22,25.71,26.08,0.0,-0.37,28,22
2012-02-07 05:00:00,5,1054.5,1151.0,28.61,28.79,0.0,-0.18,25.82,26.04,0.0,-0.22,29,23
2012-02-07 06:00:00,6,1294.4,1360.0,30.8,30.84,0.0,-0.04,26.08,26.28,0.0,-0.2,30,24
2012-02-07 07:00:00,7,1375.3,1460.0,30.43,30.74,0.0,-0.31,28.4,28.69,0.0,-0.29,30,25
2012-02-07 08:00:00,8,1339.5,1468.0,30.4,30.75,0.0,-0.35,28.68,28.96,0.0,-0.28,37,25
2012-02-07 09:00:00,9,1365.6,1478.0,30.42,30.73,0.0,-0.31,28.54,28.81,0.0,-0.27,38,24
2012-02-07 10:00:00,10,1380.0,1485.0,30.41,30.69,0.0,-0.28,28.33,28.6,0.0,-0.27,39,25
2012-02-07 11:00:00,11,1375.5,1478.0,30.41,30.71,0.0,-0.3,28.23,28.53,0.0,-0.3,40,24
2012-02-07 12:00:00,12,1346.2,1463.0,30.44,30.73,0.0,-0.29,29.75,30.01,0.0,-0.26,41,24
2012-02-07 13:00:00,13,1327.0,1454.0,29.61,29.84,0.0,-0.23,29.2,29.42,0.0,-0.22,41,22
2012-02-07 14:00:00,14,1303.7,1442.0,28.41,28.62,0.0,-0.21,28.13,28.36,0.0,-0.23,41,22
2012-02-07 15:00:00,15,1309.8,1445.0,27.88,28.07,0.0,-0.19,27.7,27.9,0.0,-0.2,39,22
2012-02-07 16:00:00,16,1392.5,1497.0,29.68,29.86,0.0,-0.18,28.2,28.37,0.0,-0.17,38,21
2012-02-07 17:00:00,17,1479.5,1639.0,45.53,45.99,0.0,-0.46,38.18,38.36,0.0,-0.18,36,20
2012-02-07 18:00:00,18,1477.6,1676.0,42.84,43.27,0.0,-0.43,31.67,31.81,0.0,-0.14,34,18
2012-02-07 19:00:00,19,1451.9,1635.0,38.77,39.16,0.0,-0.39,32.7,32.87,0.0,-0.17,31,16
2012-02-07 20:00:00,20,1369.7,1563.0,35.3,35.65,0.0,-0.35,31.59,31.8,0.0,-0.21,29,15
2012-02-07 21:00:00,21,1290.9,1450.0,31.06,31.06,0.0,0.0,28.52,28.65,0.0,-0.13,27,12
2012-02-07 22:00:00,22,1152.4,1311.0,29.68,29.84,0.0,-0.16,27.24,27.41,0.0,-0.17,25,11
2012-02-07 23:00:00,23,1039.5,1196.0,29.67,29.88,-0.17,-0.04,26.07,26.29,0.0,-0.22,22,8
2012-02-08 00:00:00,0,1023.6,1126.0,29.58,29.91,0.0,-0.33,27.6,27.92,0.0,-0.32,21,7
2012-02-08 01:00:00,1,984.7,1094.0,29.23,29.54,0.0,-0.31,27.39,27.7,0.0,-0.31,19,7
2012-02-08 02:00:00,2,965.8,1081.0,29.14,29.46,0.0,-0.32,26.32,26.61,0.0,-0.29,18,6
2012-02-08 03:00:00,3,967.0,1090.0,29.2,29.57,0.0,-0.37,26.02,26.32,0.0,-0.3,18,6
2012-02-08 04:00:00,4,1017.8,1131.0,29.3,29.59,0.0,-0.29,28.02,28.28,0.0,-0.26,16,6
2012-02-08 05:00:00,5,1126.5,1258.0,31.31,31.49,0.0,-0.18,29.85,29.99,0.0,-0.14,16,6
2012-02-08 06:00:00,6,1351.7,1472.0,37.68,37.83,0.0,-0.15,43.53,43.81,0.0,-0.28,14,5
2012-02-08 07:00:00,7,1465.8,1554.0,44.03,44.89,0.0,-0.86,41.53,41.8,0.0,-0.27,11,6
2012-02-08 08:00:00,8,1416.6,1552.0,39.5,40.46,0.0,-0.96,35.07,35.52,0.0,-0.45,16,8
2012-02-08 09:00:00,9,1411.9,1549.0,37.96,38.88,0.0,-0.92,33.24,33.78,0.0,-0.54,20,5
2012-02-08 10:00:00,10,1415.1,1540.0,36.33,37.18,0.0,-0.85,34.68,35.37,0.0,-0.69,24,5
2012-02-08 11:00:00,11,1419.2,1520.0,36.09,36.95,0.0,-0.86,33.21,33.84,0.0,-0.63,27,5
2012-02-08 12:00:00,12,1394.8,1487.0,35.4,36.21,0.0,-0.81,37.99,38.75,0.0,-0.76,29,5
2012-02-08 13:00:00,13,1379.6,1474.0,34.23,34.98,0.0,-0.75,33.77,34.38,0.0,-0.61,33,4
2012-02-08 14:00:00,14,1365.2,1449.0,32.17,32.75,0.0,-0.58,32.05,32.66,0.0,-0.61,34,3
2012-02-08 15:00:00,15,1366.3,1456.0,31.73,32.26,0.0,-0.53,33.56,34.23,0.0,-0.67,37,5
2012-02-08 16:00:00,16,1396.9,1519.0,35.87,36.64,0.0,-0.77,35.97,36.74,0.0,-0.77,35,8
2012-02-08 17:00:00,17,1520.6,1657.0,51.32,52.68,0.0,-1.36,44.57,45.53,0.0,-0.96,32,7
2012-02-08 18:00:00,18,1503.7,1684.0,51.3,51.9,0.0,-0.6,47.44,48.55,0.0,-1.11,32,9
2012-02-08 19:00:00,19,1472.6,1642.0,42.0,42.39,0.0,-0.39,42.11,43.0,0.0,-0.89,31,6
2012-02-08 20:00:00,20,1419.7,1564.0,37.68,38.08,0.0,-0.4,34.88,35.64,0.0,-0.76,31,7
2012-02-08 21:00:00,21,1316.4,1446.0,33.91,33.95,0.0,-0.04,31.61,32.11,0.0,-0.5,28,11
2012-02-08 22:00:00,22,1184.1,1299.0,33.2,33.37,0.0,-0.17,35.66,35.89,0.0,-0.23,29,10
2012-02-08 23:00:00,23,1002.1,1177.0,33.72,34.06,0.0,-0.34,26.08,26.31,0.0,-0.23,27,12
2012-02-09 00:00:00,0,947.5,1100.0,30.36,30.67,0.0,-0.31,27.84,28.07,0.0,-0.23,27,13
2012-02-09 01:00:00,1,907.0,1060.0,30.42,30.68,0.0,-0.26,25.85,26.09,0.0,-0.24,28,12
2012-02-09 02:00:00,2,887.8,1042.0,28.93,29.16,0.0,-0.23,24.79,24.99,0.0,-0.2,26,17
2012-02-09 03:00:00,3,891.6,1045.0,28.76,28.99,0.0,-0.23,24.79,24.98,0.0,-0.19,27,14
2012-02-09 04:00:00,4,945.4,1082.0,28.86,29.05,0.0,-0.19,26.11,26.26,0.0,-0.15,26,16
2012-02-09 05:00:00,5,1048.2,1209.0,30.91,31.68,-0.58,-0.19,29.75,29.93,0.0,-0.18,25,19
2012-02-09 06:00:00,6,1267.2,1415.0,33.36,33.64,0.0,-0.28,39.42,40.05,0.0,-0.63,22,15
2012-02-09 07:00:00,7,1352.1,1494.0,39.03,40.08,0.0,-1.05,38.76,39.71,0.0,-0.95,20,15
2012-02-09 08:00:00,8,1346.7,1491.0,35.76,36.71,0.0,-0.95,31.87,32.56,0.0,-0.69,24,14
2012-02-09 09:00:00,9,1367.5,1483.0,34.19,35.03,0.0,-0.84,36.49,37.32,0.0,-0.83,32,13
2012-02-09 10:00:00,10,1366.9,1478.0,32.9,33.63,0.0,-0.73,31.61,32.32,0.0,-0.71,35,11
2012-02-09 11:00:00,11,1349.4,1462.0,32.59,33.36,0.0,-0.77,32.8,33.46,0.0,-0.66,37,11
2012-02-09 12:00:00,12,1329.0,1436.0,31.68,32.46,0.0,-0.78,29.47,30.09,0.0,-0.62,40,12
2012-02-09 13:00:00,13,1316.9,1422.0,29.97,30.75,0.0,-0.78,29.49,30.12,0.0,-0.63,41,11
2012-02-09 14:00:00,14,1292.3,1399.0,29.01,29.76,0.0,-0.75,28.88,29.5,0.0,-0.62,44,12
2012-02-09 15:00:00,15,1297.7,1393.0,29.42,30.13,0.0,-0.71,29.17,29.79,0.0,-0.62,44,13
2012-02-09 16:00:00,16,1320.4,1438.0,31.18,31.86,0.0,-0.68,31.75,32.4,0.0,-0.65,43,13
2012-02-09 17:00:00,17,1444.4,1578.0,47.74,48.99,0.0,-1.25,65.41,67.01,0.0,-1.6,40,14
2012-02-09 18:00:00,18,1440.4,1625.0,47.05,47.7,0.0,-0.65,50.28,51.47,0.0,-1.19,38,13
2012-02-09 19:00:00,19,1388.6,1595.0,38.63,39.15,0.0,-0.52,39.82,40.33,0.0,-0.51,37,13
2012-02-09 20:00:00,20,1339.0,1526.0,34.56,34.97,0.0,-0.41,40.74,41.28,0.0,-0.54,26,18
2012-02-09 21:00:00,21,1240.3,1409.0,32.02,32.14,0.0,-0.12,41.97,42.34,0.0,-0.37,25,16
2012-02-09 22:00:00,22,1123.2,1275.0,31.36,31.68,0.0,-0.32,31.49,31.65,0.0,-0.16,22,16
2012-02-09 23:00:00,23,971.6,1158.0,30.43,30.84,0.0,-0.41,23.73,23.9,0.0,-0.17,23,15
2012-02-10 00:00:00,0,943.8,1083.0,26.18,26.48,0.0,-0.3,27.71,27.88,0.0,-0.17,21,15
2012-02-10 01:00:00,1,906.7,1050.0,25.83,26.14,0.0,-0.31,27.4,27.55,0.0,-0.15,19,16
2012-02-10 02:00:00,2,878.8,1033.0,25.8,26.1,0.0,-0.3,27.67,27.8,0.0,-0.13,19,15
2012-02-10 03:00:00,3,883.4,1038.0,24.59,24.9,0.0,-0.31,29.18,29.26,0.0,-0.08,18,14
2012-02-10 04:00:00,4,918.4,1079.0,26.23,26.44,0.0,-0.21,28.25,28.35,0.0,-0.1,17,15
2012-02-10 05:00:00,5,1008.3,1200.0,29.21,29.36,0.0,-0.15,30.77,30.89,0.0,-0.12,16,13
2012-02-10 06:00:00,6,1201.3,1405.0,33.06,33.45,0.0,-0.39,37.22,37.63,0.0,-0.41,16,13
2012-02-10 07:00:00,7,1302.2,1491.0,35.66,36.13,0.0,-0.47,44.23,44.86,0.0,-0.63,17,13
2012-02-10 08:00:00,8,1337.2,1491.0,32.19,32.52,0.0,-0.33,37.72,38.22,0.0,-0.5,19,16
2012-02-10 09:00:00,9,1345.2,1480.0,32.18,32.5,0.0,-0.32,34.37,34.75,0.0,-0.38,25,21
2012-02-10 10:00:00,10,1341.5,1471.0,32.0,32.31,0.0,-0.31,34.1,34.47,0.0,-0.37,34,18
2012-02-10 11:00:00,11,1325.5,1449.0,32.68,33.06,0.0,-0.38,33.6,33.97,0.0,-0.37,40,17
2012-02-10 12:00:00,12,1302.6,1416.0,30.23,30.56,0.0,-0.33,29.85,30.14,0.0,-0.29,44,16
2012-02-10 13:00:00,13,1283.9,1395.0,29.92,30.31,0.0,-0.39,29.09,29.41,0.0,-0.32,47,13
2012-02-10 14:00:00,14,1262.3,1371.0,26.76,27.11,0.0,-0.35,28.92,29.24,0.0,-0.32,48,13
2012-02-10 15:00:00,15,1257.7,1363.0,26.77,27.11,0.0,-0.34,29.14,29.48,0.0,-0.34,48,16
2012-02-10 16:00:00,16,1307.6,1409.0,29.69,29.99,0.0,-0.3,30.67,31.01,0.0,-0.34,45,16
2012-02-10 17:00:00,17,1417.0,1529.0,36.53,37.04,0.0,-0.51,36.56,36.98,0.0,-0.42,43,18
2012-02-10 18:00:00,18,1344.4,1544.0,38.17,38.94,0.0,-0.77,34.45,34.89,0.0,-0.44,39,18
2012-02-10 19:00:00,19,1365.5,1500.0,32.04,32.49,0.0,-0.45,31.5,31.9,0.0,-0.4,39,19
2012-02-10 20:00:00,20,1309.8,1435.0,31.39,31.7,0.0,-0.31,28.75,29.08,0.0,-0.33,38,20
2012-02-10 21:00:00,21,1225.1,1348.0,28.87,29.04,0.0,-0.17,32.39,32.6,0.0,-0.21,37,20
2012-02-10 22:00:00,22,1069.8,1233.0,27.94,28.25,0.0,-0.31,28.73,28.86,0.0,-0.13,36,20
2012-02-10 23:00:00,23,971.7,1116.0,29.97,30.32,0.0,-0.35,29.07,29.21,0.0,-0.14,36,21
2012-02-11 00:00:00,0,925.3,1033.0,31.86,32.39,0.0,-0.53,30.96,31.27,0.0,-0.31,36,21
2012-02-11 01:00:00,1,887.0,982.0,27.3,27.74,0.0,-0.44,29.54,29.88,0.0,-0.34,35,21
2012-02-11 02:00:00,2,857.2,956.0,27.82,28.31,0.0,-0.49,23.11,23.38,0.0,-0.27,34,21
2012-02-11 03:00:00,3,844.8,952.0,26.31,26.74,0.0,-0.43,4.95,5.0,0.0,-0.05,33,21
2012-02-11 04:00:00,4,866.1,971.0,27.13,27.59,0.0,-0.46,11.64,11.75,0.0,-0.11,31,21
2012-02-11 05:00:00,5,904.4,1012.0,30.48,30.98,0.0,-0.5,29.58,29.91,0.0,-0.33,32,21
2012-02-11 06:00:00,6,981.1,1099.0,31.96,32.37,0.0,-0.41,30.47,30.81,0.0,-0.34,32,20
2012-02-11 07:00:00,7,1073.3,1194.0,36.23,36.69,0.0,-0.46,22.02,22.19,0.0,-0.17,30,23
2012-02-11 08:00:00,8,1171.8,1296.0,34.8,35.11,0.0,-0.31,26.13,26.24,0.0,-0.11,32,23
2012-02-11 09:00:00,9,1223.5,1363.0,40.2,40.58,0.0,-0.38,37.17,37.45,0.0,-0.28,34,19
2012-02-11 10:00:00,10,1248.7,1383.0,42.04,42.45,0.0,-0.41,42.29,42.68,0.0,-0.39,36,19
2012-02-11 11:00:00,11,1244.3,1379.0,39.12,39.52,0.0,-0.4,42.33,42.7,0.0,-0.37,37,21
2012-02-11 12:00:00,12,1223.4,1360.0,40.93,41.42,0.0,-0.49,38.92,39.27,0.0,-0.35,37,22
2012-02-11 13:00:00,13,1195.5,1343.0,39.67,40.15,0.0,-0.48,37.82,38.19,0.0,-0.37,36,24
2012-02-11 14:00:00,14,1176.4,1324.0,36.76,37.17,0.0,-0.41,33.36,33.67,0.0,-0.31,36,24
2012-02-11 15:00:00,15,1181.5,1322.0,36.73,37.13,0.0,-0.4,29.83,30.12,0.0,-0.29,37,24
2012-02-11 16:00:00,16,1260.0,1369.0,36.78,37.06,0.0,-0.28,35.65,35.99,0.0,-0.34,36,22
2012-02-11 17:00:00,17,1359.0,1488.0,55.53,56.27,0.0,-0.74,39.55,40.01,0.0,-0.46,35,22
2012-02-11 18:00:00,18,1340.8,1508.0,59.09,59.92,0.0,-0.83,39.32,39.78,0.0,-0.46,34,22
2012-02-11 19:00:00,19,1306.5,1461.0,45.46,46.1,0.0,-0.64,36.55,36.98,0.0,-0.43,31,17
2012-02-11 20:00:00,20,1265.1,1406.0,39.81,40.33,0.0,-0.52,29.77,30.13,0.0,-0.36,29,16
2012-02-11 21:00:00,21,1189.1,1331.0,39.93,40.68,0.0,-0.75,32.04,32.54,0.0,-0.5,28,14
2012-02-11 22:00:00,22,1077.2,1233.0,39.64,40.46,0.0,-0.82,21.55,21.91,0.0,-0.36,26,13
2012-02-11 23:00:00,23,973.0,1151.0,37.51,38.09,0.0,-0.58,26.81,27.19,0.0,-0.38,23,11
2012-02-12 00:00:00,0,961.4,1087.0,38.03,38.63,0.0,-0.6,27.72,28.1,0.0,-0.38,19,8
2012-02-12 01:00:00,1,926.6,1057.0,31.63,32.14,0.0,-0.51,23.45,23.73,0.0,-0.28,16,5
2012-02-12 02:00:00,2,903.4,1050.0,29.88,30.38,0.0,-0.5,26.58,26.91,0.0,-0.33,14,2
2012-02-12 03:00:00,3,897.6,1052.0,29.78,30.27,0.0,-0.49,27.15,27.55,0.0,-0.4,13,-2
2012-02-12 04:00:00,4,911.5,1069.0,29.85,30.33,0.0,-0.48,32.78,33.25,0.0,-0.47,11,-3
2012-02-12 05:00:00,5,940.2,1102.0,31.39,31.88,0.0,-0.49,34.08,34.46,0.0,-0.38,10,-1
2012-02-12 06:00:00,6,997.0,1163.0,34.9,35.29,0.0,-0.39,33.85,34.18,0.0,-0.33,9,-1
2012-02-12 07:00:00,7,1087.9,1238.0,37.24,37.66,0.0,-0.42,25.41,25.56,0.0,-0.15,9,-3
2012-02-12 08:00:00,8,1180.5,1345.0,40.78,41.28,0.0,-0.5,39.51,39.74,0.0,-0.23,11,-4
2012-02-12 09:00:00,9,1251.9,1415.0,42.76,43.35,0.0,-0.59,40.89,41.24,0.0,-0.35,13,-3
2012-02-12 10:00:00,10,1286.5,1442.0,42.32,42.92,0.0,-0.6,40.37,40.85,0.0,-0.48,16,-3
2012-02-12 11:00:00,11,1291.5,1450.0,41.9,42.46,0.0,-0.56,39.46,39.97,0.0,-0.51,18,-2
2012-02-12 12:00:00,12,1277.5,1442.0,39.82,40.26,0.0,-0.44,37.69,38.18,0.0,-0.49,20,-1
2012-02-12 13:00:00,13,1219.2,1426.0,35.34,35.8,0.0,-0.46,38.0,38.44,0.0,-0.44,20,-2
2012-02-12 14:00:00,14,1202.1,1409.0,30.96,31.38,0.0,-0.42,35.58,35.98,0.0,-0.4,19,-4
2012-02-12 15:00:00,15,1212.1,1419.0,32.13,32.53,0.0,-0.4,35.67,35.96,0.0,-0.29,17,-4
2012-02-12 16:00:00,16,1286.5,1486.0,34.82,35.06,0.0,-0.24,39.45,39.67,0.0,-0.22,17,-5
2012-02-12 17:00:00,17,1438.9,1646.0,57.13,57.85,0.0,-0.72,77.58,78.32,0.0,-0.74,14,-5
2012-02-12 18:00:00,18,1445.7,1690.0,60.56,61.64,0.0,-1.08,127.0,128.39,0.0,-1.39,12,-5
2012-02-12 19:00:00,19,1396.9,1642.0,45.92,46.56,0.0,-0.64,103.55,104.71,0.0,-1.16,12,-5
2012-02-12 20:00:00,20,1353.0,1564.0,44.29,44.93,0.0,-0.64,60.78,61.7,0.0,-0.92,11,-5
2012-02-12 21:00:00,21,1270.6,1453.0,40.33,41.01,0.0,-0.68,38.64,39.17,0.0,-0.53,9,-5
2012-02-12 22:00:00,22,1175.4,1330.0,38.08,38.49,0.0,-0.41,35.51,35.89,0.0,-0.38,9,-4
2012-02-12 23:00:00,23,1053.4,1229.0,33.73,34.17,0.0,-0.44,28.85,29.19,0.0,-0.34,10,-3
2012-02-13 00:00:00,0,900.1,1160.0,33.43,34.15,0.0,-0.72,33.69,34.19,0.0,-0.5,10,-3
2012-02-13 01:00:00,1,916.4,1132.0,32.26,32.94,0.0,-0.68,33.12,33.63,0.0,-0.51,7,-2
2012-02-13 02:00:00,2,910.6,1124.0,32.58,33.24,0.0,-0.66,32.07,32.51,0.0,-0.44,8,-2
2012-02-13 03:00:00,3,917.2,1134.0,31.18,31.79,0.0,-0.61,32.26,32.69,0.0,-0.43,8,-1
2012-02-13 04:00:00,4,966.8,1174.0,34.2,34.81,0.0,-0.61,26.91,27.2,0.0,-0.29,9,0
2012-02-13 05:00:00,5,1018.3,1296.0,40.59,41.04,0.0,-0.45,29.56,29.7,0.0,-0.14,8,1
2012-02-13 06:00:00,6,1252.5,1500.0,52.41,53.16,0.0,-0.75,40.24,40.46,0.0,-0.22,11,2
2012-02-13 07:00:00,7,1366.0,1589.0,57.91,59.06,0.0,-1.15,42.44,42.82,0.0,-0.38,11,2
2012-02-13 08:00:00,8,1397.0,1589.0,48.77,49.43,0.0,-0.66,39.92,40.25,0.0,-0.33,15,5
2012-02-13 09:00:00,9,1415.0,1582.0,51.79,52.4,0.0,-0.61,42.49,42.78,0.0,-0.29,20,10
2012-02-13 10:00:00,10,1428.4,1579.0,42.38,42.67,0.0,-0.29,44.7,45.12,0.0,-0.42,26,14
2012-02-13 11:00:00,11,1386.1,1566.0,41.49,41.77,0.0,-0.28,40.11,40.42,0.0,-0.31,28,14
2012-02-13 12:00:00,12,1364.1,1531.0,37.75,38.06,0.0,-0.31,37.88,38.2,0.0,-0.32,35,11
2012-02-13 13:00:00,13,1349.1,1510.0,34.84,35.15,0.0,-0.31,34.97,35.28,0.0,-0.31,37,11
2012-02-13 14:00:00,14,1317.3,1474.0,32.6,32.95,0.0,-0.35,31.45,31.79,0.0,-0.34,38,12
2012-02-13 15:00:00,15,1328.0,1463.0,33.13,33.47,0.0,-0.34,28.4,28.71,0.0,-0.31,37,13
2012-02-13 16:00:00,16,1404.0,1503.0,34.8,35.0,0.0,-0.2,29.38,29.65,0.0,-0.27,37,14
2012-02-13 17:00:00,17,1556.7,1638.0,64.11,64.76,0.0,-0.65,36.27,36.63,0.0,-0.36,36,14
2012-02-13 18:00:00,18,1568.5,1695.0,68.09,68.94,0.0,-0.85,41.94,42.31,0.0,-0.37,34,15
2012-02-13 19:00:00,19,1528.8,1650.0,55.4,55.96,0.0,-0.56,43.94,44.37,0.0,-0.43,33,17
2012-02-13 20:00:00,20,1463.3,1573.0,46.04,46.26,0.0,-0.22,39.58,39.89,0.0,-0.31,32,16
2012-02-13 21:00:00,21,1279.0,1454.0,40.09,40.53,0.0,-0.44,33.75,34.1,0.0,-0.35,31,16
2012-02-13 22:00:00,22,1142.1,1309.0,39.82,40.61,0.0,-0.79,27.88,28.17,0.0,-0.29,30,15
2012-02-13 23:00:00,23,1009.3,1194.0,34.07,34.62,0.0,-0.55,33.3,33.6,0.0,-0.3,25,15
2012-02-14 00:00:00,0,925.7,1117.0,29.93,30.43,0.0,-0.5,24.2,24.47,0.0,-0.27,27,16
2012-02-14 01:00:00,1,915.7,1082.0,24.96,25.3,0.0,-0.34,21.96,22.21,0.0,-0.25,23,15
2012-02-14 02:00:00,2,896.3,1070.0,26.61,27.0,0.0,-0.39,25.26,25.57,0.0,-0.31,20,15
2012-02-14 03:00:00,3,898.4,1076.0,25.35,25.7,0.0,-0.35,27.42,27.73,0.0,-0.31,18,14
2012-02-14 04:00:00,4,940.0,1117.0,27.71,28.05,0.0,-0.34,27.8,28.08,0.0,-0.28,17,15
2012-02-14 05:00:00,5,1050.4,1242.0,30.85,31.12,0.0,-0.27,32.55,32.78,0.0,-0.23,17,13
2012-02-14 06:00:00,6,1235.1,1453.0,34.15,34.41,0.0,-0.26,37.26,37.45,0.0,-0.19,14,11
2012-02-14 07:00:00,7,1336.4,1527.0,34.7,35.04,0.0,-0.34,37.53,37.8,0.0,-0.27,14,11
2012-02-14 08:00:00,8,1352.6,1530.0,32.98,33.28,0.0,-0.3,36.03,36.31,0.0,-0.28,20,18
2012-02-14 09:00:00,9,1363.3,1533.0,33.44,33.77,0.0,-0.33,42.44,42.8,0.0,-0.36,26,19
2012-02-14 10:00:00,10,1366.5,1537.0,34.0,34.35,0.0,-0.35,36.18,36.45,0.0,-0.27,29,18
2012-02-14 11:00:00,11,1355.1,1522.0,34.04,34.42,0.0,-0.38,32.77,33.03,0.0,-0.26,33,17
2012-02-14 12:00:00,12,1323.9,1488.0,33.8,34.19,0.0,-0.39,31.09,31.38,0.0,-0.29,35,17
2012-02-14 13:00:00,13,1291.1,1473.0,31.9,32.34,0.0,-0.44,29.54,29.82,0.0,-0.28,38,16
2012-02-14 14:00:00,14,1260.7,1448.0,30.65,31.07,0.0,-0.42,26.85,27.1,0.0,-0.25,39,18
2012-02-14 15:00:00,15,1293.4,1442.0,28.11,28.4,0.0,-0.29,27.25,27.43,0.0,-0.18,38,16
2012-02-14 16:00:00,16,1339.5,1485.0,30.74,31.05,0.0,-0.31,27.45,27.65,0.0,-0.2,40,16
2012-02-14 17:00:00,17,1454.9,1608.0,41.04,41.37,0.0,-0.33,36.19,36.4,0.0,-0.21,38,14
2012-02-14 18:00:00,18,1413.0,1645.0,41.63,42.12,0.0,-0.49,39.56,39.92,0.0,-0.36,30,15
2012-02-14 19:00:00,19,1406.2,1597.0,35.9,36.28,0.0,-0.38,40.88,41.34,0.0,-0.46,31,19
2012-02-14 20:00:00,20,1373.2,1522.0,31.01,31.34,0.0,-0.33,29.22,29.58,0.0,-0.36,29,19
2012-02-14 21:00:00,21,1267.6,1400.0,27.84,28.02,0.0,-0.18,25.12,25.41,0.0,-0.29,29,20
2012-02-14 22:00:00,22,1128.0,1257.0,28.17,28.6,0.0,-0.43,25.29,25.69,0.0,-0.4,30,21
2012-02-14 23:00:00,23,981.6,1144.0,30.43,30.76,0.0,-0.33,25.55,25.84,0.0,-0.29,30,21
2012-02-15 00:00:00,0,927.8,1065.0,26.3,26.58,0.0,-0.28,28.59,28.85,0.0,-0.26,30,22
2012-02-15 01:00:00,1,907.6,1025.0,24.13,24.36,0.0,-0.23,25.61,25.83,0.0,-0.22,30,22
2012-02-15 02:00:00,2,887.3,1008.0,23.38,23.61,0.0,-0.23,24.14,24.33,0.0,-0.19,30,23
2012-02-15 03:00:00,3,885.0,1004.0,23.48,23.74,0.0,-0.26,23.45,23.66,0.0,-0.21,30,23
2012-02-15 04:00:00,4,926.2,1044.0,25.02,25.24,0.0,-0.22,23.14,23.37,0.0,-0.23,29,23
2012-02-15 05:00:00,5,1037.3,1167.0,27.64,33.45,-5.44,-0.37,27.03,27.25,0.0,-0.22,30,23
2012-02-15 06:00:00,6,1243.5,1371.0,32.77,33.79,-0.66,-0.36,37.26,37.63,0.0,-0.37,29,23
2012-02-15 07:00:00,7,1302.0,1468.0,34.76,35.21,0.0,-0.45,34.23,34.58,0.0,-0.35,29,24
2012-02-15 08:00:00,8,1322.4,1479.0,35.45,36.08,0.0,-0.63,41.78,42.38,0.0,-0.6,31,25
2012-02-15 09:00:00,9,1335.0,1488.0,35.66,36.31,0.0,-0.65,42.53,43.2,0.0,-0.67,33,24
2012-02-15 10:00:00,10,1334.0,1501.0,33.63,34.2,0.0,-0.57,40.52,41.17,0.0,-0.65,35,22
2012-02-15 11:00:00,11,1299.3,1498.0,32.22,32.83,0.0,-0.61,32.33,32.83,0.0,-0.5,36,21
2012-02-15 12:00:00,12,1313.9,1480.0,30.83,31.34,0.0,-0.51,30.41,30.84,0.0,-0.43,36,20
2012-02-15 13:00:00,13,1323.5,1469.0,28.51,29.0,0.0,-0.49,30.38,30.89,0.0,-0.51,37,20
2012-02-15 14:00:00,14,1303.1,1443.0,26.26,26.68,0.0,-0.42,30.37,30.89,0.0,-0.52,39,21
2012-02-15 15:00:00,15,1305.6,1433.0,25.92,26.3,0.0,-0.38,30.93,31.43,0.0,-0.5,39,26
2012-02-15 16:00:00,16,1359.5,1478.0,30.5,30.95,0.0,-0.45,31.77,32.25,0.0,-0.48,40,30
2012-02-15 17:00:00,17,1457.1,1595.0,39.93,40.67,0.0,-0.74,39.35,39.97,0.0,-0.62,39,29
2012-02-15 18:00:00,18,1442.2,1637.0,41.32,42.02,0.0,-0.7,39.72,40.35,0.0,-0.63,36,28
2012-02-15 19:00:00,19,1424.2,1594.0,34.15,34.67,0.0,-0.52,36.49,37.14,0.0,-0.65,34,28
2012-02-15 20:00:00,20,1348.9,1513.0,31.99,32.52,0.0,-0.53,30.28,30.85,0.0,-0.57,33,28
2012-02-15 21:00:00,21,1239.2,1393.0,28.05,28.45,0.0,-0.4,24.56,24.98,0.0,-0.42,32,27
2012-02-15 22:00:00,22,1101.9,1245.0,28.98,29.5,0.0,-0.52,22.88,23.26,0.0,-0.38,32,28
2012-02-15 23:00:00,23,970.4,1127.0,27.32,27.65,0.0,-0.33,25.23,25.52,0.0,-0.29,29,27
2012-02-16 00:00:00,0,914.3,1050.0,25.07,25.49,0.0,-0.42,26.24,26.63,0.0,-0.39,30,27
2012-02-16 01:00:00,1,889.1,1011.0,24.33,24.68,0.0,-0.35,24.09,24.43,0.0,-0.34,30,27
2012-02-16 02:00:00,2,873.8,996.0,23.38,23.73,0.0,-0.35,23.71,24.04,0.0,-0.33,30,27
2012-02-16 03:00:00,3,872.4,1007.0,23.34,23.72,0.0,-0.38,23.74,24.06,0.0,-0.32,25,24
2012-02-16 04:00:00,4,914.1,1045.0,23.55,23.89,0.0,-0.34,24.93,25.25,0.0,-0.32,24,24
2012-02-16 05:00:00,5,1029.4,1167.0,26.3,26.56,0.0,-0.26,25.41,25.68,0.0,-0.27,23,23
2012-02-16 06:00:00,6,1197.9,1371.0,31.34,31.69,0.0,-0.35,25.32,25.53,0.0,-0.21,23,22
2012-02-16 07:00:00,7,1302.5,1457.0,32.05,32.45,0.0,-0.4,29.53,29.74,0.0,-0.21,21,20
2012-02-16 08:00:00,8,1319.8,1456.0,32.57,33.14,0.0,-0.57,28.99,29.35,0.0,-0.36,28,27
2012-02-16 09:00:00,9,1342.1,1452.0,30.85,31.35,0.0,-0.5,28.19,28.55,0.0,-0.36,33,29
2012-02-16 10:00:00,10,1341.2,1457.0,28.78,29.25,0.0,-0.47,28.78,29.13,0.0,-0.35,37,30
2012-02-16 11:00:00,11,1320.8,1449.0,29.71,30.24,0.0,-0.53,30.47,30.87,0.0,-0.4,42,28
2012-02-16 12:00:00,12,1306.7,1434.0,29.04,29.53,0.0,-0.49,29.94,30.32,0.0,-0.38,42,26
2012-02-16 13:00:00,13,1304.7,1426.0,27.7,28.17,0.0,-0.47,29.63,30.06,0.0,-0.43,44,27
2012-02-16 14:00:00,14,1284.7,1402.0,25.52,25.94,0.0,-0.42,28.9,29.35,0.0,-0.45,44,27
2012-02-16 15:00:00,15,1289.6,1409.0,27.58,28.01,0.0,-0.43,30.26,30.68,0.0,-0.42,45,27
2012-02-16 16:00:00,16,1342.2,1478.0,30.79,31.3,0.0,-0.51,38.65,39.15,0.0,-0.5,44,28
2012-02-16 17:00:00,17,1429.6,1591.0,43.04,43.78,0.0,-0.74,61.58,61.97,0.0,-0.39,42,29
2012-02-16 18:00:00,18,1358.4,1629.0,41.97,42.86,0.0,-0.89,43.2,43.31,0.0,-0.11,39,33
2012-02-16 19:00:00,19,1376.1,1585.0,36.36,37.04,0.0,-0.68,52.17,52.46,0.0,-0.29,37,34
2012-02-16 20:00:00,20,1348.5,1510.0,29.32,29.9,0.0,-0.58,32.87,33.11,0.0,-0.24,36,35
2012-02-16 21:00:00,21,1250.8,1387.0,25.79,26.07,0.0,-0.28,29.26,29.39,0.0,-0.13,36,35
2012-02-16 22:00:00,22,1117.7,1249.0,24.04,24.25,0.0,-0.21,29.12,29.11,0.0,0.01,36,35
2012-02-16 23:00:00,23,979.9,1125.0,25.96,26.23,0.0,-0.27,36.03,35.85,0.0,0.18,36,35
2012-02-17 00:00:00,0,909.5,1048.0,23.74,24.1,0.0,-0.36,45.05,45.0,0.0,0.05,36,35
2012-02-17 01:00:00,1,871.0,1002.0,22.22,22.56,0.0,-0.34,30.83,30.8,0.0,0.03,35,35
2012-02-17 02:00:00,2,851.1,982.0,22.01,22.37,0.0,-0.36,31.71,31.71,0.0,0.0,35,35
2012-02-17 03:00:00,3,844.3,983.0,21.61,21.99,0.0,-0.38,32.83,32.8,0.0,0.03,35,35
2012-02-17 04:00:00,4,884.9,1015.0,21.65,21.98,0.0,-0.33,33.31,33.26,0.0,0.05,35,35
2012-02-17 05:00:00,5,982.5,1127.0,24.04,24.55,-0.25,-0.26,24.93,24.89,0.0,0.04,36,35
2012-02-17 06:00:00,6,1149.8,1326.0,28.42,28.82,0.0,-0.4,32.04,32.02,0.0,0.02,36,36
2012-02-17 07:00:00,7,1282.3,1423.0,26.44,26.88,0.0,-0.44,29.96,30.08,0.0,-0.12,36,36
2012-02-17 08:00:00,8,1312.3,1445.0,29.02,29.68,0.0,-0.66,35.59,35.89,0.0,-0.3,37,36
2012-02-17 09:00:00,9,1343.7,1455.0,31.18,31.94,0.0,-0.76,40.11,40.56,0.0,-0.45,39,38
2012-02-17 10:00:00,10,1360.7,1458.0,30.46,31.15,0.0,-0.69,34.46,34.81,0.0,-0.35,43,38
2012-02-17 11:00:00,11,1315.8,1438.0,30.26,30.99,0.0,-0.73,29.49,29.78,0.0,-0.29,44,33
2012-02-17 12:00:00,12,1313.8,1413.0,29.64,30.34,0.0,-0.7,28.35,28.6,0.0,-0.25,46,30
2012-02-17 13:00:00,13,1300.9,1397.0,27.77,28.39,0.0,-0.62,27.99,28.19,0.0,-0.2,45,29
2012-02-17 14:00:00,14,1280.3,1383.0,24.43,24.93,0.0,-0.5,26.16,26.31,0.0,-0.15,46,25
2012-02-17 15:00:00,15,1283.2,1374.0,24.7,25.17,0.0,-0.47,25.84,25.99,0.0,-0.15,46,26
2012-02-17 16:00:00,16,1333.8,1408.0,25.34,25.82,0.0,-0.48,25.93,26.13,0.0,-0.2,43,22
2012-02-17 17:00:00,17,1387.9,1513.0,36.11,36.99,0.0,-0.88,35.98,36.27,0.0,-0.29,42,21
2012-02-17 18:00:00,18,1398.1,1553.0,39.28,40.35,0.0,-1.07,35.07,35.35,0.0,-0.28,40,20
2012-02-17 19:00:00,19,1353.3,1507.0,33.41,34.36,0.0,-0.95,30.0,30.35,0.0,-0.35,40,20
2012-02-17 20:00:00,20,1305.0,1446.0,28.51,29.32,0.0,-0.81,29.67,30.07,0.0,-0.4,38,20
2012-02-17 21:00:00,21,1219.6,1361.0,27.5,28.09,0.0,-0.59,27.5,27.78,0.0,-0.28,36,19
2012-02-17 22:00:00,22,1104.5,1250.0,28.52,28.89,0.0,-0.37,32.36,32.46,0.0,-0.1,35,18
2012-02-17 23:00:00,23,946.9,1135.0,30.4,30.92,0.0,-0.52,32.18,32.27,0.0,-0.09,29,20
2012-02-18 00:00:00,0,864.8,1052.0,28.5,28.59,0.0,-0.09,24.47,24.49,0.0,-0.02,26,19
2012-02-18 01:00:00,1,846.4,1008.0,28.13,28.19,0.0,-0.06,23.71,23.73,0.0,-0.02,28,19
2012-02-18 02:00:00,2,816.3,983.0,28.59,28.68,0.0,-0.09,24.33,24.35,0.0,-0.02,24,18
2012-02-18 03:00:00,3,811.4,974.0,27.4,27.41,0.0,-0.01,23.93,23.95,0.0,-0.02,31,20
2012-02-18 04:00:00,4,836.4,986.0,27.67,27.68,0.0,-0.01,24.52,24.54,0.0,-0.02,32,20
2012-02-18 05:00:00,5,887.1,1038.0,27.88,27.94,0.0,-0.06,25.54,25.56,0.0,-0.02,32,20
2012-02-18 06:00:00,6,954.8,1122.0,27.82,27.8,0.0,0.02,24.69,24.64,0.0,0.05,31,19
2012-02-18 07:00:00,7,1056.8,1213.0,26.96,27.56,-0.6,0.0,28.07,28.02,0.0,0.05,30,19
2012-02-18 08:00:00,8,1145.3,1310.0,28.91,29.06,0.0,-0.15,30.37,30.38,0.0,-0.01,34,20
2012-02-18 09:00:00,9,1210.9,1366.0,30.21,30.51,0.0,-0.3,30.64,30.71,0.0,-0.07,36,20
2012-02-18 10:00:00,10,1235.2,1384.0,30.83,31.17,0.0,-0.34,30.51,30.61,0.0,-0.1,38,19
2012-02-18 11:00:00,11,1206.7,1368.0,30.59,30.95,0.0,-0.36,29.47,29.56,0.0,-0.09,40,18
2012-02-18 12:00:00,12,1166.5,1333.0,29.28,29.55,0.0,-0.27,28.06,28.11,0.0,-0.05,41,17
2012-02-18 13:00:00,13,1142.7,1299.0,27.57,27.79,0.0,-0.22,25.61,25.65,0.0,-0.04,43,17
2012-02-18 14:00:00,14,1130.5,1274.0,26.37,26.6,0.0,-0.23,26.43,26.48,0.0,-0.05,41,17
2012-02-18 15:00:00,15,1146.6,1274.0,26.57,26.77,0.0,-0.2,26.31,26.34,0.0,-0.03,43,18
2012-02-18 16:00:00,16,1193.5,1331.0,29.49,29.77,0.0,-0.28,28.36,28.39,0.0,-0.03,42,18
2012-02-18 17:00:00,17,1316.5,1450.0,37.32,37.68,0.0,-0.36,31.41,31.4,0.0,0.01,39,18
2012-02-18 18:00:00,18,1310.8,1485.0,40.97,41.57,-0.05,-0.55,30.44,30.47,0.0,-0.03,37,20
2012-02-18 19:00:00,19,1279.3,1433.0,33.96,34.35,0.0,-0.39,28.23,28.25,0.0,-0.02,36,23
2012-02-18 20:00:00,20,1247.9,1378.0,31.94,32.29,0.0,-0.35,28.19,28.28,0.0,-0.09,35,23
2012-02-18 21:00:00,21,1162.9,1299.0,30.37,30.56,0.0,-0.19,28.96,29.02,0.0,-0.06,33,23
2012-02-18 22:00:00,22,1071.0,1200.0,29.5,30.17,-0.55,-0.12,24.17,24.18,0.0,-0.01,32,24
2012-02-18 23:00:00,23,947.5,1104.0,29.79,29.83,0.0,-0.04,26.09,26.03,0.0,0.06,29,23
2012-02-19 00:00:00,0,861.2,1030.0,26.9,26.84,0.0,0.06,26.97,26.97,0.0,0.0,29,23
2012-02-19 01:00:00,1,854.5,992.0,25.33,25.28,0.0,0.05,24.63,24.65,0.0,-0.02,30,22
2012-02-19 02:00:00,2,830.1,972.0,25.35,25.27,0.0,0.08,24.37,24.37,0.0,0.0,30,19
2012-02-19 03:00:00,3,828.0,967.0,25.01,24.94,0.0,0.07,23.96,23.95,0.0,0.01,29,19
2012-02-19 04:00:00,4,841.2,981.0,25.17,25.11,0.0,0.06,24.12,24.12,0.0,0.0,28,18
2012-02-19 05:00:00,5,892.7,1010.0,25.31,25.26,0.0,0.05,24.04,24.08,0.0,-0.04,28,17
2012-02-19 06:00:00,6,959.1,1067.0,26.21,26.11,0.0,0.1,21.76,21.82,0.0,-0.06,25,16
2012-02-19 07:00:00,7,1070.4,1150.0,20.51,20.52,0.0,-0.01,23.07,23.13,0.0,-0.06,25,16
2012-02-19 08:00:00,8,1139.9,1254.0,22.47,22.52,0.0,-0.05,23.36,23.45,0.0,-0.09,29,18
2012-02-19 09:00:00,9,1188.8,1316.0,26.82,27.01,0.0,-0.19,23.69,23.88,0.0,-0.19,31,17
2012-02-19 10:00:00,10,1209.1,1332.0,27.99,28.19,0.0,-0.2,24.81,25.01,0.0,-0.2,33,17
2012-02-19 11:00:00,11,1199.8,1333.0,28.05,28.28,0.0,-0.23,25.6,25.82,0.0,-0.22,36,17
2012-02-19 12:00:00,12,1179.7,1316.0,28.21,28.41,0.0,-0.2,24.71,24.9,0.0,-0.19,37,17
2012-02-19 13:00:00,13,1154.5,1289.0,28.05,28.27,0.0,-0.22,23.28,23.48,0.0,-0.2,38,16
2012-02-19 14:00:00,14,1105.8,1264.0,27.41,27.63,0.0,-0.22,21.09,21.26,0.0,-0.17,39,16
2012-02-19 15:00:00,15,1116.9,1273.0,27.71,27.9,0.0,-0.19,20.89,20.99,0.0,-0.1,38,15
2012-02-19 16:00:00,16,1195.0,1329.0,27.71,27.78,0.0,-0.07,21.65,21.77,0.0,-0.12,37,14
2012-02-19 17:00:00,17,1369.3,1473.0,31.94,32.04,0.0,-0.1,25.19,25.27,0.0,-0.08,36,13
2012-02-19 18:00:00,18,1322.6,1538.0,42.8,43.06,0.0,-0.26,26.45,26.52,0.0,-0.07,32,14
2012-02-19 19:00:00,19,1307.3,1491.0,35.95,36.2,0.0,-0.25,25.57,25.67,0.0,-0.1,31,14
2012-02-19 20:00:00,20,1260.5,1418.0,30.93,31.18,0.0,-0.25,26.3,26.45,0.0,-0.15,28,14
2012-02-19 21:00:00,21,1178.6,1317.0,30.41,30.68,0.0,-0.27,24.42,24.6,0.0,-0.18,28,13
2012-02-19 22:00:00,22,1083.9,1204.0,28.46,28.59,0.0,-0.13,25.51,25.76,0.0,-0.25,25,14
2012-02-19 23:00:00,23,968.4,1105.0,25.94,25.97,0.0,-0.03,23.7,23.81,0.0,-0.11,26,14
2012-02-20 00:00:00,0,942.7,1039.0,26.55,26.59,0.0,-0.04,23.32,23.43,0.0,-0.11,26,14
2012-02-20 01:00:00,1,914.7,1008.0,23.23,23.27,0.0,-0.04,22.43,22.54,0.0,-0.11,25,14
2012-02-20 02:00:00,2,896.1,995.0,23.18,23.22,0.0,-0.04,22.28,22.39,0.0,-0.11,25,14
2012-02-20 03:00:00,3,900.0,1004.0,23.17,23.21,0.0,-0.04,22.26,22.35,0.0,-0.09,25,13
2012-02-20 04:00:00,4,937.5,1032.0,23.28,23.27,0.0,0.01,22.68,22.77,0.0,-0.09,25,13
2012-02-20 05:00:00,5,996.4,1132.0,29.27,29.14,0.0,0.13,22.95,23.04,0.0,-0.09,24,12
2012-02-20 06:00:00,6,1152.1,1299.0,31.04,31.0,0.0,0.04,23.91,23.9,0.0,0.01,24,12
2012-02-20 07:00:00,7,1182.1,1402.0,31.81,31.83,0.0,-0.02,26.08,26.08,0.0,0.0,23,12
2012-02-20 08:00:00,8,1243.2,1449.0,33.16,33.41,0.0,-0.25,28.02,28.13,0.0,-0.11,25,11
2012-02-20 09:00:00,9,1288.8,1477.0,33.75,34.84,-0.83,-0.26,29.2,29.35,0.0,-0.15,28,10
2012-02-20 10:00:00,10,1317.8,1488.0,34.52,35.74,-0.97,-0.25,33.69,33.9,0.0,-0.21,30,9
2012-02-20 11:00:00,11,1323.1,1476.0,32.77,34.3,-1.34,-0.19,30.72,30.87,0.0,-0.15,33,5
2012-02-20 12:00:00,12,1315.3,1447.0,32.83,33.04,0.0,-0.21,27.86,27.99,0.0,-0.13,34,6
2012-02-20 13:00:00,13,1308.1,1426.0,32.22,32.45,0.0,-0.23,27.73,27.88,0.0,-0.15,37,8
2012-02-20 14:00:00,14,1291.2,1411.0,31.67,31.9,0.0,-0.23,27.18,27.35,0.0,-0.17,38,7
2012-02-20 15:00:00,15,1316.4,1407.0,30.93,31.06,0.0,-0.13,26.41,26.56,0.0,-0.15,37,9
2012-02-20 16:00:00,16,1401.3,1461.0,31.02,32.01,-0.92,-0.07,26.44,26.61,0.0,-0.17,36,9
2012-02-20 17:00:00,17,1528.3,1598.0,41.12,47.87,-6.68,-0.07,35.59,35.79,0.0,-0.2,34,9
2012-02-20 18:00:00,18,1529.0,1663.0,45.17,55.72,-10.54,-0.01,34.44,34.61,0.0,-0.17,32,10
2012-02-20 19:00:00,19,1446.7,1611.0,37.75,42.73,-4.77,-0.21,34.15,34.37,0.0,-0.22,31,11
2012-02-20 20:00:00,20,1372.8,1530.0,32.71,36.51,-3.58,-0.22,31.32,31.59,0.0,-0.27,29,13
2012-02-20 21:00:00,21,1284.6,1401.0,31.89,32.08,0.0,-0.19,26.92,27.16,0.0,-0.24,28,15
2012-02-20 22:00:00,22,1130.7,1256.0,30.78,30.91,0.0,-0.13,32.99,33.39,0.0,-0.4,27,16
2012-02-20 23:00:00,23,1078.7,1140.0,30.87,30.81,0.0,0.06,36.46,36.72,0.0,-0.26,26,16
2012-02-21 00:00:00,0,976.9,1077.0,29.28,29.29,0.0,-0.01,27.58,27.69,0.0,-0.11,25,16
2012-02-21 01:00:00,1,929.9,1044.0,28.14,28.11,0.0,0.03,23.71,23.78,0.0,-0.07,22,15
2012-02-21 02:00:00,2,912.1,1036.0,27.67,27.65,0.0,0.02,28.22,28.29,0.0,-0.07,20,14
2012-02-21 03:00:00,3,901.9,1042.0,28.26,28.26,0.0,0.0,32.12,32.23,0.0,-0.11,17,14
2012-02-21 04:00:00,4,941.5,1088.0,28.95,28.88,0.0,0.07,31.4,31.4,0.0,0.0,17,14
2012-02-21 05:00:00,5,1028.5,1211.0,30.08,30.18,-0.25,0.15,43.06,42.92,0.0,0.14,15,13
2012-02-21 06:00:00,6,1215.2,1414.0,31.88,31.87,0.0,0.01,31.41,31.26,0.0,0.15,14,12
2012-02-21 07:00:00,7,1249.7,1507.0,36.87,37.53,-0.39,-0.27,38.81,38.73,0.0,0.08,13,10
2012-02-21 08:00:00,8,1284.2,1515.0,34.18,34.87,-0.42,-0.27,39.42,39.47,0.0,-0.05,20,17
2012-02-21 09:00:00,9,1327.0,1511.0,32.44,32.62,0.0,-0.18,40.75,40.82,0.0,-0.07,28,19
2012-02-21 10:00:00,10,1354.6,1504.0,31.56,31.73,0.0,-0.17,32.31,32.35,0.0,-0.04,31,18
2012-02-21 11:00:00,11,1347.1,1486.0,32.59,32.71,0.0,-0.12,30.68,30.63,0.0,0.05,34,17
2012-02-21 12:00:00,12,1347.4,1461.0,31.62,31.8,0.0,-0.18,31.13,31.18,0.0,-0.05,36,16
2012-02-21 13:00:00,13,1336.4,1448.0,30.93,31.12,0.0,-0.19,30.18,30.25,0.0,-0.07,37,16
2012-02-21 14:00:00,14,1324.4,1431.0,30.48,30.62,0.0,-0.14,29.88,29.97,0.0,-0.09,40,15
2012-02-21 15:00:00,15,1339.1,1437.0,29.86,29.98,0.0,-0.12,28.69,28.77,0.0,-0.08,40,15
2012-02-21 16:00:00,16,1408.4,1479.0,30.93,31.42,-0.47,-0.02,29.31,29.34,0.0,-0.03,40,15
2012-02-21 17:00:00,17,1547.3,1607.0,41.33,42.29,-0.95,-0.01,38.01,38.04,0.0,-0.03,39,15
2012-02-21 18:00:00,18,1558.9,1658.0,46.07,46.18,0.0,-0.11,40.41,40.39,0.0,0.02,37,14
2012-02-21 19:00:00,19,1458.9,1613.0,36.53,36.65,0.0,-0.12,41.73,41.83,0.0,-0.1,37,16
2012-02-21 20:00:00,20,1373.4,1530.0,33.24,33.47,0.0,-0.23,34.68,34.83,0.0,-0.15,37,20
2012-02-21 21:00:00,21,1278.4,1406.0,30.82,30.91,0.0,-0.09,26.47,26.54,0.0,-0.07,33,28
2012-02-21 22:00:00,22,1128.5,1259.0,30.87,30.78,0.0,0.09,30.36,30.34,0.0,0.02,32,30
2012-02-21 23:00:00,23,1076.4,1133.0,29.86,29.74,0.0,0.12,34.67,34.62,0.0,0.05,32,31
2012-02-22 00:00:00,0,894.8,1057.0,26.31,26.39,0.0,-0.08,32.47,32.52,0.0,-0.05,32,31
2012-02-22 01:00:00,1,858.8,1018.0,25.2,25.3,0.0,-0.1,27.25,27.28,0.0,-0.03,31,31
2012-02-22 02:00:00,2,841.3,998.0,25.24,25.35,0.0,-0.11,25.2,25.24,0.0,-0.04,30,29
2012-02-22 03:00:00,3,845.8,997.0,25.26,25.38,0.0,-0.12,25.08,25.12,0.0,-0.04,30,29
2012-02-22 04:00:00,4,887.0,1040.0,25.36,25.45,0.0,-0.09,25.32,25.39,0.0,-0.07,28,28
2012-02-22 05:00:00,5,992.8,1160.0,27.12,27.25,-0.18,0.05,25.6,25.63,0.0,-0.03,29,28
2012-02-22 06:00:00,6,1185.1,1361.0,30.99,30.99,0.0,0.0,25.69,25.64,0.0,0.05,28,27
2012-02-22 07:00:00,7,1294.8,1456.0,34.96,35.03,0.0,-0.07,26.19,26.16,0.0,0.03,29,28
2012-02-22 08:00:00,8,1313.6,1466.0,33.61,33.67,0.0,-0.06,27.88,27.84,0.0,0.04,30,30
2012-02-22 09:00:00,9,1331.1,1473.0,31.38,31.44,0.0,-0.06,31.29,31.21,0.0,0.08,31,31
2012-02-22 10:00:00,10,1337.1,1478.0,31.48,31.52,0.0,-0.04,32.34,32.26,0.0,0.08,33,33
2012-02-22 11:00:00,11,1334.5,1462.0,28.51,28.56,0.0,-0.05,30.25,30.17,0.0,0.08,40,36
2012-02-22 12:00:00,12,1304.4,1437.0,28.45,28.52,0.0,-0.07,24.68,24.63,0.0,0.05,51,31
2012-02-22 13:00:00,13,1296.8,1424.0,27.59,27.67,0.0,-0.08,24.45,24.39,0.0,0.06,51,25
2012-02-22 14:00:00,14,1276.5,1401.0,26.53,26.59,0.0,-0.06,23.67,23.63,0.0,0.04,52,23
2012-02-22 15:00:00,15,1288.4,1385.0,26.17,26.22,0.0,-0.05,22.67,22.65,0.0,0.02,52,22
2012-02-22 16:00:00,16,1329.9,1423.0,28.28,28.27,0.0,0.01,23.5,23.45,0.0,0.05,50,20
2012-02-22 17:00:00,17,1433.7,1541.0,40.04,40.02,0.0,0.02,25.0,24.87,0.0,0.13,48,19
2012-02-22 18:00:00,18,1441.7,1605.0,40.62,40.67,0.0,-0.05,25.82,25.69,0.0,0.13,43,20
2012-02-22 19:00:00,19,1399.2,1562.0,36.43,36.6,0.0,-0.17,27.28,27.29,0.0,-0.01,42,20
2012-02-22 20:00:00,20,1317.9,1484.0,29.58,29.72,0.0,-0.14,24.9,25.02,0.0,-0.12,43,22
2012-02-22 21:00:00,21,1235.4,1360.0,28.06,28.07,0.0,-0.01,23.75,23.94,0.0,-0.19,42,23
2012-02-22 22:00:00,22,1084.8,1215.0,27.48,27.47,0.0,0.01,23.29,23.49,0.0,-0.2,39,23
2012-02-22 23:00:00,23,947.9,1092.0,27.18,27.21,0.0,-0.03,23.07,23.3,0.0,-0.23,38,24
2012-02-23 00:00:00,0,878.8,1013.0,24.75,25.58,-0.49,-0.34,25.24,25.54,0.0,-0.3,34,24
2012-02-23 01:00:00,1,819.2,974.0,23.26,23.57,0.0,-0.31,22.76,23.03,0.0,-0.27,35,25
2012-02-23 02:00:00,2,824.0,957.0,22.72,23.04,0.0,-0.32,22.38,22.66,0.0,-0.28,37,27
2012-02-23 03:00:00,3,831.7,960.0,22.74,23.04,0.0,-0.3,22.67,22.95,0.0,-0.28,38,30
2012-02-23 04:00:00,4,852.7,993.0,23.82,24.17,0.0,-0.35,24.21,24.5,0.0,-0.29,37,31
2012-02-23 05:00:00,5,964.7,1113.0,25.62,26.33,-0.34,-0.37,24.12,24.43,0.0,-0.31,33,30
2012-02-23 06:00:00,6,1142.6,1315.0,27.0,27.49,0.0,-0.49,22.37,22.64,0.0,-0.27,34,30
2012-02-23 07:00:00,7,1256.8,1416.0,26.4,27.01,0.0,-0.61,23.19,23.53,0.0,-0.34,35,31
2012-02-23 08:00:00,8,1275.0,1439.0,27.06,27.72,0.0,-0.66,24.73,25.1,0.0,-0.37,35,34
2012-02-23 09:00:00,9,1296.5,1452.0,26.4,27.18,-0.19,-0.59,27.35,27.78,0.0,-0.43,35,35
2012-02-23 10:00:00,10,1304.8,1452.0,28.19,28.81,0.0,-0.62,25.39,25.78,0.0,-0.39,39,37
2012-02-23 11:00:00,11,1276.2,1455.0,29.19,29.88,0.0,-0.69,24.64,25.03,0.0,-0.39,41,38
2012-02-23 12:00:00,12,1281.3,1437.0,25.72,26.3,0.0,-0.58,25.03,25.51,0.0,-0.48,43,40
2012-02-23 13:00:00,13,1264.7,1421.0,25.63,25.96,0.0,-0.33,23.88,24.37,0.0,-0.49,47,37
2012-02-23 14:00:00,14,1242.2,1395.0,25.92,26.28,0.0,-0.36,22.82,23.28,0.0,-0.46,43,33
2012-02-23 15:00:00,15,1248.5,1384.0,25.76,26.11,0.0,-0.35,21.93,22.37,0.0,-0.44,45,31
2012-02-23 16:00:00,16,1309.0,1416.0,26.73,27.05,0.0,-0.32,22.64,23.07,0.0,-0.43,44,25
2012-02-23 17:00:00,17,1393.4,1526.0,38.03,38.77,-0.16,-0.58,28.45,29.0,0.0,-0.55,42,25
2012-02-23 18:00:00,18,1398.0,1603.0,41.58,42.6,-0.29,-0.73,28.99,29.58,0.0,-0.59,40,24
2012-02-23 19:00:00,19,1349.7,1566.0,38.14,38.81,0.0,-0.67,29.17,29.83,0.0,-0.66,39,24
2012-02-23 20:00:00,20,1300.7,1495.0,30.82,31.28,0.0,-0.46,24.71,25.23,0.0,-0.52,38,24
2012-02-23 21:00:00,21,1220.1,1377.0,27.06,27.28,0.0,-0.22,22.84,23.35,0.0,-0.51,37,23
2012-02-23 22:00:00,22,1078.9,1232.0,26.1,26.3,0.0,-0.2,21.21,21.64,0.0,-0.43,37,22
2012-02-23 23:00:00,23,961.3,1115.0,25.78,25.98,0.0,-0.2,21.58,21.96,0.0,-0.38,33,21
2012-02-24 00:00:00,0,910.6,1036.0,21.94,22.36,0.0,-0.42,22.84,23.25,0.0,-0.41,31,21
2012-02-24 01:00:00,1,862.0,995.0,21.67,21.93,0.0,-0.26,19.87,20.14,0.0,-0.27,28,22
2012-02-24 02:00:00,2,842.1,978.0,19.74,20.0,0.0,-0.26,19.59,19.82,0.0,-0.23,26,22
2012-02-24 03:00:00,3,842.6,980.0,19.64,19.89,0.0,-0.25,19.56,19.79,0.0,-0.23,28,22
2012-02-24 04:00:00,4,887.1,1021.0,20.07,20.29,0.0,-0.22,20.0,20.23,0.0,-0.23,27,23
2012-02-24 05:00:00,5,988.6,1129.0,22.17,22.52,0.0,-0.35,23.19,23.47,0.0,-0.28,28,24
2012-02-24 06:00:00,6,1145.7,1318.0,27.46,27.62,0.0,-0.16,23.21,23.49,0.0,-0.28,29,24
2012-02-24 07:00:00,7,1268.2,1427.0,27.08,27.48,0.0,-0.4,23.23,23.61,0.0,-0.38,29,25
2012-02-24 08:00:00,8,1303.2,1461.0,31.18,31.62,0.0,-0.44,25.38,25.8,0.0,-0.42,30,26
2012-02-24 09:00:00,9,1340.5,1483.0,28.26,28.85,0.0,-0.59,31.51,32.14,0.0,-0.63,32,26
2012-02-24 10:00:00,10,1373.1,1500.0,30.99,31.6,0.0,-0.61,34.31,35.07,0.0,-0.76,34,25
2012-02-24 11:00:00,11,1359.4,1499.0,31.51,32.07,0.0,-0.56,36.61,37.46,0.0,-0.85,34,26
2012-02-24 12:00:00,12,1344.7,1486.0,30.63,31.28,0.0,-0.65,32.77,33.53,0.0,-0.76,35,27
2012-02-24 13:00:00,13,1332.7,1479.0,28.55,29.18,0.0,-0.63,30.52,31.18,0.0,-0.66,36,28
2012-02-24 14:00:00,14,1307.3,1466.0,26.42,26.92,0.0,-0.5,30.77,31.43,0.0,-0.66,35,31
2012-02-24 15:00:00,15,1309.0,1479.0,26.3,26.78,0.0,-0.48,28.28,28.81,0.0,-0.53,34,32
2012-02-24 16:00:00,16,1346.9,1524.0,27.99,28.55,0.0,-0.56,34.21,34.92,0.0,-0.71,34,33
2012-02-24 17:00:00,17,1460.5,1590.0,32.42,33.06,0.0,-0.64,41.84,42.7,0.0,-0.86,33,33
2012-02-24 18:00:00,18,1430.7,1595.0,32.52,33.57,-0.4,-0.65,26.27,26.76,0.0,-0.49,33,33
2012-02-24 19:00:00,19,1384.4,1536.0,26.52,27.1,-0.08,-0.5,26.37,26.9,0.0,-0.53,34,34
2012-02-24 20:00:00,20,1318.3,1459.0,26.85,27.22,0.0,-0.37,24.2,24.67,0.0,-0.47,35,34
2012-02-24 21:00:00,21,1236.1,1360.0,24.68,25.05,0.0,-0.37,23.64,24.08,0.0,-0.44,36,34
2012-02-24 22:00:00,22,1129.2,1247.0,24.09,25.1,-0.53,-0.48,22.92,23.41,0.0,-0.49,33,32
2012-02-24 23:00:00,23,987.0,1124.0,24.46,24.84,0.0,-0.38,21.49,21.93,0.0,-0.44,32,32
2012-02-25 00:00:00,0,901.7,1035.0,23.56,24.29,-0.2,-0.53,21.43,21.89,0.0,-0.46,32,32
2012-02-25 01:00:00,1,864.7,983.0,21.55,22.01,0.0,-0.46,21.27,21.69,0.0,-0.42,32,32
2012-02-25 02:00:00,2,837.6,957.0,21.45,21.94,0.0,-0.49,21.04,21.48,0.0,-0.44,32,32
2012-02-25 03:00:00,3,832.2,952.0,21.25,21.67,0.0,-0.42,20.11,20.53,0.0,-0.42,33,31
2012-02-25 04:00:00,4,850.2,970.0,21.55,22.05,0.0,-0.5,20.23,20.66,0.0,-0.43,34,29
2012-02-25 05:00:00,5,862.4,1021.0,22.47,23.17,-0.16,-0.54,26.53,27.09,0.0,-0.56,34,27
2012-02-25 06:00:00,6,919.8,1094.0,22.6,23.4,-0.3,-0.5,22.47,22.94,0.0,-0.47,34,27
2012-02-25 07:00:00,7,1046.7,1176.0,23.57,24.49,-0.48,-0.44,21.65,22.06,0.0,-0.41,34,25
2012-02-25 08:00:00,8,1149.5,1276.0,22.39,23.52,-0.69,-0.44,21.18,21.54,0.0,-0.36,34,25
2012-02-25 09:00:00,9,1199.3,1338.0,24.21,27.17,-2.45,-0.51,22.08,22.49,0.0,-0.41,35,24
2012-02-25 10:00:00,10,1222.2,1359.0,24.69,26.86,-1.67,-0.5,21.52,21.99,0.0,-0.47,35,25
2012-02-25 11:00:00,11,1217.0,1359.0,23.27,26.66,-2.86,-0.53,21.26,21.68,0.0,-0.42,35,26
2012-02-25 12:00:00,12,1190.8,1330.0,22.76,24.9,-1.66,-0.48,21.51,22.28,-0.32,-0.45,36,24
2012-02-25 13:00:00,13,1164.0,1312.0,21.72,23.25,-1.05,-0.48,23.73,24.26,0.0,-0.53,37,22
2012-02-25 14:00:00,14,1140.7,1282.0,21.65,22.84,-0.69,-0.5,22.5,23.1,0.0,-0.6,39,23
2012-02-25 15:00:00,15,1152.8,1283.0,21.56,22.67,-0.65,-0.46,21.95,22.53,0.0,-0.58,37,20
2012-02-25 16:00:00,16,1215.6,1326.0,23.07,23.46,0.0,-0.39,21.99,22.56,0.0,-0.57,35,22
2012-02-25 17:00:00,17,1343.2,1433.0,25.4,25.7,0.0,-0.3,26.04,26.66,0.0,-0.62,34,22
2012-02-25 18:00:00,18,1340.0,1487.0,35.5,36.04,0.0,-0.54,27.8,28.43,0.0,-0.63,33,22
2012-02-25 19:00:00,19,1302.0,1440.0,27.79,28.23,0.0,-0.44,28.52,29.2,0.0,-0.68,32,19
2012-02-25 20:00:00,20,1264.8,1384.0,26.77,27.1,0.0,-0.33,26.67,27.31,0.0,-0.64,31,18
2012-02-25 21:00:00,21,1195.3,1303.0,24.65,25.11,0.0,-0.46,22.37,22.99,0.0,-0.62,30,20
2012-02-25 22:00:00,22,1106.7,1204.0,23.24,24.11,-0.51,-0.36,20.77,21.29,0.0,-0.52,28,16
2012-02-25 23:00:00,23,976.1,1114.0,24.6,25.6,-0.44,-0.56,19.04,19.54,0.0,-0.5,27,15
2012-02-26 00:00:00,0,945.0,1047.0,24.47,26.43,-1.35,-0.61,21.77,22.44,0.0,-0.67,26,14
2012-02-26 01:00:00,1,903.0,1011.0,23.25,25.17,-1.35,-0.57,21.68,22.35,0.0,-0.67,25,13
2012-02-26 02:00:00,2,873.3,991.0,22.21,23.09,-0.25,-0.63,21.18,21.79,0.0,-0.61,24,14
2012-02-26 03:00:00,3,870.1,991.0,21.76,22.89,-0.5,-0.63,21.31,21.93,0.0,-0.62,24,12
2012-02-26 04:00:00,4,892.7,1008.0,21.97,22.99,-0.41,-0.61,21.22,21.82,0.0,-0.6,22,10
2012-02-26 05:00:00,5,922.3,1047.0,23.0,23.98,-0.35,-0.63,21.34,21.98,0.0,-0.64,21,8
2012-02-26 06:00:00,6,941.4,1093.0,23.6,25.44,-1.21,-0.63,21.35,22.0,0.0,-0.65,20,5
2012-02-26 07:00:00,7,1032.2,1169.0,23.06,23.68,0.0,-0.62,18.01,18.55,0.0,-0.54,20,4
2012-02-26 08:00:00,8,1121.2,1270.0,25.09,25.9,0.0,-0.81,22.55,23.26,0.0,-0.71,22,4
2012-02-26 09:00:00,9,1175.4,1322.0,25.9,26.69,0.0,-0.79,23.53,24.26,0.0,-0.73,24,3
2012-02-26 10:00:00,10,1186.5,1342.0,26.07,27.05,-0.2,-0.78,24.21,24.95,0.0,-0.74,27,3
2012-02-26 11:00:00,11,1178.4,1343.0,26.05,26.86,-0.03,-0.78,24.85,25.6,0.0,-0.75,29,0
2012-02-26 12:00:00,12,1164.0,1329.0,25.09,25.93,-0.06,-0.78,24.35,25.07,0.0,-0.72,32,1
2012-02-26 13:00:00,13,1109.2,1297.0,24.05,24.79,0.0,-0.74,23.45,24.1,0.0,-0.65,33,2
2012-02-26 14:00:00,14,1087.1,1268.0,23.26,23.95,0.0,-0.69,22.88,23.53,0.0,-0.65,34,1
2012-02-26 15:00:00,15,1102.2,1268.0,23.08,23.78,0.0,-0.7,21.9,22.53,0.0,-0.63,34,1
2012-02-26 16:00:00,16,1170.2,1311.0,22.79,23.39,0.0,-0.6,22.69,23.32,0.0,-0.63,34,1
2012-02-26 17:00:00,17,1333.7,1425.0,28.65,29.38,-0.13,-0.6,27.83,28.48,0.0,-0.65,32,0
2012-02-26 18:00:00,18,1339.2,1509.0,37.84,38.85,-0.1,-0.91,35.84,36.8,0.0,-0.96,29,2
2012-02-26 19:00:00,19,1302.7,1462.0,30.64,31.36,0.0,-0.72,32.76,33.71,0.0,-0.95,28,2
2012-02-26 20:00:00,20,1262.5,1390.0,27.29,28.11,-0.17,-0.65,27.77,28.5,0.0,-0.73,27,2
2012-02-26 21:00:00,21,1174.0,1292.0,25.42,26.1,0.0,-0.68,23.87,24.54,0.0,-0.67,27,3
2012-02-26 22:00:00,22,1090.0,1186.0,23.53,24.1,0.0,-0.57,21.65,22.23,0.0,-0.58,25,3
2012-02-26 23:00:00,23,972.5,1106.0,23.07,25.71,-1.92,-0.72,20.59,21.07,0.0,-0.48,24,5
2012-02-27 00:00:00,0,890.7,1045.0,22.42,23.51,-0.38,-0.71,21.21,21.8,0.0,-0.59,21,11
2012-02-27 01:00:00,1,857.0,1019.0,21.97,22.99,-0.36,-0.66,21.46,21.99,0.0,-0.53,20,8
2012-02-27 02:00:00,2,836.9,1006.0,21.91,22.96,-0.42,-0.63,21.39,21.92,0.0,-0.53,17,10
2012-02-27 03:00:00,3,847.4,1020.0,21.77,22.86,-0.43,-0.66,21.03,21.55,0.0,-0.52,16,11
2012-02-27 04:00:00,4,897.9,1068.0,22.52,23.57,-0.42,-0.63,24.72,25.3,0.0,-0.58,16,11
2012-02-27 05:00:00,5,1001.6,1178.0,25.64,26.87,-0.6,-0.63,35.38,36.01,0.0,-0.63,16,11
2012-02-27 06:00:00,6,1177.1,1332.0,27.66,27.99,0.0,-0.33,31.08,31.53,0.0,-0.45,15,12
2012-02-27 07:00:00,7,1275.2,1433.0,31.73,32.26,0.0,-0.53,36.68,37.3,0.0,-0.62,16,12
2012-02-27 08:00:00,8,1314.2,1481.0,31.84,32.4,0.0,-0.56,30.62,31.06,0.0,-0.44,19,13
2012-02-27 09:00:00,9,1338.0,1496.0,32.76,33.28,0.0,-0.52,37.06,37.56,0.0,-0.5,23,15
2012-02-27 10:00:00,10,1331.1,1507.0,33.2,33.74,0.0,-0.54,29.29,29.6,0.0,-0.31,30,13
2012-02-27 11:00:00,11,1314.4,1499.0,31.87,32.39,0.0,-0.52,27.3,27.54,0.0,-0.24,32,14
2012-02-27 12:00:00,12,1298.6,1482.0,30.3,30.84,0.0,-0.54,28.97,29.26,0.0,-0.29,36,15
2012-02-27 13:00:00,13,1281.5,1473.0,27.54,28.1,-0.06,-0.5,27.43,27.69,0.0,-0.26,38,18
2012-02-27 14:00:00,14,1253.1,1452.0,26.7,27.29,-0.11,-0.48,27.2,27.43,0.0,-0.23,39,19
2012-02-27 15:00:00,15,1257.7,1431.0,27.27,27.71,0.0,-0.44,26.6,26.84,0.0,-0.24,41,20
2012-02-27 16:00:00,16,1304.3,1457.0,28.15,28.58,-0.05,-0.38,30.83,31.12,0.0,-0.29,40,20
2012-02-27 17:00:00,17,1412.4,1549.0,39.45,40.02,0.0,-0.57,42.79,43.28,0.0,-0.49,39,21
2012-02-27 18:00:00,18,1442.5,1604.0,41.29,42.28,-0.31,-0.68,32.33,32.71,0.0,-0.38,36,22
2012-02-27 19:00:00,19,1379.9,1554.0,38.72,39.64,-0.24,-0.68,28.59,28.93,0.0,-0.34,35,23
2012-02-27 20:00:00,20,1334.0,1473.0,31.02,31.58,0.0,-0.56,27.71,28.09,0.0,-0.38,33,21
2012-02-27 21:00:00,21,1234.4,1356.0,27.98,28.31,0.0,-0.33,25.61,25.91,0.0,-0.3,30,21
2012-02-27 22:00:00,22,1109.8,1228.0,26.39,26.77,0.0,-0.38,24.38,24.71,0.0,-0.33,30,24
2012-02-27 23:00:00,23,977.2,1120.0,24.05,24.79,-0.25,-0.49,23.35,23.64,0.0,-0.29,32,23
2012-02-28 00:00:00,0,899.9,1043.0,25.12,25.96,-0.3,-0.54,23.98,24.35,0.0,-0.37,30,24
2012-02-28 01:00:00,1,858.8,1001.0,26.36,26.92,0.0,-0.56,21.03,21.38,0.0,-0.35,27,23
2012-02-28 02:00:00,2,833.0,982.0,26.42,26.94,0.0,-0.52,21.25,21.57,0.0,-0.32,39,26
2012-02-28 03:00:00,3,838.9,980.0,25.19,25.7,0.0,-0.51,21.08,21.41,0.0,-0.33,39,23
2012-02-28 04:00:00,4,886.3,1021.0,25.57,26.05,0.0,-0.48,21.38,21.69,0.0,-0.31,37,22
2012-02-28 05:00:00,5,996.9,1126.0,27.54,28.3,-0.32,-0.44,22.19,22.46,0.0,-0.27,36,22
2012-02-28 06:00:00,6,1221.8,1287.0,27.83,28.08,0.0,-0.25,24.5,24.75,0.0,-0.25,35,23
2012-02-28 07:00:00,7,1308.4,1372.0,30.37,30.79,0.0,-0.42,25.26,25.59,0.0,-0.33,36,24
2012-02-28 08:00:00,8,1325.3,1421.0,29.48,29.9,0.0,-0.42,25.51,25.85,0.0,-0.34,38,24
2012-02-28 09:00:00,9,1342.0,1446.0,27.98,28.48,0.0,-0.5,25.1,25.45,0.0,-0.35,34,25
2012-02-28 10:00:00,10,1348.8,1454.0,28.92,29.41,0.0,-0.49,25.49,25.82,0.0,-0.33,36,23
2012-02-28 11:00:00,11,1331.3,1447.0,27.6,28.09,0.0,-0.49,25.68,26.01,0.0,-0.33,38,19
2012-02-28 12:00:00,12,1308.9,1421.0,27.09,27.59,0.0,-0.5,24.16,24.53,0.0,-0.37,37,17
2012-02-28 13:00:00,13,1292.1,1408.0,25.86,26.34,0.0,-0.48,24.02,24.36,0.0,-0.34,38,16
2012-02-28 14:00:00,14,1281.1,1388.0,24.13,24.61,-0.04,-0.44,22.81,23.18,0.0,-0.37,38,14
2012-02-28 15:00:00,15,1290.4,1372.0,24.36,24.76,-0.01,-0.39,22.18,22.53,0.0,-0.35,38,13
2012-02-28 16:00:00,16,1324.5,1398.0,27.4,27.8,0.0,-0.4,23.11,23.4,0.0,-0.29,36,12
2012-02-28 17:00:00,17,1459.9,1500.0,29.47,29.84,0.0,-0.37,22.94,23.14,0.0,-0.2,34,12
2012-02-28 18:00:00,18,1459.4,1592.0,38.91,39.63,0.0,-0.72,26.79,27.04,0.0,-0.25,32,12
2012-02-28 19:00:00,19,1431.9,1559.0,34.3,34.89,0.0,-0.59,28.29,28.55,0.0,-0.26,30,11
2012-02-28 20:00:00,20,1382.7,1490.0,29.05,29.55,0.0,-0.5,28.02,28.34,0.0,-0.32,29,12
2012-02-28 21:00:00,21,1269.9,1385.0,28.7,28.9,0.0,-0.2,24.58,24.79,0.0,-0.21,27,12
2012-02-28 22:00:00,22,1144.9,1256.0,26.14,26.91,-0.45,-0.32,22.62,22.9,0.0,-0.28,26,12
2012-02-28 23:00:00,23,996.0,1145.0,27.07,27.48,0.0,-0.41,21.45,21.74,0.0,-0.29,26,14
2012-02-29 00:00:00,0,906.9,1074.0,22.9,23.57,-0.11,-0.56,24.08,24.48,0.0,-0.4,25,15
2012-02-29 01:00:00,1,884.2,1032.0,22.51,23.07,-0.03,-0.53,24.37,24.77,0.0,-0.4,23,16
2012-02-29 02:00:00,2,876.5,1014.0,22.52,23.03,0.0,-0.51,23.67,24.06,0.0,-0.39,24,18
2012-02-29 03:00:00,3,904.3,1015.0,22.02,22.52,0.0,-0.5,23.83,24.2,0.0,-0.37,25,17
2012-02-29 04:00:00,4,981.5,1055.0,22.79,23.19,0.0,-0.4,25.29,25.59,0.0,-0.3,25,17
2012-02-29 05:00:00,5,1128.5,1163.0,25.13,25.92,-0.47,-0.32,34.73,35.08,0.0,-0.35,26,18
2012-02-29 06:00:00,6,1248.7,1313.0,26.91,26.98,0.0,-0.07,33.61,33.81,0.0,-0.2,26,18
2012-02-29 07:00:00,7,1330.4,1412.0,26.9,27.1,0.0,-0.2,24.68,24.89,0.0,-0.21,27,18
2012-02-29 08:00:00,8,1342.3,1456.0,26.88,27.31,-0.1,-0.33,24.96,25.15,0.0,-0.19,28,16
2012-02-29 09:00:00,9,1368.2,1473.0,27.53,27.83,0.0,-0.3,25.65,25.84,0.0,-0.19,29,15
2012-02-29 10:00:00,10,1370.7,1490.0,28.5,28.85,0.0,-0.35,34.99,35.3,0.0,-0.31,29,19
2012-02-29 11:00:00,11,1351.7,1501.0,27.15,27.48,0.0,-0.33,35.78,36.11,0.0,-0.33,30,20
2012-02-29 12:00:00,12,1323.0,1490.0,27.61,28.06,-0.05,-0.4,27.8,28.08,0.0,-0.28,31,21
2012-02-29 13:00:00,13,1348.6,1499.0,28.42,28.88,-0.02,-0.44,28.57,28.89,0.0,-0.32,30,22
2012-02-29 14:00:00,14,1357.3,1494.0,27.31,27.77,-0.06,-0.4,29.32,29.66,0.0,-0.34,29,26
2012-02-29 15:00:00,15,1368.4,1488.0,26.53,26.96,-0.12,-0.31,35.78,36.28,0.0,-0.5,29,27
2012-02-29 16:00:00,16,1443.9,1518.0,28.59,28.9,0.0,-0.31,37.86,38.45,0.0,-0.59,29,26
2012-02-29 17:00:00,17,1510.3,1606.0,39.95,40.6,0.0,-0.65,77.87,78.97,0.0,-1.1,28,26
2012-02-29 18:00:00,18,1437.1,1663.0,37.76,38.96,-0.53,-0.67,52.76,53.35,0.0,-0.59,29,26
2012-02-29 19:00:00,19,1421.6,1611.0,29.87,30.29,0.0,-0.42,43.48,44.03,0.0,-0.55,29,26
2012-02-29 20:00:00,20,1310.6,1524.0,27.4,27.89,-0.06,-0.43,32.08,32.58,0.0,-0.5,29,26
2012-02-29 21:00:00,21,1188.0,1409.0,26.71,26.91,0.0,-0.2,26.38,26.66,0.0,-0.28,29,27
2012-02-29 22:00:00,22,1052.1,1283.0,25.97,26.26,0.0,-0.29,25.02,25.29,0.0,-0.27,29,26
2012-02-29 23:00:00,23,996.8,1172.0,25.76,26.49,-0.33,-0.4,37.79,38.29,0.0,-0.5,29,27
2012-03-01 00:00:00,0,914.6,1096.0,23.78,24.1,0.0,-0.32,27.81,28.15,0.0,-0.34,30,27
2012-03-01 01:00:00,1,878.8,1055.0,21.73,22.02,0.0,-0.29,23.18,23.44,0.0,-0.26,29,28
2012-03-01 02:00:00,2,856.0,1032.0,21.82,22.11,0.0,-0.29,23.7,23.96,0.0,-0.26,29,28
2012-03-01 03:00:00,3,861.0,1030.0,22.08,22.37,0.0,-0.29,24.09,24.34,0.0,-0.25,30,27
2012-03-01 04:00:00,4,906.7,1064.0,23.57,23.83,0.0,-0.26,33.3,33.54,0.0,-0.24,30,27
2012-03-01 05:00:00,5,1010.1,1161.0,24.96,26.28,-0.97,-0.35,29.85,30.05,0.0,-0.2,29,27
2012-03-01 06:00:00,6,1176.7,1302.0,27.92,29.84,-1.72,-0.2,34.5,34.77,0.0,-0.27,27,25
2012-03-01 07:00:00,7,1289.1,1386.0,29.24,30.36,-1.03,-0.09,40.73,41.01,0.0,-0.28,26,24
2012-03-01 08:00:00,8,1306.2,1453.0,29.76,30.83,-0.93,-0.14,48.74,49.17,0.0,-0.43,24,22
2012-03-01 09:00:00,9,1345.0,1503.0,30.12,31.63,-1.23,-0.28,39.81,40.16,0.0,-0.35,24,22
2012-03-01 10:00:00,10,1385.1,1550.0,32.2,33.21,-0.8,-0.21,39.24,39.53,0.0,-0.29,24,20
2012-03-01 11:00:00,11,1374.6,1570.0,33.26,33.38,0.0,-0.12,43.46,43.72,0.0,-0.26,24,20
2012-03-01 12:00:00,12,1364.5,1565.0,31.95,32.11,0.0,-0.16,43.09,43.34,0.0,-0.25,24,19
2012-03-01 13:00:00,13,1346.3,1550.0,32.1,32.28,0.0,-0.18,33.75,33.88,0.0,-0.13,24,20
2012-03-01 14:00:00,14,1324.7,1531.0,30.68,30.87,0.0,-0.19,27.23,27.27,0.0,-0.04,25,21
2012-03-01 15:00:00,15,1299.4,1514.0,27.81,27.94,0.0,-0.13,28.31,28.37,0.0,-0.06,25,19
2012-03-01 16:00:00,16,1332.8,1536.0,29.08,29.24,0.0,-0.16,35.81,35.97,0.0,-0.16,24,18
2012-03-01 17:00:00,17,1494.5,1621.0,30.46,31.83,-1.15,-0.22,37.26,37.47,0.0,-0.21,24,18
2012-03-01 18:00:00,18,1444.0,1688.0,43.0,44.2,-0.7,-0.5,43.05,43.3,0.0,-0.25,23,20
2012-03-01 19:00:00,19,1401.6,1638.0,35.01,36.19,-0.9,-0.28,55.64,56.02,0.0,-0.38,23,19
2012-03-01 20:00:00,20,1354.2,1553.0,31.85,32.07,0.0,-0.22,42.49,42.84,0.0,-0.35,22,18
2012-03-01 21:00:00,21,1255.6,1432.0,28.8,28.99,0.0,-0.19,32.56,32.79,0.0,-0.23,21,17
2012-03-01 22:00:00,22,1126.8,1303.0,27.19,27.83,-0.41,-0.23,27.52,27.8,0.0,-0.28,21,15
2012-03-01 23:00:00,23,990.8,1189.0,27.03,27.96,-0.66,-0.27,26.39,26.74,0.0,-0.35,21,15
2012-03-02 00:00:00,0,923.1,1119.0,27.37,28.33,-0.26,-0.7,30.39,30.91,0.0,-0.52,21,15
2012-03-02 01:00:00,1,886.3,1081.0,25.54,26.15,0.0,-0.61,28.67,29.16,0.0,-0.49,20,15
2012-03-02 02:00:00,2,863.9,1060.0,25.41,25.99,0.0,-0.58,26.75,27.16,0.0,-0.41,20,15
2012-03-02 03:00:00,3,870.6,1061.0,25.41,25.98,0.0,-0.57,26.92,27.29,0.0,-0.37,20,15
2012-03-02 04:00:00,4,917.1,1089.0,25.88,26.38,0.0,-0.5,27.37,27.71,0.0,-0.34,18,13
2012-03-02 05:00:00,5,1021.1,1191.0,28.15,29.08,-0.35,-0.58,26.8,27.19,0.0,-0.39,19,13
2012-03-02 06:00:00,6,1182.5,1328.0,31.57,33.37,-1.09,-0.71,35.95,38.9,-2.31,-0.64,18,13
2012-03-02 07:00:00,7,1289.0,1439.0,34.98,36.79,-0.88,-0.93,44.65,51.26,-5.64,-0.97,19,13
2012-03-02 08:00:00,8,1303.5,1487.0,35.17,37.22,-1.06,-0.99,41.34,50.96,-8.63,-0.99,19,13
2012-03-02 09:00:00,9,1322.1,1513.0,33.86,35.72,-0.97,-0.89,46.1,46.86,0.0,-0.76,20,13
2012-03-02 10:00:00,10,1344.8,1526.0,33.53,35.3,-0.92,-0.85,41.88,42.53,0.0,-0.65,22,14
2012-03-02 11:00:00,11,1321.9,1516.0,33.36,34.39,-0.42,-0.61,32.89,33.21,0.0,-0.32,23,14
2012-03-02 12:00:00,12,1295.3,1497.0,33.44,34.11,0.0,-0.67,31.71,32.03,0.0,-0.32,24,15
2012-03-02 13:00:00,13,1285.6,1484.0,31.04,31.72,0.0,-0.68,35.37,35.73,0.0,-0.36,24,17
2012-03-02 14:00:00,14,1260.9,1455.0,30.2,30.88,0.0,-0.68,36.14,36.56,0.0,-0.42,25,18
2012-03-02 15:00:00,15,1257.7,1436.0,29.51,30.16,0.0,-0.65,29.84,30.28,0.0,-0.44,26,19
2012-03-02 16:00:00,16,1293.8,1460.0,30.91,31.54,0.0,-0.63,36.79,37.25,0.0,-0.46,27,21
2012-03-02 17:00:00,17,1389.3,1542.0,34.63,35.77,-0.47,-0.67,50.93,51.66,0.0,-0.73,28,21
2012-03-02 18:00:00,18,1388.5,1591.0,40.76,42.12,-0.37,-0.99,38.31,38.77,0.0,-0.46,27,22
2012-03-02 19:00:00,19,1320.9,1546.0,32.97,34.3,-0.58,-0.75,35.43,35.85,0.0,-0.42,27,23
2012-03-02 20:00:00,20,1248.2,1482.0,35.38,36.29,0.0,-0.91,32.11,32.56,0.0,-0.45,26,23
2012-03-02 21:00:00,21,1204.6,1389.0,31.06,32.56,-0.95,-0.55,32.57,33.09,0.0,-0.52,26,24
2012-03-02 22:00:00,22,1099.5,1271.0,31.57,32.85,-0.51,-0.77,30.75,31.29,0.0,-0.54,27,24
2012-03-02 23:00:00,23,963.9,1158.0,27.31,30.68,-2.58,-0.79,26.76,27.28,0.0,-0.52,27,25
2012-03-03 00:00:00,0,929.4,1084.0,28.05,28.85,0.0,-0.8,31.04,31.8,0.0,-0.76,28,25
2012-03-03 01:00:00,1,885.4,1041.0,26.45,27.15,0.0,-0.7,63.64,65.45,0.0,-1.81,28,25
2012-03-03 02:00:00,2,859.6,1013.0,26.11,26.74,0.0,-0.63,34.22,34.89,0.0,-0.67,28,27
2012-03-03 03:00:00,3,858.4,998.0,26.14,26.73,0.0,-0.59,27.63,28.18,0.0,-0.55,29,27
2012-03-03 04:00:00,4,874.7,1007.0,26.89,27.82,-0.3,-0.63,26.95,27.49,0.0,-0.54,31,29
2012-03-03 05:00:00,5,910.0,1047.0,27.5,28.9,-0.64,-0.76,30.46,31.11,0.0,-0.65,32,31
2012-03-03 06:00:00,6,974.9,1111.0,27.25,30.43,-2.37,-0.81,47.04,48.14,0.0,-1.1,32,32
2012-03-03 07:00:00,7,1069.3,1196.0,30.09,32.91,-2.0,-0.82,36.19,36.93,0.0,-0.74,33,32
2012-03-03 08:00:00,8,1203.2,1298.0,30.45,37.56,-6.41,-0.7,36.19,36.86,0.0,-0.67,34,33
2012-03-03 09:00:00,9,1265.8,1373.0,30.05,36.84,-5.9,-0.89,65.2,66.44,0.0,-1.24,34,34
2012-03-03 10:00:00,10,1277.8,1405.0,34.4,44.37,-8.85,-1.12,68.91,70.16,0.0,-1.25,34,33
2012-03-03 11:00:00,11,1265.0,1426.0,34.55,38.66,-3.24,-0.87,52.51,53.4,0.0,-0.89,34,33
2012-03-03 12:00:00,12,1246.0,1399.0,31.46,34.49,-2.3,-0.73,48.75,49.57,0.0,-0.82,34,33
2012-03-03 13:00:00,13,1213.7,1350.0,30.07,32.77,-2.01,-0.69,29.26,29.79,0.0,-0.53,34,34
2012-03-03 14:00:00,14,1138.8,1308.0,29.39,31.54,-1.42,-0.73,27.16,27.67,0.0,-0.51,36,34
2012-03-03 15:00:00,15,1144.3,1284.0,29.07,31.21,-1.42,-0.72,26.31,26.82,0.0,-0.51,37,35
2012-03-03 16:00:00,16,1192.2,1296.0,30.07,32.84,-2.07,-0.7,27.0,27.49,0.0,-0.49,38,36
2012-03-03 17:00:00,17,1297.3,1379.0,35.44,41.79,-5.36,-0.99,32.41,33.07,0.0,-0.66,38,36
2012-03-03 18:00:00,18,1333.0,1468.0,43.85,46.55,-1.72,-0.98,46.54,47.54,0.0,-1.0,36,35
2012-03-03 19:00:00,19,1234.7,1429.0,31.72,33.96,-1.49,-0.75,33.49,34.13,0.0,-0.64,37,36
2012-03-03 20:00:00,20,1200.8,1373.0,31.61,34.25,-1.81,-0.83,37.46,38.21,0.0,-0.75,37,35
2012-03-03 21:00:00,21,1159.3,1291.0,31.16,32.17,-0.38,-0.63,26.92,27.45,0.0,-0.53,36,33
2012-03-03 22:00:00,22,1062.6,1188.0,31.05,33.02,-1.15,-0.82,25.89,26.51,0.0,-0.62,34,28
2012-03-03 23:00:00,23,948.7,1093.0,28.69,30.0,-0.45,-0.86,25.63,26.22,0.0,-0.59,38,24
2012-03-04 00:00:00,0,887.7,1019.0,29.14,29.66,0.0,-0.52,34.21,35.03,0.0,-0.82,37,23
2012-03-04 01:00:00,1,846.1,975.0,29.55,30.04,0.0,-0.49,27.54,28.15,0.0,-0.61,36,21
2012-03-04 02:00:00,2,822.2,950.0,29.05,29.49,0.0,-0.44,21.09,21.51,0.0,-0.42,34,20
2012-03-04 03:00:00,3,819.5,948.0,27.92,28.37,0.0,-0.45,22.63,23.07,0.0,-0.44,34,18
2012-03-04 04:00:00,4,836.4,957.0,27.56,28.0,0.0,-0.44,21.14,21.57,0.0,-0.43,28,18
2012-03-04 05:00:00,5,874.8,992.0,28.38,28.82,0.0,-0.44,27.6,28.14,0.0,-0.54,26,18
2012-03-04 06:00:00,6,896.3,1047.0,29.1,29.66,0.0,-0.56,28.7,29.29,0.0,-0.59,25,19
2012-03-04 07:00:00,7,965.3,1118.0,29.26,29.87,0.0,-0.61,39.46,40.12,0.0,-0.66,23,20
2012-03-04 08:00:00,8,1073.4,1214.0,33.52,34.55,-0.4,-0.63,25.47,25.98,0.0,-0.51,26,20
2012-03-04 09:00:00,9,1188.9,1282.0,32.36,33.9,-0.82,-0.72,29.26,29.88,0.0,-0.62,31,20
2012-03-04 10:00:00,10,1212.7,1309.0,33.95,35.68,-0.94,-0.79,33.19,33.92,0.0,-0.73,33,21
2012-03-04 11:00:00,11,1218.4,1308.0,33.87,35.73,-1.08,-0.78,41.22,42.16,0.0,-0.94,36,19
2012-03-04 12:00:00,12,1178.2,1300.0,33.62,35.09,-0.72,-0.75,43.08,44.0,0.0,-0.92,38,18
2012-03-04 13:00:00,13,1158.8,1279.0,32.55,33.86,-0.59,-0.72,49.02,50.06,0.0,-1.04,38,17
2012-03-04 14:00:00,14,1099.1,1266.0,30.58,32.05,-0.77,-0.7,40.77,41.67,0.0,-0.9,39,17
2012-03-04 15:00:00,15,1109.4,1270.0,32.02,33.42,-0.69,-0.71,41.16,41.99,0.0,-0.83,39,18
2012-03-04 16:00:00,16,1153.3,1309.0,33.63,36.1,-1.78,-0.69,35.13,35.88,0.0,-0.75,40,18
2012-03-04 17:00:00,17,1285.9,1413.0,38.19,41.29,-2.36,-0.74,43.83,44.76,0.0,-0.93,39,19
2012-03-04 18:00:00,18,1371.7,1501.0,48.9,52.83,-2.89,-1.04,54.22,56.04,-0.56,-1.26,37,21
2012-03-04 19:00:00,19,1247.2,1464.0,46.27,50.54,-3.34,-0.93,51.98,54.91,-1.82,-1.11,36,21
2012-03-04 20:00:00,20,1222.1,1387.0,37.83,41.15,-2.62,-0.7,43.46,55.87,-11.29,-1.12,30,22
2012-03-04 21:00:00,21,1163.8,1276.0,35.47,39.12,-2.92,-0.73,32.09,35.24,-2.38,-0.77,33,22
2012-03-04 22:00:00,22,1071.6,1160.0,32.34,33.73,-0.87,-0.52,27.35,27.86,0.0,-0.51,31,23
2012-03-04 23:00:00,23,955.3,1069.0,31.74,33.17,-0.76,-0.67,34.67,35.5,0.0,-0.83,27,22
2012-03-05 00:00:00,0,930.1,1007.0,32.37,33.07,0.0,-0.7,29.77,30.49,0.0,-0.72,28,18
2012-03-05 01:00:00,1,904.5,981.0,28.75,29.38,0.0,-0.63,30.15,30.83,0.0,-0.68,26,15
2012-03-05 02:00:00,2,894.4,978.0,28.88,29.48,0.0,-0.6,30.89,31.58,0.0,-0.69,27,12
2012-03-05 03:00:00,3,902.1,992.0,29.5,30.09,0.0,-0.59,28.56,29.17,0.0,-0.61,25,12
2012-03-05 04:00:00,4,949.6,1042.0,32.24,32.81,0.0,-0.57,28.96,29.55,0.0,-0.59,25,13
2012-03-05 05:00:00,5,1037.5,1174.0,36.64,37.45,-0.31,-0.5,31.31,31.82,0.0,-0.51,25,16
2012-03-05 06:00:00,6,1237.8,1364.0,36.04,38.23,-1.68,-0.51,40.84,41.35,0.0,-0.51,23,12
2012-03-05 07:00:00,7,1325.1,1455.0,44.97,47.51,-1.94,-0.6,48.09,48.87,0.0,-0.78,22,11
2012-03-05 08:00:00,8,1366.8,1481.0,42.92,46.33,-2.92,-0.49,47.04,47.71,0.0,-0.67,23,11
2012-03-05 09:00:00,9,1410.1,1490.0,47.15,50.27,-2.48,-0.64,43.97,44.58,0.0,-0.61,23,11
2012-03-05 10:00:00,10,1422.4,1497.0,44.17,46.42,-2.07,-0.18,61.01,61.73,0.0,-0.72,24,11
2012-03-05 11:00:00,11,1385.8,1490.0,43.02,46.1,-2.87,-0.21,43.41,43.84,0.0,-0.43,26,11
2012-03-05 12:00:00,12,1374.2,1463.0,41.59,44.12,-2.29,-0.24,40.82,41.3,0.0,-0.48,26,10
2012-03-05 13:00:00,13,1349.1,1441.0,39.96,41.76,-1.54,-0.26,38.7,39.15,0.0,-0.45,27,9
2012-03-05 14:00:00,14,1333.1,1416.0,40.45,42.13,-1.4,-0.28,31.81,32.16,0.0,-0.35,29,10
2012-03-05 15:00:00,15,1331.4,1407.0,40.47,42.14,-1.39,-0.28,33.08,33.45,0.0,-0.37,29,11
2012-03-05 16:00:00,16,1367.4,1442.0,40.79,43.27,-2.24,-0.24,35.52,35.97,0.0,-0.45,29,9
2012-03-05 17:00:00,17,1493.4,1542.0,50.57,53.77,-2.42,-0.78,42.47,42.96,0.0,-0.49,28,9
2012-03-05 18:00:00,18,1519.4,1663.0,65.59,67.89,-1.2,-1.1,65.05,65.93,0.0,-0.88,26,7
2012-03-05 19:00:00,19,1484.0,1631.0,54.57,57.66,-2.16,-0.93,50.5,51.12,0.0,-0.62,24,6
2012-03-05 20:00:00,20,1433.1,1556.0,46.05,48.11,-1.59,-0.47,46.38,46.98,0.0,-0.6,21,5
2012-03-05 21:00:00,21,1336.0,1439.0,40.77,41.2,-0.12,-0.31,41.82,42.42,0.0,-0.6,20,3
2012-03-05 22:00:00,22,1223.9,1298.0,35.51,37.97,-2.04,-0.42,35.16,35.75,0.0,-0.59,17,3
2012-03-05 23:00:00,23,1081.6,1182.0,38.36,39.05,0.0,-0.69,30.73,31.34,0.0,-0.61,18,3
2012-03-06 00:00:00,0,1013.7,1118.0,36.44,37.17,0.0,-0.73,31.92,32.48,0.0,-0.56,16,2
2012-03-06 01:00:00,1,981.4,1089.0,36.48,37.25,0.0,-0.77,31.79,32.34,0.0,-0.55,15,3
2012-03-06 02:00:00,2,970.1,1079.0,34.54,35.24,0.0,-0.7,31.34,31.83,0.0,-0.49,14,2
2012-03-06 03:00:00,3,977.4,1088.0,34.55,35.23,0.0,-0.68,30.86,31.28,0.0,-0.42,14,3
2012-03-06 04:00:00,4,1021.7,1129.0,36.64,37.37,0.0,-0.73,30.61,30.97,0.0,-0.36,13,2
2012-03-06 05:00:00,5,1130.4,1254.0,37.03,37.38,0.0,-0.35,30.27,30.48,0.0,-0.21,13,2
2012-03-06 06:00:00,6,1333.6,1435.0,44.31,44.76,-0.29,-0.16,46.81,46.96,0.0,-0.15,12,2
2012-03-06 07:00:00,7,1418.0,1521.0,52.34,53.02,-0.38,-0.3,57.0,56.98,0.0,0.02,11,2
2012-03-06 08:00:00,8,1438.4,1521.0,48.16,48.98,-0.5,-0.32,54.2,54.12,0.0,0.08,15,2
2012-03-06 09:00:00,9,1414.9,1515.0,44.2,45.26,-0.9,-0.16,35.96,35.88,0.0,0.08,18,4
2012-03-06 10:00:00,10,1403.9,1510.0,44.17,44.97,-0.69,-0.11,32.03,31.96,0.05,0.02,21,3
2012-03-06 11:00:00,11,1382.4,1496.0,42.45,42.69,-0.11,-0.13,33.25,33.15,0.0,0.1,25,1
2012-03-06 12:00:00,12,1360.2,1465.0,41.04,41.22,-0.01,-0.17,34.8,34.65,0.0,0.15,27,1
2012-03-06 13:00:00,13,1340.9,1448.0,40.27,40.52,0.0,-0.25,35.2,35.19,0.0,0.01,31,1
2012-03-06 14:00:00,14,1317.6,1419.0,34.58,35.17,-0.32,-0.27,31.44,31.46,0.0,-0.02,32,1
2012-03-06 15:00:00,15,1315.4,1408.0,34.35,35.24,-0.6,-0.29,30.28,30.36,0.0,-0.08,33,-1
2012-03-06 16:00:00,16,1350.7,1435.0,34.67,35.57,-0.62,-0.28,31.77,31.79,0.0,-0.02,34,2
2012-03-06 17:00:00,17,1441.7,1528.0,44.17,45.91,-1.41,-0.33,40.09,39.81,0.24,0.04,34,4
2012-03-06 18:00:00,18,1481.4,1643.0,61.92,63.47,-0.67,-0.88,54.42,54.44,0.0,-0.02,33,0
2012-03-06 19:00:00,19,1437.2,1618.0,52.32,53.81,-0.83,-0.66,52.8,52.88,0.0,-0.08,29,4
2012-03-06 20:00:00,20,1402.2,1547.0,44.24,45.05,-0.42,-0.39,52.79,52.92,0.0,-0.13,24,11
2012-03-06 21:00:00,21,1317.6,1431.0,38.09,38.96,-0.69,-0.18,36.76,36.71,0.0,0.05,22,11
2012-03-06 22:00:00,22,1192.5,1292.0,36.0,36.34,0.0,-0.34,33.83,33.86,0.0,-0.03,19,10
2012-03-06 23:00:00,23,1044.9,1174.0,29.47,31.43,-1.54,-0.42,22.56,22.67,0.0,-0.11,20,11
2012-03-07 00:00:00,0,976.7,1107.0,24.65,24.75,0.0,-0.1,23.71,23.79,0.0,-0.08,19,13
2012-03-07 01:00:00,1,946.1,1069.0,23.57,23.65,0.0,-0.08,22.06,22.13,0.0,-0.07,18,10
2012-03-07 02:00:00,2,926.2,1051.0,22.28,22.37,0.0,-0.09,23.56,23.59,0.0,-0.03,16,12
2012-03-07 03:00:00,3,932.1,1055.0,22.81,22.91,0.0,-0.1,23.85,23.85,0.0,0.0,17,12
2012-03-07 04:00:00,4,984.6,1095.0,23.83,23.85,0.0,-0.02,25.27,25.23,0.0,0.04,24,11
2012-03-07 05:00:00,5,1089.3,1217.0,25.98,25.89,-0.02,0.11,27.67,27.5,0.0,0.17,21,12
2012-03-07 06:00:00,6,1227.8,1400.0,33.57,34.14,-0.72,0.15,26.72,26.22,0.23,0.27,19,13
2012-03-07 07:00:00,7,1348.4,1480.0,36.22,37.05,-1.1,0.27,37.29,36.98,0.0,0.31,20,14
2012-03-07 08:00:00,8,1376.6,1474.0,33.91,35.0,-1.37,0.28,33.85,33.58,0.0,0.27,26,16
2012-03-07 09:00:00,9,1360.9,1459.0,31.24,31.35,-0.37,0.26,36.77,36.32,0.0,0.45,32,23
2012-03-07 10:00:00,10,1369.9,1456.0,29.24,29.32,-0.38,0.3,37.13,36.63,0.0,0.5,36,23
2012-03-07 11:00:00,11,1354.9,1434.0,28.71,28.78,-0.36,0.29,29.11,28.73,0.0,0.38,40,23
2012-03-07 12:00:00,12,1338.0,1404.0,27.51,28.03,-0.83,0.31,25.77,25.44,0.0,0.33,46,24
2012-03-07 13:00:00,13,1323.4,1395.0,27.54,27.45,-0.21,0.3,26.54,26.23,0.0,0.31,50,26
2012-03-07 14:00:00,14,1320.9,1368.0,26.1,26.02,-0.17,0.25,25.38,25.1,0.0,0.28,52,26
2012-03-07 15:00:00,15,1296.2,1353.0,25.95,26.07,-0.35,0.23,24.21,23.96,0.0,0.25,55,25
2012-03-07 16:00:00,16,1336.3,1374.0,26.1,26.06,-0.17,0.21,24.31,24.06,0.0,0.25,55,26
2012-03-07 17:00:00,17,1438.6,1466.0,28.03,28.57,-0.83,0.29,30.0,29.62,0.0,0.38,53,26
2012-03-07 18:00:00,18,1436.7,1573.0,41.85,42.98,-1.46,0.33,66.55,65.8,0.0,0.75,50,27
2012-03-07 19:00:00,19,1407.9,1543.0,35.3,36.15,-1.11,0.26,38.75,38.34,0.0,0.41,49,28
2012-03-07 20:00:00,20,1335.4,1469.0,28.29,28.4,-0.32,0.21,27.29,27.06,0.0,0.23,48,28
2012-03-07 21:00:00,21,1248.3,1347.0,25.97,26.18,-0.38,0.17,22.7,22.55,0.0,0.15,47,29
2012-03-07 22:00:00,22,1122.6,1201.0,25.87,25.87,0.0,0.0,21.54,21.52,0.0,0.02,44,30
2012-03-07 23:00:00,23,981.3,1081.0,23.3,23.47,-0.07,-0.1,1.88,1.88,0.0,0.0,43,30
2012-03-08 00:00:00,0,872.8,1006.0,23.86,24.09,0.0,-0.23,24.65,24.54,0.23,-0.12,43,31
2012-03-08 01:00:00,1,850.3,969.0,22.31,22.5,0.0,-0.19,24.87,24.91,0.13,-0.17,42,31
2012-03-08 02:00:00,2,817.7,952.0,20.92,21.08,0.0,-0.16,22.62,22.75,0.0,-0.13,43,31
2012-03-08 03:00:00,3,821.0,956.0,20.98,21.13,0.0,-0.15,22.1,22.2,0.0,-0.1,39,31
2012-03-08 04:00:00,4,865.5,991.0,22.38,22.53,0.0,-0.15,21.5,21.59,0.0,-0.09,44,35
2012-03-08 05:00:00,5,974.0,1116.0,25.24,25.44,0.0,-0.2,24.06,24.08,0.0,-0.02,41,34
2012-03-08 06:00:00,6,1182.3,1289.0,26.06,26.69,-0.74,0.11,24.18,24.03,0.0,0.15,42,36
2012-03-08 07:00:00,7,1307.1,1373.0,25.27,25.08,0.0,0.19,22.46,22.29,0.0,0.17,42,37
2012-03-08 08:00:00,8,1328.5,1381.0,27.31,27.13,0.0,0.18,23.11,22.93,0.0,0.18,47,39
2012-03-08 09:00:00,9,1347.7,1384.0,29.55,29.37,0.0,0.18,23.39,23.24,0.0,0.15,50,41
2012-03-08 10:00:00,10,1356.6,1390.0,29.61,29.35,0.0,0.26,24.53,24.34,0.0,0.19,52,41
2012-03-08 11:00:00,11,1337.6,1390.0,29.23,28.99,0.0,0.24,24.32,24.14,0.0,0.18,57,43
2012-03-08 12:00:00,12,1357.0,1372.0,30.2,29.91,0.0,0.29,23.14,23.02,0.0,0.12,61,42
2012-03-08 13:00:00,13,1333.0,1365.0,27.34,27.08,0.0,0.26,22.73,22.64,0.0,0.09,62,43
2012-03-08 14:00:00,14,1338.6,1352.0,26.95,26.71,0.0,0.24,21.79,21.73,0.0,0.06,65,44
2012-03-08 15:00:00,15,1346.2,1344.0,25.65,25.39,0.0,0.26,19.96,19.93,0.0,0.03,65,45
2012-03-08 16:00:00,16,1350.6,1372.0,25.06,24.8,0.0,0.26,21.47,21.42,0.0,0.05,63,44
2012-03-08 17:00:00,17,1445.8,1455.0,33.66,33.34,0.0,0.32,23.24,23.19,0.0,0.05,62,45
2012-03-08 18:00:00,18,1463.2,1526.0,42.03,41.66,0.0,0.37,25.8,25.72,0.0,0.08,60,45
2012-03-08 19:00:00,19,1422.9,1487.0,35.9,35.63,0.0,0.27,25.29,25.25,0.0,0.04,58,46
2012-03-08 20:00:00,20,1368.7,1413.0,27.02,26.81,0.0,0.21,23.27,23.25,0.0,0.02,59,46
2012-03-08 21:00:00,21,1278.4,1290.0,25.21,24.99,-0.02,0.24,20.85,20.94,0.0,-0.09,57,46
2012-03-08 22:00:00,22,1148.0,1144.0,24.22,25.23,-0.97,-0.04,19.43,19.6,0.0,-0.17,61,47
2012-03-08 23:00:00,23,984.2,1029.0,22.6,23.53,-0.78,-0.15,18.46,18.68,0.0,-0.22,60,46
2012-03-09 00:00:00,0,855.7,954.0,20.67,20.68,0.0,-0.01,21.76,21.91,0.02,-0.17,60,45
2012-03-09 01:00:00,1,875.3,923.0,14.99,14.99,0.0,0.0,16.87,17.01,0.0,-0.14,48,40
2012-03-09 02:00:00,2,851.8,906.0,14.81,14.81,0.0,0.0,9.79,9.88,0.0,-0.09,44,34
2012-03-09 03:00:00,3,851.0,905.0,14.81,14.8,0.0,0.01,9.8,9.87,0.0,-0.07,39,33
2012-03-09 04:00:00,4,878.1,942.0,15.0,14.98,0.0,0.02,17.0,17.11,0.0,-0.11,37,32
2012-03-09 05:00:00,5,963.5,1060.0,21.08,20.98,0.0,0.1,10.21,10.26,0.0,-0.05,37,26
2012-03-09 06:00:00,6,1123.2,1247.0,25.75,25.53,0.0,0.22,2.51,2.52,0.0,-0.01,36,24
2012-03-09 07:00:00,7,1251.7,1359.0,25.84,25.77,-0.16,0.23,23.71,23.76,0.0,-0.05,34,20
2012-03-09 08:00:00,8,1336.0,1388.0,27.4,27.29,0.0,0.11,23.14,23.27,0.0,-0.13,35,20
2012-03-09 09:00:00,9,1404.3,1400.0,26.67,26.59,0.0,0.08,21.31,21.48,0.0,-0.17,36,21
2012-03-09 10:00:00,10,1422.0,1410.0,27.51,27.39,0.0,0.12,22.45,22.62,0.0,-0.17,36,23
2012-03-09 11:00:00,11,1411.4,1400.0,27.91,27.78,0.0,0.13,22.29,22.44,0.0,-0.15,38,20
2012-03-09 12:00:00,12,1362.2,1376.0,26.34,26.24,0.0,0.1,21.16,21.28,0.02,-0.14,38,17
2012-03-09 13:00:00,13,1337.0,1366.0,24.94,24.87,-0.03,0.1,20.2,20.34,0.0,-0.14,38,16
2012-03-09 14:00:00,14,1313.5,1346.0,23.32,23.41,-0.16,0.07,20.19,20.33,0.0,-0.14,39,14
2012-03-09 15:00:00,15,1301.5,1335.0,22.76,22.92,-0.21,0.05,20.21,20.39,0.0,-0.18,42,15
2012-03-09 16:00:00,16,1350.0,1350.0,23.84,23.89,-0.12,0.07,21.3,21.49,0.0,-0.19,42,14
2012-03-09 17:00:00,17,1427.3,1411.0,28.48,28.42,0.0,0.06,22.66,22.8,0.0,-0.14,40,11
2012-03-09 18:00:00,18,1442.6,1505.0,42.96,42.94,0.0,0.02,26.53,26.65,0.0,-0.12,36,13
2012-03-09 19:00:00,19,1379.3,1472.0,36.08,36.09,0.0,-0.01,29.18,29.24,0.0,-0.06,33,14
2012-03-09 20:00:00,20,1339.6,1413.0,27.73,27.7,0.0,0.03,24.76,24.74,0.0,0.02,30,15
2012-03-09 21:00:00,21,1260.8,1331.0,23.63,23.73,-0.12,0.02,22.5,22.53,0.0,-0.03,28,19
2012-03-09 22:00:00,22,1156.6,1214.0,23.8,23.98,-0.12,-0.06,21.49,21.59,0.0,-0.1,31,19
2012-03-09 23:00:00,23,1029.2,1100.0,23.18,23.41,-0.08,-0.15,18.2,18.34,0.0,-0.14,30,21
2012-03-10 00:00:00,0,896.1,1020.0,23.79,24.73,-0.48,-0.46,20.36,20.56,0.0,-0.2,30,21
2012-03-10 01:00:00,1,914.9,977.0,22.59,23.01,0.0,-0.42,20.31,20.52,0.0,-0.21,29,28
2012-03-10 02:00:00,2,883.6,957.0,20.9,21.27,0.0,-0.37,20.37,20.6,0.0,-0.23,29,28
2012-03-10 03:00:00,3,874.0,950.0,20.86,21.22,0.0,-0.36,20.15,20.37,0.0,-0.22,29,27
2012-03-10 04:00:00,4,891.5,966.0,20.63,21.01,0.0,-0.38,20.63,20.87,0.0,-0.24,29,25
2012-03-10 05:00:00,5,933.7,1018.0,22.46,23.26,-0.41,-0.39,22.49,22.71,0.0,-0.22,29,21
2012-03-10 06:00:00,6,1005.0,1096.0,24.44,25.41,-0.54,-0.43,21.87,21.99,0.0,-0.12,28,19
2012-03-10 07:00:00,7,1119.1,1202.0,25.2,25.97,-0.45,-0.32,24.02,24.04,0.0,-0.02,28,20
2012-03-10 08:00:00,8,1209.6,1297.0,25.38,25.58,0.0,-0.2,29.74,29.77,0.0,-0.03,28,22
2012-03-10 09:00:00,9,1272.8,1350.0,25.43,25.55,0.0,-0.12,30.71,30.76,0.0,-0.05,28,24
2012-03-10 10:00:00,10,1285.5,1365.0,27.71,27.88,0.0,-0.17,28.93,28.98,0.0,-0.05,30,22
2012-03-10 11:00:00,11,1278.5,1356.0,26.69,26.85,0.0,-0.16,25.14,25.2,0.0,-0.06,31,23
2012-03-10 12:00:00,12,1259.7,1331.0,25.52,25.6,0.0,-0.08,22.75,22.83,0.0,-0.08,32,21
2012-03-10 13:00:00,13,1233.4,1299.0,24.22,24.29,-0.01,-0.06,21.42,21.51,0.0,-0.09,34,21
2012-03-10 14:00:00,14,1219.2,1275.0,23.24,23.34,0.0,-0.1,19.65,19.74,0.0,-0.09,35,20
2012-03-10 15:00:00,15,1216.9,1267.0,23.28,23.38,0.0,-0.1,19.88,19.93,0.0,-0.05,36,20
2012-03-10 16:00:00,16,1286.0,1287.0,23.98,24.03,0.0,-0.05,20.67,20.75,0.0,-0.08,37,18
2012-03-10 17:00:00,17,1337.8,1357.0,29.8,29.96,0.0,-0.16,23.43,23.5,0.0,-0.07,38,16
2012-03-10 18:00:00,18,1369.5,1458.0,36.43,36.63,0.0,-0.2,32.43,32.46,0.0,-0.03,38,13
2012-03-10 19:00:00,19,1307.4,1427.0,32.41,32.61,0.0,-0.2,29.47,29.55,0.0,-0.08,35,14
2012-03-10 20:00:00,20,1292.8,1371.0,27.24,27.41,0.0,-0.17,31.19,31.37,0.0,-0.18,29,16
2012-03-10 21:00:00,21,1195.1,1286.0,28.93,29.22,0.0,-0.29,27.4,27.45,0.08,-0.13,25,18
2012-03-10 22:00:00,22,1120.3,1179.0,25.57,26.49,-0.69,-0.23,25.06,25.18,0.0,-0.12,26,19
2012-03-10 23:00:00,23,994.8,1086.0,23.59,23.88,0.0,-0.29,21.09,21.24,0.0,-0.15,24,20
2012-03-11 00:00:00,0,993.8,1015.0,24.69,24.81,0.0,-0.12,20.78,20.98,0.0,-0.2,22,19
2012-03-11 01:00:00,1,0.0,,0.0,0.0,0.0,0.0,0.0,0.0,0.0,0.0,23,19
2012-03-11 02:00:00,2,898.2,976.0,22.49,22.67,0.0,-0.18,22.14,22.39,0.0,-0.25,25,19
2012-03-11 03:00:00,3,918.8,958.0,22.05,22.24,0.0,-0.19,25.02,25.29,0.0,-0.27,27,20
2012-03-11 04:00:00,4,925.8,956.0,22.09,22.26,0.0,-0.17,20.19,20.4,0.0,-0.21,26,20
2012-03-11 05:00:00,5,957.2,978.0,22.48,22.64,0.0,-0.16,19.46,19.66,0.0,-0.2,28,20
2012-03-11 06:00:00,6,1006.5,1031.0,25.05,25.22,0.0,-0.17,24.08,24.3,0.0,-0.22,26,19
2012-03-11 07:00:00,7,1046.7,1094.0,24.89,25.03,-0.02,-0.12,18.73,18.93,0.0,-0.2,25,19
2012-03-11 08:00:00,8,1138.3,1172.0,23.88,23.92,-0.03,-0.01,21.29,21.48,0.0,-0.19,27,20
2012-03-11 09:00:00,9,1175.0,1241.0,29.17,30.13,-0.84,-0.12,23.45,23.66,0.0,-0.21,31,20
2012-03-11 10:00:00,10,1207.1,1275.0,27.21,28.21,-0.94,-0.06,24.07,24.28,0.0,-0.21,36,20
2012-03-11 11:00:00,11,1183.4,1280.0,29.66,30.72,-0.95,-0.11,24.87,25.09,0.0,-0.22,43,18
2012-03-11 12:00:00,12,1169.4,1270.0,25.15,26.23,-0.96,-0.12,27.15,27.3,0.0,-0.15,47,20
2012-03-11 13:00:00,13,1134.4,1241.0,23.85,24.62,-0.62,-0.15,23.22,23.36,0.0,-0.14,49,19
2012-03-11 14:00:00,14,1087.0,1207.0,21.67,22.53,-0.69,-0.17,21.68,21.84,0.0,-0.16,53,21
2012-03-11 15:00:00,15,1084.2,1190.0,22.22,22.38,0.0,-0.16,20.23,20.4,0.0,-0.17,55,22
2012-03-11 16:00:00,16,1123.7,1192.0,21.95,22.49,-0.4,-0.14,19.74,19.88,0.0,-0.14,57,24
2012-03-11 17:00:00,17,1184.5,1236.0,22.15,22.43,-0.15,-0.13,19.6,19.75,0.0,-0.15,57,23
2012-03-11 18:00:00,18,1262.8,1299.0,23.51,23.88,-0.28,-0.09,22.72,22.83,0.0,-0.11,57,23
2012-03-11 19:00:00,19,1259.5,1394.0,36.39,36.64,0.0,-0.25,36.14,36.31,0.0,-0.17,54,24
2012-03-11 20:00:00,20,1233.1,1353.0,29.7,29.92,0.0,-0.22,33.79,34.01,0.0,-0.22,44,25
2012-03-11 21:00:00,21,1138.1,1251.0,24.72,25.07,-0.12,-0.23,24.32,24.51,0.0,-0.19,43,25
2012-03-11 22:00:00,22,1040.2,1127.0,24.23,24.51,0.0,-0.28,21.08,21.37,0.0,-0.29,37,27
2012-03-11 23:00:00,23,934.6,1019.0,22.1,23.67,-1.23,-0.34,18.49,18.79,0.0,-0.3,38,26
2012-03-12 00:00:00,0,879.4,947.0,21.82,22.16,0.0,-0.34,17.76,18.05,0.0,-0.29,32,26
2012-03-12 01:00:00,1,850.0,911.0,18.71,18.97,0.0,-0.26,15.36,15.58,0.0,-0.22,32,25
2012-03-12 02:00:00,2,843.0,908.0,19.5,19.79,0.0,-0.29,18.13,18.37,0.0,-0.24,30,26
2012-03-12 03:00:00,3,850.0,911.0,19.45,19.75,0.0,-0.3,18.67,18.96,0.0,-0.29,29,25
2012-03-12 04:00:00,4,885.0,951.0,20.42,20.7,0.0,-0.28,18.1,18.37,0.0,-0.27,29,25
2012-03-12 05:00:00,5,987.6,1068.0,21.39,21.74,-0.08,-0.27,19.15,19.38,0.0,-0.23,28,25
2012-03-12 06:00:00,6,1212.0,1277.0,26.12,27.12,-0.87,-0.13,25.98,26.16,0.0,-0.18,29,25
2012-03-12 07:00:00,7,1313.2,1385.0,29.37,29.96,-0.46,-0.13,30.81,31.04,0.0,-0.23,28,25
2012-03-12 08:00:00,8,1320.4,1397.0,28.07,29.41,-1.17,-0.17,40.09,40.42,0.0,-0.33,29,25
2012-03-12 09:00:00,9,1334.3,1396.0,29.73,30.86,-1.0,-0.13,34.51,34.8,0.0,-0.29,37,29
2012-03-12 10:00:00,10,1350.4,1408.0,28.9,29.02,0.0,-0.12,33.65,33.95,0.0,-0.3,46,29
2012-03-12 11:00:00,11,1336.1,1401.0,29.73,29.86,0.0,-0.13,33.45,33.78,0.0,-0.33,53,29
2012-03-12 12:00:00,12,1320.9,1379.0,28.8,28.91,0.0,-0.11,33.98,34.25,0.0,-0.27,61,30
2012-03-12 13:00:00,13,1311.4,1367.0,27.66,27.78,0.0,-0.12,34.48,34.73,0.0,-0.25,64,30
2012-03-12 14:00:00,14,1296.0,1344.0,24.72,24.8,0.0,-0.08,23.2,23.35,0.0,-0.15,67,31
2012-03-12 15:00:00,15,1286.6,1323.0,25.05,25.15,0.0,-0.1,21.35,21.5,0.0,-0.15,68,30
2012-03-12 16:00:00,16,1300.9,1318.0,25.37,25.52,0.0,-0.15,21.24,21.43,0.0,-0.19,69,30
2012-03-12 17:00:00,17,1344.4,1342.0,29.86,30.46,-0.45,-0.15,22.43,22.61,0.0,-0.18,68,29
2012-03-12 18:00:00,18,1381.2,1401.0,30.75,31.77,-0.9,-0.12,23.12,23.26,0.0,-0.14,64,29
2012-03-12 19:00:00,19,1410.6,1466.0,41.57,41.81,0.0,-0.24,25.45,25.62,0.0,-0.17,56,31
2012-03-12 20:00:00,20,1357.7,1412.0,31.73,31.91,0.0,-0.18,27.66,27.88,0.0,-0.22,53,32
2012-03-12 21:00:00,21,1236.6,1296.0,24.1,25.7,-1.43,-0.17,27.63,27.93,0.0,-0.3,49,34
2012-03-12 22:00:00,22,1094.0,1148.0,22.83,25.38,-2.26,-0.29,20.7,21.0,0.0,-0.3,47,34
2012-03-12 23:00:00,23,933.6,1024.0,22.22,23.35,-0.67,-0.46,21.95,22.32,0.0,-0.37,47,35
2012-03-13 00:00:00,0,853.2,943.0,20.11,20.51,0.0,-0.4,19.29,19.62,0.0,-0.33,47,35
2012-03-13 01:00:00,1,789.4,897.0,18.94,19.3,0.0,-0.36,17.98,18.28,0.0,-0.3,45,35
2012-03-13 02:00:00,2,788.6,879.0,18.06,18.4,0.0,-0.34,15.39,15.61,0.0,-0.22,46,35
2012-03-13 03:00:00,3,789.4,878.0,18.13,18.47,0.0,-0.34,14.76,14.97,0.0,-0.21,44,35
2012-03-13 04:00:00,4,809.2,912.0,19.0,19.35,0.0,-0.35,15.46,15.67,0.0,-0.21,43,37
2012-03-13 05:00:00,5,930.0,1022.0,19.86,20.47,-0.27,-0.34,14.51,14.67,0.0,-0.16,43,39
2012-03-13 06:00:00,6,1187.4,1223.0,21.52,21.77,-0.09,-0.16,17.49,17.61,0.0,-0.12,43,38
2012-03-13 07:00:00,7,1290.1,1333.0,23.28,23.64,-0.22,-0.14,19.25,19.41,0.0,-0.16,42,40
2012-03-13 08:00:00,8,1280.9,1353.0,23.0,23.35,-0.21,-0.14,19.74,19.88,0.0,-0.14,44,42
2012-03-13 09:00:00,9,1302.5,1374.0,23.08,23.21,0.0,-0.13,21.88,22.03,0.0,-0.15,46,42
2012-03-13 10:00:00,10,1317.9,1384.0,22.92,23.03,0.0,-0.11,21.88,22.04,0.0,-0.16,51,44
2012-03-13 11:00:00,11,1300.1,1383.0,23.99,24.15,0.0,-0.16,22.21,22.39,0.0,-0.18,56,45
2012-03-13 12:00:00,12,1295.5,1372.0,22.78,22.88,0.0,-0.1,20.45,20.62,0.0,-0.17,61,46
2012-03-13 13:00:00,13,1278.6,1374.0,22.87,23.01,0.0,-0.14,21.56,21.77,0.0,-0.21,68,48
2012-03-13 14:00:00,14,1262.1,1360.0,22.05,22.18,0.0,-0.13,19.23,19.41,0.0,-0.18,70,49
2012-03-13 15:00:00,15,1257.2,1343.0,21.93,22.06,0.0,-0.13,18.06,18.22,0.0,-0.16,68,48
2012-03-13 16:00:00,16,1271.2,1343.0,21.57,21.71,0.0,-0.14,17.63,17.81,0.0,-0.18,68,48
2012-03-13 17:00:00,17,1307.3,1371.0,22.81,22.94,0.0,-0.13,17.71,17.84,0.0,-0.13,66,48
2012-03-13 18:00:00,18,1335.1,1395.0,22.97,23.08,0.0,-0.11,18.74,18.84,0.0,-0.1,66,48
2012-03-13 19:00:00,19,1390.6,1460.0,34.72,34.9,0.0,-0.18,23.7,23.84,0.0,-0.14,64,49
2012-03-13 20:00:00,20,1340.3,1414.0,26.85,27.01,0.0,-0.16,18.37,18.51,0.0,-0.14,59,49
2012-03-13 21:00:00,21,1210.2,1298.0,21.08,21.43,-0.11,-0.24,19.8,20.07,0.0,-0.27,52,47
2012-03-13 22:00:00,22,1073.4,1150.0,21.33,21.82,-0.18,-0.31,18.79,19.14,0.0,-0.35,46,44
2012-03-13 23:00:00,23,917.1,1019.0,20.35,21.03,-0.36,-0.32,17.14,17.4,0.0,-0.26,46,45
2012-03-14 00:00:00,0,844.0,941.0,18.16,18.49,0.0,-0.33,18.06,18.23,0.0,-0.17,47,46
2012-03-14 01:00:00,1,805.7,898.0,17.27,17.55,0.0,-0.28,17.08,17.27,0.0,-0.19,47,46
2012-03-14 02:00:00,2,795.9,876.0,15.84,16.08,0.0,-0.24,7.73,7.81,0.0,-0.08,48,46
2012-03-14 03:00:00,3,795.0,877.0,15.89,16.15,0.0,-0.26,11.52,11.65,0.0,-0.13,47,45
2012-03-14 04:00:00,4,825.2,910.0,17.37,17.68,0.0,-0.31,15.83,16.01,0.0,-0.18,46,44
2012-03-14 05:00:00,5,927.4,1017.0,19.36,20.71,-0.97,-0.38,17.8,17.92,0.0,-0.12,45,44
2012-03-14 06:00:00,6,1133.2,1222.0,20.53,20.94,-0.15,-0.26,21.96,22.29,-0.27,-0.06,44,44
2012-03-14 07:00:00,7,1241.4,1335.0,22.24,22.54,-0.09,-0.21,21.93,22.91,-0.96,-0.02,43,43
2012-03-14 08:00:00,8,1264.9,1357.0,22.66,22.87,-0.04,-0.17,23.63,25.66,-2.02,-0.01,44,44
2012-03-14 09:00:00,9,1282.3,1372.0,25.18,25.37,0.0,-0.19,25.77,28.73,-2.97,0.01,45,44
2012-03-14 10:00:00,10,1293.3,1390.0,25.78,25.98,0.0,-0.2,29.02,32.26,-3.27,0.03,46,44
2012-03-14 11:00:00,11,1274.9,1391.0,26.47,26.7,0.0,-0.23,30.24,33.86,-3.59,-0.03,49,43
2012-03-14 12:00:00,12,1271.0,1376.0,24.98,25.18,0.0,-0.2,28.0,31.48,-3.41,-0.07,54,43
2012-03-14 13:00:00,13,1258.2,1374.0,21.94,22.1,0.0,-0.16,25.65,28.15,-2.44,-0.06,57,42
2012-03-14 14:00:00,14,1236.4,1359.0,20.55,20.7,0.0,-0.15,22.01,22.72,-0.67,-0.04,54,43
2012-03-14 15:00:00,15,1229.9,1353.0,19.93,20.1,-0.01,-0.16,20.31,20.43,-0.07,-0.05,46,41
2012-03-14 16:00:00,16,1240.6,1384.0,20.13,20.33,-0.04,-0.16,26.87,29.0,-2.09,-0.04,43,40
2012-03-14 17:00:00,17,1284.2,1445.0,22.41,22.59,0.0,-0.18,28.07,30.64,-2.6,0.03,42,38
2012-03-14 18:00:00,18,1310.2,1480.0,25.89,26.11,0.0,-0.22,31.81,32.82,-1.06,0.05,40,38
2012-03-14 19:00:00,19,1374.5,1497.0,37.42,37.75,0.0,-0.33,23.76,23.91,-0.18,0.03,39,36
2012-03-14 20:00:00,20,1324.4,1444.0,30.31,30.59,0.0,-0.28,29.86,30.15,-0.2,-0.09,39,35
2012-03-14 21:00:00,21,1184.6,1329.0,22.91,23.78,-0.5,-0.37,24.61,26.47,-1.64,-0.22,39,35
2012-03-14 22:00:00,22,1055.4,1184.0,21.17,21.58,-0.02,-0.39,17.87,18.05,0.0,-0.18,38,36
2012-03-14 23:00:00,23,902.6,1059.0,19.63,20.36,-0.36,-0.37,14.9,15.06,0.0,-0.16,37,36
2012-03-15 00:00:00,0,894.5,980.0,18.25,18.44,0.0,-0.19,17.15,17.3,0.0,-0.15,37,36
2012-03-15 01:00:00,1,859.0,938.0,17.38,17.57,0.0,-0.19,15.69,15.8,0.0,-0.11,37,35
2012-03-15 02:00:00,2,843.5,919.0,16.79,16.96,0.0,-0.17,14.58,14.69,0.0,-0.11,36,35
2012-03-15 03:00:00,3,846.0,920.0,16.8,16.96,0.0,-0.16,15.68,15.78,0.0,-0.1,35,33
2012-03-15 04:00:00,4,879.4,955.0,17.28,17.44,0.0,-0.16,15.29,15.35,0.0,-0.06,35,32
2012-03-15 05:00:00,5,987.5,1068.0,19.36,19.57,0.0,-0.21,14.92,14.96,0.0,-0.04,34,32
2012-03-15 06:00:00,6,1223.0,1280.0,21.82,22.29,-0.41,-0.06,16.52,16.49,0.0,0.03,34,32
2012-03-15 07:00:00,7,1299.7,1391.0,29.13,29.72,-0.6,0.01,24.59,24.57,0.0,0.02,33,32
2012-03-15 08:00:00,8,1294.3,1408.0,29.24,30.05,-0.82,0.01,28.48,28.5,0.0,-0.02,33,32
2012-03-15 09:00:00,9,1305.2,1420.0,29.0,28.98,0.0,0.02,22.53,22.5,0.0,0.03,34,31
2012-03-15 10:00:00,10,1367.2,1435.0,27.98,27.93,0.0,0.05,25.75,25.73,0.0,0.02,35,31
2012-03-15 11:00:00,11,1369.5,1434.0,27.48,27.43,0.0,0.05,28.02,28.02,0.0,0.0,37,30
2012-03-15 12:00:00,12,1357.7,1415.0,27.79,27.78,0.0,0.01,35.77,35.88,0.0,-0.11,38,31
2012-03-15 13:00:00,13,1351.1,1407.0,27.45,27.45,0.0,0.0,21.38,21.43,0.0,-0.05,40,31
2012-03-15 14:00:00,14,1334.1,1382.0,23.2,23.2,0.0,0.0,19.78,19.82,0.0,-0.04,41,31
2012-03-15 15:00:00,15,1279.1,1367.0,22.04,22.08,0.0,-0.04,21.84,21.9,0.0,-0.06,43,32
2012-03-15 16:00:00,16,1290.6,1370.0,22.24,22.28,0.0,-0.04,21.28,21.32,0.0,-0.04,44,32
2012-03-15 17:00:00,17,1328.9,1397.0,24.94,24.97,0.0,-0.03,33.03,33.15,0.0,-0.12,44,32
2012-03-15 18:00:00,18,1306.9,1444.0,27.93,28.24,-0.33,0.02,32.04,32.14,0.0,-0.1,44,32
2012-03-15 19:00:00,19,1431.4,1507.0,33.3,35.72,-2.51,0.09,45.81,45.88,0.0,-0.07,43,32
2012-03-15 20:00:00,20,1359.0,1463.0,30.82,30.78,0.0,0.04,29.35,29.36,0.0,-0.01,41,32
2012-03-15 21:00:00,21,1255.7,1357.0,24.06,24.16,0.0,-0.1,28.18,28.38,0.0,-0.2,39,31
2012-03-15 22:00:00,22,1131.7,1211.0,19.93,20.05,-0.03,-0.09,19.63,19.88,0.0,-0.25,37,30
2012-03-15 23:00:00,23,991.2,1085.0,20.5,21.35,-0.65,-0.2,19.44,19.75,0.0,-0.31,35,30
2012-03-16 00:00:00,0,873.8,1003.0,17.79,18.27,-0.14,-0.34,17.91,18.19,0.0,-0.28,35,30
2012-03-16 01:00:00,1,836.0,960.0,16.77,16.61,0.47,-0.31,17.33,17.61,0.0,-0.28,35,30
2012-03-16 02:00:00,2,818.6,938.0,15.71,15.52,0.47,-0.28,16.44,16.69,0.0,-0.25,35,30
2012-03-16 03:00:00,3,824.5,936.0,15.68,15.47,0.47,-0.26,16.38,16.63,0.0,-0.25,35,30
2012-03-16 04:00:00,4,851.2,968.0,16.63,16.91,0.0,-0.28,17.65,17.88,0.0,-0.23,34,30
2012-03-16 05:00:00,5,944.4,1072.0,18.51,19.03,-0.22,-0.3,17.9,18.04,0.0,-0.14,35,31
2012-03-16 06:00:00,6,1177.9,1264.0,20.82,20.96,0.0,-0.14,24.93,25.03,0.0,-0.1,35,31
2012-03-16 07:00:00,7,1278.6,1377.0,24.59,24.84,0.0,-0.25,26.81,27.0,0.0,-0.19,35,31
2012-03-16 08:00:00,8,1282.3,1404.0,22.4,23.24,-0.56,-0.28,36.99,46.83,-9.41,-0.43,35,31
2012-03-16 09:00:00,9,1322.4,1425.0,24.33,25.09,-0.46,-0.3,34.79,42.11,-6.89,-0.43,36,32
2012-03-16 10:00:00,10,1354.8,1444.0,25.42,26.13,-0.4,-0.31,29.16,33.78,-4.3,-0.32,38,31
2012-03-16 11:00:00,11,1356.2,1451.0,25.41,25.72,0.0,-0.31,25.72,26.48,-0.55,-0.21,39,31
2012-03-16 12:00:00,12,1345.9,1435.0,23.44,23.71,0.0,-0.27,20.77,20.97,0.0,-0.2,40,32
2012-03-16 13:00:00,13,1329.5,1432.0,21.15,21.38,0.0,-0.23,22.57,22.78,0.0,-0.21,40,34
2012-03-16 14:00:00,14,1297.7,1414.0,21.1,21.35,0.0,-0.25,28.68,28.95,0.0,-0.27,39,37
2012-03-16 15:00:00,15,1243.2,1399.0,20.44,20.71,0.0,-0.27,26.05,26.32,0.0,-0.27,39,37
2012-03-16 16:00:00,16,1246.0,1398.0,20.53,20.81,0.0,-0.28,24.96,25.23,0.0,-0.27,39,37
2012-03-16 17:00:00,17,1273.1,1415.0,21.45,21.71,0.0,-0.26,21.64,21.86,0.0,-0.22,40,38
2012-03-16 18:00:00,18,1264.9,1432.0,21.62,21.91,0.0,-0.29,18.91,19.09,0.0,-0.18,40,38
2012-03-16 19:00:00,19,1379.2,1460.0,30.99,31.99,-0.66,-0.34,24.61,24.92,0.0,-0.31,40,38
2012-03-16 20:00:00,20,1304.1,1413.0,26.21,26.67,-0.1,-0.36,21.98,22.26,0.0,-0.28,40,39
2012-03-16 21:00:00,21,1190.4,1328.0,20.4,20.7,0.0,-0.3,20.63,20.94,0.0,-0.31,40,38
2012-03-16 22:00:00,22,1077.9,1209.0,20.39,20.72,0.0,-0.33,18.55,18.95,0.0,-0.4,38,38
2012-03-16 23:00:00,23,940.9,1085.0,18.28,19.82,-1.18,-0.36,17.15,17.54,0.0,-0.39,39,38
2012-03-17 00:00:00,0,809.5,995.0,17.54,18.25,-0.26,-0.45,16.52,16.91,0.0,-0.39,37,36
2012-03-17 01:00:00,1,771.2,943.0,17.34,17.79,0.0,-0.45,16.62,17.03,0.0,-0.41,36,35
2012-03-17 02:00:00,2,744.0,914.0,16.16,16.55,0.0,-0.39,15.88,16.22,0.0,-0.34,35,34
2012-03-17 03:00:00,3,732.7,909.0,16.04,16.43,0.0,-0.39,16.14,16.46,0.0,-0.32,33,33
2012-03-17 04:00:00,4,742.6,920.0,16.17,16.55,0.0,-0.38,16.44,16.78,0.0,-0.34,31,31
2012-03-17 05:00:00,5,788.6,963.0,16.19,16.55,0.0,-0.36,17.31,17.69,0.0,-0.38,29,29
2012-03-17 06:00:00,6,898.6,1040.0,18.16,18.98,-0.42,-0.4,16.93,17.24,0.0,-0.31,31,31
2012-03-17 07:00:00,7,987.7,1136.0,18.12,19.46,-0.97,-0.37,16.2,16.44,0.0,-0.24,32,32
2012-03-17 08:00:00,8,1073.4,1242.0,21.35,22.5,-0.81,-0.34,21.55,21.82,0.0,-0.27,33,33
2012-03-17 09:00:00,9,1136.0,1311.0,25.68,26.86,-0.78,-0.4,29.64,30.02,0.0,-0.38,37,36
2012-03-17 10:00:00,10,1175.4,1337.0,29.68,30.7,-0.59,-0.43,47.01,47.6,0.0,-0.59,40,39
2012-03-17 11:00:00,11,1153.5,1327.0,27.16,28.3,-0.73,-0.41,34.16,35.3,-0.66,-0.48,44,39
2012-03-17 12:00:00,12,1126.9,1297.0,24.94,26.06,-0.74,-0.38,22.03,23.56,-1.19,-0.34,46,39
2012-03-17 13:00:00,13,1101.9,1266.0,22.29,23.49,-0.83,-0.37,23.82,24.17,0.0,-0.35,47,39
2012-03-17 14:00:00,14,1076.9,1233.0,19.72,20.91,-0.86,-0.33,22.55,22.9,0.0,-0.35,50,39
2012-03-17 15:00:00,15,1029.3,1209.0,17.73,19.0,-0.99,-0.28,17.49,17.76,0.0,-0.27,49,39
2012-03-17 16:00:00,16,1042.8,1202.0,18.04,18.32,0.0,-0.28,16.47,16.71,0.0,-0.24,50,39
2012-03-17 17:00:00,17,1086.0,1210.0,18.94,19.21,0.0,-0.27,16.63,16.87,0.0,-0.24,50,39
2012-03-17 18:00:00,18,1073.2,1231.0,22.79,23.19,0.0,-0.4,17.12,17.35,0.0,-0.23,50,39
2012-03-17 19:00:00,19,1170.6,1306.0,30.61,31.05,0.0,-0.44,19.54,19.8,0.0,-0.26,48,39
2012-03-17 20:00:00,20,1160.9,1285.0,29.08,29.51,0.0,-0.43,22.57,22.93,0.0,-0.36,42,39
2012-03-17 21:00:00,21,1060.0,1216.0,20.76,21.12,0.0,-0.36,18.96,19.31,0.0,-0.35,38,35
2012-03-17 22:00:00,22,968.1,1121.0,19.49,19.94,0.0,-0.45,19.11,19.54,0.0,-0.43,36,35
2012-03-17 23:00:00,23,851.4,1023.0,18.14,18.86,-0.4,-0.32,19.15,19.62,0.0,-0.47,35,34
2012-03-18 00:00:00,0,785.5,950.0,18.65,19.14,0.0,-0.49,16.66,17.06,0.0,-0.4,33,32
2012-03-18 01:00:00,1,734.4,905.0,18.51,19.01,0.0,-0.5,14.91,15.25,0.0,-0.34,32,31
2012-03-18 02:00:00,2,716.4,881.0,17.61,18.05,0.0,-0.44,5.36,5.49,0.0,-0.13,32,30
2012-03-18 03:00:00,3,705.6,872.0,16.64,17.05,0.0,-0.41,4.79,4.91,0.0,-0.12,31,30
2012-03-18 04:00:00,4,712.4,879.0,16.7,17.11,0.0,-0.41,11.92,12.18,0.0,-0.26,31,30
2012-03-18 05:00:00,5,742.6,911.0,17.46,17.88,0.0,-0.42,16.15,16.51,0.0,-0.36,32,32
2012-03-18 06:00:00,6,822.2,964.0,18.61,19.19,-0.13,-0.45,17.16,17.55,0.0,-0.39,31,31
2012-03-18 07:00:00,7,908.5,1032.0,16.76,17.84,-0.71,-0.37,15.88,16.2,0.0,-0.32,31,31
2012-03-18 08:00:00,8,989.0,1129.0,17.67,18.62,-0.6,-0.35,15.03,15.31,0.0,-0.28,32,32
2012-03-18 09:00:00,9,1072.2,1194.0,19.59,20.25,-0.36,-0.3,15.83,16.12,0.0,-0.29,35,35
2012-03-18 10:00:00,10,1114.3,1214.0,19.14,19.7,-0.3,-0.26,17.17,17.48,0.0,-0.31,43,39
2012-03-18 11:00:00,11,1112.6,1209.0,19.95,21.09,-0.82,-0.32,16.87,17.2,0.0,-0.33,52,42
2012-03-18 12:00:00,12,1114.0,1195.0,21.3,22.78,-1.11,-0.37,17.51,17.88,0.0,-0.37,61,44
2012-03-18 13:00:00,13,1099.4,1168.0,20.06,21.11,-0.71,-0.34,15.59,15.93,0.0,-0.34,69,46
2012-03-18 14:00:00,14,1079.6,1149.0,17.79,18.77,-0.7,-0.28,15.65,15.96,0.0,-0.31,75,47
2012-03-18 15:00:00,15,1032.4,1148.0,17.58,18.6,-0.72,-0.3,16.19,16.5,0.0,-0.31,79,44
2012-03-18 16:00:00,16,1049.9,1158.0,17.8,18.1,0.0,-0.3,16.02,16.33,0.0,-0.31,81,44
2012-03-18 17:00:00,17,1094.1,1193.0,20.06,20.38,0.0,-0.32,16.52,16.86,0.0,-0.34,80,39
2012-03-18 18:00:00,18,1070.3,1229.0,23.42,23.85,0.0,-0.43,16.47,16.79,0.0,-0.32,78,40
2012-03-18 19:00:00,19,1187.2,1327.0,31.93,32.37,0.0,-0.44,18.94,19.26,0.0,-0.32,72,46
2012-03-18 20:00:00,20,1122.3,1292.0,27.25,27.68,0.0,-0.43,20.78,21.17,0.0,-0.39,67,47
2012-03-18 21:00:00,21,1038.2,1177.0,20.7,21.07,0.0,-0.37,18.18,18.59,0.0,-0.41,62,46
2012-03-18 22:00:00,22,938.6,1045.0,20.4,21.58,-0.82,-0.36,13.03,13.36,0.0,-0.33,54,47
2012-03-18 23:00:00,23,810.6,941.0,19.76,20.14,0.0,-0.38,15.09,15.49,0.0,-0.4,48,44
2012-03-19 00:00:00,0,738.5,873.0,15.05,15.37,0.0,-0.32,13.25,13.57,0.0,-0.32,46,44
2012-03-19 01:00:00,1,703.3,838.0,14.26,14.58,0.0,-0.32,14.86,15.22,0.0,-0.36,44,42
2012-03-19 02:00:00,2,687.7,824.0,13.92,14.25,0.0,-0.33,13.21,13.51,0.0,-0.3,43,42
2012-03-19 03:00:00,3,690.5,826.0,13.85,14.17,0.0,-0.32,7.68,7.84,0.0,-0.16,41,41
2012-03-19 04:00:00,4,724.8,864.0,14.47,14.77,0.0,-0.3,12.25,12.49,0.0,-0.24,41,40
2012-03-19 05:00:00,5,828.5,981.0,17.88,18.31,0.0,-0.43,6.72,6.84,0.0,-0.12,40,40
2012-03-19 06:00:00,6,1045.3,1187.0,20.48,20.89,0.0,-0.41,13.8,13.98,0.0,-0.18,40,39
2012-03-19 07:00:00,7,1131.1,1285.0,26.12,26.61,0.0,-0.49,19.38,19.69,0.0,-0.31,39,37
2012-03-19 08:00:00,8,1183.2,1312.0,29.78,30.29,0.0,-0.51,21.44,21.78,0.0,-0.34,41,40
2012-03-19 09:00:00,9,1241.7,1337.0,29.85,30.27,0.0,-0.42,26.34,26.69,0.0,-0.35,50,44
2012-03-19 10:00:00,10,1256.9,1369.0,31.08,31.52,0.0,-0.44,32.15,32.57,0.0,-0.42,60,45
2012-03-19 11:00:00,11,1259.7,1380.0,30.17,30.57,0.0,-0.4,20.9,21.18,0.0,-0.28,66,46
2012-03-19 12:00:00,12,1255.5,1379.0,29.81,30.22,0.0,-0.41,25.51,25.88,0.0,-0.37,71,46
2012-03-19 13:00:00,13,1245.0,1382.0,29.45,29.87,0.0,-0.42,22.07,22.39,0.0,-0.32,76,47
2012-03-19 14:00:00,14,1218.9,1365.0,25.72,26.1,0.0,-0.38,24.19,24.57,0.0,-0.38,79,47
2012-03-19 15:00:00,15,1202.4,1343.0,22.09,22.43,0.0,-0.34,22.0,22.36,0.0,-0.36,76,48
2012-03-19 16:00:00,16,1201.9,1326.0,22.83,23.19,0.0,-0.36,20.42,20.77,0.0,-0.35,75,46
2012-03-19 17:00:00,17,1223.7,1335.0,27.16,27.55,0.0,-0.39,18.2,18.49,0.0,-0.29,67,45
2012-03-19 18:00:00,18,1229.7,1362.0,30.53,31.0,0.0,-0.47,20.68,21.0,0.0,-0.32,63,44
2012-03-19 19:00:00,19,1361.3,1436.0,38.89,39.5,-0.17,-0.44,37.45,37.92,0.0,-0.47,59,43
2012-03-19 20:00:00,20,1276.1,1392.0,34.26,34.75,0.0,-0.49,22.76,23.11,0.0,-0.35,55,43
2012-03-19 21:00:00,21,1156.3,1265.0,21.46,21.74,0.0,-0.28,17.51,17.85,0.0,-0.34,53,43
2012-03-19 22:00:00,22,1015.8,1108.0,20.89,21.25,0.0,-0.36,13.94,14.2,0.0,-0.26,50,42
2012-03-19 23:00:00,23,860.0,989.0,20.38,20.81,0.0,-0.43,15.45,15.76,0.0,-0.31,48,41
2012-03-20 00:00:00,0,750.7,918.0,18.57,19.24,-0.13,-0.54,37.59,38.5,0.0,-0.91,46,41
2012-03-20 01:00:00,1,713.8,876.0,17.37,17.82,0.0,-0.45,20.04,20.59,0.0,-0.55,45,41
2012-03-20 02:00:00,2,704.9,856.0,15.62,16.01,0.0,-0.39,17.9,18.4,0.0,-0.5,42,40
2012-03-20 03:00:00,3,704.9,856.0,15.25,15.62,0.0,-0.37,16.99,17.45,0.0,-0.46,39,38
2012-03-20 04:00:00,4,735.4,896.0,17.34,17.77,0.0,-0.43,20.32,20.86,0.0,-0.54,39,37
2012-03-20 05:00:00,5,845.9,1004.0,18.77,19.49,-0.23,-0.49,16.75,17.08,0.0,-0.33,37,36
2012-03-20 06:00:00,6,1070.9,1210.0,20.3,20.66,0.0,-0.36,17.31,17.52,0.0,-0.21,37,35
2012-03-20 07:00:00,7,1160.4,1305.0,23.51,23.9,0.0,-0.39,17.48,17.68,0.0,-0.2,37,36
2012-03-20 08:00:00,8,1193.5,1318.0,22.03,22.34,0.0,-0.31,17.46,17.68,0.0,-0.22,39,38
2012-03-20 09:00:00,9,1232.2,1330.0,25.06,25.36,0.0,-0.3,17.65,17.84,0.0,-0.19,46,41
2012-03-20 10:00:00,10,1243.0,1348.0,26.96,27.26,0.0,-0.3,18.35,18.56,0.0,-0.21,52,42
2012-03-20 11:00:00,11,1245.8,1356.0,22.66,22.93,0.0,-0.27,18.28,18.49,0.0,-0.21,58,43
2012-03-20 12:00:00,12,1251.3,1358.0,21.93,22.2,0.0,-0.27,18.83,19.05,0.0,-0.22,64,46
2012-03-20 13:00:00,13,1245.6,1371.0,21.84,22.12,0.0,-0.28,19.99,20.25,0.0,-0.26,71,48
2012-03-20 14:00:00,14,1217.6,1369.0,23.03,23.37,0.0,-0.34,20.38,20.7,0.0,-0.32,73,49
2012-03-20 15:00:00,15,1216.4,1362.0,21.86,22.23,0.0,-0.37,20.78,21.12,0.0,-0.34,79,51
2012-03-20 16:00:00,16,1212.2,1359.0,22.63,23.02,0.0,-0.39,21.07,21.39,0.0,-0.32,79,51
2012-03-20 17:00:00,17,1218.3,1369.0,21.84,22.19,0.0,-0.35,18.83,19.1,0.0,-0.27,79,50
2012-03-20 18:00:00,18,1229.1,1378.0,21.36,21.63,-0.01,-0.26,18.49,18.72,0.0,-0.23,78,49
2012-03-20 19:00:00,19,1362.2,1454.0,30.41,30.91,-0.23,-0.27,19.59,19.81,0.0,-0.22,73,51
2012-03-20 20:00:00,20,1292.2,1418.0,27.93,28.24,0.0,-0.31,19.02,19.27,0.0,-0.25,64,51
2012-03-20 21:00:00,21,1135.8,1291.0,20.53,20.93,-0.1,-0.3,18.31,18.62,0.0,-0.31,58,51
2012-03-20 22:00:00,22,1003.7,1130.0,17.84,18.57,-0.44,-0.29,15.52,15.78,0.0,-0.26,56,51
2012-03-20 23:00:00,23,855.2,1005.0,17.72,18.39,-0.29,-0.38,14.84,15.11,0.0,-0.27,54,50
2012-03-21 00:00:00,0,772.0,926.0,15.79,16.08,0.0,-0.29,11.85,12.1,0.0,-0.25,53,50
2012-03-21 01:00:00,1,736.7,881.0,13.8,14.06,0.0,-0.26,6.07,6.2,0.0,-0.13,51,49
2012-03-21 02:00:00,2,719.7,855.0,11.78,12.0,0.0,-0.22,17.44,17.76,0.0,-0.32,51,48
2012-03-21 03:00:00,3,690.6,852.0,11.62,11.84,0.0,-0.22,18.03,18.36,0.0,-0.33,47,46
2012-03-21 04:00:00,4,722.4,887.0,12.91,13.12,0.0,-0.21,17.84,18.13,0.0,-0.29,47,46
2012-03-21 05:00:00,5,821.0,994.0,17.05,17.3,0.0,-0.25,20.34,20.63,0.0,-0.29,45,44
2012-03-21 06:00:00,6,1025.1,1189.0,20.33,20.58,0.0,-0.25,21.34,21.57,0.0,-0.23,43,43
2012-03-21 07:00:00,7,1129.9,1282.0,25.0,25.22,0.0,-0.22,19.43,19.66,0.0,-0.23,44,43
2012-03-21 08:00:00,8,1158.8,1312.0,24.53,24.69,0.0,-0.16,19.52,19.74,0.0,-0.22,47,46
2012-03-21 09:00:00,9,1205.4,1343.0,21.43,21.66,0.0,-0.23,20.18,20.43,0.0,-0.25,56,50
2012-03-21 10:00:00,10,1223.4,1379.0,23.21,23.44,0.0,-0.23,23.66,23.9,0.0,-0.24,63,51
2012-03-21 11:00:00,11,1262.5,1402.0,23.82,24.05,0.0,-0.23,21.05,21.3,0.0,-0.25,70,52
2012-03-21 12:00:00,12,1253.2,1405.0,26.29,26.62,0.0,-0.33,22.35,22.68,0.0,-0.33,75,51
2012-03-21 13:00:00,13,1261.4,1416.0,24.61,24.91,0.0,-0.3,20.46,20.75,0.0,-0.29,80,47
2012-03-21 14:00:00,14,1232.1,1415.0,24.11,24.46,0.0,-0.35,19.31,19.59,0.0,-0.28,81,43
2012-03-21 15:00:00,15,1231.6,1404.0,23.28,23.6,0.0,-0.32,19.14,19.42,0.0,-0.28,81,41
2012-03-21 16:00:00,16,1222.9,1400.0,21.4,21.7,0.0,-0.3,20.13,20.44,0.0,-0.31,83,33
2012-03-21 17:00:00,17,1234.2,1397.0,21.65,21.95,0.0,-0.3,19.33,19.63,0.0,-0.3,81,43
2012-03-21 18:00:00,18,1242.8,1398.0,24.4,24.73,0.0,-0.33,19.11,19.4,0.0,-0.29,79,37
2012-03-21 19:00:00,19,1363.9,1472.0,31.09,31.47,-0.05,-0.33,21.8,22.09,0.0,-0.29,73,42
2012-03-21 20:00:00,20,1300.3,1438.0,28.74,29.1,0.0,-0.36,20.16,20.45,0.0,-0.29,70,51
2012-03-21 21:00:00,21,1140.4,1314.0,20.43,20.89,-0.04,-0.42,18.31,18.67,0.0,-0.36,67,54
2012-03-21 22:00:00,22,1004.9,1157.0,18.44,18.87,0.0,-0.43,15.63,15.98,0.0,-0.35,65,54
2012-03-21 23:00:00,23,862.6,1027.0,15.91,16.44,-0.27,-0.26,19.7,20.13,0.0,-0.43,61,53
2012-03-22 00:00:00,0,776.0,943.0,17.53,17.93,0.0,-0.4,16.98,17.42,0.0,-0.44,56,51
2012-03-22 01:00:00,1,734.8,893.0,14.45,14.77,0.0,-0.32,15.55,15.94,0.0,-0.39,53,50
2012-03-22 02:00:00,2,718.3,868.0,10.82,11.06,0.0,-0.24,13.63,13.96,0.0,-0.33,49,48
2012-03-22 03:00:00,3,688.6,863.0,10.75,11.0,0.0,-0.25,12.11,12.41,0.0,-0.3,50,49
2012-03-22 04:00:00,4,715.4,894.0,13.54,13.84,0.0,-0.3,12.43,12.68,0.0,-0.25,49,47
2012-03-22 05:00:00,5,813.4,1001.0,17.68,18.01,0.0,-0.33,17.65,17.96,0.0,-0.31,47,46
2012-03-22 06:00:00,6,1013.8,1190.0,20.44,20.8,0.0,-0.36,16.59,16.86,0.0,-0.27,45,44
2012-03-22 07:00:00,7,1119.0,1288.0,22.99,23.24,0.0,-0.25,15.36,15.59,0.0,-0.23,45,44
2012-03-22 08:00:00,8,1150.2,1329.0,24.41,24.76,0.0,-0.35,17.21,17.48,0.0,-0.27,49,47
2012-03-22 09:00:00,9,1200.2,1366.0,21.9,22.22,0.0,-0.32,20.29,20.67,0.0,-0.38,55,51
2012-03-22 10:00:00,10,1208.3,1402.0,27.88,28.3,0.0,-0.42,20.32,20.71,0.0,-0.39,63,53
2012-03-22 11:00:00,11,1240.4,1421.0,30.59,31.12,0.0,-0.53,19.62,19.98,0.0,-0.36,69,52
2012-03-22 12:00:00,12,1250.3,1425.0,30.25,30.76,0.0,-0.51,18.73,19.04,0.0,-0.31,76,52
2012-03-22 13:00:00,13,1250.9,1445.0,31.66,32.22,0.0,-0.56,18.63,18.94,0.0,-0.31,81,49
2012-03-22 14:00:00,14,1218.6,1445.0,27.96,28.45,0.0,-0.49,19.04,19.34,0.0,-0.3,81,46
2012-03-22 15:00:00,15,1210.1,1437.0,27.47,27.96,0.0,-0.49,20.64,20.98,0.0,-0.34,83,45
2012-03-22 16:00:00,16,1191.5,1429.0,28.64,29.2,0.0,-0.56,22.09,22.48,0.0,-0.39,83,45
2012-03-22 17:00:00,17,1209.6,1426.0,26.96,27.44,0.0,-0.48,19.17,19.47,0.0,-0.3,84,45
2012-03-22 18:00:00,18,1204.5,1424.0,28.27,28.69,0.0,-0.42,18.11,18.37,0.0,-0.26,82,45
2012-03-22 19:00:00,19,1300.9,1488.0,41.41,41.96,0.0,-0.55,24.44,24.76,0.0,-0.32,78,45
2012-03-22 20:00:00,20,1270.7,1453.0,32.24,32.7,0.0,-0.46,18.33,18.61,0.0,-0.28,74,48
2012-03-22 21:00:00,21,1135.8,1335.0,21.55,21.93,0.0,-0.38,18.32,18.68,0.0,-0.36,73,51
2012-03-22 22:00:00,22,994.5,1176.0,20.87,21.31,0.0,-0.44,17.7,18.06,0.0,-0.36,69,51
2012-03-22 23:00:00,23,854.1,1044.0,18.87,19.44,-0.23,-0.34,15.92,16.24,0.0,-0.32,67,52
2012-03-23 00:00:00,0,788.9,962.0,18.79,20.89,-1.53,-0.57,17.47,17.9,0.0,-0.43,66,52
2012-03-23 01:00:00,1,751.9,906.0,17.41,18.3,-0.38,-0.51,11.51,11.82,0.0,-0.31,67,52
2012-03-23 02:00:00,2,735.3,871.0,15.79,16.18,0.0,-0.39,11.15,11.41,0.0,-0.26,66,52
2012-03-23 03:00:00,3,734.0,870.0,15.74,16.12,0.0,-0.38,12.52,12.81,0.0,-0.29,64,52
2012-03-23 04:00:00,4,759.7,901.0,17.02,17.41,0.0,-0.39,14.87,15.21,0.0,-0.34,62,50
2012-03-23 05:00:00,5,846.4,996.0,18.96,19.57,-0.19,-0.42,14.92,15.18,0.0,-0.26,61,44
2012-03-23 06:00:00,6,1004.3,1176.0,20.56,20.86,0.0,-0.3,19.98,20.27,0.0,-0.29,59,43
2012-03-23 07:00:00,7,1111.1,1264.0,21.0,21.26,0.0,-0.26,21.59,21.94,0.0,-0.35,57,43
2012-03-23 08:00:00,8,1141.6,1305.0,24.08,24.47,0.0,-0.39,22.4,22.78,0.0,-0.38,59,42
2012-03-23 09:00:00,9,1165.7,1340.0,22.57,22.99,0.0,-0.42,19.45,19.8,0.0,-0.35,60,41
2012-03-23 10:00:00,10,1179.4,1368.0,24.78,25.25,0.0,-0.47,24.93,25.46,0.0,-0.53,64,36
2012-03-23 11:00:00,11,1178.1,1377.0,25.42,25.93,0.0,-0.51,25.26,25.78,0.0,-0.52,66,32
2012-03-23 12:00:00,12,1167.5,1365.0,22.94,23.41,0.0,-0.47,20.17,20.55,0.0,-0.38,67,28
2012-03-23 13:00:00,13,1155.6,1363.0,22.13,22.61,0.0,-0.48,23.8,24.27,0.0,-0.47,69,29
2012-03-23 14:00:00,14,1149.7,1342.0,20.53,20.97,-0.01,-0.43,21.72,22.18,0.0,-0.46,70,28
2012-03-23 15:00:00,15,1149.0,1322.0,19.12,19.44,0.0,-0.32,24.08,24.57,0.0,-0.49,71,26
2012-03-23 16:00:00,16,1143.0,1307.0,18.26,18.55,0.0,-0.29,19.59,19.96,0.0,-0.37,71,25
2012-03-23 17:00:00,17,1155.7,1294.0,19.55,19.87,0.0,-0.32,19.94,20.33,0.0,-0.39,69,23
2012-03-23 18:00:00,18,1170.9,1284.0,20.06,20.37,0.0,-0.31,17.61,17.9,0.0,-0.29,68,21
2012-03-23 19:00:00,19,1215.5,1341.0,29.0,29.74,-0.32,-0.42,19.74,20.03,0.0,-0.29,63,17
2012-03-23 20:00:00,20,1198.5,1308.0,23.29,23.65,0.0,-0.36,17.72,18.02,0.0,-0.3,59,19
2012-03-23 21:00:00,21,1093.7,1218.0,19.63,20.03,-0.02,-0.38,18.05,18.41,0.0,-0.36,58,17
2012-03-23 22:00:00,22,979.7,1101.0,18.98,19.4,0.0,-0.42,20.56,21.03,0.0,-0.47,55,17
2012-03-23 23:00:00,23,843.2,984.0,18.74,19.29,-0.19,-0.36,22.96,23.51,0.0,-0.55,55,20
2012-03-24 00:00:00,0,802.1,896.0,18.0,18.47,-0.07,-0.4,19.6,20.09,0.0,-0.49,54,20
2012-03-24 01:00:00,1,756.7,846.0,17.09,17.5,0.0,-0.41,13.49,13.81,0.0,-0.32,53,20
2012-03-24 02:00:00,2,735.9,820.0,16.07,16.4,0.0,-0.33,9.56,9.77,0.0,-0.21,52,18
2012-03-24 03:00:00,3,731.1,809.0,14.93,15.21,0.0,-0.28,8.99,9.19,0.0,-0.2,51,14
2012-03-24 04:00:00,4,735.0,820.0,15.54,15.82,0.0,-0.28,11.94,12.18,0.0,-0.24,50,13
2012-03-24 05:00:00,5,773.6,860.0,16.53,16.85,0.0,-0.32,8.51,8.64,0.0,-0.13,50,13
2012-03-24 06:00:00,6,853.0,936.0,16.6,18.33,-1.4,-0.33,8.73,8.86,0.0,-0.13,48,15
2012-03-24 07:00:00,7,943.8,1027.0,17.99,18.26,0.0,-0.27,13.31,13.45,0.0,-0.14,48,15
2012-03-24 08:00:00,8,1035.9,1137.0,18.67,18.9,0.0,-0.23,16.08,16.21,0.0,-0.13,50,15
2012-03-24 09:00:00,9,1082.1,1207.0,19.47,19.84,-0.06,-0.31,17.44,17.63,0.0,-0.19,50,18
2012-03-24 10:00:00,10,1100.5,1233.0,20.58,20.89,0.0,-0.31,17.57,17.79,0.0,-0.22,51,17
2012-03-24 11:00:00,11,1087.0,1233.0,20.04,20.38,0.0,-0.34,19.21,19.47,0.0,-0.26,53,19
2012-03-24 12:00:00,12,1063.5,1211.0,19.29,19.73,-0.07,-0.37,19.06,19.37,0.0,-0.31,51,25
2012-03-24 13:00:00,13,1034.3,1183.0,18.46,18.81,0.0,-0.35,17.47,17.75,0.0,-0.28,53,26
2012-03-24 14:00:00,14,1014.7,1160.0,17.8,18.37,-0.22,-0.35,17.25,17.53,0.0,-0.28,54,26
2012-03-24 15:00:00,15,1013.5,1156.0,17.52,17.89,-0.02,-0.35,17.25,17.53,0.0,-0.28,54,26
2012-03-24 16:00:00,16,1022.1,1177.0,17.84,18.37,-0.19,-0.34,17.85,18.12,0.0,-0.27,53,26
2012-03-24 17:00:00,17,1054.8,1208.0,18.29,18.63,0.0,-0.34,17.66,17.95,0.0,-0.29,51,27
2012-03-24 18:00:00,18,1077.4,1235.0,18.49,18.78,0.0,-0.29,17.97,18.23,0.0,-0.26,50,30
2012-03-24 19:00:00,19,1153.6,1269.0,25.55,26.18,-0.24,-0.39,17.62,17.83,0.0,-0.21,49,31
2012-03-24 20:00:00,20,1125.1,1232.0,22.01,22.46,-0.11,-0.34,17.55,17.75,0.0,-0.2,48,30
2012-03-24 21:00:00,21,1023.3,1152.0,20.75,21.27,-0.06,-0.46,16.3,16.5,0.0,-0.2,48,31
2012-03-24 22:00:00,22,936.9,1053.0,19.16,19.55,0.0,-0.39,16.13,16.32,0.0,-0.19,47,32
2012-03-24 23:00:00,23,824.9,955.0,18.34,18.69,0.0,-0.35,17.15,17.38,0.0,-0.23,47,32
2012-03-25 00:00:00,0,779.7,881.0,16.87,17.27,-0.05,-0.35,19.05,19.36,0.0,-0.31,47,31
2012-03-25 01:00:00,1,732.9,834.0,16.35,16.65,0.0,-0.3,18.08,18.41,0.0,-0.33,46,31
2012-03-25 02:00:00,2,714.1,809.0,13.54,13.77,0.0,-0.23,17.31,17.63,0.0,-0.32,46,32
2012-03-25 03:00:00,3,705.4,799.0,13.33,13.56,0.0,-0.23,16.59,16.9,0.0,-0.31,44,34
2012-03-25 04:00:00,4,710.2,806.0,11.68,11.88,0.0,-0.2,16.8,17.07,0.0,-0.27,42,38
2012-03-25 05:00:00,5,738.8,831.0,14.06,14.25,0.0,-0.19,25.67,26.08,0.0,-0.41,42,39
2012-03-25 06:00:00,6,775.3,886.0,12.86,13.03,0.0,-0.17,13.89,14.07,0.0,-0.18,42,39
2012-03-25 07:00:00,7,855.0,971.0,16.55,16.77,0.0,-0.22,11.41,11.49,0.0,-0.08,41,40
2012-03-25 08:00:00,8,963.3,1086.0,18.64,18.9,0.0,-0.26,15.63,15.7,0.0,-0.07,42,40
2012-03-25 09:00:00,9,1025.5,1184.0,18.82,19.08,0.0,-0.26,19.23,19.35,-0.01,-0.11,42,39
2012-03-25 10:00:00,10,1086.3,1229.0,19.97,20.17,0.0,-0.2,25.04,25.21,0.0,-0.17,41,38
2012-03-25 11:00:00,11,1078.2,1254.0,20.53,20.77,0.0,-0.24,27.95,28.16,0.0,-0.21,41,38
2012-03-25 12:00:00,12,1087.7,1256.0,18.8,18.99,0.0,-0.19,28.04,28.29,0.0,-0.25,42,38
2012-03-25 13:00:00,13,1059.9,1236.0,18.92,19.17,0.0,-0.25,26.2,26.47,0.0,-0.27,43,35
2012-03-25 14:00:00,14,1039.3,1216.0,18.4,18.66,0.0,-0.26,18.19,18.4,0.0,-0.21,43,34
2012-03-25 15:00:00,15,1054.4,1211.0,18.43,18.68,0.0,-0.25,17.92,18.13,0.0,-0.21,44,35
2012-03-25 16:00:00,16,1082.5,1235.0,18.77,18.95,0.0,-0.18,24.24,24.49,0.0,-0.25,44,35
2012-03-25 17:00:00,17,1104.0,1277.0,20.06,20.28,0.0,-0.22,29.36,29.67,0.0,-0.31,43,37
2012-03-25 18:00:00,18,1098.0,1296.0,20.57,20.87,-0.05,-0.25,26.85,27.15,-0.05,-0.25,44,37
2012-03-25 19:00:00,19,1217.3,1340.0,31.05,31.82,-0.43,-0.34,30.54,30.83,-0.07,-0.22,43,37
2012-03-25 20:00:00,20,1145.1,1299.0,26.57,27.25,-0.27,-0.41,21.58,21.83,-0.02,-0.23,43,36
2012-03-25 21:00:00,21,1041.9,1189.0,19.12,19.4,0.0,-0.28,17.49,17.73,0.0,-0.24,41,37
2012-03-25 22:00:00,22,936.0,1071.0,18.86,19.19,0.0,-0.33,17.34,17.68,0.0,-0.34,40,37
2012-03-25 23:00:00,23,825.0,967.0,17.52,18.22,-0.39,-0.31,15.06,15.36,0.0,-0.3,38,36
2012-03-26 00:00:00,0,776.7,899.0,16.93,17.21,0.0,-0.28,14.08,14.29,0.0,-0.21,38,37
2012-03-26 01:00:00,1,738.0,871.0,16.39,16.62,0.0,-0.23,8.05,8.17,0.0,-0.12,39,38
2012-03-26 02:00:00,2,730.3,854.0,13.92,14.1,0.0,-0.18,3.24,3.29,0.0,-0.05,37,35
2012-03-26 03:00:00,3,736.6,859.0,14.84,15.02,0.0,-0.18,12.16,12.34,0.0,-0.18,35,35
2012-03-26 04:00:00,4,776.7,897.0,16.59,16.82,0.0,-0.23,14.83,15.03,0.0,-0.2,34,34
2012-03-26 05:00:00,5,877.2,1015.0,19.4,20.04,-0.41,-0.23,15.91,16.06,0.0,-0.15,37,36
2012-03-26 06:00:00,6,1046.5,1226.0,22.82,22.91,0.0,-0.09,35.83,36.11,0.0,-0.28,37,37
2012-03-26 07:00:00,7,1169.8,1346.0,23.94,24.32,0.0,-0.38,20.74,20.94,0.0,-0.2,42,39
2012-03-26 08:00:00,8,1210.5,1385.0,26.47,27.01,0.0,-0.54,19.63,19.93,0.0,-0.3,40,29
2012-03-26 09:00:00,9,1221.8,1398.0,27.19,27.73,0.0,-0.54,23.68,24.09,0.0,-0.41,39,26
2012-03-26 10:00:00,10,1249.1,1414.0,29.01,29.57,0.0,-0.56,24.39,24.82,0.0,-0.43,38,21
2012-03-26 11:00:00,11,1269.7,1412.0,25.91,26.37,0.0,-0.46,21.57,21.94,0.0,-0.37,39,17
2012-03-26 12:00:00,12,1271.5,1400.0,24.68,25.1,0.0,-0.42,18.7,19.01,0.0,-0.31,39,14
2012-03-26 13:00:00,13,1248.5,1396.0,25.09,25.53,0.0,-0.44,19.13,19.45,0.0,-0.32,37,15
2012-03-26 14:00:00,14,1232.2,1366.0,23.58,24.03,0.0,-0.45,20.24,20.56,0.0,-0.32,38,14
2012-03-26 15:00:00,15,1240.3,1353.0,21.66,22.06,0.0,-0.4,19.31,19.61,0.0,-0.3,35,11
2012-03-26 16:00:00,16,1239.4,1368.0,21.22,21.59,0.0,-0.37,19.3,19.62,0.0,-0.32,36,11
2012-03-26 17:00:00,17,1274.5,1406.0,24.03,24.46,0.0,-0.43,22.32,22.71,0.0,-0.39,32,9
2012-03-26 18:00:00,18,1320.1,1452.0,27.08,27.56,0.0,-0.48,22.11,22.46,0.0,-0.35,32,9
2012-03-26 19:00:00,19,1341.5,1531.0,35.72,36.39,0.0,-0.67,60.05,60.92,0.0,-0.87,31,8
2012-03-26 20:00:00,20,1315.7,1498.0,30.0,31.0,-0.43,-0.57,40.39,40.91,0.0,-0.52,30,7
2012-03-26 21:00:00,21,1189.6,1387.0,23.3,23.72,0.0,-0.42,48.88,49.59,0.0,-0.71,30,8
2012-03-26 22:00:00,22,1059.3,1242.0,22.83,23.05,0.0,-0.22,22.46,22.88,0.0,-0.42,30,6
2012-03-26 23:00:00,23,913.6,1122.0,22.79,23.02,0.0,-0.23,24.59,25.15,0.0,-0.56,30,1
2012-03-27 00:00:00,0,876.6,1049.0,23.28,23.79,0.0,-0.51,25.05,25.63,0.0,-0.58,29,-2
2012-03-27 01:00:00,1,847.9,1013.0,21.5,21.9,0.0,-0.4,23.84,24.34,0.0,-0.5,28,-2
2012-03-27 02:00:00,2,838.4,1001.0,20.95,21.29,0.0,-0.34,21.51,21.9,0.0,-0.39,26,-2
2012-03-27 03:00:00,3,842.5,1010.0,21.62,21.94,0.0,-0.32,20.38,20.7,0.0,-0.32,25,-2
2012-03-27 04:00:00,4,879.0,1045.0,22.89,23.17,0.0,-0.28,20.26,20.56,0.0,-0.3,24,-2
2012-03-27 05:00:00,5,991.6,1171.0,22.49,22.67,0.0,-0.18,20.69,20.95,0.0,-0.26,23,-1
2012-03-27 06:00:00,6,1178.4,1364.0,25.47,25.69,0.0,-0.22,27.7,27.96,0.0,-0.26,23,-1
2012-03-27 07:00:00,7,1273.2,1455.0,31.6,32.07,0.0,-0.47,44.16,44.72,0.0,-0.56,22,-1
2012-03-27 08:00:00,8,1269.6,1464.0,30.28,30.83,0.0,-0.55,31.37,31.84,0.0,-0.47,24,-1
2012-03-27 09:00:00,9,1271.5,1462.0,30.48,31.07,0.0,-0.59,36.79,37.4,0.0,-0.61,26,-2
2012-03-27 10:00:00,10,1297.6,1459.0,29.71,30.2,0.0,-0.49,36.68,37.29,0.0,-0.61,30,-2
2012-03-27 11:00:00,11,1289.5,1443.0,30.09,30.64,0.0,-0.55,34.67,35.27,0.0,-0.6,33,-4
2012-03-27 12:00:00,12,1260.4,1420.0,29.24,29.78,0.0,-0.54,30.53,31.05,0.0,-0.52,36,-3
2012-03-27 13:00:00,13,1236.7,1402.0,26.11,26.54,0.0,-0.43,24.82,25.19,0.0,-0.37,39,-4
2012-03-27 14:00:00,14,1211.8,1367.0,25.02,25.44,0.0,-0.42,24.36,24.73,0.0,-0.37,42,-7
2012-03-27 15:00:00,15,1207.0,1346.0,23.87,24.35,0.0,-0.48,21.74,22.1,0.0,-0.36,43,-8
2012-03-27 16:00:00,16,1194.2,1341.0,23.91,24.38,0.0,-0.47,22.4,22.81,0.0,-0.41,45,-7
2012-03-27 17:00:00,17,1235.4,1370.0,27.65,28.25,0.0,-0.6,23.77,24.2,0.0,-0.43,45,-7
2012-03-27 18:00:00,18,1278.2,1402.0,31.8,32.54,0.0,-0.74,23.53,23.91,0.0,-0.38,44,-6
2012-03-27 19:00:00,19,1330.3,1484.0,36.56,37.38,0.0,-0.82,54.5,55.57,0.0,-1.07,40,-4
2012-03-27 20:00:00,20,1285.4,1466.0,32.93,33.64,0.0,-0.71,34.01,34.71,0.0,-0.7,37,-2
2012-03-27 21:00:00,21,1191.1,1354.0,28.59,28.95,0.0,-0.36,53.17,54.3,0.0,-1.13,34,0
2012-03-27 22:00:00,22,1065.4,1204.0,24.66,24.96,0.0,-0.3,34.24,35.55,-0.5,-0.81,32,0
2012-03-27 23:00:00,23,938.7,1085.0,23.69,23.9,0.0,-0.21,20.63,21.04,0.0,-0.41,31,4
2012-03-28 00:00:00,0,812.7,1010.0,28.55,29.13,-0.09,-0.49,21.4,23.18,-1.4,-0.38,30,11
2012-03-28 01:00:00,1,769.0,974.0,28.53,29.07,0.0,-0.54,25.07,26.98,-1.49,-0.42,32,10
2012-03-28 02:00:00,2,798.9,956.0,23.76,24.16,0.0,-0.4,25.85,26.41,-0.11,-0.45,32,11
2012-03-28 03:00:00,3,800.1,951.0,23.55,23.94,0.0,-0.39,19.87,20.14,0.0,-0.27,32,11
2012-03-28 04:00:00,4,794.6,989.0,25.86,26.27,0.0,-0.41,19.95,20.19,0.0,-0.24,32,19
2012-03-28 05:00:00,5,946.3,1105.0,23.81,24.23,0.0,-0.42,22.01,22.26,0.0,-0.25,31,23
2012-03-28 06:00:00,6,1088.7,1306.0,32.93,33.33,0.0,-0.4,31.95,32.27,0.0,-0.32,31,24
2012-03-28 07:00:00,7,1228.1,1408.0,26.55,26.85,-0.08,-0.22,28.99,29.18,0.0,-0.19,31,25
2012-03-28 08:00:00,8,1241.4,1428.0,30.42,30.94,-0.23,-0.29,27.05,27.23,0.0,-0.18,32,27
2012-03-28 09:00:00,9,1234.6,1436.0,30.74,31.28,-0.25,-0.29,35.34,35.52,0.0,-0.18,33,25
2012-03-28 10:00:00,10,1258.2,1447.0,32.22,32.78,-0.27,-0.29,26.89,27.03,0.0,-0.14,35,22
2012-03-28 11:00:00,11,1225.6,1450.0,36.29,36.67,0.0,-0.38,31.94,32.11,0.0,-0.17,38,21
2012-03-28 12:00:00,12,1230.2,1419.0,32.02,32.26,0.0,-0.24,30.44,30.68,0.0,-0.24,36,23
2012-03-28 13:00:00,13,1201.0,1410.0,32.8,33.12,0.0,-0.32,31.65,31.93,0.0,-0.28,40,26
2012-03-28 14:00:00,14,1174.2,1388.0,30.45,30.78,0.0,-0.33,24.02,24.19,0.0,-0.17,40,30
2012-03-28 15:00:00,15,1178.3,1370.0,28.5,28.77,0.0,-0.27,20.61,20.69,0.0,-0.08,42,28
2012-03-28 16:00:00,16,1166.0,1376.0,29.01,29.32,0.0,-0.31,20.23,20.26,0.0,-0.03,44,29
2012-03-28 17:00:00,17,1235.7,1416.0,24.12,24.35,0.0,-0.23,19.77,19.81,0.0,-0.04,45,31
2012-03-28 18:00:00,18,1276.9,1467.0,26.07,26.31,0.0,-0.24,20.51,20.52,0.0,-0.01,45,32
2012-03-28 19:00:00,19,1327.3,1490.0,35.04,35.32,0.0,-0.28,23.21,23.23,0.0,-0.02,43,36
2012-03-28 20:00:00,20,1279.4,1433.0,34.98,35.3,0.0,-0.32,29.71,29.8,0.0,-0.09,42,34
2012-03-28 21:00:00,21,1158.5,1318.0,26.72,26.92,0.0,-0.2,21.5,21.66,0.0,-0.16,42,33
2012-03-28 22:00:00,22,1015.1,1172.0,25.96,26.23,0.0,-0.27,19.59,19.74,0.0,-0.15,42,33
2012-03-28 23:00:00,23,864.6,1049.0,25.79,25.95,0.0,-0.16,19.18,19.29,0.0,-0.11,40,33
2012-03-29 00:00:00,0,838.2,977.0,17.77,17.8,0.0,-0.03,17.58,17.62,0.0,-0.04,40,34
2012-03-29 01:00:00,1,802.7,940.0,17.93,17.99,0.0,-0.06,17.25,17.29,0.0,-0.04,39,34
2012-03-29 02:00:00,2,779.0,917.0,16.98,16.97,0.0,0.01,17.06,17.08,0.0,-0.02,38,35
2012-03-29 03:00:00,3,769.4,920.0,16.72,16.71,0.0,0.01,17.0,16.98,0.0,0.02,38,35
2012-03-29 04:00:00,4,809.2,961.0,17.12,17.12,0.0,0.0,17.24,17.22,0.0,0.02,38,34
2012-03-29 05:00:00,5,906.1,1065.0,18.94,18.93,0.0,0.01,16.32,16.23,0.0,0.09,38,34
2012-03-29 06:00:00,6,1087.8,1268.0,21.33,21.83,-0.61,0.11,22.06,21.91,0.0,0.15,40,35
2012-03-29 07:00:00,7,1205.8,1369.0,24.75,24.83,0.0,-0.08,23.61,23.6,0.0,0.01,40,32
2012-03-29 08:00:00,8,1227.8,1391.0,28.01,29.13,-0.86,-0.26,28.55,28.71,0.0,-0.16,39,32
2012-03-29 09:00:00,9,1275.9,1411.0,28.02,29.08,-0.85,-0.21,28.69,28.86,0.0,-0.17,40,31
2012-03-29 10:00:00,10,1298.1,1432.0,29.17,30.19,-0.81,-0.21,29.77,29.98,0.0,-0.21,41,30
2012-03-29 11:00:00,11,1285.4,1434.0,32.04,32.23,0.0,-0.19,28.9,29.06,0.0,-0.16,41,29
2012-03-29 12:00:00,12,1260.7,1420.0,28.85,29.02,0.0,-0.17,28.73,28.83,0.0,-0.1,41,29
2012-03-29 13:00:00,13,1225.2,1412.0,24.44,24.55,0.0,-0.11,30.84,30.91,0.0,-0.07,44,30
2012-03-29 14:00:00,14,1201.4,1389.0,21.69,21.81,-0.09,-0.03,30.27,30.4,0.0,-0.13,42,28
2012-03-29 15:00:00,15,1197.2,1375.0,20.48,20.68,-0.18,-0.02,30.1,30.29,0.0,-0.19,42,28
2012-03-29 16:00:00,16,1189.6,1393.0,20.67,20.7,0.0,-0.03,30.24,30.44,0.0,-0.2,41,26
2012-03-29 17:00:00,17,1214.9,1429.0,20.78,20.87,0.0,-0.09,41.54,41.9,0.0,-0.36,40,26
2012-03-29 18:00:00,18,1241.8,1460.0,20.8,20.89,0.0,-0.09,27.43,27.56,0.0,-0.13,39,26
2012-03-29 19:00:00,19,1283.1,1497.0,34.83,35.19,0.0,-0.36,46.39,46.62,0.0,-0.23,38,26
2012-03-29 20:00:00,20,1234.1,1460.0,34.12,34.44,0.0,-0.32,38.94,39.22,0.0,-0.28,38,26
2012-03-29 21:00:00,21,1157.1,1347.0,23.82,23.95,0.0,-0.13,27.0,27.27,0.0,-0.27,38,27
2012-03-29 22:00:00,22,1027.7,1202.0,20.73,20.96,-0.12,-0.11,20.48,20.71,0.0,-0.23,38,27
2012-03-29 23:00:00,23,889.8,1080.0,20.82,20.89,0.0,-0.07,19.84,20.04,0.0,-0.2,37,27
2012-03-30 00:00:00,0,847.3,1009.0,21.31,21.56,0.0,-0.25,23.45,23.74,0.0,-0.29,36,28
2012-03-30 01:00:00,1,796.8,972.0,20.46,20.71,0.0,-0.25,21.96,22.21,0.0,-0.25,34,25
2012-03-30 02:00:00,2,780.7,953.0,20.32,20.58,0.0,-0.26,20.4,20.65,0.0,-0.25,33,24
2012-03-30 03:00:00,3,776.2,955.0,20.33,20.59,0.0,-0.26,20.0,20.25,0.0,-0.25,33,24
2012-03-30 04:00:00,4,837.2,989.0,20.86,21.09,0.0,-0.23,20.46,20.7,0.0,-0.24,33,21
2012-03-30 05:00:00,5,934.7,1102.0,23.71,23.97,0.0,-0.26,18.7,18.88,0.0,-0.18,32,22
2012-03-30 06:00:00,6,1087.0,1288.0,29.04,29.41,0.0,-0.37,34.6,34.89,0.0,-0.29,32,17
2012-03-30 07:00:00,7,1167.8,1380.0,34.71,35.21,0.0,-0.5,39.86,40.24,0.0,-0.38,30,17
2012-03-30 08:00:00,8,1165.5,1392.0,34.63,35.17,0.0,-0.54,32.46,32.82,0.0,-0.36,33,14
2012-03-30 09:00:00,9,1173.4,1402.0,33.44,34.04,0.0,-0.6,30.89,31.27,0.0,-0.38,35,14
2012-03-30 10:00:00,10,1193.7,1402.0,33.27,33.82,0.0,-0.55,30.73,31.25,0.0,-0.52,37,12
2012-03-30 11:00:00,11,1159.9,1389.0,33.81,34.46,0.0,-0.65,28.41,28.9,0.0,-0.49,40,10
2012-03-30 12:00:00,12,1122.6,1357.0,36.02,36.78,0.0,-0.76,29.21,29.7,0.0,-0.49,41,8
2012-03-30 13:00:00,13,1102.5,1343.0,30.49,31.05,0.0,-0.56,28.9,29.41,0.0,-0.51,43,6
2012-03-30 14:00:00,14,1079.0,1312.0,28.44,28.93,0.0,-0.49,22.5,22.87,0.0,-0.37,45,7
2012-03-30 15:00:00,15,1104.8,1284.0,25.4,25.83,0.0,-0.43,21.74,22.1,0.0,-0.36,45,4
2012-03-30 16:00:00,16,1100.9,1275.0,25.68,26.14,0.0,-0.46,20.89,21.22,0.0,-0.33,46,6
2012-03-30 17:00:00,17,1098.2,1280.0,25.88,26.38,0.0,-0.5,20.97,21.31,0.0,-0.34,46,6
2012-03-30 18:00:00,18,1136.6,1298.0,28.63,29.23,0.0,-0.6,21.3,21.62,0.0,-0.32,45,7
2012-03-30 19:00:00,19,1219.2,1372.0,34.03,34.71,0.0,-0.68,25.04,25.4,0.0,-0.36,41,9
2012-03-30 20:00:00,20,1185.6,1360.0,31.67,32.34,0.0,-0.67,24.79,25.22,0.0,-0.43,39,9
2012-03-30 21:00:00,21,1091.6,1280.0,27.62,28.07,0.0,-0.45,25.9,26.32,0.0,-0.42,40,11
2012-03-30 22:00:00,22,1013.5,1169.0,23.89,24.35,0.0,-0.46,23.47,23.88,0.0,-0.41,39,13
2012-03-30 23:00:00,23,861.6,1056.0,22.33,22.52,0.0,-0.19,19.95,20.24,0.0,-0.29,38,14
2012-03-31 00:00:00,0,832.2,970.0,21.67,21.77,0.0,-0.1,20.63,20.81,0.0,-0.18,38,14
2012-03-31 01:00:00,1,786.7,927.0,23.0,23.2,0.0,-0.2,22.2,22.42,0.0,-0.22,37,15
2012-03-31 02:00:00,2,770.9,907.0,21.15,21.3,0.0,-0.15,22.2,22.39,0.0,-0.19,34,18
2012-03-31 03:00:00,3,769.3,899.0,21.74,21.91,0.0,-0.17,21.09,21.24,0.0,-0.15,34,19
2012-03-31 04:00:00,4,785.4,911.0,21.19,21.31,0.0,-0.12,22.18,22.32,0.0,-0.14,34,19
2012-03-31 05:00:00,5,853.7,958.0,22.28,22.4,0.0,-0.12,21.84,21.95,0.0,-0.11,35,18
2012-03-31 06:00:00,6,956.1,1034.0,22.64,22.72,0.0,-0.08,20.97,20.99,0.0,-0.02,34,18
2012-03-31 07:00:00,7,1043.5,1133.0,24.91,24.93,0.0,-0.02,20.44,20.4,0.0,0.04,35,18
2012-03-31 08:00:00,8,1045.8,1236.0,34.65,34.71,0.0,-0.06,28.46,28.32,0.0,0.14,35,17
2012-03-31 09:00:00,9,1068.3,1308.0,38.3,38.38,0.0,-0.08,34.61,34.48,0.0,0.13,36,16
2012-03-31 10:00:00,10,1061.7,1330.0,40.08,40.29,0.0,-0.21,32.4,32.33,0.0,0.07,37,17
2012-03-31 11:00:00,11,1060.2,1323.0,39.49,39.69,0.0,-0.2,32.88,32.81,0.0,0.07,37,20
2012-03-31 12:00:00,12,1026.4,1288.0,37.12,37.32,0.0,-0.2,33.25,33.24,0.0,0.01,38,21
2012-03-31 13:00:00,13,967.2,1249.0,36.2,36.42,0.0,-0.22,28.05,28.08,0.0,-0.03,40,22
2012-03-31 14:00:00,14,975.2,1210.0,33.47,33.67,0.0,-0.2,26.98,27.01,0.0,-0.03,42,23
2012-03-31 15:00:00,15,976.4,1182.0,31.36,31.52,0.0,-0.16,27.01,27.04,0.0,-0.03,45,23
2012-03-31 16:00:00,16,970.4,1177.0,31.31,31.5,0.0,-0.19,27.78,27.83,0.0,-0.05,45,23
2012-03-31 17:00:00,17,1012.8,1200.0,31.52,31.69,0.0,-0.17,32.11,32.15,0.0,-0.04,47,23
2012-03-31 18:00:00,18,1045.6,1224.0,34.96,35.18,0.0,-0.22,32.5,32.51,0.0,-0.01,48,23
2012-03-31 19:00:00,19,1136.2,1285.0,40.38,40.62,0.0,-0.24,42.84,42.84,0.0,0.0,45,24
2012-03-31 20:00:00,20,1108.6,1283.0,40.32,40.55,0.0,-0.23,32.95,32.92,0.0,0.03,40,25
2012-03-31 21:00:00,21,1018.7,1218.0,33.34,33.48,0.0,-0.14,29.23,29.23,0.0,0.0,38,28
2012-03-31 22:00:00,22,938.4,1121.0,28.81,29.01,0.0,-0.2,30.33,30.41,0.0,-0.08,35,27
2012-03-31 23:00:00,23,838.3,1026.0,25.03,25.0,0.0,0.03,22.39,22.48,0.0,-0.09,33,27
2012-04-01 00:00:00,0,799.6,955.0,19.05,19.12,0.0,-0.07,22.33,22.42,0.0,-0.09,31,26
2012-04-01 01:00:00,1,745.6,917.0,20.52,20.64,0.0,-0.12,23.66,23.74,0.0,-0.08,29,26
2012-04-01 02:00:00,2,726.3,899.0,21.81,22.0,0.0,-0.19,35.13,35.35,0.0,-0.22,27,24
2012-04-01 03:00:00,3,712.2,892.0,19.94,20.1,0.0,-0.16,22.85,23.02,0.0,-0.17,26,24
2012-04-01 04:00:00,4,707.2,905.0,18.9,19.03,0.0,-0.13,21.22,21.33,0.0,-0.11,26,23
2012-04-01 05:00:00,5,737.9,938.0,18.91,19.04,0.0,-0.13,23.06,23.16,0.0,-0.1,25,22
2012-04-01 06:00:00,6,791.1,990.0,19.78,19.93,0.0,-0.15,42.24,42.52,0.0,-0.28,22,19
2012-04-01 07:00:00,7,876.3,1066.0,19.23,21.76,-2.39,-0.14,20.69,20.72,0.0,-0.03,24,21
2012-04-01 08:00:00,8,962.9,1156.0,23.15,24.43,-1.09,-0.19,22.01,22.01,0.0,0.0,30,27
2012-04-01 09:00:00,9,1000.1,1211.0,27.91,30.38,-2.24,-0.23,24.03,24.02,0.0,0.01,35,28
2012-04-01 10:00:00,10,1012.6,1219.0,31.03,32.49,-1.13,-0.33,28.04,28.13,0.0,-0.09,41,26
2012-04-01 11:00:00,11,1006.0,1215.0,32.62,34.36,-1.34,-0.4,29.82,29.89,0.0,-0.07,47,25
2012-04-01 12:00:00,12,967.4,1203.0,32.36,34.11,-1.34,-0.41,31.25,31.29,0.0,-0.04,50,19
2012-04-01 13:00:00,13,969.4,1191.0,29.43,30.73,-0.94,-0.36,27.91,27.95,0.0,-0.04,50,19
2012-04-01 14:00:00,14,925.0,1183.0,28.17,29.32,-0.81,-0.34,35.58,35.62,0.0,-0.04,51,19
2012-04-01 15:00:00,15,976.7,1191.0,24.09,25.08,-0.76,-0.23,40.49,40.51,0.0,-0.02,51,22
2012-04-01 16:00:00,16,993.4,1236.0,24.04,25.01,-0.73,-0.24,60.88,60.84,0.0,0.04,50,25
2012-04-01 17:00:00,17,1009.2,1302.0,28.11,29.58,-1.15,-0.32,81.09,80.96,0.0,0.13,48,28
2012-04-01 18:00:00,18,1056.6,1334.0,28.38,28.69,0.0,-0.31,46.71,46.67,0.0,0.04,46,31
2012-04-01 19:00:00,19,1124.6,1361.0,36.32,36.71,0.0,-0.39,36.05,35.97,0.0,0.08,44,32
2012-04-01 20:00:00,20,1081.9,1311.0,36.61,37.14,0.0,-0.53,28.84,28.84,0.0,0.0,42,36
2012-04-01 21:00:00,21,961.3,1207.0,30.0,30.41,0.0,-0.41,39.22,39.31,0.0,-0.09,41,37
2012-04-01 22:00:00,22,877.1,1082.0,23.29,23.36,0.0,-0.07,32.19,32.38,0.0,-0.19,40,37
2012-04-01 23:00:00,23,810.2,981.0,19.94,20.0,0.0,-0.06,19.63,19.76,0.0,-0.13,40,37
2012-04-02 00:00:00,0,757.9,919.0,20.39,20.71,0.0,-0.32,30.39,30.71,0.0,-0.32,38,36
2012-04-02 01:00:00,1,728.9,888.0,19.67,19.94,0.0,-0.27,19.13,19.3,0.0,-0.17,37,36
2012-04-02 02:00:00,2,725.1,878.0,18.65,18.91,0.0,-0.26,20.36,20.55,0.0,-0.19,37,36
2012-04-02 03:00:00,3,725.3,884.0,17.67,17.91,0.0,-0.24,18.94,19.11,0.0,-0.17,38,36
2012-04-02 04:00:00,4,750.2,931.0,18.98,19.19,0.0,-0.21,20.17,20.3,0.0,-0.13,37,36
2012-04-02 05:00:00,5,851.2,1046.0,22.99,23.37,0.0,-0.38,35.56,35.77,0.0,-0.21,36,35
2012-04-02 06:00:00,6,991.3,1243.0,32.02,32.26,0.0,-0.24,40.53,40.44,0.0,0.09,36,35
2012-04-02 07:00:00,7,1132.5,1345.0,32.99,33.16,0.0,-0.17,59.23,59.4,0.0,-0.17,36,34
2012-04-02 08:00:00,8,1141.5,1372.0,35.5,35.68,0.0,-0.18,41.89,41.98,0.0,-0.09,37,35
2012-04-02 09:00:00,9,1192.4,1384.0,33.5,33.65,0.0,-0.15,33.35,33.51,0.0,-0.16,38,34
2012-04-02 10:00:00,10,1198.9,1389.0,33.97,34.24,0.0,-0.27,23.72,23.89,0.0,-0.17,43,33
2012-04-02 11:00:00,11,1224.2,1382.0,31.77,31.98,0.0,-0.21,20.48,20.65,0.0,-0.17,44,21
2012-04-02 12:00:00,12,1183.9,1363.0,30.13,30.83,-0.53,-0.17,21.77,21.99,0.0,-0.22,47,20
2012-04-02 13:00:00,13,1156.5,1350.0,29.63,29.75,0.0,-0.12,23.47,23.67,0.0,-0.2,49,16
2012-04-02 14:00:00,14,1139.3,1325.0,27.81,27.94,0.0,-0.13,25.12,25.36,0.0,-0.24,51,16
2012-04-02 15:00:00,15,1134.3,1306.0,26.15,26.26,0.0,-0.11,21.84,22.03,0.0,-0.19,51,11
2012-04-02 16:00:00,16,1153.0,1308.0,25.68,25.81,0.0,-0.13,20.38,20.56,0.0,-0.18,52,14
2012-04-02 17:00:00,17,1154.6,1336.0,28.21,28.34,0.0,-0.13,20.28,20.42,0.0,-0.14,50,13
2012-04-02 18:00:00,18,1211.3,1366.0,31.49,31.83,0.0,-0.34,19.23,19.41,0.0,-0.18,49,11
2012-04-02 19:00:00,19,1257.2,1439.0,41.84,43.17,-0.85,-0.48,30.48,30.78,0.0,-0.3,45,6
2012-04-02 20:00:00,20,1230.6,1429.0,35.9,37.38,-1.14,-0.34,29.84,30.17,0.0,-0.33,41,9
2012-04-02 21:00:00,21,1112.3,1317.0,27.55,27.53,0.0,0.02,27.05,28.44,-1.11,-0.28,40,11
2012-04-02 22:00:00,22,949.8,1173.0,24.78,24.84,0.0,-0.06,19.46,19.57,0.0,-0.11,37,12
2012-04-02 23:00:00,23,826.8,1054.0,21.75,21.85,0.0,-0.1,34.25,34.5,0.0,-0.25,35,12
2012-04-03 00:00:00,0,814.6,981.0,22.37,22.46,0.0,-0.09,21.0,21.17,0.0,-0.17,34,12
2012-04-03 01:00:00,1,774.8,948.0,21.48,21.55,0.0,-0.07,22.13,22.29,0.0,-0.16,32,13
2012-04-03 02:00:00,2,769.7,935.0,20.59,20.65,0.0,-0.06,26.05,26.2,0.0,-0.15,29,13
2012-04-03 03:00:00,3,772.0,940.0,20.02,20.05,0.0,-0.03,23.24,23.36,0.0,-0.12,30,13
2012-04-03 04:00:00,4,794.3,979.0,20.97,20.98,0.0,-0.01,14.83,14.87,0.0,-0.04,29,13
2012-04-03 05:00:00,5,910.0,1103.0,23.55,23.55,0.0,0.0,19.26,19.27,0.0,-0.01,30,10
2012-04-03 06:00:00,6,1080.4,1293.0,31.74,32.86,-1.49,0.37,28.77,28.74,0.0,0.03,30,10
2012-04-03 07:00:00,7,1183.1,1384.0,30.79,30.77,0.0,0.02,26.44,26.45,0.0,-0.01,31,10
2012-04-03 08:00:00,8,1195.6,1391.0,29.36,29.43,0.0,-0.07,27.66,27.77,0.0,-0.11,36,8
2012-04-03 09:00:00,9,1213.7,1388.0,26.19,26.3,0.0,-0.11,35.61,35.97,0.0,-0.36,38,7
2012-04-03 10:00:00,10,1211.3,1393.0,26.09,26.23,0.0,-0.14,30.77,31.07,0.0,-0.3,41,7
2012-04-03 11:00:00,11,1202.6,1378.0,24.96,25.13,0.0,-0.17,24.06,24.33,0.0,-0.27,45,8
2012-04-03 12:00:00,12,1169.6,1356.0,25.9,26.05,0.0,-0.15,20.98,21.17,0.0,-0.19,47,8
2012-04-03 13:00:00,13,1153.2,1344.0,23.78,23.92,0.0,-0.14,21.18,21.37,0.0,-0.19,51,8
2012-04-03 14:00:00,14,1126.4,1319.0,23.6,23.76,0.0,-0.16,23.27,23.48,0.0,-0.21,54,7
2012-04-03 15:00:00,15,1121.5,1300.0,23.23,23.4,0.0,-0.17,21.99,22.18,0.0,-0.19,56,7
2012-04-03 16:00:00,16,1114.6,1299.0,23.1,23.28,0.0,-0.18,23.24,23.46,0.0,-0.22,56,9
2012-04-03 17:00:00,17,1151.0,1322.0,23.38,23.52,0.0,-0.14,23.41,23.6,0.0,-0.19,55,8
2012-04-03 18:00:00,18,1209.1,1345.0,23.67,23.86,0.0,-0.19,21.49,21.7,0.0,-0.21,54,8
2012-04-03 19:00:00,19,1246.0,1418.0,32.4,32.63,0.0,-0.23,37.94,38.28,0.0,-0.34,51,8
2012-04-03 20:00:00,20,1202.1,1414.0,31.87,32.2,0.0,-0.33,28.76,29.05,-0.01,-0.28,50,7
2012-04-03 21:00:00,21,1099.2,1297.0,26.33,26.4,0.0,-0.07,21.97,22.11,0.0,-0.14,47,8
2012-04-03 22:00:00,22,970.9,1153.0,24.23,24.29,0.0,-0.06,21.96,22.11,0.0,-0.15,46,11
2012-04-03 23:00:00,23,861.0,1030.0,22.07,22.12,0.0,-0.05,20.0,20.13,0.0,-0.13,46,13
2012-04-04 00:00:00,0,781.6,952.0,20.33,20.62,0.0,-0.29,21.38,21.57,0.0,-0.19,45,14
2012-04-04 01:00:00,1,750.8,911.0,19.69,19.97,0.0,-0.28,14.27,14.4,0.0,-0.13,45,16
2012-04-04 02:00:00,2,741.3,894.0,19.24,19.52,0.0,-0.28,8.54,8.62,0.0,-0.08,45,15
2012-04-04 03:00:00,3,742.0,896.0,19.21,19.48,0.0,-0.27,13.66,13.74,0.0,-0.08,44,16
2012-04-04 04:00:00,4,773.9,936.0,19.63,19.87,0.0,-0.24,14.63,14.68,0.0,-0.05,43,18
2012-04-04 05:00:00,5,891.0,1060.0,22.81,23.02,0.0,-0.21,21.76,21.78,0.0,-0.02,42,18
2012-04-04 06:00:00,6,1062.3,1239.0,29.73,29.74,0.0,-0.01,35.85,35.7,0.0,0.15,35,19
2012-04-04 07:00:00,7,1167.5,1328.0,29.21,30.16,-1.09,0.14,35.61,35.46,0.0,0.15,31,21
2012-04-04 08:00:00,8,1158.6,1339.0,32.77,33.81,-0.88,-0.16,26.39,26.26,0.0,0.13,38,22
2012-04-04 09:00:00,9,1165.8,1344.0,33.41,34.42,-0.81,-0.2,22.06,21.99,0.0,0.07,48,18
2012-04-04 10:00:00,10,1149.7,1355.0,34.35,35.3,-0.69,-0.26,23.87,23.84,0.0,0.03,51,15
2012-04-04 11:00:00,11,1167.9,1352.0,27.99,28.17,0.0,-0.18,27.15,27.19,0.0,-0.04,54,16
2012-04-04 12:00:00,12,1146.5,1337.0,28.32,28.59,0.0,-0.27,21.49,21.58,0.0,-0.09,55,17
2012-04-04 13:00:00,13,1122.0,1335.0,26.73,27.0,0.0,-0.27,20.56,20.66,0.0,-0.1,57,16
2012-04-04 14:00:00,14,1101.4,1315.0,25.15,25.39,0.0,-0.24,22.38,22.54,0.0,-0.16,59,16
2012-04-04 15:00:00,15,1092.1,1299.0,25.19,25.45,0.0,-0.26,29.41,29.68,0.0,-0.27,55,17
2012-04-04 16:00:00,16,1112.7,1301.0,25.23,25.43,0.0,-0.2,24.19,24.36,0.0,-0.17,56,20
2012-04-04 17:00:00,17,1154.3,1328.0,24.54,24.7,0.0,-0.16,27.18,27.35,0.0,-0.17,56,22
2012-04-04 18:00:00,18,1202.6,1364.0,25.15,25.39,0.0,-0.24,27.27,27.47,0.0,-0.2,51,26
2012-04-04 19:00:00,19,1236.3,1420.0,34.27,34.65,0.0,-0.38,34.85,35.03,0.0,-0.18,47,30
2012-04-04 20:00:00,20,1186.1,1402.0,33.33,35.0,-1.2,-0.47,29.93,30.16,0.0,-0.23,43,31
2012-04-04 21:00:00,21,1107.0,1284.0,26.43,26.49,-0.03,-0.03,24.5,24.64,0.0,-0.14,42,31
2012-04-04 22:00:00,22,963.2,1145.0,24.15,24.24,0.0,-0.09,21.7,21.87,0.0,-0.17,41,31
2012-04-04 23:00:00,23,852.1,1024.0,21.98,22.11,0.0,-0.13,16.38,16.48,0.0,-0.1,40,31
2012-04-05 00:00:00,0,805.4,956.0,19.61,19.66,0.0,-0.05,20.66,20.78,0.0,-0.12,40,31
2012-04-05 01:00:00,1,778.0,916.0,17.49,17.51,0.0,-0.02,10.42,10.47,0.0,-0.05,38,31
2012-04-05 02:00:00,2,761.3,898.0,16.54,16.55,0.0,-0.01,14.03,14.07,0.0,-0.04,39,31
2012-04-05 03:00:00,3,768.8,902.0,14.89,14.86,0.0,0.03,9.79,9.8,0.0,-0.01,38,30
2012-04-05 04:00:00,4,796.3,946.0,16.76,16.73,0.0,0.03,15.29,15.28,0.0,0.01,37,27
2012-04-05 05:00:00,5,906.0,1062.0,19.51,19.45,0.0,0.06,10.83,10.8,0.0,0.03,36,26
2012-04-05 06:00:00,6,1105.6,1254.0,23.26,22.95,0.0,0.31,21.39,21.3,0.0,0.09,33,24
2012-04-05 07:00:00,7,1180.1,1352.0,31.05,30.8,0.0,0.25,23.16,23.08,0.0,0.08,34,24
2012-04-05 08:00:00,8,1191.2,1366.0,31.78,31.65,0.0,0.13,21.62,21.63,0.0,-0.01,38,23
2012-04-05 09:00:00,9,1197.8,1372.0,26.57,26.57,0.0,0.0,22.35,22.35,0.0,0.0,40,20
2012-04-05 10:00:00,10,1202.0,1388.0,25.27,25.22,0.0,0.05,22.25,22.24,0.0,0.01,40,19
2012-04-05 11:00:00,11,1179.3,1379.0,24.55,24.45,0.0,0.1,20.75,20.74,0.0,0.01,42,20
2012-04-05 12:00:00,12,1157.7,1358.0,25.84,25.87,0.0,-0.03,21.5,21.51,0.0,-0.01,44,19
2012-04-05 13:00:00,13,1139.0,1350.0,24.92,24.98,0.0,-0.06,21.93,21.94,0.0,-0.01,47,20
2012-04-05 14:00:00,14,1116.4,1324.0,24.62,24.71,0.0,-0.09,21.64,21.69,0.0,-0.05,47,21
2012-04-05 15:00:00,15,1112.2,1309.0,24.42,24.55,0.0,-0.13,20.81,20.87,0.0,-0.06,44,21
2012-04-05 16:00:00,16,1130.7,1312.0,22.42,22.48,0.0,-0.06,20.34,20.38,0.0,-0.04,44,21
2012-04-05 17:00:00,17,1139.4,1334.0,23.39,23.43,0.0,-0.04,21.37,21.37,0.0,0.0,42,21
2012-04-05 18:00:00,18,1190.5,1360.0,24.29,24.44,0.0,-0.15,20.1,20.15,0.0,-0.05,43,21
2012-04-05 19:00:00,19,1245.4,1423.0,30.33,30.44,0.0,-0.11,24.2,24.22,0.0,-0.02,40,20
2012-04-05 20:00:00,20,1203.4,1427.0,34.28,34.62,0.0,-0.34,23.45,23.54,0.0,-0.09,38,19
2012-04-05 21:00:00,21,1153.3,1323.0,24.11,24.2,0.0,-0.09,22.14,22.23,0.0,-0.09,37,19
2012-04-05 22:00:00,22,978.7,1179.0,22.85,23.02,0.0,-0.17,21.1,21.21,0.0,-0.11,36,19
2012-04-05 23:00:00,23,853.5,1058.0,21.96,22.05,0.0,-0.09,19.16,19.29,0.0,-0.13,33,20
2012-04-06 00:00:00,0,822.1,981.0,19.95,20.18,0.0,-0.23,16.88,17.07,0.0,-0.19,30,20
2012-04-06 01:00:00,1,786.5,941.0,18.13,18.32,0.0,-0.19,15.07,15.2,0.0,-0.13,27,21
2012-04-06 02:00:00,2,776.9,927.0,16.56,16.67,0.0,-0.11,11.13,11.21,0.0,-0.08,28,20
2012-04-06 03:00:00,3,778.6,925.0,16.58,16.69,0.0,-0.11,9.9,9.96,0.0,-0.06,25,21
2012-04-06 04:00:00,4,813.9,962.0,16.58,16.64,0.0,-0.06,12.11,12.18,0.0,-0.07,25,20
2012-04-06 05:00:00,5,896.8,1066.0,19.35,19.49,0.0,-0.14,25.39,25.5,0.0,-0.11,25,22
2012-04-06 06:00:00,6,1033.4,1240.0,20.52,20.49,0.0,0.03,29.4,29.31,0.0,0.09,28,22
2012-04-06 07:00:00,7,1135.4,1339.0,20.16,20.0,0.0,0.16,24.39,24.14,0.0,0.25,29,23
2012-04-06 08:00:00,8,1164.2,1362.0,26.88,26.68,0.0,0.2,22.13,21.98,0.0,0.15,33,25
2012-04-06 09:00:00,9,1190.2,1372.0,26.38,26.23,0.0,0.15,25.64,25.53,-0.04,0.15,40,21
2012-04-06 10:00:00,10,1190.9,1375.0,27.85,27.7,0.0,0.15,27.83,27.7,-0.05,0.18,40,18
2012-04-06 11:00:00,11,1154.0,1358.0,28.56,28.42,0.0,0.14,30.49,30.41,-0.05,0.13,42,18
2012-04-06 12:00:00,12,1131.8,1329.0,27.11,26.97,0.0,0.14,21.03,20.98,-0.02,0.07,42,17
2012-04-06 13:00:00,13,1103.4,1310.0,26.15,26.06,0.0,0.09,19.98,19.92,-0.01,0.07,46,18
2012-04-06 14:00:00,14,1107.8,1276.0,23.15,23.04,0.0,0.11,18.59,18.54,-0.01,0.06,48,17
2012-04-06 15:00:00,15,1095.8,1249.0,22.88,22.77,0.0,0.11,18.04,18.01,-0.01,0.04,50,17
2012-04-06 16:00:00,16,1093.4,1242.0,21.65,21.55,0.0,0.1,18.97,18.97,-0.02,0.02,50,14
2012-04-06 17:00:00,17,1086.8,1254.0,22.27,22.18,0.0,0.09,18.28,18.27,-0.01,0.02,50,14
2012-04-06 18:00:00,18,1114.6,1264.0,22.29,22.29,0.0,0.0,17.61,17.61,0.0,0.0,49,15
2012-04-06 19:00:00,19,1187.2,1317.0,29.0,28.92,0.0,0.08,24.26,24.23,-0.04,0.07,47,16
2012-04-06 20:00:00,20,1171.2,1327.0,27.32,27.29,0.0,0.03,23.52,23.54,-0.02,0.0,43,15
2012-04-06 21:00:00,21,1103.9,1254.0,22.63,22.54,0.0,0.09,19.25,19.22,-0.01,0.04,40,15
2012-04-06 22:00:00,22,989.5,1140.0,21.52,21.49,0.0,0.03,16.09,16.09,0.0,0.0,38,16
2012-04-06 23:00:00,23,868.3,1026.0,19.6,19.52,0.16,-0.08,15.08,15.11,0.0,-0.03,36,17
2012-04-07 00:00:00,0,810.3,946.0,20.02,20.21,0.0,-0.19,19.25,19.34,-0.01,-0.08,36,17
2012-04-07 01:00:00,1,791.0,903.0,17.7,17.85,0.0,-0.15,19.58,19.67,0.0,-0.09,35,16
2012-04-07 02:00:00,2,773.4,883.0,16.69,16.81,0.0,-0.12,18.08,18.17,0.0,-0.09,34,16
2012-04-07 03:00:00,3,762.0,877.0,16.6,16.71,0.0,-0.11,17.97,18.04,0.0,-0.07,31,17
2012-04-07 04:00:00,4,765.9,892.0,16.59,16.67,0.0,-0.08,18.44,18.48,0.0,-0.04,26,19
2012-04-07 05:00:00,5,819.4,938.0,18.46,18.58,0.0,-0.12,25.84,25.84,0.0,0.0,26,18
2012-04-07 06:00:00,6,857.9,1009.0,21.26,21.34,0.0,-0.08,20.56,20.48,0.0,0.08,28,19
2012-04-07 07:00:00,7,945.5,1111.0,24.58,24.48,0.0,0.1,40.81,40.39,0.0,0.42,30,21
2012-04-07 08:00:00,8,978.4,1205.0,29.3,29.17,-0.01,0.14,35.8,35.4,0.0,0.4,36,21
2012-04-07 09:00:00,9,1027.1,1254.0,32.45,32.45,-0.03,0.03,41.85,41.39,0.0,0.46,42,16
2012-04-07 10:00:00,10,1041.3,1269.0,32.85,32.88,-0.02,-0.01,40.91,40.53,0.0,0.38,45,17
2012-04-07 11:00:00,11,1020.1,1255.0,32.66,32.77,-0.03,-0.08,37.8,37.58,0.0,0.22,47,17
2012-04-07 12:00:00,12,985.2,1229.0,31.54,31.62,-0.02,-0.06,31.59,31.42,0.0,0.17,50,19
2012-04-07 13:00:00,13,950.0,1201.0,30.88,30.94,-0.01,-0.05,20.34,20.24,0.0,0.1,50,19
2012-04-07 14:00:00,14,925.1,1179.0,26.63,26.66,0.0,-0.03,21.24,21.13,0.0,0.11,52,19
2012-04-07 15:00:00,15,960.9,1175.0,24.19,24.11,0.0,0.08,26.9,26.75,0.0,0.15,52,20
2012-04-07 16:00:00,16,973.9,1203.0,24.1,24.02,0.0,0.08,32.11,31.91,0.0,0.2,50,20
2012-04-07 17:00:00,17,962.9,1244.0,25.92,25.84,0.0,0.08,32.45,32.18,0.0,0.27,49,21
2012-04-07 18:00:00,18,961.5,1269.0,27.33,27.32,0.0,0.01,34.15,33.93,0.0,0.22,47,21
2012-04-07 19:00:00,19,1062.1,1305.0,34.82,34.9,-0.04,-0.04,36.86,36.58,0.0,0.28,46,21
2012-04-07 20:00:00,20,1023.5,1292.0,34.81,34.95,-0.03,-0.11,36.0,35.77,0.0,0.23,44,22
2012-04-07 21:00:00,21,981.5,1217.0,28.71,28.73,0.0,-0.02,30.69,30.52,0.0,0.17,43,22
2012-04-07 22:00:00,22,891.7,1108.0,23.24,23.29,0.0,-0.05,24.99,24.93,0.0,0.06,42,23
2012-04-07 23:00:00,23,837.1,1001.0,20.62,20.71,0.0,-0.09,17.97,17.97,0.0,0.0,39,28
2012-04-08 00:00:00,0,764.4,921.0,19.41,19.49,0.0,-0.08,17.86,17.88,0.0,-0.02,39,27
2012-04-08 01:00:00,1,712.8,876.0,19.13,19.25,0.0,-0.12,29.59,29.61,0.0,-0.02,41,22
2012-04-08 02:00:00,2,703.9,850.0,17.98,18.04,0.0,-0.06,20.0,19.99,0.0,0.01,40,23
2012-04-08 03:00:00,3,703.1,840.0,17.63,17.71,0.0,-0.08,16.92,16.92,0.0,0.0,39,24
2012-04-08 04:00:00,4,706.1,849.0,17.49,17.54,0.0,-0.05,16.88,16.88,0.0,0.0,39,25
2012-04-08 05:00:00,5,744.8,881.0,17.91,17.93,0.0,-0.02,18.3,18.3,0.0,0.0,38,25
2012-04-08 06:00:00,6,796.2,935.0,19.22,19.25,0.0,-0.03,22.62,22.57,0.0,0.05,38,26
2012-04-08 07:00:00,7,869.4,1032.0,19.42,19.46,0.0,-0.04,20.26,20.19,0.0,0.07,38,26
2012-04-08 08:00:00,8,931.6,1138.0,20.89,20.82,0.0,0.07,22.36,22.19,0.0,0.17,39,26
2012-04-08 09:00:00,9,976.2,1200.0,23.46,23.35,0.0,0.11,20.98,20.76,0.0,0.22,44,25
2012-04-08 10:00:00,10,992.8,1222.0,25.34,25.2,0.0,0.14,27.02,26.72,0.0,0.3,46,22
2012-04-08 11:00:00,11,1011.7,1224.0,22.26,22.12,0.0,0.14,29.04,28.71,0.0,0.33,44,20
2012-04-08 12:00:00,12,998.5,1212.0,19.53,19.42,0.0,0.11,20.74,20.56,0.0,0.18,45,21
2012-04-08 13:00:00,13,985.3,1173.0,19.28,19.18,0.0,0.1,17.31,17.21,0.0,0.1,46,23
2012-04-08 14:00:00,14,966.3,1133.0,18.41,18.31,0.0,0.1,17.0,16.9,0.0,0.1,46,25
2012-04-08 15:00:00,15,974.8,1115.0,18.61,18.53,0.0,0.08,17.05,16.93,0.0,0.12,46,24
2012-04-08 16:00:00,16,999.3,1114.0,19.28,19.17,0.0,0.11,16.86,16.73,0.0,0.13,46,23
2012-04-08 17:00:00,17,1039.0,1128.0,19.4,19.23,0.0,0.17,16.43,16.25,0.0,0.18,47,23
2012-04-08 18:00:00,18,1077.0,1165.0,19.58,19.38,0.0,0.2,16.03,15.88,0.0,0.15,48,24
2012-04-08 19:00:00,19,1104.0,1243.0,30.14,29.88,0.0,0.26,24.22,23.95,0.0,0.27,47,24
2012-04-08 20:00:00,20,1037.7,1258.0,35.99,35.91,0.0,0.08,29.9,29.65,0.0,0.25,45,26
2012-04-08 21:00:00,21,1008.4,1169.0,24.31,24.23,0.0,0.08,20.5,20.36,0.0,0.14,44,27
2012-04-08 22:00:00,22,869.6,1048.0,22.63,22.75,0.0,-0.12,15.79,15.73,0.0,0.06,44,26
2012-04-08 23:00:00,23,820.4,959.0,19.66,19.79,0.0,-0.13,17.02,16.97,0.0,0.05,43,27
2012-04-09 00:00:00,0,773.0,899.0,19.08,19.16,0.0,-0.08,17.1,17.1,0.0,0.0,42,26
2012-04-09 01:00:00,1,737.4,874.0,18.39,18.47,0.0,-0.08,18.47,18.46,0.0,0.01,41,25
2012-04-09 02:00:00,2,723.5,865.0,17.64,17.7,0.0,-0.06,18.43,18.4,0.0,0.03,39,26
2012-04-09 03:00:00,3,730.0,872.0,16.91,16.95,0.0,-0.04,16.86,16.82,0.0,0.04,36,26
2012-04-09 04:00:00,4,769.4,918.0,18.45,18.48,0.0,-0.03,18.66,18.61,0.0,0.05,35,26
2012-04-09 05:00:00,5,847.2,1039.0,22.82,22.76,0.0,0.06,21.76,21.58,0.0,0.18,32,27
2012-04-09 06:00:00,6,1013.8,1225.0,31.21,30.82,0.0,0.39,33.37,32.89,0.0,0.48,37,30
2012-04-09 07:00:00,7,1124.5,1331.0,33.88,33.41,-0.01,0.48,34.54,33.98,0.0,0.56,38,31
2012-04-09 08:00:00,8,1157.9,1363.0,35.5,35.02,0.0,0.48,34.48,33.92,0.0,0.56,45,33
2012-04-09 09:00:00,9,1181.4,1385.0,36.42,35.96,0.0,0.46,36.78,36.23,0.0,0.55,46,31
2012-04-09 10:00:00,10,1194.9,1409.0,35.01,34.58,0.0,0.43,35.99,35.57,0.0,0.42,46,32
2012-04-09 11:00:00,11,1197.3,1409.0,35.5,35.15,0.0,0.35,44.33,43.92,0.0,0.41,46,33
2012-04-09 12:00:00,12,1180.4,1391.0,34.32,33.94,0.0,0.38,39.89,39.46,0.0,0.43,47,32
2012-04-09 13:00:00,13,1173.5,1383.0,31.55,31.17,0.0,0.38,34.69,34.31,0.0,0.38,50,31
2012-04-09 14:00:00,14,1142.5,1352.0,30.41,30.11,0.0,0.3,30.6,30.28,0.0,0.32,51,30
2012-04-09 15:00:00,15,1135.6,1338.0,29.04,28.71,0.0,0.33,27.07,26.79,0.0,0.28,49,29
2012-04-09 16:00:00,16,1140.2,1344.0,30.51,30.14,0.0,0.37,31.4,31.07,0.0,0.33,48,31
2012-04-09 17:00:00,17,1158.5,1365.0,33.11,32.74,0.0,0.37,42.67,42.26,0.0,0.41,49,31
2012-04-09 18:00:00,18,1194.2,1388.0,30.89,30.54,0.0,0.35,24.87,24.62,0.0,0.25,46,31
2012-04-09 19:00:00,19,1208.4,1445.0,40.84,40.51,0.0,0.33,30.21,29.87,0.0,0.34,45,32
2012-04-09 20:00:00,20,1196.4,1433.0,38.46,38.06,0.0,0.4,26.69,26.4,0.0,0.29,43,34
2012-04-09 21:00:00,21,1115.3,1312.0,27.69,27.48,0.0,0.21,32.37,32.13,0.05,0.19,43,33
2012-04-09 22:00:00,22,974.0,1157.0,23.93,23.83,0.0,0.1,17.64,17.55,0.0,0.09,43,32
2012-04-09 23:00:00,23,829.1,1029.0,22.89,22.97,0.0,-0.08,16.97,16.93,0.0,0.04,44,30
2012-04-10 00:00:00,0,861.2,956.0,19.33,19.26,0.0,0.07,19.86,19.81,0.0,0.05,45,28
2012-04-10 01:00:00,1,821.3,917.0,18.89,18.81,0.0,0.08,17.47,17.43,0.0,0.04,44,27
2012-04-10 02:00:00,2,803.7,899.0,18.29,18.23,0.0,0.06,18.65,18.6,0.0,0.05,41,26
2012-04-10 03:00:00,3,803.6,899.0,18.31,18.24,0.0,0.07,18.73,18.67,0.0,0.06,43,27
2012-04-10 04:00:00,4,826.6,941.0,18.86,18.75,0.0,0.11,17.41,17.3,0.0,0.11,36,27
2012-04-10 05:00:00,5,942.6,1060.0,20.06,19.85,0.0,0.21,18.1,17.87,0.0,0.23,37,27
2012-04-10 06:00:00,6,1099.9,1246.0,28.99,29.16,-0.8,0.63,33.04,32.39,0.0,0.65,43,28
2012-04-10 07:00:00,7,1208.4,1344.0,31.88,31.72,-0.56,0.72,55.1,54.12,0.0,0.98,44,28
2012-04-10 08:00:00,8,1234.7,1354.0,33.85,33.36,-0.34,0.83,55.27,54.22,0.0,1.05,45,29
2012-04-10 09:00:00,9,1240.0,1360.0,35.46,34.79,-0.02,0.69,35.96,35.31,0.0,0.65,46,29
2012-04-10 10:00:00,10,1248.6,1372.0,34.95,34.23,-0.02,0.74,33.35,32.79,0.0,0.56,47,28
2012-04-10 11:00:00,11,1242.1,1370.0,33.66,32.97,-0.03,0.72,26.88,26.41,0.0,0.47,50,28
2012-04-10 12:00:00,12,1213.3,1351.0,33.84,33.13,0.0,0.71,35.12,34.5,0.0,0.62,52,28
2012-04-10 13:00:00,13,1225.3,1348.0,29.55,28.88,0.0,0.67,34.05,33.46,0.0,0.59,54,29
2012-04-10 14:00:00,14,1196.3,1327.0,28.4,27.83,0.0,0.57,24.89,24.48,0.0,0.41,53,29
2012-04-10 15:00:00,15,1214.5,1310.0,27.14,26.58,0.0,0.56,21.04,20.77,-0.06,0.33,55,29
2012-04-10 16:00:00,16,1207.7,1312.0,28.44,27.87,0.0,0.57,34.79,34.61,-0.32,0.5,54,29
2012-04-10 17:00:00,17,1188.5,1331.0,30.87,30.28,0.0,0.59,29.04,28.78,-0.18,0.44,53,28
2012-04-10 18:00:00,18,1244.4,1347.0,28.65,28.13,0.0,0.52,18.76,18.52,-0.04,0.28,52,27
2012-04-10 19:00:00,19,1240.2,1407.0,36.41,35.82,0.0,0.59,34.79,34.59,-0.34,0.54,50,27
2012-04-10 20:00:00,20,1211.7,1407.0,37.72,37.17,0.0,0.55,43.21,42.87,-0.24,0.58,47,28
2012-04-10 21:00:00,21,1137.9,1294.0,28.43,27.94,0.0,0.49,30.92,30.8,-0.28,0.4,43,28
2012-04-10 22:00:00,22,1018.8,1143.0,23.3,23.03,0.0,0.27,18.63,18.54,-0.04,0.13,37,28
2012-04-10 23:00:00,23,886.7,1019.0,20.88,20.8,0.0,0.08,17.5,17.4,-0.02,0.12,34,27
2012-04-11 00:00:00,0,873.0,946.0,19.47,19.36,0.0,0.11,17.59,17.51,0.0,0.08,32,28
2012-04-11 01:00:00,1,836.6,908.0,17.69,17.58,0.0,0.11,16.84,16.76,0.0,0.08,31,27
2012-04-11 02:00:00,2,819.7,895.0,17.31,17.21,0.0,0.1,16.58,16.49,0.0,0.09,31,28
2012-04-11 03:00:00,3,811.2,899.0,17.29,17.21,0.0,0.08,17.35,17.26,0.0,0.09,30,28
2012-04-11 04:00:00,4,839.2,938.0,17.94,17.8,0.0,0.14,17.54,17.41,0.0,0.13,29,26
2012-04-11 05:00:00,5,942.3,1058.0,22.8,22.51,0.0,0.29,21.22,20.95,0.0,0.27,27,26
2012-04-11 06:00:00,6,1084.8,1246.0,34.31,35.12,-1.4,0.59,26.59,26.2,-0.1,0.49,27,25
2012-04-11 07:00:00,7,1210.9,1347.0,39.1,43.45,-5.19,0.84,42.91,42.46,-0.42,0.87,29,27
2012-04-11 08:00:00,8,1257.8,1361.0,40.23,39.52,-0.16,0.87,40.39,40.06,-0.38,0.71,35,31
2012-04-11 09:00:00,9,1273.1,1360.0,40.73,39.92,0.0,0.81,45.4,44.77,-0.04,0.67,42,30
2012-04-11 10:00:00,10,1280.8,1364.0,40.03,39.25,0.0,0.78,51.77,51.0,0.0,0.77,46,30
2012-04-11 11:00:00,11,1263.5,1360.0,38.51,37.8,0.0,0.71,47.79,47.15,0.0,0.64,50,30
2012-04-11 12:00:00,12,1238.7,1346.0,38.79,38.05,0.0,0.74,63.35,62.54,0.0,0.81,53,27
2012-04-11 13:00:00,13,1230.2,1342.0,34.85,34.19,0.0,0.66,36.74,36.21,0.0,0.53,54,26
2012-04-11 14:00:00,14,1209.8,1323.0,32.53,31.97,0.0,0.56,28.38,28.0,0.0,0.38,53,25
2012-04-11 15:00:00,15,1211.6,1310.0,31.02,30.47,0.0,0.55,25.72,25.36,0.0,0.36,55,25
2012-04-11 16:00:00,16,1200.7,1312.0,32.48,31.92,0.0,0.56,27.83,27.45,0.0,0.38,54,28
2012-04-11 17:00:00,17,1205.1,1333.0,35.28,34.68,0.0,0.6,31.03,30.61,0.0,0.42,51,31
2012-04-11 18:00:00,18,1207.0,1357.0,32.7,32.24,0.0,0.46,34.72,34.28,0.0,0.44,47,35
2012-04-11 19:00:00,19,1269.7,1412.0,41.7,41.16,0.0,0.54,50.5,49.88,0.0,0.62,46,38
2012-04-11 20:00:00,20,1271.2,1400.0,42.74,42.28,-0.04,0.5,26.17,26.0,-0.09,0.26,46,37
2012-04-11 21:00:00,21,1151.6,1289.0,29.89,29.61,-0.05,0.33,25.11,25.04,-0.14,0.21,44,40
2012-04-11 22:00:00,22,974.3,1143.0,23.81,23.74,0.0,0.07,19.98,19.92,-0.05,0.11,43,38
2012-04-11 23:00:00,23,840.0,1019.0,20.57,20.67,0.0,-0.1,18.9,18.9,-0.02,0.02,44,38
2012-04-12 00:00:00,0,851.6,942.0,19.25,19.27,0.0,-0.02,20.61,20.62,0.0,-0.01,42,38
2012-04-12 01:00:00,1,804.4,904.0,17.92,17.94,0.0,-0.02,17.83,17.86,0.0,-0.03,42,38
2012-04-12 02:00:00,2,784.9,886.0,17.1,17.15,0.0,-0.05,19.46,19.51,0.0,-0.05,42,39
2012-04-12 03:00:00,3,777.7,888.0,17.11,17.17,0.0,-0.06,19.4,19.45,0.0,-0.05,41,38
2012-04-12 04:00:00,4,809.6,925.0,17.2,17.22,0.0,-0.02,19.49,19.48,0.0,0.01,40,38
2012-04-12 05:00:00,5,953.8,1046.0,19.55,19.49,0.0,0.06,18.18,18.08,0.0,0.1,36,35
2012-04-12 06:00:00,6,1157.3,1233.0,23.78,23.49,0.0,0.29,21.64,21.39,-0.02,0.27,39,36
2012-04-12 07:00:00,7,1261.6,1325.0,34.57,33.98,-0.02,0.61,25.92,25.54,-0.06,0.44,40,35
2012-04-12 08:00:00,8,1287.2,1339.0,35.49,34.88,-0.04,0.65,25.26,24.82,-0.05,0.49,42,35
2012-04-12 09:00:00,9,1324.6,1350.0,32.47,31.9,0.0,0.57,23.37,23.04,-0.03,0.36,44,35
2012-04-12 10:00:00,10,1288.1,1363.0,32.1,31.51,0.0,0.59,22.13,21.82,-0.01,0.32,51,36
2012-04-12 11:00:00,11,1264.8,1366.0,31.49,30.94,0.0,0.55,24.12,23.83,-0.05,0.34,55,33
2012-04-12 12:00:00,12,1222.0,1352.0,25.92,25.5,-0.02,0.44,27.07,26.78,-0.09,0.38,47,37
2012-04-12 13:00:00,13,1208.6,1347.0,23.95,23.57,-0.02,0.4,34.43,34.03,-0.2,0.6,51,36
2012-04-12 14:00:00,14,1183.2,1325.0,22.52,22.16,0.0,0.36,34.05,33.79,-0.2,0.46,54,34
2012-04-12 15:00:00,15,1171.2,1320.0,22.53,22.16,0.0,0.37,33.3,32.88,-0.19,0.61,46,36
2012-04-12 16:00:00,16,1165.3,1325.0,22.36,22.0,0.0,0.36,22.34,22.03,-0.01,0.32,48,38
2012-04-12 17:00:00,17,1180.6,1341.0,21.37,21.02,0.0,0.35,22.32,21.98,0.0,0.34,49,37
2012-04-12 18:00:00,18,1175.5,1355.0,21.18,20.9,0.0,0.28,22.66,22.38,0.0,0.28,51,35
2012-04-12 19:00:00,19,1252.9,1411.0,33.26,32.81,-0.08,0.53,27.0,26.65,-0.04,0.39,48,36
2012-04-12 20:00:00,20,1238.2,1405.0,36.48,36.1,-0.06,0.44,24.35,24.03,0.0,0.32,43,38
2012-04-12 21:00:00,21,1119.8,1298.0,25.62,25.34,0.0,0.28,25.82,25.59,-0.02,0.25,41,39
2012-04-12 22:00:00,22,954.9,1157.0,22.08,22.08,0.0,0.0,18.74,18.66,0.0,0.08,39,38
2012-04-12 23:00:00,23,862.0,1034.0,20.01,20.12,0.0,-0.11,18.16,18.14,0.0,0.02,39,37
2012-04-13 00:00:00,0,808.4,955.0,17.12,17.16,0.0,-0.04,18.8,18.74,0.0,0.06,35,34
2012-04-13 01:00:00,1,753.3,920.0,16.89,16.94,0.0,-0.05,25.05,24.96,0.0,0.09,32,32
2012-04-13 02:00:00,2,737.9,902.0,16.18,16.23,0.0,-0.05,20.61,20.53,0.0,0.08,30,29
2012-04-13 03:00:00,3,733.1,907.0,16.19,16.23,0.0,-0.04,19.2,19.14,0.0,0.06,29,28
2012-04-13 04:00:00,4,769.6,944.0,16.91,16.94,0.0,-0.03,18.64,18.53,0.0,0.11,29,28
2012-04-13 05:00:00,5,888.3,1061.0,17.26,17.22,0.0,0.04,19.06,18.87,0.0,0.19,28,26
2012-04-13 06:00:00,6,1077.5,1235.0,23.28,22.96,0.0,0.32,31.87,31.41,-0.09,0.55,27,26
2012-04-13 07:00:00,7,1117.9,1331.0,25.73,25.62,-0.24,0.35,41.32,40.71,-0.15,0.76,28,27
2012-04-13 08:00:00,8,1119.2,1345.0,34.17,33.82,0.0,0.35,35.62,35.05,0.0,0.57,33,33
2012-04-13 09:00:00,9,1148.9,1348.0,30.25,29.91,0.0,0.34,36.54,36.05,0.0,0.49,41,36
2012-04-13 10:00:00,10,1157.1,1350.0,30.6,30.32,0.0,0.28,34.69,34.32,0.0,0.37,48,34
2012-04-13 11:00:00,11,1152.1,1343.0,31.23,30.96,-0.01,0.28,22.37,22.14,0.0,0.23,54,32
2012-04-13 12:00:00,12,1161.2,1322.0,28.88,28.57,0.0,0.31,28.06,27.76,0.0,0.3,56,25
2012-04-13 13:00:00,13,1138.4,1308.0,27.95,27.62,0.0,0.33,28.34,28.04,0.0,0.3,58,25
2012-04-13 14:00:00,14,1147.0,1285.0,22.29,22.03,0.0,0.26,31.78,31.5,0.0,0.28,61,21
2012-04-13 15:00:00,15,1097.7,1261.0,24.43,24.21,0.0,0.22,30.01,29.77,0.0,0.24,63,18
2012-04-13 16:00:00,16,1103.5,1252.0,21.05,20.86,0.0,0.19,25.26,25.06,0.0,0.2,63,17
2012-04-13 17:00:00,17,1115.5,1247.0,21.25,21.06,0.0,0.19,20.8,20.66,0.0,0.14,63,17
2012-04-13 18:00:00,18,1123.6,1246.0,20.99,20.83,0.0,0.16,19.01,18.89,0.0,0.12,62,15
2012-04-13 19:00:00,19,1168.8,1291.0,30.32,30.09,0.0,0.23,25.21,25.01,0.0,0.2,60,16
2012-04-13 20:00:00,20,1175.1,1307.0,29.16,28.96,0.0,0.2,21.12,20.95,0.0,0.17,54,19
2012-04-13 21:00:00,21,1082.3,1231.0,21.79,21.64,0.0,0.15,30.93,30.76,0.0,0.17,47,21
2012-04-13 22:00:00,22,927.2,1114.0,20.99,21.04,0.0,-0.05,25.17,25.18,0.0,-0.01,43,22
2012-04-13 23:00:00,23,857.5,996.0,18.02,18.08,0.0,-0.06,18.25,18.34,0.0,-0.09,39,26
2012-04-14 00:00:00,0,823.1,914.0,22.55,22.8,0.0,-0.25,21.83,21.98,0.0,-0.15,38,26
2012-04-14 01:00:00,1,796.5,872.0,19.88,20.06,0.0,-0.18,23.01,23.16,0.0,-0.15,34,26
2012-04-14 02:00:00,2,775.8,851.0,18.66,18.85,0.0,-0.19,15.74,15.84,0.0,-0.1,34,27
2012-04-14 03:00:00,3,744.8,843.0,18.5,18.72,0.0,-0.22,15.7,15.79,0.0,-0.09,31,26
2012-04-14 04:00:00,4,734.7,863.0,18.3,18.44,0.0,-0.14,16.89,16.99,0.0,-0.1,31,26
2012-04-14 05:00:00,5,770.0,911.0,18.72,18.85,0.0,-0.13,34.61,34.7,0.0,-0.09,29,25
2012-04-14 06:00:00,6,823.5,982.0,19.17,19.29,0.0,-0.12,20.07,20.05,0.0,0.02,27,26
2012-04-14 07:00:00,7,932.9,1084.0,19.67,19.71,0.0,-0.04,19.14,19.06,0.0,0.08,29,25
2012-04-14 08:00:00,8,1015.5,1171.0,29.98,29.95,0.0,0.03,32.15,31.9,0.0,0.25,39,30
2012-04-14 09:00:00,9,1072.1,1216.0,33.96,33.89,0.0,0.07,27.68,27.49,0.0,0.19,48,28
2012-04-14 10:00:00,10,1065.3,1226.0,35.06,35.02,0.0,0.04,22.41,22.29,0.0,0.12,55,27
2012-04-14 11:00:00,11,1068.7,1212.0,34.7,34.67,0.0,0.03,25.02,24.9,0.0,0.12,61,25
2012-04-14 12:00:00,12,1059.8,1188.0,29.16,29.03,0.0,0.13,25.95,25.84,0.0,0.11,63,22
2012-04-14 13:00:00,13,1077.3,1161.0,20.09,19.96,0.0,0.13,17.77,17.67,0.0,0.1,66,19
2012-04-14 14:00:00,14,1051.2,1142.0,20.06,19.95,0.0,0.11,18.23,18.11,0.0,0.12,67,19
2012-04-14 15:00:00,15,1047.0,1134.0,20.15,20.04,0.0,0.11,18.21,18.1,0.0,0.11,69,17
2012-04-14 16:00:00,16,1054.4,1148.0,22.87,22.75,0.0,0.12,18.68,18.56,0.0,0.12,67,15
2012-04-14 17:00:00,17,1082.7,1167.0,19.87,19.74,0.0,0.13,19.43,19.3,0.0,0.13,67,13
2012-04-14 18:00:00,18,1039.5,1169.0,18.85,18.8,0.0,0.05,18.15,18.04,0.0,0.11,68,16
2012-04-14 19:00:00,19,1035.0,1209.0,32.86,32.88,0.0,-0.02,28.43,28.28,0.0,0.15,65,17
2012-04-14 20:00:00,20,1041.1,1227.0,36.37,36.42,0.0,-0.05,23.58,23.46,0.0,0.12,61,20
2012-04-14 21:00:00,21,1013.8,1151.0,21.67,21.61,0.0,0.06,28.3,28.17,0.0,0.13,51,26
2012-04-14 22:00:00,22,869.5,1042.0,18.96,19.03,0.0,-0.07,17.31,17.26,0.0,0.05,50,25
2012-04-14 23:00:00,23,768.1,942.0,18.01,18.13,0.0,-0.12,16.25,16.25,0.0,0.0,49,30
2012-04-15 00:00:00,0,816.8,869.0,17.88,17.92,0.0,-0.04,16.69,16.7,0.0,-0.01,49,32
2012-04-15 01:00:00,1,753.8,824.0,15.48,15.53,0.0,-0.05,15.43,15.45,0.0,-0.02,50,31
2012-04-15 02:00:00,2,732.5,801.0,12.95,12.99,0.0,-0.04,14.37,14.38,0.0,-0.01,48,35
2012-04-15 03:00:00,3,714.4,791.0,9.96,9.98,0.0,-0.02,13.9,13.89,0.0,0.01,46,34
2012-04-15 04:00:00,4,718.9,796.0,9.98,9.98,0.0,0.0,14.4,14.39,0.0,0.01,46,33
2012-04-15 05:00:00,5,742.6,825.0,13.75,13.77,0.0,-0.02,15.7,15.69,0.0,0.01,43,32
2012-04-15 06:00:00,6,776.5,862.0,15.47,15.46,0.0,0.01,17.18,17.16,0.0,0.02,40,32
2012-04-15 07:00:00,7,856.8,953.0,16.86,16.86,0.0,0.0,19.26,19.16,0.0,0.1,41,35
2012-04-15 08:00:00,8,969.1,1059.0,18.17,18.14,0.0,0.03,15.25,15.12,0.0,0.13,51,35
2012-04-15 09:00:00,9,1050.7,1134.0,19.76,19.64,0.0,0.12,14.65,14.5,0.0,0.15,60,36
2012-04-15 10:00:00,10,1074.9,1167.0,24.0,23.86,0.0,0.14,18.31,18.17,0.0,0.14,65,39
2012-04-15 11:00:00,11,1054.5,1174.0,30.42,30.31,0.0,0.11,20.59,20.45,0.0,0.14,68,42
2012-04-15 12:00:00,12,1039.9,1174.0,32.18,32.09,0.0,0.09,18.95,18.83,0.0,0.12,71,43
2012-04-15 13:00:00,13,1015.7,1164.0,33.48,33.43,0.0,0.05,19.1,18.98,0.0,0.12,74,44
2012-04-15 14:00:00,14,1000.1,1154.0,30.57,30.51,0.0,0.06,18.98,18.9,0.0,0.08,76,45
2012-04-15 15:00:00,15,981.8,1160.0,29.24,29.18,0.0,0.06,18.09,18.03,0.0,0.06,78,47
2012-04-15 16:00:00,16,1004.4,1184.0,32.1,32.09,0.0,0.01,26.5,26.39,0.0,0.11,76,48
2012-04-15 17:00:00,17,1000.9,1219.0,33.63,33.67,0.0,-0.04,26.73,26.6,0.0,0.13,76,49
2012-04-15 18:00:00,18,1020.6,1238.0,29.89,29.93,0.0,-0.04,22.56,22.46,0.0,0.1,75,49
2012-04-15 19:00:00,19,1042.3,1290.0,37.04,37.14,0.0,-0.1,32.37,32.19,0.0,0.18,73,49
2012-04-15 20:00:00,20,1007.8,1304.0,41.57,41.86,0.0,-0.29,40.29,40.12,0.0,0.17,71,50
2012-04-15 21:00:00,21,961.4,1202.0,30.09,30.2,0.0,-0.11,32.09,32.0,0.0,0.09,69,50
2012-04-15 22:00:00,22,874.5,1068.0,21.41,21.46,0.0,-0.05,22.85,22.82,0.0,0.03,68,51
2012-04-15 23:00:00,23,801.4,964.0,18.34,18.42,0.0,-0.08,17.88,17.89,0.0,-0.01,67,51
2012-04-16 00:00:00,0,851.4,895.0,16.95,16.99,0.0,-0.04,17.84,17.86,0.0,-0.02,65,52
2012-04-16 01:00:00,1,757.8,862.0,16.25,16.31,0.0,-0.06,17.21,17.24,0.0,-0.03,60,52
2012-04-16 02:00:00,2,739.0,839.0,15.1,15.14,0.0,-0.04,15.81,15.84,0.0,-0.03,58,52
2012-04-16 03:00:00,3,712.6,844.0,14.22,14.27,0.0,-0.05,15.65,15.67,0.0,-0.02,60,54
2012-04-16 04:00:00,4,748.0,877.0,15.98,16.03,0.0,-0.05,14.76,14.79,0.0,-0.03,62,54
2012-04-16 05:00:00,5,840.6,983.0,17.18,17.22,0.0,-0.04,13.09,13.1,0.0,-0.01,59,54
2012-04-16 06:00:00,6,1007.1,1150.0,19.68,19.73,0.0,-0.05,7.96,7.98,0.0,-0.02,55,52
2012-04-16 07:00:00,7,1155.4,1275.0,26.88,26.96,0.0,-0.08,11.07,11.07,0.0,0.0,58,54
2012-04-16 08:00:00,8,1180.5,1351.0,32.23,32.7,-0.3,-0.17,20.38,20.36,0.0,0.02,63,57
2012-04-16 09:00:00,9,1216.1,1411.0,33.19,33.77,-0.42,-0.16,43.1,43.04,0.0,0.06,68,58
2012-04-16 10:00:00,10,1256.5,1459.0,36.47,37.03,-0.42,-0.14,89.65,89.81,0.0,-0.16,72,57
2012-04-16 11:00:00,11,1265.9,1501.0,40.6,41.43,-0.65,-0.18,55.03,55.09,0.0,-0.06,76,57
2012-04-16 12:00:00,12,1268.6,1524.0,41.69,42.97,-1.04,-0.24,40.88,41.01,0.0,-0.13,81,56
2012-04-16 13:00:00,13,1270.1,1550.0,45.06,46.63,-1.32,-0.25,30.56,30.69,0.0,-0.13,85,54
2012-04-16 14:00:00,14,1273.3,1550.0,46.37,50.2,-3.48,-0.35,40.54,40.79,0.01,-0.26,88,49
2012-04-16 15:00:00,15,1265.3,1548.0,59.1,64.93,-5.16,-0.67,41.85,42.11,0.02,-0.28,89,49
2012-04-16 16:00:00,16,1250.1,1545.0,58.26,61.37,-2.45,-0.66,42.77,42.96,0.04,-0.23,88,46
2012-04-16 17:00:00,17,1254.8,1542.0,54.44,55.97,-1.08,-0.45,34.13,34.68,-0.4,-0.15,86,47
2012-04-16 18:00:00,18,1265.6,1526.0,42.32,44.54,-1.93,-0.29,27.61,27.79,0.0,-0.18,86,47
2012-04-16 19:00:00,19,1341.0,1540.0,45.75,47.74,-1.78,-0.21,31.66,31.73,0.06,-0.13,84,46
2012-04-16 20:00:00,20,1292.0,1556.0,43.57,46.31,-2.39,-0.35,32.44,32.47,0.07,-0.1,81,47
2012-04-16 21:00:00,21,1170.0,1429.0,34.93,36.21,-1.01,-0.27,16.95,17.05,0.0,-0.1,76,46
2012-04-16 22:00:00,22,1064.0,1254.0,25.28,25.47,0.0,-0.19,14.35,14.43,0.0,-0.08,73,48
2012-04-16 23:00:00,23,909.1,1109.0,18.99,19.08,0.0,-0.09,13.22,13.29,0.0,-0.07,72,49
2012-04-17 00:00:00,0,933.7,1014.0,27.4,27.56,0.0,-0.16,14.27,14.33,0.0,-0.06,69,50
2012-04-17 01:00:00,1,892.4,959.0,22.78,22.91,0.0,-0.13,12.87,12.93,0.0,-0.06,65,52
2012-04-17 02:00:00,2,876.0,927.0,18.58,18.67,0.0,-0.09,7.13,7.16,0.0,-0.03,65,53
2012-04-17 03:00:00,3,839.2,916.0,17.97,18.04,0.0,-0.07,12.83,12.86,0.0,-0.03,63,53
2012-04-17 04:00:00,4,863.0,944.0,18.64,18.69,0.0,-0.05,13.46,13.48,0.0,-0.02,58,52
2012-04-17 05:00:00,5,946.0,1041.0,22.16,22.18,0.0,-0.02,16.62,16.6,0.0,0.02,62,53
2012-04-17 06:00:00,6,1097.1,1197.0,23.36,23.32,0.0,0.04,11.37,11.36,0.0,0.01,60,53
2012-04-17 07:00:00,7,1231.5,1324.0,26.05,26.84,-0.8,0.01,15.67,15.64,0.0,0.03,65,52
2012-04-17 08:00:00,8,1254.2,1385.0,28.8,30.36,-1.53,-0.03,20.26,20.24,0.0,0.02,70,47
2012-04-17 09:00:00,9,1268.8,1422.0,33.22,33.96,-0.64,-0.1,30.85,30.85,0.0,0.0,70,44
2012-04-17 10:00:00,10,1293.3,1456.0,34.54,35.35,-0.72,-0.09,39.23,39.25,0.0,-0.02,71,40
2012-04-17 11:00:00,11,1291.5,1471.0,33.74,33.75,0.0,-0.01,37.33,37.36,-0.05,0.02,74,38
2012-04-17 12:00:00,12,1282.5,1474.0,33.08,34.0,-0.95,0.03,23.86,25.17,-1.35,0.04,75,33
2012-04-17 13:00:00,13,1273.8,1487.0,35.16,35.15,0.0,0.01,31.84,32.83,-1.01,0.02,77,22
2012-04-17 14:00:00,14,1258.1,1483.0,35.85,36.74,-0.9,0.01,37.39,38.41,-1.02,0.0,79,22
2012-04-17 15:00:00,15,1248.2,1483.0,36.95,37.82,-0.84,-0.03,22.29,24.04,-1.75,0.0,80,25
2012-04-17 16:00:00,16,1241.1,1475.0,34.78,34.76,0.0,0.02,26.52,28.02,-1.49,-0.01,77,23
2012-04-17 17:00:00,17,1230.2,1462.0,33.17,33.22,0.0,-0.05,30.51,31.55,-0.99,-0.05,75,25
2012-04-17 18:00:00,18,1220.2,1436.0,25.74,25.85,-0.09,-0.02,26.4,26.83,-0.41,-0.02,74,21
2012-04-17 19:00:00,19,1311.3,1445.0,33.98,34.1,-0.13,0.01,32.78,34.31,-1.5,-0.03,69,23
2012-04-17 20:00:00,20,1269.3,1456.0,33.92,34.01,0.0,-0.09,26.41,32.05,-5.61,-0.03,66,26
2012-04-17 21:00:00,21,1161.9,1332.0,24.73,24.81,0.0,-0.08,23.33,23.41,0.0,-0.08,65,27
2012-04-17 22:00:00,22,1045.9,1164.0,17.24,17.29,0.0,-0.05,14.92,14.99,0.0,-0.07,62,26
2012-04-17 23:00:00,23,864.3,1027.0,19.64,19.7,0.0,-0.06,14.25,14.3,0.0,-0.05,59,24
2012-04-18 00:00:00,0,866.2,934.0,20.23,20.18,0.0,0.05,15.46,15.48,0.0,-0.02,55,25
2012-04-18 01:00:00,1,824.5,885.0,17.84,17.82,0.0,0.02,15.01,15.03,0.0,-0.02,53,27
2012-04-18 02:00:00,2,780.9,860.0,15.22,15.17,0.0,0.05,1.12,1.12,0.0,0.0,50,30
2012-04-18 03:00:00,3,807.7,855.0,14.62,14.55,0.0,0.07,0.0,0.0,0.0,0.0,48,30
2012-04-18 04:00:00,4,780.5,882.0,16.13,16.08,0.0,0.05,10.99,10.99,0.0,0.0,46,29
2012-04-18 05:00:00,5,922.2,983.0,19.58,19.5,0.0,0.08,14.89,14.86,0.0,0.03,44,27
2012-04-18 06:00:00,6,1117.7,1140.0,21.55,21.4,0.0,0.15,10.57,10.53,0.0,0.04,42,26
2012-04-18 07:00:00,7,1231.5,1247.0,24.08,23.85,0.0,0.23,19.19,19.04,0.0,0.15,43,26
2012-04-18 08:00:00,8,1238.1,1286.0,31.04,30.85,0.0,0.19,20.65,20.51,0.0,0.14,45,25
2012-04-18 09:00:00,9,1272.6,1307.0,31.18,31.03,0.0,0.15,25.57,25.42,0.0,0.15,48,25
2012-04-18 10:00:00,10,1278.4,1326.0,31.44,31.28,0.0,0.16,31.81,31.65,0.0,0.16,49,25
2012-04-18 11:00:00,11,1280.4,1334.0,30.33,30.15,0.0,0.18,30.34,30.17,0.0,0.17,52,26
2012-04-18 12:00:00,12,1250.3,1325.0,31.44,31.31,0.0,0.13,31.92,31.75,0.0,0.17,53,26
2012-04-18 13:00:00,13,1186.0,1328.0,31.45,31.38,0.0,0.07,31.87,31.69,0.0,0.18,58,27
2012-04-18 14:00:00,14,1155.2,1312.0,31.9,31.81,0.0,0.09,31.17,30.97,0.0,0.2,57,26
2012-04-18 15:00:00,15,1135.5,1296.0,32.98,32.9,0.0,0.08,30.84,30.69,0.0,0.15,60,27
2012-04-18 16:00:00,16,1130.3,1297.0,31.26,31.21,0.0,0.05,31.47,31.36,0.0,0.11,59,27
2012-04-18 17:00:00,17,1140.4,1310.0,29.84,29.86,0.0,-0.02,29.68,29.59,0.0,0.09,60,27
2012-04-18 18:00:00,18,851.4,1320.0,24.84,25.05,0.0,-0.21,31.25,31.13,0.0,0.12,59,28
2012-04-18 19:00:00,19,903.1,1356.0,31.52,31.81,0.0,-0.29,32.71,32.57,0.0,0.14,58,28
2012-04-18 20:00:00,20,890.5,1365.0,34.68,35.13,0.0,-0.45,31.89,31.79,0.0,0.1,53,32
2012-04-18 21:00:00,21,799.7,1257.0,25.01,25.2,0.0,-0.19,32.27,32.19,0.0,0.08,52,35
2012-04-18 22:00:00,22,633.6,1112.0,21.04,21.24,0.0,-0.2,22.09,22.06,0.0,0.03,49,35
2012-04-18 23:00:00,23,831.7,990.0,19.0,19.02,0.0,-0.02,19.71,19.66,0.0,0.05,44,37
2012-04-19 00:00:00,0,815.7,914.0,15.26,15.2,0.0,0.06,17.87,17.83,0.0,0.04,42,37
2012-04-19 01:00:00,1,776.8,876.0,15.6,15.59,0.0,0.01,17.88,17.85,0.0,0.03,42,37
2012-04-19 02:00:00,2,757.8,855.0,13.57,13.53,0.0,0.04,16.96,16.93,0.0,0.03,42,37
2012-04-19 03:00:00,3,749.0,854.0,13.09,13.06,0.0,0.03,16.07,16.03,0.0,0.04,39,36
2012-04-19 04:00:00,4,782.4,892.0,15.46,15.39,0.0,0.07,17.75,17.68,0.0,0.07,36,35
2012-04-19 05:00:00,5,883.9,993.0,17.17,17.2,-0.11,0.08,17.0,16.9,0.0,0.1,35,33
2012-04-19 06:00:00,6,1020.2,1160.0,20.48,22.09,-1.78,0.17,20.72,20.56,0.0,0.16,34,32
2012-04-19 07:00:00,7,1128.7,1268.0,23.3,24.23,-0.99,0.06,26.83,26.64,0.0,0.19,36,33
2012-04-19 08:00:00,8,1182.4,1293.0,24.67,26.69,-2.1,0.08,22.55,22.41,0.0,0.14,40,36
2012-04-19 09:00:00,9,1214.6,1312.0,24.75,26.89,-2.26,0.12,29.96,29.81,0.0,0.15,46,39
2012-04-19 10:00:00,10,1219.9,1334.0,27.85,29.97,-2.24,0.12,30.7,30.59,0.0,0.11,52,40
2012-04-19 11:00:00,11,1227.2,1342.0,26.46,28.77,-2.43,0.12,29.84,29.73,0.0,0.11,58,36
2012-04-19 12:00:00,12,1211.9,1339.0,26.45,28.78,-2.44,0.11,30.51,30.41,0.0,0.1,61,31
2012-04-19 13:00:00,13,1209.4,1342.0,25.66,27.47,-1.93,0.12,30.54,30.45,0.0,0.09,64,30
2012-04-19 14:00:00,14,1184.0,1327.0,25.64,27.5,-1.99,0.13,29.53,29.43,0.0,0.1,68,30
2012-04-19 15:00:00,15,1163.4,1320.0,24.29,25.76,-1.55,0.08,31.5,31.45,0.0,0.05,70,29
2012-04-19 16:00:00,16,1157.9,1321.0,24.61,26.44,-1.9,0.07,30.22,30.18,0.0,0.04,70,22
2012-04-19 17:00:00,17,1181.5,1327.0,22.6,24.76,-2.21,0.05,26.15,26.14,0.0,0.01,71,24
2012-04-19 18:00:00,18,1151.1,1321.0,22.31,24.51,-2.19,-0.01,20.37,20.36,0.0,0.01,70,26
2012-04-19 19:00:00,19,1193.1,1346.0,27.26,29.12,-1.84,-0.02,26.34,26.52,-0.21,0.03,61,42
2012-04-19 20:00:00,20,1198.6,1373.0,29.98,32.16,-2.13,-0.05,26.02,26.26,-0.25,0.01,57,42
2012-04-19 21:00:00,21,1094.8,1271.0,22.9,24.04,-1.18,0.04,20.57,21.37,-0.84,0.04,55,43
2012-04-19 22:00:00,22,943.7,1124.0,19.39,19.32,0.0,0.07,18.38,18.5,-0.14,0.02,52,42
2012-04-19 23:00:00,23,817.8,996.0,17.29,17.24,0.0,0.05,17.76,17.73,0.0,0.03,50,42
2012-04-20 00:00:00,0,830.9,913.0,16.8,16.74,0.0,0.06,18.01,18.0,0.0,0.01,48,42
2012-04-20 01:00:00,1,789.9,872.0,15.77,15.74,0.0,0.03,17.4,17.38,0.0,0.02,43,40
2012-04-20 02:00:00,2,772.2,849.0,15.42,15.39,0.0,0.03,16.21,16.19,0.0,0.02,43,39
2012-04-20 03:00:00,3,762.6,847.0,14.5,14.45,0.0,0.05,15.39,15.35,0.0,0.04,42,39
2012-04-20 04:00:00,4,787.5,877.0,15.54,15.5,0.0,0.04,16.37,16.31,0.0,0.06,43,40
2012-04-20 05:00:00,5,883.7,968.0,17.88,17.76,0.0,0.12,15.59,15.5,0.0,0.09,40,38
2012-04-20 06:00:00,6,1036.1,1124.0,20.13,19.95,0.0,0.18,16.55,16.43,0.0,0.12,40,38
2012-04-20 07:00:00,7,1130.4,1235.0,22.16,22.7,-0.64,0.1,25.77,25.58,0.0,0.19,43,39
2012-04-20 08:00:00,8,1196.3,1283.0,23.38,24.14,-0.89,0.13,28.52,28.34,0.0,0.18,48,43
2012-04-20 09:00:00,9,1199.6,1321.0,26.37,26.93,-0.63,0.07,35.08,34.96,0.0,0.12,56,43
2012-04-20 10:00:00,10,1222.3,1359.0,29.68,29.99,-0.45,0.14,50.34,50.14,0.0,0.2,63,43
2012-04-20 11:00:00,11,1262.5,1381.0,28.97,29.99,-1.17,0.15,47.22,47.06,0.0,0.16,69,45
2012-04-20 12:00:00,12,1237.8,1381.0,28.7,29.8,-1.23,0.13,31.5,31.4,0.0,0.1,76,44
2012-04-20 13:00:00,13,1234.5,1390.0,27.04,28.28,-1.38,0.14,32.14,32.06,0.0,0.08,78,40
2012-04-20 14:00:00,14,1222.0,1378.0,26.7,27.04,-0.48,0.14,26.61,26.51,0.0,0.1,80,37
2012-04-20 15:00:00,15,1204.0,1362.0,26.0,26.37,-0.5,0.13,28.29,28.2,0.0,0.09,79,37
2012-04-20 16:00:00,16,1200.4,1348.0,25.68,26.15,-0.6,0.13,40.01,40.02,0.0,-0.01,79,34
2012-04-20 17:00:00,17,1200.6,1329.0,23.66,23.95,-0.28,-0.01,35.57,35.69,0.0,-0.12,78,37
2012-04-20 18:00:00,18,1180.1,1298.0,23.15,23.36,-0.17,-0.04,17.34,17.36,0.0,-0.02,75,38
2012-04-20 19:00:00,19,1199.9,1310.0,27.54,28.29,-0.68,-0.07,22.35,22.38,0.0,-0.03,73,35
2012-04-20 20:00:00,20,1174.5,1333.0,30.4,31.23,-0.7,-0.13,23.59,23.67,0.0,-0.08,68,42
2012-04-20 21:00:00,21,1107.7,1245.0,24.27,24.28,0.0,-0.01,32.28,32.3,0.0,-0.02,65,41
2012-04-20 22:00:00,22,983.3,1119.0,20.7,20.68,0.0,0.02,29.82,29.8,0.0,0.02,63,45
2012-04-20 23:00:00,23,870.5,997.0,20.02,20.01,0.0,0.01,23.72,23.68,0.0,0.04,60,47
2012-04-21 00:00:00,0,789.6,912.0,25.11,25.06,0.0,0.05,52.52,52.43,0.0,0.09,57,46
2012-04-21 01:00:00,1,739.4,859.0,23.32,23.35,0.0,-0.03,57.46,57.45,0.0,0.01,57,46
2012-04-21 02:00:00,2,708.7,825.0,18.86,18.89,0.0,-0.03,46.67,46.8,0.0,-0.13,55,46
2012-04-21 03:00:00,3,702.2,817.0,18.28,18.3,0.0,-0.02,19.48,19.53,0.0,-0.05,55,46
2012-04-21 04:00:00,4,717.4,824.0,17.12,17.21,0.0,-0.09,18.67,18.71,0.0,-0.04,54,46
2012-04-21 05:00:00,5,779.4,864.0,18.07,18.1,0.0,-0.03,34.63,34.67,0.0,-0.04,54,45
2012-04-21 06:00:00,6,809.9,922.0,19.1,19.16,0.0,-0.06,18.97,18.96,0.0,0.01,55,46
2012-04-21 07:00:00,7,890.8,1021.0,25.05,25.15,0.0,-0.1,18.96,18.91,0.0,0.05,55,47
2012-04-21 08:00:00,8,1012.3,1125.0,26.92,26.87,0.0,0.05,23.15,23.02,0.0,0.13,58,50
2012-04-21 09:00:00,9,1076.4,1198.0,36.59,36.62,-0.01,-0.02,41.27,41.0,0.0,0.27,62,52
2012-04-21 10:00:00,10,1109.2,1232.0,40.83,40.94,-0.02,-0.09,62.73,62.35,0.0,0.38,64,52
2012-04-21 11:00:00,11,1115.2,1236.0,37.92,37.93,-0.03,0.02,58.01,57.65,0.0,0.36,67,51
2012-04-21 12:00:00,12,1086.2,1228.0,38.02,38.09,-0.01,-0.06,49.61,49.31,0.0,0.3,71,51
2012-04-21 13:00:00,13,1052.2,1220.0,41.4,41.57,-0.03,-0.14,32.81,32.69,0.0,0.12,74,50
2012-04-21 14:00:00,14,1047.1,1211.0,38.73,38.89,0.0,-0.16,38.4,38.35,0.0,0.05,75,50
2012-04-21 15:00:00,15,1033.7,1213.0,39.07,39.19,0.0,-0.12,38.36,38.32,0.0,0.04,77,50
2012-04-21 16:00:00,16,1048.2,1221.0,37.15,37.16,-0.02,0.01,26.98,26.91,0.0,0.07,75,48
2012-04-21 17:00:00,17,1055.6,1236.0,37.59,37.68,-0.01,-0.08,37.6,37.54,0.02,0.04,78,48
2012-04-21 18:00:00,18,1055.5,1234.0,37.57,37.65,-0.02,-0.06,27.56,27.51,0.0,0.05,76,47
2012-04-21 19:00:00,19,1126.1,1251.0,39.33,39.43,0.0,-0.1,27.58,27.57,0.0,0.01,73,49
2012-04-21 20:00:00,20,1097.6,1264.0,40.6,40.85,-0.01,-0.24,43.45,43.34,0.15,-0.04,70,50
2012-04-21 21:00:00,21,1009.1,1181.0,36.11,36.26,0.0,-0.15,17.86,17.85,0.0,0.01,68,52
2012-04-21 22:00:00,22,921.5,1066.0,25.15,25.22,0.0,-0.07,19.91,19.99,0.0,-0.08,62,51
2012-04-21 23:00:00,23,821.3,963.0,23.85,23.97,0.0,-0.12,20.18,20.26,0.0,-0.08,60,51
2012-04-22 00:00:00,0,841.0,886.0,19.71,19.7,0.0,0.01,22.56,22.66,0.0,-0.1,58,50
2012-04-22 01:00:00,1,780.9,838.0,18.21,18.2,0.0,0.01,14.25,14.29,0.0,-0.04,56,48
2012-04-22 02:00:00,2,753.3,812.0,18.23,18.24,0.0,-0.01,16.67,16.73,0.0,-0.06,54,47
2012-04-22 03:00:00,3,712.8,797.0,17.4,17.41,0.0,-0.01,18.98,19.08,0.0,-0.1,52,45
2012-04-22 04:00:00,4,727.6,795.0,17.09,17.09,0.0,0.0,18.86,18.95,0.0,-0.09,47,45
2012-04-22 05:00:00,5,767.3,815.0,18.22,18.21,0.0,0.01,19.61,19.68,0.0,-0.07,47,45
2012-04-22 06:00:00,6,818.9,847.0,18.9,18.88,0.0,0.02,18.97,19.0,0.0,-0.03,47,45
2012-04-22 07:00:00,7,907.1,923.0,19.17,19.14,0.0,0.03,16.59,16.58,0.0,0.01,46,44
2012-04-22 08:00:00,8,990.2,1025.0,22.32,22.28,0.0,0.04,17.86,17.79,0.0,0.07,46,43
2012-04-22 09:00:00,9,1060.3,1113.0,24.92,24.84,0.0,0.08,19.52,19.42,0.0,0.1,46,44
2012-04-22 10:00:00,10,1100.2,1162.0,27.84,27.78,0.0,0.06,29.49,29.39,0.0,0.1,46,43
2012-04-22 11:00:00,11,1126.4,1186.0,34.02,33.98,0.0,0.04,32.66,32.57,0.0,0.09,46,44
2012-04-22 12:00:00,12,1087.7,1191.0,34.19,34.16,0.0,0.03,27.03,26.98,0.0,0.05,47,44
2012-04-22 13:00:00,13,1122.4,1182.0,29.45,29.33,0.0,0.12,34.9,34.86,0.0,0.04,47,45
2012-04-22 14:00:00,14,1124.3,1175.0,27.11,26.99,0.0,0.12,33.85,33.85,0.0,0.0,48,46
2012-04-22 15:00:00,15,1128.0,1183.0,26.53,26.42,0.0,0.11,32.82,32.81,0.0,0.01,48,46
2012-04-22 16:00:00,16,1152.7,1211.0,27.18,27.03,0.0,0.15,43.19,43.16,0.0,0.03,49,47
2012-04-22 17:00:00,17,1158.1,1253.0,27.61,27.48,0.0,0.13,66.06,65.94,0.0,0.12,48,45
2012-04-22 18:00:00,18,1148.1,1262.0,30.28,30.19,0.0,0.09,39.26,39.12,0.0,0.14,46,44
2012-04-22 19:00:00,19,1147.6,1267.0,35.28,35.24,0.0,0.04,34.02,33.92,0.0,0.1,45,43
2012-04-22 20:00:00,20,1143.9,1224.0,40.01,40.03,0.0,-0.02,28.91,28.89,0.0,0.02,44,42
2012-04-22 21:00:00,21,1116.4,1131.0,30.31,30.23,0.0,0.08,24.23,24.24,0.0,-0.01,44,41
2012-04-22 22:00:00,22,980.3,1029.0,22.45,22.51,0.0,-0.06,21.76,21.87,0.0,-0.11,43,40
2012-04-22 23:00:00,23,895.5,935.0,21.22,21.27,0.0,-0.05,20.09,20.23,0.0,-0.14,42,40
2012-04-23 00:00:00,0,836.1,877.0,19.18,19.15,0.0,0.03,26.25,26.34,0.0,-0.09,41,38
2012-04-23 01:00:00,1,801.0,855.0,18.6,18.57,0.0,0.03,23.11,23.14,0.0,-0.03,41,38
2012-04-23 02:00:00,2,761.1,845.0,16.59,16.59,0.0,0.0,19.03,19.08,0.0,-0.05,40,37
2012-04-23 03:00:00,3,757.1,844.0,16.54,16.54,0.0,0.0,18.01,18.04,0.0,-0.03,39,37
2012-04-23 04:00:00,4,788.6,876.0,16.94,16.92,0.0,0.02,16.01,16.02,0.0,-0.01,39,36
2012-04-23 05:00:00,5,923.1,972.0,19.24,19.17,0.0,0.07,39.57,39.52,0.0,0.05,40,37
2012-04-23 06:00:00,6,1078.1,1120.0,25.19,25.04,0.0,0.15,57.68,57.51,0.0,0.17,40,38
2012-04-23 07:00:00,7,1198.1,1253.0,34.07,33.54,0.0,0.53,29.21,29.06,0.0,0.15,40,38
2012-04-23 08:00:00,8,1233.5,1338.0,34.85,34.17,0.0,0.68,43.52,43.08,0.0,0.44,41,40
2012-04-23 09:00:00,9,1275.3,1381.0,37.42,36.77,0.0,0.65,57.29,56.54,0.0,0.75,42,41
2012-04-23 10:00:00,10,1306.8,1415.0,36.96,36.25,0.0,0.71,39.58,39.14,0.0,0.44,44,43
2012-04-23 11:00:00,11,1313.5,1417.0,36.59,35.89,0.0,0.7,24.39,24.18,0.0,0.21,48,47
2012-04-23 12:00:00,12,1340.4,1402.0,34.55,33.88,0.0,0.67,35.48,35.14,0.0,0.34,51,50
2012-04-23 13:00:00,13,1336.1,1396.0,30.87,30.22,0.0,0.65,42.04,41.62,0.0,0.42,53,53
2012-04-23 14:00:00,14,1303.7,1376.0,29.75,29.17,0.0,0.58,51.33,50.91,0.0,0.42,56,55
2012-04-23 15:00:00,15,1260.5,1356.0,25.35,24.94,0.0,0.41,52.54,52.42,0.0,0.12,57,55
2012-04-23 16:00:00,16,1267.9,1362.0,25.05,24.92,0.0,0.13,32.56,32.56,0.0,0.0,56,56
2012-04-23 17:00:00,17,1273.3,1375.0,25.05,24.92,0.0,0.13,26.86,26.89,0.0,-0.03,58,57
2012-04-23 18:00:00,18,1291.5,1371.0,25.02,24.87,0.0,0.15,19.56,19.59,0.0,-0.03,59,57
2012-04-23 19:00:00,19,1304.8,1372.0,28.33,28.22,0.0,0.11,33.59,33.81,0.0,-0.22,57,55
2012-04-23 20:00:00,20,1287.4,1359.0,36.42,36.33,0.0,0.09,39.5,39.84,0.0,-0.34,55,53
2012-04-23 21:00:00,21,1189.5,1255.0,23.83,23.84,0.0,-0.01,33.21,33.54,0.0,-0.33,54,51
2012-04-23 22:00:00,22,1023.5,1115.0,18.93,18.94,0.0,-0.01,26.39,26.61,0.0,-0.22,51,45
2012-04-23 23:00:00,23,882.4,1004.0,19.48,19.54,0.0,-0.06,17.48,17.58,0.0,-0.1,49,43
2012-04-24 00:00:00,0,837.4,927.0,21.89,21.99,0.0,-0.1,20.95,21.08,0.0,-0.13,49,43
2012-04-24 01:00:00,1,800.0,887.0,20.3,20.42,0.0,-0.12,20.03,20.19,0.0,-0.16,49,43
2012-04-24 02:00:00,2,781.3,866.0,20.36,20.48,0.0,-0.12,17.96,18.12,0.0,-0.16,48,42
2012-04-24 03:00:00,3,771.7,865.0,20.0,20.16,0.0,-0.16,17.13,17.28,0.0,-0.15,47,42
2012-04-24 04:00:00,4,802.1,891.0,20.57,20.7,0.0,-0.13,17.15,17.28,0.0,-0.13,46,40
2012-04-24 05:00:00,5,938.6,983.0,22.53,22.58,0.0,-0.05,21.9,22.08,0.0,-0.18,46,40
2012-04-24 06:00:00,6,1112.4,1122.0,23.88,24.13,0.0,-0.25,26.38,26.61,0.0,-0.23,46,39
2012-04-24 07:00:00,7,1231.6,1231.0,26.66,27.0,-0.03,-0.31,33.03,33.38,0.0,-0.35,43,38
2012-04-24 08:00:00,8,1220.1,1287.0,26.36,27.11,-0.42,-0.33,26.45,26.7,0.0,-0.25,46,37
2012-04-24 09:00:00,9,1268.9,1319.0,26.38,27.09,-0.42,-0.29,31.28,31.56,0.0,-0.28,46,31
2012-04-24 10:00:00,10,1300.1,1345.0,29.06,29.71,-0.36,-0.29,30.91,31.26,0.0,-0.35,46,30
2012-04-24 11:00:00,11,1301.7,1344.0,29.79,30.08,0.0,-0.29,26.23,25.42,1.09,-0.28,48,29
2012-04-24 12:00:00,12,1238.0,1332.0,27.98,28.32,0.0,-0.34,33.54,27.44,6.44,-0.34,48,30
2012-04-24 13:00:00,13,1226.2,1327.0,26.39,26.7,0.0,-0.31,33.1,33.04,0.49,-0.43,51,31
2012-04-24 14:00:00,14,1208.7,1308.0,26.37,26.7,0.0,-0.33,29.87,30.1,0.18,-0.41,51,28
2012-04-24 15:00:00,15,1196.2,1288.0,26.33,26.67,0.0,-0.34,31.09,31.54,0.01,-0.46,54,28
2012-04-24 16:00:00,16,1201.2,1282.0,25.83,26.2,0.0,-0.37,24.53,24.89,0.0,-0.36,55,27
2012-04-24 17:00:00,17,1210.6,1298.0,26.14,26.51,0.0,-0.37,27.94,28.31,0.0,-0.37,53,26
2012-04-24 18:00:00,18,1236.4,1307.0,25.22,25.58,0.0,-0.36,31.79,32.2,0.0,-0.41,52,28
2012-04-24 19:00:00,19,1244.3,1326.0,30.21,31.32,-0.68,-0.43,34.81,35.29,0.0,-0.48,51,29
2012-04-24 20:00:00,20,1273.7,1347.0,32.79,34.01,-0.7,-0.52,32.91,33.37,0.0,-0.46,48,30
2012-04-24 21:00:00,21,1184.1,1254.0,24.15,24.47,0.0,-0.32,26.26,26.61,0.0,-0.35,43,32
2012-04-24 22:00:00,22,1011.9,1123.0,21.72,21.83,0.0,-0.11,26.25,26.42,0.0,-0.17,38,33
2012-04-24 23:00:00,23,878.6,1005.0,20.06,20.22,0.0,-0.16,16.43,16.49,0.0,-0.06,42,35
2012-04-25 00:00:00,0,799.7,929.0,22.97,23.03,0.0,-0.06,19.21,19.25,0.0,-0.04,43,34
2012-04-25 01:00:00,1,761.4,891.0,21.28,21.35,0.0,-0.07,19.9,19.95,0.0,-0.05,43,35
2012-04-25 02:00:00,2,734.4,874.0,20.78,20.87,0.0,-0.09,29.24,29.32,0.0,-0.08,43,35
2012-04-25 03:00:00,3,727.6,868.0,20.54,20.64,0.0,-0.1,20.66,20.7,0.0,-0.04,40,35
2012-04-25 04:00:00,4,752.4,905.0,20.81,20.9,0.0,-0.09,18.77,18.79,0.0,-0.02,38,35
2012-04-25 05:00:00,5,894.8,1001.0,20.72,20.85,0.0,-0.13,19.75,19.86,0.0,-0.11,37,35
2012-04-25 06:00:00,6,1048.3,1133.0,29.76,29.88,0.0,-0.12,33.27,33.38,0.0,-0.11,36,34
2012-04-25 07:00:00,7,1148.3,1248.0,37.33,37.52,0.0,-0.19,40.11,40.25,0.0,-0.14,38,36
2012-04-25 08:00:00,8,1174.3,1287.0,36.65,36.89,0.0,-0.24,36.4,36.53,0.0,-0.13,43,38
2012-04-25 09:00:00,9,1191.8,1310.0,36.45,36.67,0.0,-0.22,36.24,36.37,0.0,-0.13,47,33
2012-04-25 10:00:00,10,1201.6,1331.0,37.15,37.36,0.0,-0.21,39.11,39.18,0.0,-0.07,50,30
2012-04-25 11:00:00,11,1191.5,1339.0,37.65,37.9,0.0,-0.25,36.51,36.6,0.0,-0.09,55,29
2012-04-25 12:00:00,12,1175.8,1328.0,35.66,35.89,0.0,-0.23,35.49,35.6,0.0,-0.11,56,26
2012-04-25 13:00:00,13,1166.1,1320.0,33.28,33.5,0.0,-0.22,35.49,35.64,0.0,-0.15,56,25
2012-04-25 14:00:00,14,1154.5,1297.0,32.15,32.39,0.0,-0.24,31.49,31.68,0.0,-0.19,56,28
2012-04-25 15:00:00,15,1134.6,1274.0,31.43,31.65,0.0,-0.22,31.86,32.1,0.0,-0.24,52,33
2012-04-25 16:00:00,16,1122.0,1269.0,31.55,31.77,0.0,-0.22,35.15,35.44,0.0,-0.29,54,32
2012-04-25 17:00:00,17,1154.8,1279.0,31.53,31.73,0.0,-0.2,22.27,22.44,0.0,-0.17,53,30
2012-04-25 18:00:00,18,1163.4,1291.0,30.24,30.45,0.0,-0.21,25.38,25.55,0.0,-0.17,52,32
2012-04-25 19:00:00,19,1177.7,1314.0,37.17,37.52,0.0,-0.35,32.55,32.75,0.0,-0.2,51,30
2012-04-25 20:00:00,20,1174.2,1335.0,36.45,36.98,-0.15,-0.38,26.95,27.15,0.0,-0.2,47,29
2012-04-25 21:00:00,21,1087.9,1249.0,30.53,30.82,0.0,-0.29,26.91,27.17,0.0,-0.26,47,29
2012-04-25 22:00:00,22,968.2,1119.0,22.19,22.31,0.0,-0.12,19.26,19.43,0.0,-0.17,40,32
2012-04-25 23:00:00,23,831.0,1001.0,19.8,19.95,0.0,-0.15,18.37,18.53,0.0,-0.16,39,33
2012-04-26 00:00:00,0,834.1,923.0,18.57,18.77,0.0,-0.2,17.1,17.22,0.0,-0.12,35,32
2012-04-26 01:00:00,1,791.8,884.0,17.5,17.68,0.0,-0.18,14.0,14.16,0.0,-0.16,33,31
2012-04-26 02:00:00,2,774.7,865.0,17.51,17.69,0.0,-0.18,16.6,16.8,0.0,-0.2,32,30
2012-04-26 03:00:00,3,773.1,866.0,17.49,17.66,0.0,-0.17,16.84,17.04,0.0,-0.2,33,30
2012-04-26 04:00:00,4,797.0,905.0,17.5,17.64,0.0,-0.14,16.26,16.4,0.0,-0.14,31,28
2012-04-26 05:00:00,5,908.7,1001.0,19.37,19.46,0.0,-0.09,20.05,20.22,0.0,-0.17,31,28
2012-04-26 06:00:00,6,1070.6,1136.0,23.68,24.44,-0.63,-0.13,18.2,18.39,0.0,-0.19,30,28
2012-04-26 07:00:00,7,1184.2,1243.0,32.72,32.9,-0.01,-0.17,19.14,19.33,0.0,-0.19,33,31
2012-04-26 08:00:00,8,1205.3,1290.0,36.24,36.52,0.0,-0.28,21.78,21.98,0.0,-0.2,41,33
2012-04-26 09:00:00,9,1233.4,1311.0,33.29,33.47,0.0,-0.18,20.67,20.87,0.0,-0.2,47,32
2012-04-26 10:00:00,10,1239.0,1327.0,36.69,36.88,0.0,-0.19,23.83,24.05,0.0,-0.22,49,28
2012-04-26 11:00:00,11,1241.3,1327.0,37.03,37.24,0.0,-0.21,27.67,28.0,0.0,-0.33,53,28
2012-04-26 12:00:00,12,1211.0,1315.0,38.69,38.95,0.0,-0.26,27.7,28.03,0.0,-0.33,56,28
2012-04-26 13:00:00,13,1209.4,1314.0,38.65,38.91,0.0,-0.26,30.54,30.93,0.0,-0.39,60,29
2012-04-26 14:00:00,14,1183.5,1299.0,37.66,37.95,0.0,-0.29,26.77,27.08,0.0,-0.31,63,28
2012-04-26 15:00:00,15,1166.2,1288.0,33.15,33.47,0.0,-0.32,22.59,22.89,0.0,-0.3,62,29
2012-04-26 16:00:00,16,1170.9,1294.0,33.81,34.12,0.0,-0.31,24.88,25.24,0.0,-0.36,60,29
2012-04-26 17:00:00,17,1182.9,1320.0,31.56,31.83,0.0,-0.27,29.11,29.59,0.0,-0.48,57,35
2012-04-26 18:00:00,18,1203.0,1347.0,28.48,28.71,0.0,-0.23,27.67,28.1,0.0,-0.43,54,37
2012-04-26 19:00:00,19,1205.0,1362.0,32.78,33.06,0.0,-0.28,30.28,30.71,0.0,-0.43,48,41
2012-04-26 20:00:00,20,1180.5,1338.0,38.18,38.65,0.0,-0.47,29.31,29.77,0.0,-0.46,47,44
2012-04-26 21:00:00,21,1111.5,1233.0,27.04,27.29,0.0,-0.25,22.84,23.1,0.0,-0.26,47,44
2012-04-26 22:00:00,22,979.9,1110.0,20.84,21.01,0.0,-0.17,18.45,18.62,0.0,-0.17,47,44
2012-04-26 23:00:00,23,840.5,994.0,18.43,18.58,0.0,-0.15,15.38,15.5,0.0,-0.12,47,46
2012-04-27 00:00:00,0,788.1,922.0,16.9,16.98,0.0,-0.08,16.54,16.65,0.0,-0.11,47,46
2012-04-27 01:00:00,1,749.8,875.0,16.54,16.62,0.0,-0.08,15.23,15.37,0.0,-0.14,47,47
2012-04-27 02:00:00,2,725.3,856.0,14.81,14.88,0.0,-0.07,17.66,17.82,0.0,-0.16,47,47
2012-04-27 03:00:00,3,720.0,849.0,14.76,14.82,0.0,-0.06,17.06,17.25,0.0,-0.19,48,47
2012-04-27 04:00:00,4,747.2,879.0,15.8,15.87,0.0,-0.07,14.88,15.02,0.0,-0.14,47,47
2012-04-27 05:00:00,5,850.1,967.0,17.81,17.92,0.0,-0.11,14.26,14.34,0.0,-0.08,48,46
2012-04-27 06:00:00,6,999.4,1103.0,19.22,19.2,0.0,0.02,20.38,20.52,0.0,-0.14,48,44
2012-04-27 07:00:00,7,1113.0,1216.0,24.86,25.01,0.0,-0.15,27.81,28.07,0.0,-0.26,47,40
2012-04-27 08:00:00,8,1151.2,1279.0,27.95,28.18,0.0,-0.23,25.47,25.67,0.0,-0.2,46,37
2012-04-27 09:00:00,9,1174.3,1314.0,29.39,29.65,0.0,-0.26,29.17,29.39,0.0,-0.22,47,35
2012-04-27 10:00:00,10,1183.1,1339.0,30.6,30.88,0.0,-0.28,24.36,24.54,0.0,-0.18,47,32
2012-04-27 11:00:00,11,1188.4,1335.0,29.31,29.54,0.0,-0.23,27.23,27.49,0.0,-0.26,47,32
2012-04-27 12:00:00,12,1164.7,1316.0,29.35,29.59,0.0,-0.24,25.32,25.59,0.0,-0.27,49,30
2012-04-27 13:00:00,13,1148.0,1305.0,29.42,29.74,0.0,-0.32,22.73,22.98,0.0,-0.25,50,28
2012-04-27 14:00:00,14,1144.6,1279.0,27.99,28.54,-0.27,-0.28,20.41,20.64,0.0,-0.23,49,28
2012-04-27 15:00:00,15,1120.8,1259.0,27.32,27.77,-0.23,-0.22,17.39,17.54,0.0,-0.15,49,28
2012-04-27 16:00:00,16,1112.2,1256.0,26.42,26.61,0.0,-0.19,17.66,17.82,0.0,-0.16,48,28
2012-04-27 17:00:00,17,1123.0,1265.0,20.15,22.09,-1.83,-0.11,16.31,16.43,0.0,-0.12,46,27
2012-04-27 18:00:00,18,1134.6,1277.0,19.01,20.46,-1.35,-0.1,8.26,8.31,0.0,-0.05,44,25
2012-04-27 19:00:00,19,1152.2,1304.0,19.04,20.75,-1.59,-0.12,19.58,19.72,0.0,-0.14,42,26
2012-04-27 20:00:00,20,1145.5,1325.0,29.32,29.63,0.0,-0.31,25.56,25.83,0.0,-0.27,40,24
2012-04-27 21:00:00,21,1075.7,1256.0,25.4,25.62,0.0,-0.22,24.94,25.21,0.0,-0.27,38,23
2012-04-27 22:00:00,22,951.7,1141.0,20.9,21.04,0.0,-0.14,23.3,23.54,0.0,-0.24,38,23
2012-04-27 23:00:00,23,846.8,1031.0,17.44,17.48,0.0,-0.04,14.53,14.67,0.0,-0.14,37,22
2012-04-28 00:00:00,0,811.1,955.0,20.89,21.1,0.0,-0.21,11.41,11.55,0.0,-0.14,36,20
2012-04-28 01:00:00,1,774.4,913.0,18.46,18.65,0.0,-0.19,0.85,0.86,0.0,-0.01,35,19
2012-04-28 02:00:00,2,755.5,889.0,18.47,18.66,0.0,-0.19,0.0,0.0,0.0,0.0,35,19
2012-04-28 03:00:00,3,739.6,879.0,18.37,18.58,0.0,-0.21,0.0,0.0,0.0,0.0,34,20
2012-04-28 04:00:00,4,725.7,895.0,18.44,18.65,0.0,-0.21,0.0,0.0,0.0,0.0,34,21
2012-04-28 05:00:00,5,778.0,938.0,20.57,20.79,0.0,-0.22,25.19,25.55,0.0,-0.36,34,18
2012-04-28 06:00:00,6,833.0,1002.0,26.74,26.83,0.0,-0.09,21.06,21.2,0.0,-0.14,32,18
2012-04-28 07:00:00,7,971.6,1103.0,25.24,25.42,0.0,-0.18,22.2,22.32,0.0,-0.12,33,18
2012-04-28 08:00:00,8,1057.0,1183.0,31.03,31.26,0.0,-0.23,30.53,30.66,0.0,-0.13,34,19
2012-04-28 09:00:00,9,1094.0,1234.0,34.79,35.12,0.0,-0.33,31.2,31.27,0.0,-0.07,37,18
2012-04-28 10:00:00,10,1097.2,1246.0,34.79,35.13,0.0,-0.34,33.72,33.87,0.0,-0.15,40,17
2012-04-28 11:00:00,11,1105.8,1234.0,33.32,33.68,0.0,-0.36,31.37,31.54,0.0,-0.17,44,16
2012-04-28 12:00:00,12,1071.8,1202.0,32.55,32.87,0.0,-0.32,31.27,31.46,0.0,-0.19,47,14
2012-04-28 13:00:00,13,1056.9,1173.0,28.47,28.75,0.0,-0.28,22.87,23.04,0.0,-0.17,51,14
2012-04-28 14:00:00,14,995.9,1144.0,27.7,28.02,0.0,-0.32,17.68,17.83,0.0,-0.15,51,14
2012-04-28 15:00:00,15,990.6,1130.0,25.66,25.91,0.0,-0.25,18.12,18.29,0.0,-0.17,54,12
2012-04-28 16:00:00,16,996.6,1135.0,24.09,24.27,0.0,-0.18,22.25,22.43,0.0,-0.18,53,11
2012-04-28 17:00:00,17,1001.3,1158.0,25.66,25.87,0.0,-0.21,18.42,18.56,0.0,-0.14,54,9
2012-04-28 18:00:00,18,1029.1,1164.0,25.65,25.83,0.0,-0.18,16.67,16.76,0.0,-0.09,52,12
2012-04-28 19:00:00,19,1062.0,1191.0,29.68,29.96,0.0,-0.28,21.71,21.86,0.0,-0.15,51,14
2012-04-28 20:00:00,20,1074.0,1236.0,34.64,35.05,0.0,-0.41,26.92,27.13,0.0,-0.21,47,16
2012-04-28 21:00:00,21,1057.7,1175.0,31.4,31.63,0.0,-0.23,23.18,23.28,0.0,-0.1,46,16
2012-04-28 22:00:00,22,932.0,1069.0,24.51,24.57,0.0,-0.06,21.08,21.11,0.0,-0.03,41,20
2012-04-28 23:00:00,23,803.4,976.0,22.92,23.11,0.0,-0.19,13.05,13.11,0.0,-0.06,41,19
2012-04-29 00:00:00,0,733.6,902.0,21.82,22.04,0.0,-0.22,13.8,13.91,0.0,-0.11,40,17
2012-04-29 01:00:00,1,678.5,864.0,19.25,19.48,0.0,-0.23,19.08,19.27,0.0,-0.19,39,16
2012-04-29 02:00:00,2,655.7,843.0,18.37,18.58,0.0,-0.21,20.34,20.6,0.0,-0.26,37,17
2012-04-29 03:00:00,3,640.2,835.0,18.32,18.54,0.0,-0.22,18.87,19.12,0.0,-0.25,37,17
2012-04-29 04:00:00,4,643.8,845.0,18.39,18.61,0.0,-0.22,17.82,18.05,0.0,-0.23,37,17
2012-04-29 05:00:00,5,696.7,868.0,19.23,19.39,0.0,-0.16,17.65,17.87,0.0,-0.22,32,26
2012-04-29 06:00:00,6,748.9,905.0,19.11,19.23,0.0,-0.12,15.62,15.74,0.0,-0.12,29,21
2012-04-29 07:00:00,7,869.0,984.0,21.27,21.41,0.0,-0.14,12.15,12.22,0.0,-0.07,31,26
2012-04-29 08:00:00,8,956.2,1079.0,19.57,19.66,0.0,-0.09,13.78,13.83,0.0,-0.05,40,21
2012-04-29 09:00:00,9,1011.4,1139.0,23.4,23.44,0.0,-0.04,15.74,15.75,0.0,-0.01,45,15
2012-04-29 10:00:00,10,1034.9,1167.0,22.88,22.92,0.0,-0.04,17.7,17.72,0.0,-0.02,47,11
2012-04-29 11:00:00,11,1042.4,1173.0,23.77,23.82,0.0,-0.05,18.14,18.2,0.0,-0.06,51,12
2012-04-29 12:00:00,12,1013.9,1169.0,23.62,23.71,0.0,-0.09,19.12,19.2,0.0,-0.08,52,8
2012-04-29 13:00:00,13,987.7,1149.0,22.98,23.07,0.0,-0.09,18.71,18.79,0.0,-0.08,53,7
2012-04-29 14:00:00,14,966.2,1130.0,21.52,21.6,0.0,-0.08,18.58,18.66,0.0,-0.08,55,7
2012-04-29 15:00:00,15,959.5,1126.0,19.64,19.71,0.0,-0.07,17.27,17.34,0.0,-0.07,55,7
2012-04-29 16:00:00,16,984.1,1152.0,23.07,23.16,0.0,-0.09,19.92,20.0,0.0,-0.08,55,7
2012-04-29 17:00:00,17,1001.5,1191.0,24.31,24.4,0.0,-0.09,23.84,23.94,0.0,-0.1,52,3
2012-04-29 18:00:00,18,1041.8,1210.0,24.57,24.64,0.0,-0.07,27.97,28.06,0.0,-0.09,51,6
2012-04-29 19:00:00,19,1060.2,1239.0,31.72,31.93,0.0,-0.21,34.88,35.03,0.0,-0.15,48,7
2012-04-29 20:00:00,20,1076.0,1278.0,34.5,34.8,0.0,-0.3,43.08,43.28,0.0,-0.2,46,9
2012-04-29 21:00:00,21,1010.2,1183.0,30.53,30.65,0.0,-0.12,22.62,22.68,0.0,-0.06,43,12
2012-04-29 22:00:00,22,913.7,1059.0,22.68,22.7,0.0,-0.02,18.27,18.36,0.0,-0.09,42,11
2012-04-29 23:00:00,23,789.1,953.0,19.42,19.54,0.0,-0.12,17.15,17.28,0.0,-0.13,41,12
2012-04-30 00:00:00,0,751.8,893.0,20.18,20.35,0.0,-0.17,17.74,17.9,0.0,-0.16,41,12
2012-04-30 01:00:00,1,683.5,863.0,18.35,18.54,0.0,-0.19,17.43,17.62,0.0,-0.19,38,13
2012-04-30 02:00:00,2,679.8,856.0,17.23,17.36,0.0,-0.13,17.38,17.56,0.0,-0.18,40,11
2012-04-30 03:00:00,3,683.8,863.0,17.3,17.43,0.0,-0.13,17.79,17.97,0.0,-0.18,38,12
2012-04-30 04:00:00,4,718.0,909.0,17.35,17.51,0.0,-0.16,17.61,17.77,0.0,-0.16,37,12
2012-04-30 05:00:00,5,812.9,1023.0,23.21,23.32,0.0,-0.11,19.26,19.36,0.0,-0.1,33,15
2012-04-30 06:00:00,6,965.5,1200.0,30.26,30.36,0.0,-0.1,54.0,53.94,0.0,0.06,34,14
2012-04-30 07:00:00,7,1135.4,1305.0,31.7,31.84,0.0,-0.14,36.17,36.05,0.0,0.12,39,16
2012-04-30 08:00:00,8,1159.6,1326.0,33.84,34.05,0.0,-0.21,27.23,27.16,0.0,0.07,43,15
2012-04-30 09:00:00,9,1203.7,1339.0,31.86,32.0,0.0,-0.14,37.75,37.79,0.0,-0.04,46,16
2012-04-30 10:00:00,10,1208.4,1350.0,31.9,32.01,0.0,-0.11,37.42,37.42,0.0,0.0,50,18
2012-04-30 11:00:00,11,1206.1,1344.0,31.74,31.84,0.0,-0.1,34.8,34.83,0.0,-0.03,52,19
2012-04-30 12:00:00,12,1178.6,1337.0,30.71,30.88,0.0,-0.17,34.52,34.66,0.0,-0.14,55,19
2012-04-30 13:00:00,13,1155.0,1332.0,31.08,31.31,0.0,-0.23,31.38,31.5,0.0,-0.12,57,19
2012-04-30 14:00:00,14,1132.6,1314.0,32.25,32.51,0.0,-0.26,27.83,27.95,0.0,-0.12,60,18
2012-04-30 15:00:00,15,1116.4,1295.0,29.7,29.95,0.0,-0.25,25.28,25.39,0.0,-0.11,60,17
2012-04-30 16:00:00,16,1121.3,1294.0,28.32,28.54,0.0,-0.22,30.95,31.1,0.0,-0.15,61,18
2012-04-30 17:00:00,17,1130.1,1311.0,28.15,28.37,0.0,-0.22,32.32,32.42,0.0,-0.1,62,18
2012-04-30 18:00:00,18,1152.0,1328.0,28.67,28.87,0.0,-0.2,36.36,36.41,0.0,-0.05,61,19
2012-04-30 19:00:00,19,1187.8,1362.0,31.3,31.48,0.0,-0.18,48.26,48.24,0.0,0.02,59,22
2012-04-30 20:00:00,20,1187.6,1377.0,37.33,37.63,0.0,-0.3,29.86,29.81,0.0,0.05,56,25
2012-04-30 21:00:00,21,1104.0,1264.0,29.66,29.9,0.0,-0.24,22.76,22.82,0.0,-0.06,53,31
2012-04-30 22:00:00,22,978.8,1114.0,21.23,21.41,0.0,-0.18,23.76,23.89,0.0,-0.13,52,30
2012-04-30 23:00:00,23,800.3,994.0,22.91,23.18,0.0,-0.27,18.93,19.09,0.0,-0.16,51,31
2012-05-01 00:00:00,0,833.3,915.0,19.27,19.32,0.0,-0.05,19.4,19.53,0.0,-0.13,51,31
2012-05-01 01:00:00,1,766.1,878.0,18.99,19.07,0.0,-0.08,20.44,20.57,0.0,-0.13,51,32
2012-05-01 02:00:00,2,755.2,857.0,18.72,18.8,0.0,-0.08,17.92,18.07,0.0,-0.15,50,32
2012-05-01 03:00:00,3,749.4,862.0,18.71,18.79,0.0,-0.08,18.5,18.64,0.0,-0.14,48,36
2012-05-01 04:00:00,4,770.2,897.0,18.73,18.79,0.0,-0.06,18.41,18.54,0.0,-0.13,47,37
2012-05-01 05:00:00,5,899.1,1013.0,20.69,20.7,0.0,-0.01,18.27,18.36,0.0,-0.09,45,40
2012-05-01 06:00:00,6,1036.2,1195.0,27.22,28.74,-1.55,0.03,20.34,20.32,0.0,0.02,42,40
2012-05-01 07:00:00,7,1153.9,1323.0,28.48,30.72,-2.21,-0.03,24.84,24.88,0.0,-0.04,41,39
2012-05-01 08:00:00,8,1191.6,1358.0,35.44,35.99,-0.5,-0.05,30.58,30.73,0.0,-0.15,42,40
2012-05-01 09:00:00,9,1226.1,1384.0,34.95,35.12,-0.18,0.01,31.09,31.29,0.0,-0.2,41,39
2012-05-01 10:00:00,10,1243.4,1406.0,36.79,36.79,0.0,0.0,34.89,35.12,0.0,-0.23,42,40
2012-05-01 11:00:00,11,1253.8,1417.0,35.5,35.47,0.0,0.03,40.51,40.8,0.0,-0.29,43,41
2012-05-01 12:00:00,12,1245.1,1410.0,35.6,35.55,0.0,0.05,52.67,53.06,0.0,-0.39,43,42
2012-05-01 13:00:00,13,1229.6,1393.0,36.03,36.02,0.0,0.01,39.29,39.57,0.0,-0.28,44,42
2012-05-01 14:00:00,14,1195.9,1379.0,36.74,36.76,0.0,-0.02,33.63,33.92,0.0,-0.29,44,42
2012-05-01 15:00:00,15,1187.5,1368.0,34.35,34.42,0.0,-0.07,28.9,29.12,0.0,-0.22,44,42
2012-05-01 16:00:00,16,1205.8,1384.0,33.66,33.68,0.0,-0.02,31.78,32.04,0.0,-0.26,44,42
2012-05-01 17:00:00,17,1213.2,1420.0,32.53,32.58,0.0,-0.05,34.22,34.51,0.0,-0.29,45,42
2012-05-01 18:00:00,18,1216.1,1425.0,32.95,33.06,0.01,-0.12,32.56,32.79,0.0,-0.23,44,42
2012-05-01 19:00:00,19,1222.8,1430.0,35.07,35.17,0.01,-0.11,30.8,30.97,0.0,-0.17,44,42
2012-05-01 20:00:00,20,1240.7,1412.0,38.11,38.26,0.01,-0.16,27.73,27.96,0.0,-0.23,43,42
2012-05-01 21:00:00,21,1147.5,1301.0,29.75,29.86,0.0,-0.11,21.33,21.51,0.0,-0.18,43,41
2012-05-01 22:00:00,22,1009.5,1149.0,22.03,22.0,0.0,0.03,17.65,17.79,0.0,-0.14,42,41
2012-05-01 23:00:00,23,885.0,1025.0,19.94,19.95,0.0,-0.01,17.45,17.55,0.0,-0.1,42,41
2012-05-02 00:00:00,0,776.6,949.0,18.84,18.88,0.0,-0.04,19.66,19.76,0.0,-0.1,42,40
2012-05-02 01:00:00,1,732.1,906.0,18.38,18.39,0.0,-0.01,18.35,18.47,0.0,-0.12,43,40
2012-05-02 02:00:00,2,717.9,885.0,17.71,17.71,0.0,0.0,18.74,18.85,0.0,-0.11,43,40
2012-05-02 03:00:00,3,708.2,882.0,16.4,16.39,0.0,0.01,18.16,18.27,0.0,-0.11,42,40
2012-05-02 04:00:00,4,737.3,923.0,17.8,17.78,0.0,0.02,18.99,19.08,0.0,-0.09,42,41
2012-05-02 05:00:00,5,840.4,1029.0,19.68,19.69,0.0,-0.01,22.63,22.7,0.0,-0.07,43,41
2012-05-02 06:00:00,6,971.7,1209.0,27.25,27.46,-0.34,0.13,35.62,35.64,0.0,-0.02,43,40
2012-05-02 07:00:00,7,1096.5,1316.0,23.34,24.82,-1.5,0.02,37.77,37.89,0.0,-0.12,43,41
2012-05-02 08:00:00,8,1132.1,1343.0,26.93,28.18,-1.23,-0.02,25.79,25.82,0.0,-0.03,45,42
2012-05-02 09:00:00,9,1169.3,1355.0,24.72,25.5,-0.87,0.09,24.3,24.28,0.0,0.02,46,41
2012-05-02 10:00:00,10,1180.5,1372.0,26.34,27.39,-1.18,0.13,32.05,32.17,-0.11,-0.01,49,43
2012-05-02 11:00:00,11,1181.1,1377.0,25.59,26.69,-1.22,0.12,33.05,34.48,-1.36,-0.07,48,42
2012-05-02 12:00:00,12,1158.3,1359.0,27.94,29.23,-1.32,0.03,27.79,29.52,-1.68,-0.05,49,42
2012-05-02 13:00:00,13,1153.9,1356.0,27.94,29.6,-1.71,0.05,29.08,30.71,-1.58,-0.05,51,43
2012-05-02 14:00:00,14,1136.8,1339.0,27.94,29.8,-1.9,0.04,28.29,28.93,-0.56,-0.08,50,44
2012-05-02 15:00:00,15,1121.1,1326.0,27.9,29.68,-1.76,-0.02,27.07,27.17,0.0,-0.1,50,43
2012-05-02 16:00:00,16,1119.5,1336.0,27.82,29.63,-1.72,-0.09,30.29,30.43,0.0,-0.14,50,43
2012-05-02 17:00:00,17,1126.0,1363.0,27.84,29.79,-1.86,-0.09,30.31,30.46,0.0,-0.15,49,44
2012-05-02 18:00:00,18,1142.1,1378.0,28.49,28.67,0.0,-0.18,31.83,32.02,0.0,-0.19,49,43
2012-05-02 19:00:00,19,1158.1,1406.0,27.81,27.88,0.0,-0.07,29.43,29.49,0.0,-0.06,49,43
2012-05-02 20:00:00,20,1161.4,1399.0,31.94,32.08,0.0,-0.14,30.76,30.92,0.0,-0.16,48,43
2012-05-02 21:00:00,21,1081.4,1291.0,27.17,27.25,0.0,-0.08,21.32,21.52,0.0,-0.2,47,42
2012-05-02 22:00:00,22,945.4,1138.0,19.78,19.87,0.0,-0.09,24.51,24.76,0.0,-0.25,46,42
2012-05-02 23:00:00,23,823.2,1014.0,19.54,19.63,0.0,-0.09,23.52,23.77,0.0,-0.25,45,42
2012-05-03 00:00:00,0,782.9,933.0,20.57,20.68,0.0,-0.11,19.04,19.24,0.0,-0.2,44,42
2012-05-03 01:00:00,1,740.9,894.0,19.43,19.55,0.0,-0.12,18.92,19.09,0.0,-0.17,44,42
2012-05-03 02:00:00,2,722.6,875.0,19.05,19.14,0.0,-0.09,16.58,16.7,0.0,-0.12,43,43
2012-05-03 03:00:00,3,718.2,878.0,18.67,18.7,0.0,-0.03,15.63,15.74,0.0,-0.11,43,43
2012-05-03 04:00:00,4,748.1,912.0,19.05,19.07,0.0,-0.02,18.82,18.91,0.0,-0.09,44,43
2012-05-03 05:00:00,5,849.2,1023.0,21.21,21.25,0.0,-0.04,19.08,19.13,0.0,-0.05,44,43
2012-05-03 06:00:00,6,1019.2,1207.0,26.53,26.46,0.0,0.07,21.92,21.91,0.0,0.01,44,43
2012-05-03 07:00:00,7,1110.1,1319.0,30.13,30.19,0.0,-0.06,33.64,33.73,0.0,-0.09,44,43
2012-05-03 08:00:00,8,1126.0,1350.0,34.43,34.52,0.0,-0.09,37.88,38.1,0.0,-0.22,45,44
2012-05-03 09:00:00,9,1168.4,1366.0,36.41,36.47,0.0,-0.06,36.99,37.28,0.0,-0.29,46,45
2012-05-03 10:00:00,10,1199.1,1386.0,38.07,38.2,0.0,-0.13,26.32,26.49,0.0,-0.17,47,45
2012-05-03 11:00:00,11,1189.0,1387.0,38.01,38.13,0.0,-0.12,23.69,23.84,0.0,-0.15,48,46
2012-05-03 12:00:00,12,1174.7,1370.0,37.34,37.46,0.0,-0.12,27.45,27.65,0.0,-0.2,50,47
2012-05-03 13:00:00,13,1156.9,1365.0,37.77,38.01,0.0,-0.24,42.08,42.5,0.0,-0.42,50,46
2012-05-03 14:00:00,14,1141.0,1349.0,37.39,37.62,0.0,-0.23,40.83,41.15,0.0,-0.32,51,46
2012-05-03 15:00:00,15,1121.4,1334.0,36.28,36.46,0.0,-0.18,35.88,36.18,0.0,-0.3,52,47
2012-05-03 16:00:00,16,1121.2,1344.0,35.75,36.01,0.0,-0.26,42.15,42.61,0.0,-0.46,52,47
2012-05-03 17:00:00,17,1115.0,1363.0,35.03,35.29,0.0,-0.26,42.29,42.79,0.0,-0.5,52,47
2012-05-03 18:00:00,18,1144.1,1375.0,34.3,34.55,0.0,-0.25,41.42,41.88,0.0,-0.46,52,47
2012-05-03 19:00:00,19,1161.4,1393.0,36.67,36.89,0.0,-0.22,29.8,30.07,0.0,-0.27,51,47
2012-05-03 20:00:00,20,1159.7,1400.0,39.93,40.25,0.0,-0.32,25.34,25.58,0.0,-0.24,51,48
2012-05-03 21:00:00,21,1078.7,1292.0,30.98,31.13,0.0,-0.15,29.55,29.86,0.0,-0.31,50,48
2012-05-03 22:00:00,22,940.8,1141.0,26.35,26.4,0.0,-0.05,23.07,23.24,0.0,-0.17,48,48
2012-05-03 23:00:00,23,831.0,1016.0,20.21,20.3,0.0,-0.09,18.34,18.44,0.0,-0.1,48,48
2012-05-04 00:00:00,0,783.2,942.0,19.02,19.17,0.0,-0.15,19.89,20.04,0.0,-0.15,49,48
2012-05-04 01:00:00,1,720.0,894.0,18.75,18.92,0.0,-0.17,18.88,19.06,0.0,-0.18,48,48
2012-05-04 02:00:00,2,696.3,871.0,17.72,17.82,0.0,-0.1,18.46,18.6,0.0,-0.14,49,48
2012-05-04 03:00:00,3,707.7,872.0,16.05,16.14,0.0,-0.09,18.58,18.72,0.0,-0.14,48,48
2012-05-04 04:00:00,4,715.7,904.0,17.83,17.92,0.0,-0.09,18.5,18.61,0.0,-0.11,49,48
2012-05-04 05:00:00,5,821.4,1005.0,18.88,18.99,0.0,-0.11,19.28,19.36,0.0,-0.08,49,49
2012-05-04 06:00:00,6,968.0,1181.0,25.59,25.67,0.0,-0.08,23.21,23.26,0.0,-0.05,48,48
2012-05-04 07:00:00,7,1060.7,1301.0,26.86,26.99,0.0,-0.13,25.58,25.64,0.0,-0.06,49,49
2012-05-04 08:00:00,8,1107.5,1340.0,28.19,28.27,0.0,-0.08,26.5,26.57,0.0,-0.07,50,49
2012-05-04 09:00:00,9,1143.9,1367.0,34.0,34.14,0.0,-0.14,25.08,25.16,0.0,-0.08,50,50
2012-05-04 10:00:00,10,1175.0,1393.0,34.84,34.95,0.0,-0.11,28.58,28.71,0.0,-0.13,50,50
2012-05-04 11:00:00,11,1174.9,1394.0,35.03,35.07,0.0,-0.04,30.86,30.97,0.0,-0.11,50,50
2012-05-04 12:00:00,12,1155.1,1381.0,34.78,34.85,0.0,-0.07,25.39,25.45,0.0,-0.06,52,51
2012-05-04 13:00:00,13,1120.4,1366.0,35.26,35.42,0.0,-0.16,29.99,30.15,0.0,-0.16,53,51
2012-05-04 14:00:00,14,1110.0,1339.0,34.81,34.99,0.0,-0.18,25.44,25.56,0.0,-0.12,53,52
2012-05-04 15:00:00,15,1079.9,1322.0,35.41,35.65,0.0,-0.24,25.59,25.72,0.0,-0.13,54,51
2012-05-04 16:00:00,16,1100.2,1326.0,33.16,33.34,0.0,-0.18,28.84,29.02,0.0,-0.18,54,51
2012-05-04 17:00:00,17,1095.7,1333.0,27.46,27.68,0.0,-0.22,32.82,33.11,0.0,-0.29,54,50
2012-05-04 18:00:00,18,1100.7,1324.0,25.91,26.11,0.0,-0.2,31.4,31.67,0.0,-0.27,53,50
2012-05-04 19:00:00,19,1149.9,1324.0,26.06,26.18,0.0,-0.12,24.33,24.49,0.0,-0.16,52,49
2012-05-04 20:00:00,20,1124.8,1329.0,32.02,32.25,0.0,-0.23,21.15,21.28,0.0,-0.13,52,49
2012-05-04 21:00:00,21,1053.1,1251.0,26.08,26.23,0.0,-0.15,25.5,25.64,0.0,-0.14,50,48
2012-05-04 22:00:00,22,934.3,1138.0,24.36,24.54,0.0,-0.18,32.76,32.99,0.0,-0.23,51,48
2012-05-04 23:00:00,23,817.0,1018.0,20.69,20.84,0.0,-0.15,20.56,20.71,0.0,-0.15,50,48
2012-05-05 00:00:00,0,758.7,927.0,21.79,22.03,0.0,-0.24,30.02,30.27,0.0,-0.25,50,48
2012-05-05 01:00:00,1,714.1,881.0,19.17,19.37,0.0,-0.2,18.89,19.07,0.0,-0.18,50,48
2012-05-05 02:00:00,2,687.2,850.0,18.31,18.5,0.0,-0.19,18.14,18.3,0.0,-0.16,49,48
2012-05-05 03:00:00,3,678.8,843.0,18.17,18.31,0.0,-0.14,18.17,18.3,0.0,-0.13,49,48
2012-05-05 04:00:00,4,678.2,855.0,18.18,18.31,0.0,-0.13,19.21,19.37,0.0,-0.16,49,48
2012-05-05 05:00:00,5,747.8,890.0,18.81,18.96,0.0,-0.15,19.1,19.26,0.0,-0.16,49,48
2012-05-05 06:00:00,6,811.7,952.0,20.03,20.2,0.0,-0.17,17.61,17.71,0.0,-0.1,49,48
2012-05-05 07:00:00,7,914.3,1061.0,22.66,22.81,0.0,-0.15,19.94,20.02,0.0,-0.08,50,49
2012-05-05 08:00:00,8,1000.3,1152.0,25.49,26.3,-0.56,-0.25,23.92,24.1,0.0,-0.18,51,49
2012-05-05 09:00:00,9,1055.6,1206.0,26.96,27.93,-0.8,-0.17,30.13,30.31,0.0,-0.18,54,50
2012-05-05 10:00:00,10,1082.2,1228.0,29.0,30.36,-1.17,-0.19,35.46,35.69,0.0,-0.23,59,52
2012-05-05 11:00:00,11,1085.9,1226.0,29.65,30.89,-1.08,-0.16,33.58,33.82,0.0,-0.24,63,51
2012-05-05 12:00:00,12,1074.1,1210.0,28.87,30.44,-1.36,-0.21,34.83,35.17,0.0,-0.34,64,49
2012-05-05 13:00:00,13,1035.1,1192.0,28.26,29.89,-1.37,-0.26,33.65,33.99,0.0,-0.34,67,49
2012-05-05 14:00:00,14,1027.5,1168.0,23.95,25.29,-1.12,-0.22,23.43,23.66,0.0,-0.23,67,48
2012-05-05 15:00:00,15,1022.7,1152.0,22.88,24.2,-1.12,-0.2,23.32,23.54,0.0,-0.22,67,50
2012-05-05 16:00:00,16,1039.2,1155.0,23.38,24.39,-0.83,-0.18,27.61,27.87,0.0,-0.26,68,48
2012-05-05 17:00:00,17,1049.6,1162.0,22.58,23.93,-1.12,-0.23,29.56,29.83,0.0,-0.27,67,46
2012-05-05 18:00:00,18,1056.0,1161.0,22.55,23.57,-0.8,-0.22,25.23,25.44,0.0,-0.21,66,46
2012-05-05 19:00:00,19,1081.1,1170.0,27.53,29.5,-1.71,-0.26,30.32,30.56,0.0,-0.24,61,46
2012-05-05 20:00:00,20,1096.9,1214.0,30.91,33.0,-1.78,-0.31,30.89,31.16,0.0,-0.27,59,46
2012-05-05 21:00:00,21,1036.8,1158.0,25.34,27.17,-1.56,-0.27,24.65,24.84,0.0,-0.19,54,48
2012-05-05 22:00:00,22,920.9,1057.0,22.57,23.92,-1.07,-0.28,32.67,33.09,0.0,-0.42,53,48
2012-05-05 23:00:00,23,825.7,959.0,20.87,21.03,0.0,-0.16,28.53,28.82,0.0,-0.29,53,48
2012-05-06 00:00:00,0,785.8,884.0,21.02,21.17,0.0,-0.15,19.74,19.89,0.0,-0.15,52,48
2012-05-06 01:00:00,1,691.6,840.0,19.1,19.25,0.0,-0.15,18.5,18.63,0.0,-0.13,52,48
2012-05-06 02:00:00,2,700.3,814.0,18.42,18.56,0.0,-0.14,18.67,18.82,0.0,-0.15,52,48
2012-05-06 03:00:00,3,687.5,804.0,18.3,18.44,0.0,-0.14,18.75,18.91,0.0,-0.16,49,47
2012-05-06 04:00:00,4,694.4,810.0,18.31,18.45,0.0,-0.14,19.09,19.25,0.0,-0.16,48,47
2012-05-06 05:00:00,5,721.7,827.0,18.37,18.49,0.0,-0.12,18.29,18.41,0.0,-0.12,48,47
2012-05-06 06:00:00,6,752.9,857.0,18.78,18.88,0.0,-0.1,16.42,16.5,0.0,-0.08,48,47
2012-05-06 07:00:00,7,843.4,946.0,18.38,18.56,0.0,-0.18,17.89,17.98,0.0,-0.09,49,43
2012-05-06 08:00:00,8,930.5,1048.0,17.49,17.62,0.0,-0.13,19.49,19.59,0.0,-0.1,52,42
2012-05-06 09:00:00,9,1027.7,1116.0,20.63,20.78,0.0,-0.15,22.16,22.3,0.0,-0.14,54,42
2012-05-06 10:00:00,10,1060.1,1145.0,23.21,23.47,-0.08,-0.18,25.02,25.21,0.0,-0.19,55,40
2012-05-06 11:00:00,11,1079.1,1156.0,20.71,20.81,0.0,-0.1,29.04,29.29,0.0,-0.25,57,39
2012-05-06 12:00:00,12,1078.8,1153.0,20.63,20.74,0.0,-0.11,27.6,27.86,0.0,-0.26,60,41
2012-05-06 13:00:00,13,1057.8,1140.0,20.65,20.91,-0.09,-0.17,25.92,26.18,0.0,-0.26,61,40
2012-05-06 14:00:00,14,1041.4,1126.0,20.65,21.27,-0.44,-0.18,26.94,27.22,0.0,-0.28,63,40
2012-05-06 15:00:00,15,1042.8,1123.0,20.64,21.0,-0.18,-0.18,28.98,29.29,0.0,-0.31,65,39
2012-05-06 16:00:00,16,1061.0,1144.0,25.4,26.49,-0.85,-0.24,27.3,27.59,0.0,-0.29,66,40
2012-05-06 17:00:00,17,1086.6,1182.0,26.87,28.25,-1.12,-0.26,32.44,32.75,0.0,-0.31,67,39
2012-05-06 18:00:00,18,1076.1,1199.0,22.49,23.46,-0.75,-0.22,36.15,36.47,0.0,-0.32,68,38
2012-05-06 19:00:00,19,1100.6,1216.0,25.88,26.42,-0.35,-0.19,36.34,36.58,0.0,-0.24,63,43
2012-05-06 20:00:00,20,1101.6,1261.0,34.37,35.65,-0.91,-0.37,48.69,49.01,0.0,-0.32,58,43
2012-05-06 21:00:00,21,1039.7,1172.0,28.14,29.9,-1.52,-0.24,30.38,30.67,0.0,-0.29,55,42
2012-05-06 22:00:00,22,934.2,1040.0,23.34,24.68,-1.08,-0.26,27.3,27.66,0.0,-0.36,52,42
2012-05-06 23:00:00,23,837.6,932.0,22.7,22.87,0.0,-0.17,19.64,19.86,0.0,-0.22,49,41
2012-05-07 00:00:00,0,753.1,862.0,18.17,18.35,0.0,-0.18,17.48,17.67,0.0,-0.19,47,40
2012-05-07 01:00:00,1,718.0,832.0,17.76,17.93,0.0,-0.17,17.43,17.62,0.0,-0.19,45,39
2012-05-07 02:00:00,2,712.1,822.0,17.22,17.37,0.0,-0.15,18.37,18.57,0.0,-0.2,42,39
2012-05-07 03:00:00,3,713.8,829.0,17.25,17.41,0.0,-0.16,18.27,18.48,0.0,-0.21,40,38
2012-05-07 04:00:00,4,746.1,861.0,17.4,17.54,0.0,-0.14,18.39,18.61,0.0,-0.22,39,37
2012-05-07 05:00:00,5,860.3,966.0,18.49,18.71,0.0,-0.22,18.23,18.44,0.0,-0.21,37,36
2012-05-07 06:00:00,6,1006.2,1143.0,21.74,22.66,-0.61,-0.31,22.68,22.94,0.0,-0.26,38,37
2012-05-07 07:00:00,7,1133.4,1258.0,24.17,25.46,-1.05,-0.24,27.26,27.61,0.0,-0.35,42,40
2012-05-07 08:00:00,8,1179.5,1293.0,29.32,31.22,-1.59,-0.31,33.46,36.81,-2.85,-0.5,47,41
2012-05-07 09:00:00,9,1218.8,1324.0,30.01,31.86,-1.55,-0.3,30.11,30.48,0.0,-0.37,53,42
2012-05-07 10:00:00,10,1243.9,1347.0,30.13,32.4,-1.97,-0.3,28.28,28.59,0.0,-0.31,59,45
2012-05-07 11:00:00,11,1253.4,1360.0,30.48,32.98,-2.17,-0.33,30.92,31.21,0.0,-0.29,64,39
2012-05-07 12:00:00,12,1243.7,1359.0,31.61,34.03,-2.05,-0.37,32.3,32.61,0.0,-0.31,66,38
2012-05-07 13:00:00,13,1236.2,1363.0,30.23,32.33,-1.7,-0.4,39.66,40.08,0.0,-0.42,68,37
2012-05-07 14:00:00,14,1223.1,1348.0,30.17,33.16,-2.53,-0.46,27.8,30.11,-1.97,-0.34,69,36
2012-05-07 15:00:00,15,1216.8,1333.0,28.95,31.22,-1.84,-0.43,39.05,41.22,-1.68,-0.49,69,34
2012-05-07 16:00:00,16,1218.3,1330.0,28.17,30.09,-1.56,-0.36,28.05,30.72,-2.3,-0.37,71,37
2012-05-07 17:00:00,17,1218.9,1331.0,27.24,29.82,-2.21,-0.37,20.2,20.87,-0.47,-0.2,70,37
2012-05-07 18:00:00,18,1231.5,1328.0,25.37,28.47,-2.77,-0.33,21.43,21.63,0.0,-0.2,67,39
2012-05-07 19:00:00,19,1242.8,1352.0,27.64,29.68,-1.76,-0.28,29.14,29.46,0.0,-0.32,63,37
2012-05-07 20:00:00,20,1242.5,1378.0,32.3,34.3,-1.66,-0.34,27.86,28.87,-0.74,-0.27,59,36
2012-05-07 21:00:00,21,1191.5,1268.0,22.45,24.08,-1.48,-0.15,18.0,19.27,-1.14,-0.13,57,34
2012-05-07 22:00:00,22,1019.8,1120.0,21.96,23.31,-1.18,-0.17,15.86,15.94,0.0,-0.08,55,33
2012-05-07 23:00:00,23,899.7,995.0,18.54,18.73,0.0,-0.19,14.25,14.34,0.0,-0.09,54,36
2012-05-08 00:00:00,0,819.1,915.0,17.79,17.95,0.0,-0.16,16.14,16.28,0.0,-0.14,54,39
2012-05-08 01:00:00,1,763.2,872.0,17.97,18.19,0.0,-0.22,14.73,14.87,0.0,-0.14,53,42
2012-05-08 02:00:00,2,753.1,852.0,17.78,17.96,0.0,-0.18,15.42,15.58,0.0,-0.16,54,44
2012-05-08 03:00:00,3,746.2,850.0,17.18,17.35,0.0,-0.17,15.18,15.33,0.0,-0.15,54,45
2012-05-08 04:00:00,4,774.9,886.0,17.8,17.97,0.0,-0.17,1.32,1.33,0.0,-0.01,53,45
2012-05-08 05:00:00,5,884.2,989.0,17.86,18.0,0.0,-0.14,16.44,16.56,0.0,-0.12,51,47
2012-05-08 06:00:00,6,1059.3,1173.0,18.61,18.73,0.0,-0.12,17.78,17.88,0.0,-0.1,50,49
2012-05-08 07:00:00,7,1192.6,1295.0,21.68,21.94,-0.26,0.0,18.18,18.88,-0.65,-0.05,49,47
2012-05-08 08:00:00,8,1202.7,1338.0,24.54,25.35,-0.79,-0.02,17.45,19.61,-2.11,-0.05,48,46
2012-05-08 09:00:00,9,1271.6,1368.0,22.95,23.92,-0.86,-0.11,19.55,21.46,-1.83,-0.08,47,45
2012-05-08 10:00:00,10,1297.4,1391.0,26.61,28.54,-1.83,-0.1,20.17,22.47,-2.19,-0.11,47,45
2012-05-08 11:00:00,11,1338.9,1396.0,27.29,28.77,-1.42,-0.06,17.95,20.45,-2.43,-0.07,49,47
2012-05-08 12:00:00,12,1325.1,1388.0,24.77,26.2,-1.35,-0.08,18.99,21.5,-2.44,-0.07,49,47
2012-05-08 13:00:00,13,1319.6,1391.0,26.87,28.98,-1.97,-0.14,21.72,24.27,-2.38,-0.17,50,47
2012-05-08 14:00:00,14,1304.1,1372.0,22.05,23.62,-1.48,-0.09,19.71,22.4,-2.5,-0.19,50,47
2012-05-08 15:00:00,15,1282.2,1370.0,25.74,27.71,-1.81,-0.16,18.38,21.32,-2.77,-0.17,49,47
2012-05-08 16:00:00,16,1256.4,1394.0,26.27,28.49,-2.02,-0.2,19.47,22.34,-2.71,-0.16,49,47
2012-05-08 17:00:00,17,1260.4,1428.0,27.04,27.18,0.0,-0.14,25.05,27.66,-2.4,-0.21,48,47
2012-05-08 18:00:00,18,1232.1,1428.0,22.03,22.17,0.0,-0.14,20.92,23.68,-2.62,-0.14,49,47
2012-05-08 19:00:00,19,1270.4,1424.0,22.84,23.0,0.0,-0.16,21.39,24.12,-2.59,-0.14,49,48
2012-05-08 20:00:00,20,1306.2,1394.0,25.29,25.43,0.0,-0.14,17.72,20.61,-2.79,-0.1,50,49
2012-05-08 21:00:00,21,1152.7,1291.0,22.02,22.12,0.0,-0.1,20.83,23.26,-2.3,-0.13,50,50
2012-05-08 22:00:00,22,1018.5,1143.0,19.82,20.01,0.0,-0.19,19.19,19.71,-0.36,-0.16,51,51
2012-05-08 23:00:00,23,894.8,1018.0,19.02,19.29,0.0,-0.27,19.03,19.25,0.0,-0.22,53,52
2012-05-09 00:00:00,0,747.1,939.0,17.5,17.71,0.0,-0.21,19.19,19.43,0.0,-0.24,53,53
2012-05-09 01:00:00,1,751.0,898.0,15.88,16.05,0.0,-0.17,17.73,17.97,0.0,-0.24,54,53
2012-05-09 02:00:00,2,731.4,879.0,13.57,13.71,0.0,-0.14,19.58,19.83,0.0,-0.25,54,54
2012-05-09 03:00:00,3,727.6,870.0,12.89,13.03,0.0,-0.14,19.01,19.24,0.0,-0.23,54,54
2012-05-09 04:00:00,4,754.3,907.0,13.89,14.01,0.0,-0.12,19.16,19.38,0.0,-0.22,50,50
2012-05-09 05:00:00,5,833.8,1013.0,18.42,18.68,0.0,-0.26,25.68,25.95,0.0,-0.27,49,49
2012-05-09 06:00:00,6,1038.5,1186.0,21.78,21.94,0.0,-0.16,27.37,27.53,0.0,-0.16,49,49
2012-05-09 07:00:00,7,1168.7,1312.0,24.77,26.28,-1.34,-0.17,34.3,34.66,-0.18,-0.18,49,49
2012-05-09 08:00:00,8,1199.9,1343.0,24.87,26.85,-1.8,-0.18,29.62,29.75,0.0,-0.13,49,49
2012-05-09 09:00:00,9,1235.6,1366.0,28.48,29.35,-0.75,-0.12,22.29,24.07,-1.73,-0.05,51,51
2012-05-09 10:00:00,10,1307.8,1390.0,28.74,30.37,-1.59,-0.04,34.63,36.27,-1.51,-0.13,52,52
2012-05-09 11:00:00,11,1315.2,1402.0,30.08,31.86,-1.72,-0.06,34.27,36.1,-1.7,-0.13,52,52
2012-05-09 12:00:00,12,1336.4,1396.0,29.86,32.17,-2.25,-0.06,26.87,28.88,-1.87,-0.14,57,54
2012-05-09 13:00:00,13,1325.2,1392.0,30.57,32.86,-2.2,-0.09,22.56,24.86,-2.19,-0.11,61,56
2012-05-09 14:00:00,14,1361.2,1379.0,29.67,31.94,-2.21,-0.06,20.37,22.33,-1.87,-0.09,62,57
2012-05-09 15:00:00,15,1341.8,1375.0,29.11,31.54,-2.33,-0.1,25.48,27.21,-1.55,-0.18,62,57
2012-05-09 16:00:00,16,1341.1,1387.0,28.7,30.53,-1.77,-0.06,34.14,35.42,-1.08,-0.2,62,58
2012-05-09 17:00:00,17,1302.6,1408.0,28.3,30.15,-1.67,-0.18,43.73,44.86,-0.79,-0.34,62,58
2012-05-09 18:00:00,18,1239.7,1409.0,25.8,27.79,-1.72,-0.27,23.55,25.5,-1.78,-0.17,61,60
2012-05-09 19:00:00,19,1272.3,1408.0,24.93,26.84,-1.73,-0.18,25.28,27.06,-1.61,-0.17,61,60
2012-05-09 20:00:00,20,1290.2,1406.0,31.05,32.78,-1.53,-0.2,28.09,29.76,-1.46,-0.21,60,60
2012-05-09 21:00:00,21,1177.4,1301.0,23.77,25.27,-1.25,-0.25,25.53,27.32,-1.54,-0.25,60,59
2012-05-09 22:00:00,22,1006.9,1153.0,21.63,21.82,0.0,-0.19,17.82,18.62,-0.7,-0.1,60,60
2012-05-09 23:00:00,23,876.0,1029.0,18.05,18.25,0.0,-0.2,17.41,17.47,0.0,-0.06,60,59
2012-05-10 00:00:00,0,754.4,946.0,18.48,18.62,0.0,-0.14,20.78,20.93,0.0,-0.15,59,59
2012-05-10 01:00:00,1,711.0,903.0,18.13,18.29,0.0,-0.16,19.65,19.82,0.0,-0.17,60,59
2012-05-10 02:00:00,2,724.8,878.0,17.55,17.66,0.0,-0.11,19.63,19.82,0.0,-0.19,59,58
2012-05-10 03:00:00,3,719.1,874.0,17.5,17.6,0.0,-0.1,19.61,19.8,0.0,-0.19,56,54
2012-05-10 04:00:00,4,746.0,907.0,17.86,17.95,0.0,-0.09,19.54,19.72,0.0,-0.18,55,53
2012-05-10 05:00:00,5,847.6,1005.0,18.61,18.73,0.0,-0.12,19.26,19.39,0.0,-0.13,53,52
2012-05-10 06:00:00,6,1034.1,1176.0,21.29,21.29,0.0,0.0,19.11,19.13,0.0,-0.02,51,50
2012-05-10 07:00:00,7,1146.0,1304.0,25.95,27.08,-1.0,-0.13,30.77,30.86,0.0,-0.09,51,50
2012-05-10 08:00:00,8,1138.6,1343.0,29.66,31.28,-1.36,-0.26,31.06,31.42,-0.18,-0.18,52,50
2012-05-10 09:00:00,9,1175.8,1364.0,30.28,32.11,-1.62,-0.21,31.55,31.84,-0.1,-0.19,52,51
2012-05-10 10:00:00,10,1200.7,1386.0,31.47,33.31,-1.64,-0.2,32.19,33.02,-0.62,-0.21,54,52
2012-05-10 11:00:00,11,1210.5,1391.0,31.25,33.09,-1.64,-0.2,29.88,30.66,-0.57,-0.21,58,52
2012-05-10 12:00:00,12,1200.3,1382.0,30.79,33.07,-2.03,-0.25,21.92,23.11,-1.01,-0.18,61,49
2012-05-10 13:00:00,13,1196.2,1381.0,31.4,33.42,-1.74,-0.28,22.25,23.05,-0.59,-0.21,59,49
2012-05-10 14:00:00,14,1181.5,1359.0,29.64,31.79,-1.86,-0.29,22.22,22.45,0.0,-0.23,63,48
2012-05-10 15:00:00,15,1141.1,1339.0,27.02,28.89,-1.6,-0.27,19.48,19.65,0.0,-0.17,64,46
2012-05-10 16:00:00,16,1133.1,1337.0,28.31,30.38,-1.77,-0.3,19.73,19.92,0.0,-0.19,54,49
2012-05-10 17:00:00,17,1133.8,1344.0,27.03,28.6,-1.29,-0.28,19.68,19.89,0.0,-0.21,57,48
2012-05-10 18:00:00,18,1177.8,1341.0,28.12,29.95,-1.52,-0.31,18.7,18.91,0.0,-0.21,54,46
2012-05-10 19:00:00,19,1182.8,1357.0,28.02,29.95,-1.59,-0.34,19.27,19.47,0.0,-0.2,53,46
2012-05-10 20:00:00,20,1182.9,1376.0,31.78,33.57,-1.36,-0.43,22.08,22.3,0.0,-0.22,51,47
2012-05-10 21:00:00,21,1103.9,1289.0,26.39,28.25,-1.5,-0.36,20.7,20.97,0.0,-0.27,50,45
2012-05-10 22:00:00,22,970.5,1143.0,23.73,24.04,-0.02,-0.29,18.61,18.92,0.0,-0.31,50,44
2012-05-10 23:00:00,23,854.8,1016.0,19.45,19.73,0.0,-0.28,16.55,16.77,0.0,-0.22,49,41
2012-05-11 00:00:00,0,773.9,936.0,18.51,18.7,0.0,-0.19,17.98,18.25,0.0,-0.27,47,40
2012-05-11 01:00:00,1,727.3,892.0,17.83,18.0,0.0,-0.17,17.97,18.23,0.0,-0.26,45,41
2012-05-11 02:00:00,2,700.9,871.0,17.32,17.47,0.0,-0.15,12.36,12.52,0.0,-0.16,44,38
2012-05-11 03:00:00,3,687.7,871.0,15.62,15.76,0.0,-0.14,17.38,17.56,0.0,-0.18,40,38
2012-05-11 04:00:00,4,708.9,907.0,17.32,17.47,0.0,-0.15,19.07,19.26,0.0,-0.19,42,38
2012-05-11 05:00:00,5,804.3,994.0,18.43,18.56,0.0,-0.13,17.81,18.02,0.0,-0.21,44,39
2012-05-11 06:00:00,6,969.5,1170.0,20.07,21.21,-0.93,-0.21,19.12,19.3,0.0,-0.18,44,39
2012-05-11 07:00:00,7,1082.6,1278.0,21.35,22.94,-1.41,-0.18,21.96,22.18,0.0,-0.22,48,38
2012-05-11 08:00:00,8,1094.4,1313.0,22.15,23.67,-1.37,-0.15,19.9,20.06,0.0,-0.16,50,36
2012-05-11 09:00:00,9,1144.5,1339.0,22.21,24.0,-1.64,-0.15,26.5,26.72,0.0,-0.22,53,36
2012-05-11 10:00:00,10,1161.2,1356.0,22.26,24.2,-1.83,-0.11,24.44,24.64,0.0,-0.2,52,34
2012-05-11 11:00:00,11,1164.0,1355.0,22.22,24.0,-1.65,-0.13,31.03,31.34,0.0,-0.31,56,32
2012-05-11 12:00:00,12,1143.7,1337.0,22.02,23.81,-1.66,-0.13,21.54,21.76,0.0,-0.22,59,31
2012-05-11 13:00:00,13,1123.3,1331.0,22.02,23.83,-1.65,-0.16,19.18,19.38,0.0,-0.2,59,29
2012-05-11 14:00:00,14,1112.9,1306.0,20.75,22.5,-1.6,-0.15,19.49,19.7,0.0,-0.21,60,29
2012-05-11 15:00:00,15,1087.3,1289.0,22.12,24.0,-1.65,-0.23,19.16,19.4,0.0,-0.24,61,32
2012-05-11 16:00:00,16,1081.1,1278.0,21.42,23.28,-1.68,-0.18,19.1,19.34,0.0,-0.24,60,32
2012-05-11 17:00:00,17,1071.5,1270.0,21.43,23.15,-1.52,-0.2,19.23,19.48,0.0,-0.25,64,29
2012-05-11 18:00:00,18,1080.0,1256.0,19.54,21.2,-1.49,-0.17,18.82,19.04,0.0,-0.22,65,28
2012-05-11 19:00:00,19,1116.8,1257.0,20.41,22.13,-1.57,-0.15,18.44,18.58,0.0,-0.14,62,29
2012-05-11 20:00:00,20,1130.9,1304.0,23.86,25.81,-1.71,-0.24,20.99,21.21,0.0,-0.22,58,29
2012-05-11 21:00:00,21,1069.4,1248.0,21.46,23.37,-1.65,-0.26,22.18,22.44,0.0,-0.26,49,33
2012-05-11 22:00:00,22,923.3,1134.0,18.48,20.22,-1.54,-0.2,19.19,19.48,0.0,-0.29,45,38
2012-05-11 23:00:00,23,800.6,1008.0,18.71,19.82,-0.75,-0.36,18.61,18.97,0.0,-0.36,41,39
2012-05-12 00:00:00,0,778.7,919.0,18.42,18.75,0.0,-0.33,18.27,18.57,0.0,-0.3,39,37
2012-05-12 01:00:00,1,719.0,874.0,18.14,18.45,0.0,-0.31,18.01,18.32,0.0,-0.31,37,35
2012-05-12 02:00:00,2,692.7,850.0,16.62,16.88,0.0,-0.26,17.58,17.87,0.0,-0.29,35,34
2012-05-12 03:00:00,3,679.6,845.0,16.89,17.14,0.0,-0.25,16.96,17.23,0.0,-0.27,34,33
2012-05-12 04:00:00,4,682.1,855.0,17.05,17.25,0.0,-0.2,17.57,17.82,0.0,-0.25,34,32
2012-05-12 05:00:00,5,728.5,888.0,16.89,17.04,0.0,-0.15,18.0,18.22,0.0,-0.22,33,31
2012-05-12 06:00:00,6,762.0,960.0,17.16,17.31,0.0,-0.15,16.7,16.84,0.0,-0.14,31,31
2012-05-12 07:00:00,7,840.2,1066.0,18.34,18.38,0.0,-0.04,23.07,23.2,0.0,-0.13,37,36
2012-05-12 08:00:00,8,975.0,1154.0,20.15,20.12,0.0,0.03,26.23,26.35,0.0,-0.12,46,39
2012-05-12 09:00:00,9,1035.4,1202.0,26.86,26.85,0.0,0.01,27.79,27.94,0.0,-0.15,54,38
2012-05-12 10:00:00,10,1087.2,1210.0,28.41,28.35,0.0,0.06,30.45,30.64,0.0,-0.19,65,30
2012-05-12 11:00:00,11,1095.3,1207.0,32.17,32.21,0.0,-0.04,31.11,31.3,0.0,-0.19,68,24
2012-05-12 12:00:00,12,1058.3,1190.0,27.77,27.83,0.0,-0.06,26.19,26.38,0.0,-0.19,71,25
2012-05-12 13:00:00,13,1053.4,1173.0,27.96,28.01,0.0,-0.05,23.43,23.64,0.0,-0.21,72,27
2012-05-12 14:00:00,14,1035.2,1163.0,25.7,25.75,0.0,-0.05,25.17,25.4,-0.01,-0.22,76,28
2012-05-12 15:00:00,15,1052.9,1162.0,27.14,27.14,0.0,0.0,26.07,26.97,-0.7,-0.2,77,30
2012-05-12 16:00:00,16,1076.2,1176.0,28.41,28.44,0.0,-0.03,25.35,25.53,0.0,-0.18,79,31
2012-05-12 17:00:00,17,1076.7,1193.0,30.01,30.04,0.0,-0.03,28.66,28.83,0.0,-0.17,79,34
2012-05-12 18:00:00,18,1033.5,1195.0,29.49,29.58,0.0,-0.09,27.45,27.57,0.0,-0.12,79,36
2012-05-12 19:00:00,19,1032.7,1200.0,29.53,29.63,0.0,-0.1,18.52,18.58,0.0,-0.06,77,36
2012-05-12 20:00:00,20,1134.4,1243.0,33.22,33.27,0.0,-0.05,28.64,28.72,0.0,-0.08,72,38
2012-05-12 21:00:00,21,1077.6,1191.0,27.12,27.2,0.0,-0.08,25.5,25.6,0.0,-0.1,62,44
2012-05-12 22:00:00,22,928.2,1086.0,21.98,22.15,0.0,-0.17,23.89,24.06,0.0,-0.17,58,46
2012-05-12 23:00:00,23,831.5,969.0,19.16,19.45,0.0,-0.29,19.2,19.4,0.0,-0.2,54,47
2012-05-13 00:00:00,0,754.6,884.0,18.34,18.56,0.0,-0.22,27.99,28.27,0.0,-0.28,53,46
2012-05-13 01:00:00,1,689.3,834.0,17.21,17.43,0.0,-0.22,22.85,23.12,0.0,-0.27,50,46
2012-05-13 02:00:00,2,662.7,803.0,16.14,16.33,0.0,-0.19,18.38,18.59,0.0,-0.21,48,45
2012-05-13 03:00:00,3,640.3,794.0,15.64,15.76,0.0,-0.12,17.36,17.53,0.0,-0.17,48,45
2012-05-13 04:00:00,4,651.0,796.0,14.65,14.76,0.0,-0.11,17.02,17.18,0.0,-0.16,45,44
2012-05-13 05:00:00,5,680.8,803.0,13.92,14.04,0.0,-0.12,16.76,16.91,0.0,-0.15,45,43
2012-05-13 06:00:00,6,677.7,847.0,15.71,15.86,0.0,-0.15,15.79,15.88,0.0,-0.09,44,43
2012-05-13 07:00:00,7,765.3,944.0,11.63,11.65,0.0,-0.02,17.09,17.09,0.0,0.0,48,45
2012-05-13 08:00:00,8,882.1,1059.0,19.33,19.35,0.0,-0.02,21.82,21.79,0.0,0.03,55,46
2012-05-13 09:00:00,9,959.4,1134.0,20.09,20.83,-0.78,0.04,19.52,19.5,0.0,0.02,59,47
2012-05-13 10:00:00,10,996.9,1165.0,23.24,23.85,-0.69,0.08,19.52,19.49,0.0,0.03,63,44
2012-05-13 11:00:00,11,1022.8,1182.0,27.62,27.9,-0.34,0.06,24.1,24.08,0.0,0.02,68,48
2012-05-13 12:00:00,12,1051.2,1186.0,27.29,27.55,-0.3,0.04,19.72,19.73,0.0,-0.01,75,49
2012-05-13 13:00:00,13,1061.4,1185.0,27.09,27.19,-0.13,0.03,18.6,18.62,0.0,-0.02,80,47
2012-05-13 14:00:00,14,1047.6,1183.0,25.33,25.3,0.0,0.03,19.54,19.57,0.0,-0.03,83,43
2012-05-13 15:00:00,15,1083.2,1191.0,26.39,26.25,0.0,0.14,24.04,24.05,0.0,-0.01,81,41
2012-05-13 16:00:00,16,1088.6,1209.0,28.88,28.81,0.0,0.07,31.93,31.93,0.0,0.0,81,43
2012-05-13 17:00:00,17,1109.3,1237.0,29.02,28.91,-0.02,0.13,30.28,30.27,0.0,0.01,81,44
2012-05-13 18:00:00,18,1088.2,1250.0,26.08,26.02,0.0,0.06,26.66,26.6,0.0,0.06,82,44
2012-05-13 19:00:00,19,1099.6,1272.0,27.29,27.27,0.0,0.02,29.64,29.56,0.0,0.08,80,47
2012-05-13 20:00:00,20,1167.8,1317.0,32.14,32.09,0.0,0.05,36.47,36.36,0.0,0.11,73,49
2012-05-13 21:00:00,21,1050.8,1241.0,25.9,25.95,0.0,-0.05,35.53,35.52,0.0,0.01,71,50
2012-05-13 22:00:00,22,924.1,1106.0,19.83,19.93,0.0,-0.1,24.16,24.3,0.0,-0.14,68,52
2012-05-13 23:00:00,23,819.0,988.0,18.92,19.42,-0.28,-0.22,18.79,18.96,0.0,-0.17,64,51
2012-05-14 00:00:00,0,726.6,914.0,17.72,17.9,0.0,-0.18,21.88,22.08,0.0,-0.2,62,50
2012-05-14 01:00:00,1,669.9,862.0,17.32,17.51,0.0,-0.19,19.18,19.44,0.0,-0.26,60,49
2012-05-14 02:00:00,2,673.7,840.0,13.32,13.47,0.0,-0.15,18.54,18.78,0.0,-0.24,57,49
2012-05-14 03:00:00,3,667.8,843.0,12.75,12.89,0.0,-0.14,18.66,18.86,0.0,-0.2,54,50
2012-05-14 04:00:00,4,698.5,875.0,13.78,13.9,0.0,-0.12,19.47,19.68,0.0,-0.21,55,50
2012-05-14 05:00:00,5,759.4,967.0,18.34,18.9,-0.45,-0.11,41.25,41.37,0.0,-0.12,54,50
2012-05-14 06:00:00,6,959.0,1151.0,19.97,21.46,-1.38,-0.11,32.79,32.66,0.0,0.13,56,52
2012-05-14 07:00:00,7,1105.1,1279.0,25.02,26.3,-1.24,-0.04,43.2,42.96,0.0,0.24,56,53
2012-05-14 08:00:00,8,1162.0,1332.0,24.02,25.42,-1.38,-0.02,51.1,50.97,0.0,0.13,57,53
2012-05-14 09:00:00,9,1203.0,1371.0,30.11,30.83,-0.74,0.02,54.62,54.39,0.0,0.23,56,54
2012-05-14 10:00:00,10,1204.1,1403.0,30.66,31.37,-0.7,-0.01,36.77,36.63,0.0,0.14,57,53
2012-05-14 11:00:00,11,1212.9,1418.0,30.58,31.31,-0.67,-0.06,28.03,27.93,0.0,0.1,58,54
2012-05-14 12:00:00,12,1209.4,1419.0,30.5,31.24,-0.65,-0.09,59.22,58.92,0.0,0.3,60,55
2012-05-14 13:00:00,13,1208.6,1417.0,30.46,31.01,-0.46,-0.09,45.44,45.29,0.0,0.15,62,55
2012-05-14 14:00:00,14,1186.5,1401.0,30.18,30.57,-0.43,0.04,26.3,26.22,0.0,0.08,64,56
2012-05-14 15:00:00,15,1196.5,1394.0,28.63,29.1,-0.48,0.01,47.17,46.98,0.0,0.19,64,57
2012-05-14 16:00:00,16,1191.2,1395.0,29.24,29.77,-0.5,-0.03,31.47,31.3,0.0,0.17,65,56
2012-05-14 17:00:00,17,1166.5,1419.0,27.17,28.08,-0.9,-0.01,35.14,34.91,0.0,0.23,63,57
2012-05-14 18:00:00,18,1169.3,1420.0,26.7,26.9,-0.15,-0.05,36.89,34.45,2.25,0.19,62,58
2012-05-14 19:00:00,19,1177.5,1419.0,27.65,28.47,-0.69,-0.13,42.6,40.63,1.79,0.18,61,57
2012-05-14 20:00:00,20,1220.4,1412.0,32.0,32.61,-0.5,-0.11,69.39,69.2,0.0,0.19,59,55
2012-05-14 21:00:00,21,1068.5,1302.0,23.64,24.42,-0.64,-0.14,39.71,39.68,0.0,0.03,57,55
2012-05-14 22:00:00,22,932.5,1151.0,20.53,20.71,0.0,-0.18,22.99,23.06,0.0,-0.07,56,55
2012-05-14 23:00:00,23,800.4,1024.0,18.5,18.72,0.0,-0.22,16.59,16.69,0.0,-0.1,55,55
2012-05-15 00:00:00,0,854.7,940.0,20.56,24.01,-3.4,-0.05,17.65,17.77,0.0,-0.12,56,55
2012-05-15 01:00:00,1,797.4,900.0,19.96,22.56,-2.55,-0.05,19.7,19.86,0.0,-0.16,56,55
2012-05-15 02:00:00,2,770.5,880.0,18.55,19.29,-0.66,-0.08,19.77,19.91,0.0,-0.14,56,55
2012-05-15 03:00:00,3,758.1,873.0,18.51,19.56,-0.96,-0.09,18.73,18.86,0.0,-0.13,56,56
2012-05-15 04:00:00,4,795.7,905.0,18.63,20.77,-2.1,-0.04,17.82,17.95,0.0,-0.13,57,56
2012-05-15 05:00:00,5,871.5,1000.0,22.01,22.59,-0.59,0.01,20.51,20.59,0.0,-0.08,57,57
2012-05-15 06:00:00,6,1047.0,1180.0,23.99,25.1,-1.23,0.12,30.27,30.21,0.0,0.06,57,57
2012-05-15 07:00:00,7,1210.3,1311.0,25.7,26.93,-1.13,-0.1,30.21,30.2,0.0,0.01,58,57
2012-05-15 08:00:00,8,1255.1,1356.0,28.05,29.42,-1.24,-0.13,25.31,25.42,0.0,-0.11,59,58
2012-05-15 09:00:00,9,1294.3,1395.0,27.08,28.7,-1.53,-0.09,34.67,34.82,0.0,-0.15,62,58
2012-05-15 10:00:00,10,1319.2,1430.0,27.32,29.06,-1.73,-0.01,41.21,41.32,0.0,-0.11,67,58
2012-05-15 11:00:00,11,1282.8,1444.0,28.33,29.66,-1.26,-0.07,40.48,40.58,0.0,-0.1,67,57
2012-05-15 12:00:00,12,1282.8,1447.0,29.19,30.21,-0.97,-0.05,43.13,45.28,-2.05,-0.1,70,56
2012-05-15 13:00:00,13,1274.8,1448.0,29.03,29.79,-0.69,-0.07,41.33,43.26,-1.73,-0.2,70,54
2012-05-15 14:00:00,14,1254.8,1428.0,27.14,28.03,-0.82,-0.07,36.7,37.51,-0.62,-0.19,70,53
2012-05-15 15:00:00,15,1239.8,1412.0,30.52,30.98,-0.43,-0.03,24.18,24.3,0.0,-0.12,70,53
2012-05-15 16:00:00,16,1235.3,1412.0,30.18,31.02,-0.77,-0.07,21.59,21.74,0.0,-0.15,69,53
2012-05-15 17:00:00,17,1229.3,1427.0,30.17,31.1,-0.85,-0.08,21.15,21.3,0.0,-0.15,62,56
2012-05-15 18:00:00,18,1232.5,1432.0,26.65,27.84,-1.09,-0.1,22.67,22.82,0.0,-0.15,61,56
2012-05-15 19:00:00,19,1247.1,1429.0,26.59,27.91,-1.18,-0.14,23.39,23.56,0.0,-0.17,60,55
2012-05-15 20:00:00,20,1244.5,1421.0,30.94,31.73,-0.56,-0.23,22.84,23.04,0.0,-0.2,59,58
2012-05-15 21:00:00,21,1160.1,1316.0,23.66,24.5,-0.65,-0.19,21.54,21.77,0.0,-0.23,59,58
2012-05-15 22:00:00,22,993.1,1165.0,21.39,22.86,-1.31,-0.16,18.21,18.35,0.0,-0.14,59,58
2012-05-15 23:00:00,23,865.2,1037.0,19.31,21.58,-2.08,-0.19,17.17,17.3,0.0,-0.13,59,58
2012-05-16 00:00:00,0,878.1,955.0,19.53,19.75,0.0,-0.22,17.63,17.8,0.0,-0.17,59,58
2012-05-16 01:00:00,1,837.4,911.0,19.04,19.21,0.0,-0.17,17.69,17.86,0.0,-0.17,59,58
2012-05-16 02:00:00,2,795.7,886.0,18.64,18.75,0.0,-0.11,12.55,12.66,0.0,-0.11,58,58
2012-05-16 03:00:00,3,780.2,882.0,18.52,18.61,0.0,-0.09,17.62,17.76,0.0,-0.14,58,57
2012-05-16 04:00:00,4,826.8,917.0,18.98,19.09,0.0,-0.11,18.16,18.32,0.0,-0.16,58,57
2012-05-16 05:00:00,5,895.3,1014.0,19.65,19.8,0.0,-0.15,16.87,16.97,0.0,-0.1,58,57
2012-05-16 06:00:00,6,1073.2,1189.0,20.2,21.39,-1.11,-0.08,18.92,19.0,0.0,-0.08,58,58
2012-05-16 07:00:00,7,1235.5,1318.0,22.71,24.11,-1.35,-0.05,23.32,23.45,0.0,-0.13,58,58
2012-05-16 08:00:00,8,1278.2,1368.0,23.77,25.08,-1.23,-0.08,24.89,25.01,0.0,-0.12,60,59
2012-05-16 09:00:00,9,1314.9,1403.0,27.58,29.01,-1.36,-0.07,23.54,23.62,0.0,-0.08,61,58
2012-05-16 10:00:00,10,1342.6,1434.0,28.79,30.43,-1.55,-0.09,21.79,21.87,0.0,-0.08,62,58
2012-05-16 11:00:00,11,1363.9,1449.0,29.37,30.52,-1.04,-0.11,24.19,24.32,0.0,-0.13,63,59
2012-05-16 12:00:00,12,1333.4,1447.0,27.68,28.76,-0.95,-0.13,21.86,21.99,0.0,-0.13,65,59
2012-05-16 13:00:00,13,1333.2,1452.0,28.79,29.08,-0.19,-0.1,21.27,21.37,0.0,-0.1,65,59
2012-05-16 14:00:00,14,1319.8,1438.0,28.87,29.16,-0.18,-0.11,25.04,25.23,0.0,-0.19,66,60
2012-05-16 15:00:00,15,1310.5,1432.0,29.84,29.97,-0.1,-0.03,27.0,84.64,-57.12,-0.52,68,60
2012-05-16 16:00:00,16,1309.4,1436.0,29.7,29.78,-0.06,-0.02,24.42,24.53,0.0,-0.11,70,61
2012-05-16 17:00:00,17,1295.5,1439.0,27.68,28.15,-0.43,-0.04,25.9,26.04,0.0,-0.14,73,61
2012-05-16 18:00:00,18,1296.4,1433.0,27.51,27.91,-0.26,-0.14,23.13,23.31,0.0,-0.18,73,62
2012-05-16 19:00:00,19,1303.5,1437.0,23.18,24.34,-1.01,-0.15,22.32,22.51,0.0,-0.19,72,62
2012-05-16 20:00:00,20,1366.7,1450.0,29.7,30.27,-0.43,-0.14,23.71,23.92,0.0,-0.21,65,62
2012-05-16 21:00:00,21,1239.4,1341.0,24.76,24.91,-0.01,-0.14,25.44,25.69,0.0,-0.25,66,62
2012-05-16 22:00:00,22,1031.8,1197.0,21.02,21.26,0.0,-0.24,26.56,26.88,0.0,-0.32,57,56
2012-05-16 23:00:00,23,908.2,1055.0,19.55,19.8,0.0,-0.25,18.49,18.71,0.0,-0.22,58,57
2012-05-17 00:00:00,0,865.3,973.0,17.79,17.95,0.0,-0.16,20.48,20.74,0.0,-0.26,58,58
2012-05-17 01:00:00,1,819.1,919.0,16.7,16.85,0.0,-0.15,19.85,20.11,0.0,-0.26,58,57
2012-05-17 02:00:00,2,774.0,888.0,14.84,14.98,0.0,-0.14,17.72,17.94,0.0,-0.22,57,57
2012-05-17 03:00:00,3,762.2,882.0,13.67,13.8,0.0,-0.13,13.05,13.21,0.0,-0.16,56,51
2012-05-17 04:00:00,4,789.7,906.0,14.91,15.03,0.0,-0.12,17.39,17.58,0.0,-0.19,53,46
2012-05-17 05:00:00,5,862.6,983.0,17.89,17.99,0.0,-0.1,17.33,17.5,0.0,-0.17,50,43
2012-05-17 06:00:00,6,1040.5,1161.0,23.52,23.65,0.0,-0.13,24.62,24.82,0.0,-0.2,50,42
2012-05-17 07:00:00,7,1149.8,1282.0,28.71,29.03,-0.14,-0.18,24.94,25.18,0.0,-0.24,52,43
2012-05-17 08:00:00,8,1200.0,1323.0,30.26,30.9,-0.42,-0.22,24.62,24.87,0.0,-0.25,54,42
2012-05-17 09:00:00,9,1274.9,1351.0,30.93,31.51,-0.4,-0.18,21.83,22.04,0.0,-0.21,55,36
2012-05-17 10:00:00,10,1297.1,1375.0,30.16,30.85,-0.54,-0.15,27.76,28.06,0.0,-0.3,58,35
2012-05-17 11:00:00,11,1305.1,1381.0,32.02,32.82,-0.52,-0.28,24.9,25.21,0.0,-0.31,60,33
2012-05-17 12:00:00,12,1304.3,1376.0,30.34,31.08,-0.47,-0.27,22.53,22.77,0.0,-0.24,63,32
2012-05-17 13:00:00,13,1307.4,1383.0,31.25,32.07,-0.57,-0.25,24.32,24.58,0.0,-0.26,64,32
2012-05-17 14:00:00,14,1233.9,1368.0,31.14,31.88,-0.44,-0.3,25.11,25.38,0.0,-0.27,65,31
2012-05-17 15:00:00,15,1210.5,1357.0,31.87,32.58,-0.48,-0.23,29.29,29.54,0.0,-0.25,65,30
2012-05-17 16:00:00,16,1173.0,1347.0,30.02,30.79,-0.53,-0.24,30.97,31.25,0.0,-0.28,66,28
2012-05-17 17:00:00,17,1212.5,1346.0,27.5,28.33,-0.65,-0.18,28.18,28.42,0.0,-0.24,66,28
2012-05-17 18:00:00,18,1199.4,1340.0,25.08,25.92,-0.71,-0.13,20.88,21.05,0.0,-0.17,66,29
2012-05-17 19:00:00,19,1213.8,1339.0,24.92,26.19,-1.03,-0.24,20.11,20.31,0.0,-0.2,65,30
2012-05-17 20:00:00,20,1266.3,1371.0,29.8,31.16,-1.1,-0.26,26.91,27.18,0.0,-0.27,61,32
2012-05-17 21:00:00,21,1176.7,1296.0,25.07,25.47,-0.2,-0.2,20.27,20.48,0.0,-0.21,51,39
2012-05-17 22:00:00,22,958.1,1151.0,21.33,21.63,-0.04,-0.26,21.98,22.24,0.0,-0.26,50,39
2012-05-17 23:00:00,23,865.9,1013.0,18.92,19.48,-0.37,-0.19,19.2,19.47,0.0,-0.27,44,42
2012-05-18 00:00:00,0,818.0,927.0,18.5,18.64,0.0,-0.14,17.59,17.8,0.0,-0.21,43,40
2012-05-18 01:00:00,1,778.9,886.0,18.17,18.26,0.0,-0.09,15.31,15.45,0.0,-0.14,40,39
2012-05-18 02:00:00,2,759.4,864.0,16.32,16.41,0.0,-0.09,13.19,13.29,0.0,-0.1,39,38
2012-05-18 03:00:00,3,755.3,861.0,14.97,15.04,0.0,-0.07,12.05,12.13,0.0,-0.08,37,36
2012-05-18 04:00:00,4,778.2,893.0,16.6,16.67,0.0,-0.07,16.33,16.42,0.0,-0.09,38,37
2012-05-18 05:00:00,5,874.7,969.0,18.95,18.99,0.0,-0.04,18.62,18.71,0.0,-0.09,36,35
2012-05-18 06:00:00,6,1017.6,1142.0,23.15,23.33,-0.25,0.07,20.81,20.78,0.0,0.03,36,36
2012-05-18 07:00:00,7,1129.1,1263.0,23.91,24.44,-0.52,-0.01,25.88,25.91,0.0,-0.03,43,40
2012-05-18 08:00:00,8,1162.6,1309.0,23.6,24.56,-0.97,0.01,32.35,32.41,0.0,-0.06,47,40
2012-05-18 09:00:00,9,1185.6,1343.0,26.77,27.32,-0.54,-0.01,29.1,29.18,0.0,-0.08,55,40
2012-05-18 10:00:00,10,1209.6,1369.0,25.92,26.55,-0.62,-0.01,31.51,31.62,0.0,-0.11,61,40
2012-05-18 11:00:00,11,1223.2,1374.0,28.65,28.8,-0.14,-0.01,32.2,32.36,0.0,-0.16,65,36
2012-05-18 12:00:00,12,1211.9,1369.0,28.2,28.24,0.0,-0.04,31.49,31.67,0.0,-0.18,68,36
2012-05-18 13:00:00,13,1204.8,1370.0,28.7,28.75,0.0,-0.05,28.63,28.79,0.0,-0.16,69,36
2012-05-18 14:00:00,14,1194.6,1362.0,27.91,27.98,0.0,-0.07,29.61,29.79,0.0,-0.18,70,36
2012-05-18 15:00:00,15,1180.7,1349.0,25.66,25.69,0.0,-0.03,29.15,29.3,0.0,-0.15,72,33
2012-05-18 16:00:00,16,1164.0,1340.0,27.71,27.72,0.0,-0.01,32.9,33.02,0.0,-0.12,73,35
2012-05-18 17:00:00,17,1147.9,1329.0,26.3,26.38,-0.03,-0.05,29.88,30.03,0.0,-0.15,73,35
2012-05-18 18:00:00,18,1144.8,1309.0,23.96,24.04,-0.04,-0.04,29.32,29.49,0.0,-0.17,73,36
2012-05-18 19:00:00,19,1156.8,1292.0,24.2,24.32,-0.02,-0.1,21.92,22.08,0.0,-0.16,69,40
2012-05-18 20:00:00,20,1184.5,1315.0,28.81,28.95,-0.04,-0.1,30.09,30.33,0.0,-0.24,63,43
2012-05-18 21:00:00,21,1124.6,1264.0,24.98,25.08,0.0,-0.1,22.86,23.02,0.0,-0.16,59,43
2012-05-18 22:00:00,22,996.2,1140.0,23.07,23.62,-0.44,-0.11,22.91,23.0,0.0,-0.09,57,40
2012-05-18 23:00:00,23,840.0,1018.0,22.18,22.39,0.0,-0.21,20.19,20.34,0.0,-0.15,52,41
2012-05-19 00:00:00,0,802.7,920.0,19.61,19.88,0.0,-0.27,19.56,19.83,0.0,-0.27,51,40
2012-05-19 01:00:00,1,735.8,862.0,18.28,18.47,0.0,-0.19,18.72,18.96,0.0,-0.24,48,42
2012-05-19 02:00:00,2,700.4,838.0,17.99,18.16,0.0,-0.17,18.4,18.62,0.0,-0.22,48,41
2012-05-19 03:00:00,3,667.8,828.0,15.28,15.43,0.0,-0.15,17.26,17.44,0.0,-0.18,47,42
2012-05-19 04:00:00,4,697.9,838.0,16.33,16.47,0.0,-0.14,17.48,17.65,0.0,-0.17,45,42
2012-05-19 05:00:00,5,734.3,864.0,18.1,18.23,0.0,-0.13,17.15,17.28,0.0,-0.13,43,41
2012-05-19 06:00:00,6,782.0,942.0,18.28,18.42,0.0,-0.14,17.05,17.13,0.0,-0.08,44,42
2012-05-19 07:00:00,7,844.9,1054.0,19.51,19.62,0.0,-0.11,19.11,19.14,0.0,-0.03,49,45
2012-05-19 08:00:00,8,969.7,1159.0,21.66,21.78,0.0,-0.12,19.94,20.04,0.0,-0.1,55,46
2012-05-19 09:00:00,9,1049.6,1222.0,21.36,21.53,0.0,-0.17,19.66,19.74,0.0,-0.08,60,46
2012-05-19 10:00:00,10,1078.8,1248.0,23.18,23.37,0.0,-0.19,20.56,20.68,0.0,-0.12,67,47
2012-05-19 11:00:00,11,1086.1,1261.0,23.17,23.39,0.0,-0.22,20.53,20.68,0.0,-0.15,73,46
2012-05-19 12:00:00,12,1087.2,1254.0,24.4,24.66,0.0,-0.26,22.86,23.05,0.0,-0.19,76,44
2012-05-19 13:00:00,13,1080.7,1249.0,25.49,25.77,0.0,-0.28,21.7,21.91,0.0,-0.21,77,43
2012-05-19 14:00:00,14,1071.5,1245.0,25.64,25.94,0.0,-0.3,22.12,22.32,0.0,-0.2,79,43
2012-05-19 15:00:00,15,1073.3,1251.0,25.68,25.97,0.0,-0.29,29.31,29.58,0.0,-0.27,80,43
2012-05-19 16:00:00,16,1074.0,1265.0,28.38,28.68,0.0,-0.3,29.85,30.09,0.0,-0.24,81,43
2012-05-19 17:00:00,17,1082.0,1280.0,27.63,27.89,0.0,-0.26,31.67,31.92,0.0,-0.25,82,44
2012-05-19 18:00:00,18,1067.2,1273.0,26.74,26.98,0.0,-0.24,25.75,25.93,0.0,-0.18,82,43
2012-05-19 19:00:00,19,1078.8,1258.0,25.58,25.87,-0.07,-0.22,27.04,27.27,0.0,-0.23,76,47
2012-05-19 20:00:00,20,1140.6,1284.0,29.88,30.15,0.0,-0.27,26.2,26.4,0.0,-0.2,71,47
2012-05-19 21:00:00,21,1097.0,1235.0,25.22,25.43,0.0,-0.21,25.63,25.87,0.0,-0.24,68,47
2012-05-19 22:00:00,22,963.7,1110.0,22.01,22.35,0.0,-0.34,19.16,19.37,0.0,-0.21,64,46
2012-05-19 23:00:00,23,844.9,1000.0,20.14,20.42,0.0,-0.28,19.7,19.85,0.0,-0.15,60,47
2012-05-20 00:00:00,0,749.2,918.0,19.26,19.73,-0.2,-0.27,20.08,20.31,0.0,-0.23,55,48
2012-05-20 01:00:00,1,695.8,864.0,17.7,18.08,-0.19,-0.19,19.77,19.99,0.0,-0.22,55,46
2012-05-20 02:00:00,2,663.1,832.0,16.64,16.99,-0.18,-0.17,18.6,18.78,0.0,-0.18,52,48
2012-05-20 03:00:00,3,651.3,819.0,14.9,15.23,-0.16,-0.17,13.83,13.92,0.0,-0.09,50,48
2012-05-20 04:00:00,4,648.5,822.0,14.95,15.27,-0.16,-0.16,19.47,19.59,0.0,-0.12,51,48
2012-05-20 05:00:00,5,659.0,821.0,14.99,15.29,-0.16,-0.14,18.01,18.11,0.0,-0.1,50,47
2012-05-20 06:00:00,6,681.0,870.0,15.01,15.31,-0.16,-0.14,12.41,12.44,0.0,-0.03,48,47
2012-05-20 07:00:00,7,754.5,971.0,11.98,12.19,-0.13,-0.08,17.6,17.66,0.0,-0.06,55,51
2012-05-20 08:00:00,8,856.3,1093.0,19.56,20.01,-0.2,-0.25,21.44,21.49,0.0,-0.05,60,51
2012-05-20 09:00:00,9,960.9,1178.0,20.52,21.04,-0.21,-0.31,28.26,28.41,0.0,-0.15,66,52
2012-05-20 10:00:00,10,1010.9,1228.0,22.3,22.84,-0.23,-0.31,28.56,28.73,0.0,-0.17,71,53
2012-05-20 11:00:00,11,1052.0,1268.0,23.44,23.98,-0.24,-0.3,30.83,31.07,0.0,-0.24,76,54
2012-05-20 12:00:00,12,1069.1,1287.0,24.31,24.87,-0.25,-0.31,30.43,30.66,0.0,-0.23,80,54
2012-05-20 13:00:00,13,1083.4,1290.0,23.22,23.73,-0.24,-0.27,29.67,29.87,0.0,-0.2,82,51
2012-05-20 14:00:00,14,1077.5,1295.0,20.81,21.27,-0.21,-0.25,29.97,30.14,0.0,-0.17,83,50
2012-05-20 15:00:00,15,1129.6,1306.0,24.1,24.6,-0.25,-0.25,32.03,41.3,-9.04,-0.23,84,50
2012-05-20 16:00:00,16,1142.2,1330.0,24.58,25.04,-0.26,-0.2,37.52,77.1,-39.2,-0.38,84,50
2012-05-20 17:00:00,17,1145.7,1356.0,26.06,26.55,-0.27,-0.22,36.37,69.81,-33.18,-0.26,83,50
2012-05-20 18:00:00,18,1126.4,1348.0,23.76,24.22,-0.25,-0.21,31.41,48.06,-16.41,-0.24,81,47
2012-05-20 19:00:00,19,1144.1,1335.0,20.96,21.54,-0.36,-0.22,30.45,31.88,-1.18,-0.25,77,45
2012-05-20 20:00:00,20,1206.1,1361.0,32.41,33.09,-0.33,-0.35,34.37,36.45,-1.78,-0.3,72,46
2012-05-20 21:00:00,21,1134.1,1283.0,23.66,24.24,-0.24,-0.34,28.92,30.45,-1.23,-0.3,68,44
2012-05-20 22:00:00,22,1006.9,1130.0,21.89,22.49,-0.23,-0.37,23.64,25.23,-1.32,-0.27,64,44
2012-05-20 23:00:00,23,870.5,1005.0,20.63,21.21,-0.22,-0.36,19.55,19.8,-0.09,-0.16,63,42
2012-05-21 00:00:00,0,772.1,929.0,18.14,18.22,0.0,-0.08,20.71,20.88,0.0,-0.17,59,43
2012-05-21 01:00:00,1,727.1,881.0,15.17,15.24,0.0,-0.07,20.55,20.78,0.0,-0.23,56,44
2012-05-21 02:00:00,2,709.9,862.0,15.09,15.17,0.0,-0.08,20.44,20.67,0.0,-0.23,54,44
2012-05-21 03:00:00,3,709.3,857.0,15.1,15.18,0.0,-0.08,19.73,19.94,0.0,-0.21,50,44
2012-05-21 04:00:00,4,741.5,891.0,15.53,15.61,0.0,-0.08,19.94,20.14,0.0,-0.2,50,45
2012-05-21 05:00:00,5,821.2,974.0,19.57,19.67,0.0,-0.1,18.9,19.0,0.0,-0.1,47,45
2012-05-21 06:00:00,6,995.2,1148.0,21.44,22.25,-0.81,0.0,19.88,19.89,0.0,-0.01,48,45
2012-05-21 07:00:00,7,1113.0,1291.0,27.78,28.72,-1.0,0.06,29.6,29.81,-0.16,-0.05,53,48
2012-05-21 08:00:00,8,1202.2,1358.0,24.85,26.43,-1.54,-0.04,30.73,30.83,0.0,-0.1,58,49
2012-05-21 09:00:00,9,1244.4,1412.0,32.32,33.35,-0.98,-0.05,38.23,39.24,-0.83,-0.18,64,49
2012-05-21 10:00:00,10,1264.5,1462.0,35.43,35.97,-0.45,-0.09,40.08,41.3,-1.05,-0.17,68,45
2012-05-21 11:00:00,11,1288.3,1491.0,34.2,35.32,-0.95,-0.17,40.8,42.58,-1.52,-0.26,73,46
2012-05-21 12:00:00,12,1262.9,1499.0,34.09,36.1,-1.79,-0.22,45.16,46.36,-0.88,-0.32,74,47
2012-05-21 13:00:00,13,1265.6,1515.0,35.39,38.0,-2.3,-0.31,45.3,46.78,-1.14,-0.34,76,49
2012-05-21 14:00:00,14,1263.4,1503.0,32.35,35.66,-3.0,-0.31,40.44,41.85,-1.11,-0.3,77,49
2012-05-21 15:00:00,15,1247.6,1484.0,30.69,33.72,-2.74,-0.29,37.14,38.89,-1.41,-0.34,78,53
2012-05-21 16:00:00,16,1236.6,1472.0,33.07,35.7,-2.38,-0.25,39.57,57.16,-17.11,-0.48,73,60
2012-05-21 17:00:00,17,1240.3,1466.0,32.86,35.35,-2.3,-0.19,33.58,55.29,-21.29,-0.42,70,60
2012-05-21 18:00:00,18,1201.0,1464.0,32.97,35.22,-1.97,-0.28,30.14,77.99,-47.36,-0.49,67,60
2012-05-21 19:00:00,19,1211.8,1463.0,32.86,33.55,-0.51,-0.18,37.27,106.67,-68.59,-0.81,64,59
2012-05-21 20:00:00,20,1259.6,1459.0,34.77,36.07,-1.05,-0.25,38.11,68.42,-29.82,-0.49,62,59
2012-05-21 21:00:00,21,1173.8,1349.0,25.79,25.92,0.0,-0.13,25.87,35.21,-9.04,-0.3,61,58
2012-05-21 22:00:00,22,1024.3,1187.0,24.2,24.28,0.0,-0.08,16.71,18.83,-2.02,-0.1,59,57
2012-05-21 23:00:00,23,886.5,1060.0,21.57,21.77,0.0,-0.2,21.74,23.63,-1.71,-0.18,58,57
2012-05-22 00:00:00,0,815.8,975.0,22.5,22.74,0.0,-0.24,22.14,22.5,-0.15,-0.21,58,57
2012-05-22 01:00:00,1,773.6,929.0,20.74,20.97,0.0,-0.23,23.2,23.43,0.0,-0.23,57,57
2012-05-22 02:00:00,2,759.1,908.0,20.5,20.69,0.0,-0.19,20.63,20.85,0.0,-0.22,57,57
2012-05-22 03:00:00,3,734.1,905.0,19.74,19.89,0.0,-0.15,20.56,20.74,0.0,-0.18,58,57
2012-05-22 04:00:00,4,768.1,939.0,20.67,20.88,0.0,-0.21,20.83,21.0,0.0,-0.17,58,57
2012-05-22 05:00:00,5,846.5,1022.0,22.75,22.93,0.0,-0.18,20.85,20.94,0.0,-0.09,59,57
2012-05-22 06:00:00,6,1044.8,1205.0,26.54,26.92,-0.38,0.0,25.07,25.05,0.0,0.02,59,57
2012-05-22 07:00:00,7,1129.3,1330.0,26.09,29.13,-2.92,-0.12,39.1,39.14,0.0,-0.04,59,58
2012-05-22 08:00:00,8,1165.3,1385.0,25.82,29.07,-3.19,-0.06,42.58,42.56,0.0,0.02,60,58
2012-05-22 09:00:00,9,1203.9,1426.0,28.24,31.69,-3.36,-0.09,39.75,39.81,0.0,-0.06,62,59
2012-05-22 10:00:00,10,1264.7,1462.0,29.79,32.86,-2.98,-0.09,44.52,44.68,0.0,-0.16,63,60
2012-05-22 11:00:00,11,1281.0,1472.0,30.26,33.15,-2.81,-0.08,41.83,42.56,-0.58,-0.15,62,61
2012-05-22 12:00:00,12,1295.8,1474.0,32.73,35.69,-2.82,-0.14,41.41,41.87,-0.25,-0.21,64,61
2012-05-22 13:00:00,13,1304.7,1477.0,31.46,34.49,-2.9,-0.13,39.7,40.84,-0.93,-0.21,65,62
2012-05-22 14:00:00,14,1304.0,1457.0,31.17,34.29,-3.01,-0.11,48.1,48.87,-0.47,-0.3,66,61
2012-05-22 15:00:00,15,1305.0,1448.0,32.4,35.52,-3.02,-0.1,38.31,39.42,-0.93,-0.18,66,62
2012-05-22 16:00:00,16,1325.0,1456.0,31.88,34.6,-2.69,-0.03,33.25,34.49,-1.17,-0.07,65,62
2012-05-22 17:00:00,17,1312.5,1467.0,31.47,34.25,-2.75,-0.03,42.48,42.85,-0.25,-0.12,65,62
2012-05-22 18:00:00,18,1310.9,1458.0,29.87,32.43,-2.53,-0.03,35.52,35.61,0.0,-0.09,64,61
2012-05-22 19:00:00,19,1314.3,1441.0,28.5,31.2,-2.65,-0.05,34.37,34.97,-0.51,-0.09,64,63
2012-05-22 20:00:00,20,1302.1,1442.0,31.41,33.52,-1.99,-0.12,35.3,35.96,-0.52,-0.14,62,61
2012-05-22 21:00:00,21,1211.4,1352.0,26.15,28.06,-2.0,0.09,37.64,37.72,-0.05,-0.03,62,61
2012-05-22 22:00:00,22,1065.7,1207.0,21.56,21.94,-0.35,-0.03,38.37,38.48,0.0,-0.11,62,60
2012-05-22 23:00:00,23,964.5,1068.0,21.15,21.22,0.0,-0.07,40.78,40.78,0.0,0.0,62,60
2012-05-23 00:00:00,0,881.8,979.0,19.36,19.31,0.0,0.05,21.86,21.86,0.0,0.0,62,60
2012-05-23 01:00:00,1,834.7,935.0,18.75,18.71,0.0,0.04,21.46,21.5,0.0,-0.04,61,60
2012-05-23 02:00:00,2,811.8,909.0,18.19,18.13,0.0,0.06,21.55,21.56,0.0,-0.01,62,60
2012-05-23 03:00:00,3,805.7,905.0,18.35,18.29,0.0,0.06,21.54,21.58,0.0,-0.04,61,60
2012-05-23 04:00:00,4,829.4,937.0,18.18,18.6,-0.53,0.11,21.49,21.51,0.0,-0.02,61,60
2012-05-23 05:00:00,5,915.8,1023.0,18.0,19.18,-1.29,0.11,22.09,22.09,0.0,0.0,61,60
2012-05-23 06:00:00,6,1079.3,1207.0,21.33,21.41,-0.15,0.07,28.02,27.97,0.0,0.05,61,60
2012-05-23 07:00:00,7,1202.2,1340.0,24.07,26.73,-2.69,0.03,35.46,35.48,0.0,-0.02,62,61
2012-05-23 08:00:00,8,1260.5,1392.0,25.43,28.25,-2.86,0.04,40.03,40.02,0.0,0.01,64,60
2012-05-23 09:00:00,9,1298.5,1438.0,28.75,31.16,-2.49,0.08,39.48,40.6,-1.16,0.04,65,60
2012-05-23 10:00:00,10,1363.1,1486.0,33.14,35.63,-2.53,0.04,38.52,39.81,-1.35,0.06,69,61
2012-05-23 11:00:00,11,1392.4,1516.0,33.33,36.32,-3.07,0.08,38.51,39.91,-1.48,0.08,71,61
2012-05-23 12:00:00,12,1398.2,1533.0,34.22,37.19,-2.91,-0.06,40.69,42.07,-1.38,0.0,73,60
2012-05-23 13:00:00,13,1406.1,1551.0,34.58,38.32,-3.61,-0.13,48.14,48.95,-0.81,0.0,76,60
2012-05-23 14:00:00,14,1395.4,1547.0,34.43,38.05,-3.55,-0.07,49.91,51.04,-1.16,0.03,78,59
2012-05-23 15:00:00,15,1390.9,1537.0,34.28,39.09,-4.77,-0.04,41.02,144.93,-104.54,0.63,78,60
2012-05-23 16:00:00,16,1393.1,1537.0,34.38,39.39,-4.95,-0.06,54.09,60.02,-5.95,0.02,78,62
2012-05-23 17:00:00,17,1360.3,1534.0,33.61,37.28,-3.67,0.0,38.68,42.4,-3.67,-0.05,78,62
2012-05-23 18:00:00,18,1346.2,1524.0,29.8,33.11,-3.3,-0.01,39.61,40.09,-0.37,-0.11,76,61
2012-05-23 19:00:00,19,1343.2,1510.0,28.57,32.02,-3.46,0.01,45.15,47.76,-2.61,0.0,75,62
2012-05-23 20:00:00,20,1334.9,1527.0,33.29,35.83,-2.5,-0.04,59.19,60.61,-1.47,0.05,72,62
2012-05-23 21:00:00,21,1244.3,1444.0,30.14,32.63,-2.56,0.07,51.3,51.33,-0.02,-0.01,67,63
2012-05-23 22:00:00,22,1099.7,1278.0,23.16,25.49,-2.37,0.04,25.19,25.24,0.0,-0.05,65,62
2012-05-23 23:00:00,23,954.4,1126.0,20.11,20.66,-0.59,0.04,22.07,22.01,0.0,0.06,63,61
2012-05-24 00:00:00,0,854.5,1024.0,26.07,26.21,0.0,-0.14,30.24,30.23,0.0,0.01,62,61
2012-05-24 01:00:00,1,803.2,971.0,23.65,23.79,0.0,-0.14,82.95,83.46,0.0,-0.51,62,60
2012-05-24 02:00:00,2,787.8,933.0,21.68,21.82,0.0,-0.14,25.84,25.97,0.0,-0.13,61,59
2012-05-24 03:00:00,3,783.7,926.0,21.71,21.81,0.0,-0.1,21.66,21.76,0.0,-0.1,60,59
2012-05-24 04:00:00,4,806.4,955.0,22.28,22.35,0.0,-0.07,22.86,22.94,0.0,-0.08,58,57
2012-05-24 05:00:00,5,854.9,1043.0,26.6,26.76,-0.13,-0.03,31.35,31.35,0.0,0.0,56,56
2012-05-24 06:00:00,6,1041.2,1224.0,27.14,27.14,-0.07,0.07,39.38,39.39,-0.1,0.09,57,57
2012-05-24 07:00:00,7,1181.4,1365.0,29.93,31.8,-1.9,0.03,33.33,35.22,-2.09,0.2,60,59
2012-05-24 08:00:00,8,1233.0,1423.0,32.15,34.04,-1.94,0.05,42.92,44.7,-2.02,0.24,63,61
2012-05-24 09:00:00,9,1274.7,1474.0,35.37,37.63,-2.24,-0.02,42.62,45.47,-3.07,0.22,65,61
2012-05-24 10:00:00,10,1350.3,1522.0,39.43,41.29,-1.9,0.04,40.62,42.67,-2.29,0.24,66,62
2012-05-24 11:00:00,11,1372.1,1557.0,39.84,41.93,-2.11,0.02,45.12,48.33,-3.31,0.1,70,62
2012-05-24 12:00:00,12,1398.5,1559.0,39.88,42.22,-2.34,0.0,30.61,33.47,-2.87,0.01,75,63
2012-05-24 13:00:00,13,1399.7,1568.0,39.79,42.4,-2.61,0.0,33.22,35.99,-2.75,-0.02,72,62
2012-05-24 14:00:00,14,1389.5,1565.0,39.77,42.93,-3.14,-0.02,32.33,35.22,-2.83,-0.06,72,63
2012-05-24 15:00:00,15,1381.4,1556.0,39.02,44.53,-5.52,0.01,31.14,34.03,-2.86,-0.03,71,62
2012-05-24 16:00:00,16,1378.5,1552.0,39.79,44.5,-4.75,0.04,32.56,35.37,-2.73,-0.08,75,61
2012-05-24 17:00:00,17,1343.8,1521.0,38.15,42.34,-4.19,0.0,30.63,33.54,-2.82,-0.09,75,59
2012-05-24 18:00:00,18,1336.5,1489.0,33.58,38.85,-5.23,-0.04,31.26,34.21,-2.84,-0.11,72,59
2012-05-24 19:00:00,19,1328.1,1470.0,32.78,36.78,-4.0,0.0,27.1,30.15,-2.97,-0.08,71,59
2012-05-24 20:00:00,20,1341.5,1489.0,35.19,37.82,-2.57,-0.06,31.86,34.67,-2.72,-0.09,66,59
2012-05-24 21:00:00,21,1228.0,1420.0,32.33,34.66,-2.28,-0.05,30.09,33.06,-2.82,-0.15,63,58
2012-05-24 22:00:00,22,1092.3,1258.0,28.79,30.26,-1.54,0.07,18.64,21.16,-2.5,-0.02,60,58
2012-05-24 23:00:00,23,1042.8,1112.0,26.41,26.8,-0.39,0.0,21.02,21.03,0.0,-0.01,60,58
2012-05-25 00:00:00,0,878.8,1018.0,23.66,23.92,-0.15,-0.11,22.95,23.01,0.0,-0.06,60,58
2012-05-25 01:00:00,1,828.1,964.0,22.47,22.53,0.0,-0.06,22.39,22.54,0.0,-0.15,59,58
2012-05-25 02:00:00,2,798.8,934.0,22.22,22.28,0.0,-0.06,22.5,22.61,0.0,-0.11,59,58
2012-05-25 03:00:00,3,792.7,928.0,21.96,22.01,0.0,-0.05,22.38,22.46,0.0,-0.08,58,58
2012-05-25 04:00:00,4,815.4,954.0,22.23,22.25,0.0,-0.02,22.05,22.1,0.0,-0.05,58,57
2012-05-25 05:00:00,5,900.0,1037.0,23.65,23.64,0.0,0.01,22.09,22.02,0.0,0.07,58,57
2012-05-25 06:00:00,6,1069.9,1201.0,24.24,25.26,-1.16,0.14,21.77,21.64,0.0,0.13,58,57
2012-05-25 07:00:00,7,1190.4,1329.0,30.5,30.44,0.0,0.06,26.2,26.04,0.0,0.16,58,57
2012-05-25 08:00:00,8,1236.1,1387.0,36.19,37.82,-1.77,0.14,23.97,23.8,0.0,0.17,59,58
2012-05-25 09:00:00,9,1276.0,1427.0,38.41,40.83,-2.6,0.18,24.33,24.2,0.0,0.13,60,59
2012-05-25 10:00:00,10,1338.5,1456.0,41.68,44.16,-2.71,0.23,28.75,28.68,0.0,0.07,60,58
2012-05-25 11:00:00,11,1356.3,1468.0,43.0,45.73,-2.88,0.15,28.67,28.63,0.0,0.04,61,59
2012-05-25 12:00:00,12,1358.1,1459.0,43.0,48.42,-5.54,0.12,32.89,32.93,0.0,-0.04,62,60
2012-05-25 13:00:00,13,1358.8,1455.0,43.8,49.49,-5.82,0.13,35.2,35.34,0.0,-0.14,66,61
2012-05-25 14:00:00,14,1353.1,1442.0,42.69,48.52,-5.86,0.03,36.35,36.54,0.0,-0.19,64,60
2012-05-25 15:00:00,15,1345.3,1436.0,43.44,49.18,-5.82,0.08,38.7,38.95,0.0,-0.25,66,61
2012-05-25 16:00:00,16,1318.5,1435.0,44.21,50.95,-6.78,0.04,37.04,37.27,0.0,-0.23,69,62
2012-05-25 17:00:00,17,1275.3,1434.0,38.97,45.64,-6.71,0.04,26.97,27.08,0.0,-0.11,70,63
2012-05-25 18:00:00,18,1258.4,1421.0,32.36,35.94,-3.47,-0.11,23.5,23.55,0.0,-0.05,70,64
2012-05-25 19:00:00,19,1258.3,1397.0,29.75,33.41,-3.64,-0.02,21.79,21.83,0.0,-0.04,68,64
2012-05-25 20:00:00,20,1285.4,1416.0,32.71,35.88,-3.21,0.04,22.5,22.52,0.0,-0.02,68,64
2012-05-25 21:00:00,21,1210.9,1370.0,29.97,34.63,-4.65,-0.01,26.26,26.34,0.0,-0.08,66,64
2012-05-25 22:00:00,22,1063.6,1244.0,24.91,28.66,-3.71,-0.04,24.89,25.01,0.0,-0.12,64,63
2012-05-25 23:00:00,23,934.3,1109.0,21.98,22.22,-0.2,-0.04,25.35,25.48,0.0,-0.13,65,63
2012-05-26 00:00:00,0,901.6,1008.0,21.93,22.68,-0.62,-0.13,35.8,36.02,0.0,-0.22,65,64
2012-05-26 01:00:00,1,835.2,951.0,21.01,21.29,-0.19,-0.09,32.24,32.47,0.0,-0.23,65,64
2012-05-26 02:00:00,2,806.0,920.0,21.57,21.65,0.0,-0.08,23.63,23.79,0.0,-0.16,64,63
2012-05-26 03:00:00,3,782.3,906.0,20.85,20.85,0.0,0.0,21.42,21.57,0.0,-0.15,64,63
2012-05-26 04:00:00,4,781.9,906.0,19.39,19.38,0.0,0.01,21.01,21.18,0.0,-0.17,64,63
2012-05-26 05:00:00,5,752.4,925.0,18.9,18.9,0.0,0.0,21.2,21.34,0.0,-0.14,64,63
2012-05-26 06:00:00,6,800.2,996.0,19.55,19.56,0.0,-0.01,16.97,17.02,0.0,-0.05,64,63
2012-05-26 07:00:00,7,919.0,1118.0,19.42,19.5,-0.13,0.05,22.31,22.33,0.0,-0.02,66,64
2012-05-26 08:00:00,8,1085.0,1251.0,25.33,25.24,0.0,0.09,32.62,32.56,0.0,0.06,70,65
2012-05-26 09:00:00,9,1203.6,1356.0,26.94,27.98,-1.06,0.02,25.06,25.01,0.0,0.05,73,66
2012-05-26 10:00:00,10,1249.2,1422.0,33.13,33.75,-0.72,0.1,36.29,36.25,0.0,0.04,76,66
2012-05-26 11:00:00,11,1281.7,1447.0,35.33,35.77,-0.54,0.1,38.68,38.69,0.0,-0.01,80,63
2012-05-26 12:00:00,12,1257.3,1453.0,40.64,41.71,-1.1,0.03,44.03,45.17,-1.04,-0.1,83,61
2012-05-26 13:00:00,13,1259.1,1449.0,39.75,40.92,-1.16,-0.01,40.47,41.03,-0.38,-0.18,82,58
2012-05-26 14:00:00,14,1290.4,1441.0,39.22,41.6,-2.3,-0.08,44.65,46.49,-1.54,-0.3,84,52
2012-05-26 15:00:00,15,1313.3,1452.0,41.55,43.94,-2.29,-0.1,47.88,49.8,-1.54,-0.38,86,49
2012-05-26 16:00:00,16,1308.4,1471.0,44.5,46.76,-2.13,-0.13,52.9,54.41,-1.11,-0.4,88,42
2012-05-26 17:00:00,17,1290.5,1475.0,41.57,44.03,-2.29,-0.17,45.02,46.24,-0.93,-0.29,87,42
2012-05-26 18:00:00,18,1215.8,1455.0,38.15,40.72,-2.36,-0.21,37.46,39.01,-1.28,-0.27,85,40
2012-05-26 19:00:00,19,1226.6,1416.0,32.88,35.28,-2.28,-0.12,34.73,36.19,-1.29,-0.17,82,45
2012-05-26 20:00:00,20,1261.2,1413.0,37.09,39.37,-2.23,-0.05,32.07,33.34,-1.2,-0.07,76,48
2012-05-26 21:00:00,21,1208.0,1360.0,33.98,36.6,-2.53,-0.09,35.57,35.71,0.0,-0.14,68,52
2012-05-26 22:00:00,22,1076.7,1226.0,27.19,27.35,-0.17,0.01,26.59,26.71,0.0,-0.12,63,55
2012-05-26 23:00:00,23,944.6,1093.0,25.61,25.76,0.0,-0.15,32.1,32.28,0.0,-0.18,62,54
2012-05-27 00:00:00,0,876.8,987.0,23.11,23.36,0.0,-0.25,26.8,27.05,0.0,-0.25,58,54
2012-05-27 01:00:00,1,830.6,925.0,21.59,21.78,0.0,-0.19,24.44,24.71,0.0,-0.27,56,54
2012-05-27 02:00:00,2,795.0,888.0,21.55,21.75,0.0,-0.2,23.92,24.2,0.0,-0.28,55,53
2012-05-27 03:00:00,3,775.8,867.0,20.99,21.17,0.0,-0.18,21.74,21.98,0.0,-0.24,53,52
2012-05-27 04:00:00,4,748.5,863.0,20.13,20.24,0.0,-0.11,21.21,21.43,0.0,-0.22,53,51
2012-05-27 05:00:00,5,665.1,856.0,18.39,18.54,0.0,-0.15,20.7,20.86,0.0,-0.16,52,51
2012-05-27 06:00:00,6,711.9,906.0,19.26,19.38,0.0,-0.12,20.87,20.96,0.0,-0.09,53,51
2012-05-27 07:00:00,7,807.5,998.0,18.99,19.05,0.0,-0.06,26.48,26.54,0.0,-0.06,57,53
2012-05-27 08:00:00,8,968.6,1126.0,21.62,21.65,0.0,-0.03,27.35,27.37,0.0,-0.02,63,53
2012-05-27 09:00:00,9,1047.5,1215.0,23.82,23.96,0.0,-0.14,22.81,22.86,0.0,-0.05,68,53
2012-05-27 10:00:00,10,1084.5,1263.0,23.88,24.22,-0.19,-0.15,22.72,22.78,0.0,-0.06,70,52
2012-05-27 11:00:00,11,1118.6,1291.0,27.14,27.83,-0.51,-0.18,28.62,28.75,0.0,-0.13,75,51
2012-05-27 12:00:00,12,1120.3,1302.0,27.22,28.13,-0.69,-0.22,30.48,30.66,0.0,-0.18,76,50
2012-05-27 13:00:00,13,1110.5,1302.0,25.82,26.79,-0.77,-0.2,30.0,30.19,0.0,-0.19,77,51
2012-05-27 14:00:00,14,1122.4,1303.0,27.35,28.76,-1.14,-0.27,29.63,29.85,0.0,-0.22,79,51
2012-05-27 15:00:00,15,1121.5,1309.0,26.45,28.63,-1.9,-0.28,32.46,32.73,0.0,-0.27,81,53
2012-05-27 16:00:00,16,1138.3,1323.0,30.21,32.27,-1.71,-0.35,32.74,33.07,0.0,-0.33,80,53
2012-05-27 17:00:00,17,1178.6,1331.0,31.95,33.87,-1.62,-0.3,32.89,33.19,0.0,-0.3,76,54
2012-05-27 18:00:00,18,1138.3,1315.0,22.75,24.89,-1.99,-0.15,22.39,22.52,0.0,-0.13,75,54
2012-05-27 19:00:00,19,1155.2,1296.0,22.72,24.2,-1.36,-0.12,20.6,20.66,0.0,-0.06,73,54
2012-05-27 20:00:00,20,1208.6,1314.0,36.75,36.97,0.0,-0.22,26.85,26.94,0.0,-0.09,69,54
2012-05-27 21:00:00,21,1128.2,1260.0,30.07,32.67,-2.28,-0.32,25.71,25.89,0.0,-0.18,66,52
2012-05-27 22:00:00,22,1020.2,1150.0,25.06,25.38,0.0,-0.32,38.13,38.55,0.0,-0.42,64,50
2012-05-27 23:00:00,23,903.8,1039.0,22.51,24.41,-1.72,-0.18,29.38,29.65,0.0,-0.27,62,49
2012-05-28 00:00:00,0,858.4,954.0,22.84,23.08,0.0,-0.24,33.98,34.33,0.0,-0.35,61,49
2012-05-28 01:00:00,1,815.4,904.0,21.59,21.78,0.0,-0.19,32.34,32.69,0.0,-0.35,60,50
2012-05-28 02:00:00,2,796.3,875.0,20.92,21.04,0.0,-0.12,23.66,23.92,0.0,-0.26,60,49
2012-05-28 03:00:00,3,733.5,864.0,21.54,21.75,0.0,-0.21,23.0,23.25,0.0,-0.25,59,49
2012-05-28 04:00:00,4,750.6,865.0,21.1,21.29,0.0,-0.19,21.88,22.11,0.0,-0.23,60,49
2012-05-28 05:00:00,5,726.5,874.0,20.46,20.56,0.0,-0.1,20.54,20.66,0.0,-0.12,58,49
2012-05-28 06:00:00,6,816.5,927.0,21.45,21.62,0.0,-0.17,21.35,21.44,0.0,-0.09,57,48
2012-05-28 07:00:00,7,980.0,1019.0,21.92,21.97,0.0,-0.05,18.59,18.61,0.0,-0.02,61,47
2012-05-28 08:00:00,8,1071.6,1155.0,24.11,24.12,0.0,-0.01,22.03,22.0,0.0,0.03,63,45
2012-05-28 09:00:00,9,1121.6,1255.0,27.18,27.34,0.0,-0.16,26.0,26.04,0.0,-0.04,66,47
2012-05-28 10:00:00,10,1201.0,1309.0,29.32,32.78,-3.31,-0.15,40.79,40.95,0.0,-0.16,68,48
2012-05-28 11:00:00,11,1217.5,1339.0,36.5,38.68,-1.93,-0.25,44.72,45.77,-0.78,-0.27,72,50
2012-05-28 12:00:00,12,1244.6,1359.0,33.35,36.21,-2.68,-0.18,47.96,50.14,-1.83,-0.35,73,51
2012-05-28 13:00:00,13,1226.8,1364.0,35.52,38.46,-2.69,-0.25,51.33,53.61,-1.81,-0.47,76,53
2012-05-28 14:00:00,14,1218.8,1369.0,35.77,38.61,-2.56,-0.28,60.3,62.32,-1.37,-0.65,77,54
2012-05-28 15:00:00,15,1229.0,1385.0,38.29,41.19,-2.6,-0.3,77.83,90.36,-11.57,-0.96,78,56
2012-05-28 16:00:00,16,1239.3,1411.0,40.01,43.3,-2.93,-0.36,79.82,118.15,-37.05,-1.28,78,57
2012-05-28 17:00:00,17,1233.7,1436.0,37.73,40.61,-2.55,-0.33,79.8,108.13,-27.25,-1.08,79,58
2012-05-28 18:00:00,18,1199.1,1425.0,33.64,36.8,-2.79,-0.37,47.01,48.63,-1.13,-0.49,74,57
2012-05-28 19:00:00,19,1212.6,1404.0,32.62,35.67,-2.73,-0.32,50.25,54.53,-3.65,-0.63,70,54
2012-05-28 20:00:00,20,1262.4,1420.0,36.84,39.81,-2.71,-0.26,66.26,81.25,-14.13,-0.86,65,53
2012-05-28 21:00:00,21,1166.3,1340.0,32.55,34.73,-1.89,-0.29,48.44,51.33,-2.38,-0.51,62,53
2012-05-28 22:00:00,22,1013.3,1180.0,27.64,27.99,0.0,-0.35,25.01,25.31,0.0,-0.3,61,53
2012-05-28 23:00:00,23,890.8,1048.0,23.75,24.0,0.0,-0.25,22.78,23.06,0.0,-0.28,60,53
2012-05-29 00:00:00,0,962.6,964.0,23.79,23.98,0.0,-0.19,25.12,25.45,0.0,-0.33,60,53
2012-05-29 01:00:00,1,905.4,922.0,23.03,23.23,0.0,-0.2,25.62,25.98,0.0,-0.36,59,54
2012-05-29 02:00:00,2,846.3,903.0,22.05,22.26,0.0,-0.21,34.13,34.55,0.0,-0.42,58,54
2012-05-29 03:00:00,3,832.6,898.0,21.53,21.71,0.0,-0.18,31.84,32.27,0.0,-0.43,58,55
2012-05-29 04:00:00,4,859.6,932.0,22.15,22.35,0.0,-0.2,24.04,24.32,0.0,-0.28,57,55
2012-05-29 05:00:00,5,893.0,1032.0,22.27,22.42,0.0,-0.15,25.19,25.41,0.0,-0.22,58,55
2012-05-29 06:00:00,6,1087.6,1216.0,27.23,27.25,0.0,-0.02,36.08,36.25,0.0,-0.17,57,56
2012-05-29 07:00:00,7,1224.2,1346.0,29.08,29.01,-0.05,0.12,41.42,42.24,-0.67,-0.15,57,56
2012-05-29 08:00:00,8,1281.4,1412.0,29.48,31.56,-2.21,0.13,45.25,54.76,-9.27,-0.24,58,56
2012-05-29 09:00:00,9,1344.2,1458.0,31.75,34.38,-2.59,-0.04,40.55,61.63,-20.56,-0.52,59,57
2012-05-29 10:00:00,10,1427.4,1497.0,35.61,38.38,-2.69,-0.08,47.29,95.22,-47.11,-0.82,61,58
2012-05-29 11:00:00,11,1469.4,1518.0,38.95,41.42,-2.39,-0.08,49.55,107.27,-56.7,-1.02,61,58
2012-05-29 12:00:00,12,1527.7,1518.0,39.23,43.74,-4.49,-0.02,66.47,169.12,-100.69,-1.96,62,58
2012-05-29 13:00:00,13,1535.0,1519.0,41.07,46.58,-5.49,-0.02,97.92,227.6,-127.31,-2.37,63,59
2012-05-29 14:00:00,14,1544.9,1506.0,41.53,47.15,-5.58,-0.04,264.04,334.09,-66.5,-3.55,64,59
2012-05-29 15:00:00,15,1524.7,1498.0,40.85,47.13,-6.21,-0.07,213.69,253.29,-35.46,-4.14,65,60
2012-05-29 16:00:00,16,1542.2,1499.0,41.12,48.94,-7.71,-0.11,48.54,70.43,-20.51,-1.38,65,61
2012-05-29 17:00:00,17,1500.7,1514.0,38.98,46.6,-7.5,-0.12,40.78,42.44,-0.94,-0.72,64,60
2012-05-29 18:00:00,18,1393.4,1515.0,33.95,37.9,-3.68,-0.27,34.48,35.0,0.0,-0.52,61,59
2012-05-29 19:00:00,19,1383.3,1497.0,32.48,35.55,-2.79,-0.28,33.94,34.41,0.0,-0.47,60,59
2012-05-29 20:00:00,20,1430.6,1447.0,35.51,38.28,-2.53,-0.24,32.69,33.32,-0.14,-0.49,60,59
2012-05-29 21:00:00,21,1348.3,1338.0,31.35,34.64,-3.39,0.1,24.06,25.55,-1.12,-0.37,60,59
2012-05-29 22:00:00,22,1173.3,1194.0,24.41,26.25,-1.74,-0.1,26.54,27.9,-0.81,-0.55,60,60
2012-05-29 23:00:00,23,1037.1,1072.0,23.72,23.62,0.35,-0.25,25.72,26.29,0.0,-0.57,60,59
2012-05-30 00:00:00,0,990.7,990.0,23.39,23.44,0.14,-0.19,30.2,30.89,0.07,-0.76,60,59
2012-05-30 01:00:00,1,946.8,947.0,21.64,21.54,0.24,-0.14,19.53,21.84,-1.8,-0.51,60,58
2012-05-30 02:00:00,2,909.4,922.0,21.67,21.77,0.09,-0.19,16.54,19.01,-2.05,-0.42,59,58
2012-05-30 03:00:00,3,891.5,923.0,21.57,21.5,0.24,-0.17,19.69,20.42,-0.32,-0.41,59,58
2012-05-30 04:00:00,4,913.4,957.0,21.61,21.8,-0.03,-0.16,20.29,20.71,0.0,-0.42,59,59
2012-05-30 05:00:00,5,991.3,1050.0,23.14,23.26,0.0,-0.12,21.24,21.59,0.0,-0.35,59,59
2012-05-30 06:00:00,6,1163.8,1232.0,24.93,24.86,0.0,0.07,22.9,23.18,0.0,-0.28,59,59
2012-05-30 07:00:00,7,1297.8,1365.0,31.87,34.04,-2.28,0.11,23.41,23.67,0.0,-0.26,60,60
2012-05-30 08:00:00,8,1326.7,1424.0,31.23,34.23,-2.95,-0.05,23.21,25.59,-2.13,-0.25,61,61
2012-05-30 09:00:00,9,1350.5,1470.0,35.01,41.95,-6.85,-0.09,28.49,31.34,-2.57,-0.28,62,61
2012-05-30 10:00:00,10,1410.0,1509.0,39.32,41.77,-2.2,-0.25,29.1,32.7,-3.29,-0.31,65,63
2012-05-30 11:00:00,11,1443.0,1532.0,42.17,47.81,-5.54,-0.1,28.79,33.66,-4.6,-0.27,69,63
2012-05-30 12:00:00,12,1514.2,1547.0,44.85,50.34,-5.45,-0.04,27.71,30.29,-2.32,-0.26,71,58
2012-05-30 13:00:00,13,1517.1,1567.0,44.87,55.65,-10.75,-0.03,29.52,32.1,-2.25,-0.33,73,57
2012-05-30 14:00:00,14,1510.7,1560.0,48.06,57.5,-9.41,-0.03,29.29,31.9,-2.26,-0.35,75,56
2012-05-30 15:00:00,15,1504.4,1552.0,49.34,58.63,-9.24,-0.05,29.21,31.86,-2.28,-0.37,77,56
2012-05-30 16:00:00,16,1448.8,1559.0,48.65,54.51,-5.67,-0.19,28.2,30.88,-2.39,-0.29,77,55
2012-05-30 17:00:00,17,1420.6,1555.0,41.0,44.95,-3.79,-0.16,28.71,31.39,-2.4,-0.28,74,59
2012-05-30 18:00:00,18,1363.4,1537.0,33.64,36.17,-2.36,-0.17,28.5,30.99,-2.2,-0.29,72,59
2012-05-30 19:00:00,19,1346.0,1531.0,33.71,36.16,-2.24,-0.21,27.47,28.99,-1.31,-0.21,70,61
2012-05-30 20:00:00,20,1385.0,1534.0,37.28,39.38,-1.94,-0.16,29.4,29.68,0.0,-0.28,68,62
2012-05-30 21:00:00,21,1279.9,1444.0,32.51,34.2,-1.65,-0.04,25.08,25.29,0.0,-0.21,67,61
2012-05-30 22:00:00,22,1125.8,1280.0,27.42,28.53,-0.97,-0.14,23.45,23.75,0.0,-0.3,66,58
2012-05-30 23:00:00,23,991.1,1133.0,21.46,21.38,0.24,-0.16,20.98,21.24,0.0,-0.26,62,58
2012-05-31 00:00:00,0,880.1,1039.0,19.87,20.06,0.0,-0.19,19.42,19.66,0.0,-0.24,62,59
2012-05-31 01:00:00,1,829.9,983.0,19.32,19.42,0.0,-0.1,20.5,20.77,0.0,-0.27,60,59
2012-05-31 02:00:00,2,794.1,950.0,19.3,19.41,0.0,-0.11,20.84,21.1,0.0,-0.26,60,59
2012-05-31 03:00:00,3,784.1,940.0,19.24,19.33,0.0,-0.09,20.64,20.89,0.0,-0.25,60,58
2012-05-31 04:00:00,4,806.6,964.0,19.09,19.17,0.0,-0.08,20.12,20.35,0.0,-0.23,57,56
2012-05-31 05:00:00,5,895.0,1046.0,19.81,19.91,0.0,-0.1,21.53,21.76,0.0,-0.23,57,56
2012-05-31 06:00:00,6,1044.7,1222.0,22.9,24.13,-1.07,-0.16,26.48,26.66,0.0,-0.18,56,55
2012-05-31 07:00:00,7,1173.0,1364.0,24.15,27.28,-3.04,-0.09,30.17,30.3,0.0,-0.13,61,58
2012-05-31 08:00:00,8,1226.8,1431.0,24.12,39.84,-15.41,-0.31,35.96,36.2,0.0,-0.24,66,54
2012-05-31 09:00:00,9,1285.2,1492.0,22.78,38.42,-15.57,-0.07,41.96,42.19,0.0,-0.23,69,53
2012-05-31 10:00:00,10,1333.9,1545.0,25.35,29.11,-3.79,0.03,46.9,47.13,0.0,-0.23,71,52
2012-05-31 11:00:00,11,1356.9,1569.0,29.1,32.67,-3.63,0.06,42.48,44.72,-2.04,-0.2,74,51
2012-05-31 12:00:00,12,1371.5,1579.0,33.31,35.99,-2.58,-0.1,42.88,44.38,-1.36,-0.14,76,51
2012-05-31 13:00:00,13,1376.2,1605.0,30.32,33.44,-3.0,-0.12,46.48,47.85,-1.16,-0.21,77,46
2012-05-31 14:00:00,14,1367.0,1604.0,36.74,39.51,-2.72,-0.05,40.25,42.61,-2.1,-0.26,77,46
2012-05-31 15:00:00,15,1366.0,1598.0,36.9,39.38,-2.49,0.01,41.05,44.08,-2.69,-0.34,76,45
2012-05-31 16:00:00,16,1364.3,1591.0,37.07,38.6,-1.6,0.07,45.8,47.39,-1.22,-0.37,78,45
2012-05-31 17:00:00,17,1334.1,1562.0,28.39,31.29,-2.78,-0.12,45.64,47.11,-1.14,-0.33,79,43
2012-05-31 18:00:00,18,1312.5,1530.0,24.67,26.89,-2.08,-0.14,35.41,37.22,-1.52,-0.29,77,44
2012-05-31 19:00:00,19,1272.7,1494.0,24.04,26.32,-2.12,-0.16,26.01,28.47,-2.27,-0.19,74,47
2012-05-31 20:00:00,20,1333.8,1499.0,24.14,26.82,-2.58,-0.1,32.64,34.32,-1.41,-0.27,69,49
2012-05-31 21:00:00,21,1254.4,1434.0,23.03,24.0,-0.85,-0.12,26.79,28.29,-1.23,-0.27,65,48
2012-05-31 22:00:00,22,1083.1,1268.0,23.4,23.47,0.0,-0.07,23.15,23.45,-0.01,-0.29,64,47
2012-05-31 23:00:00,23,948.2,1112.0,20.75,20.88,0.0,-0.13,23.03,23.29,0.0,-0.26,61,47
2012-06-01 00:00:00,0,873.7,1014.0,19.34,19.55,0.0,-0.21,24.36,24.66,0.0,-0.3,58,47
2012-06-01 01:00:00,1,815.9,953.0,17.88,18.05,0.0,-0.17,19.76,20.0,0.0,-0.24,56,48
2012-06-01 02:00:00,2,791.5,922.0,16.96,17.11,0.0,-0.15,19.61,19.85,0.0,-0.24,55,46
2012-06-01 03:00:00,3,778.1,909.0,15.34,15.47,0.0,-0.13,20.03,20.29,0.0,-0.26,53,46
2012-06-01 04:00:00,4,799.6,934.0,17.75,17.88,0.0,-0.13,20.96,21.2,0.0,-0.24,49,46
2012-06-01 05:00:00,5,891.4,998.0,19.19,19.32,0.0,-0.13,15.86,16.02,0.0,-0.16,48,46
2012-06-01 06:00:00,6,1036.5,1169.0,20.03,20.16,0.0,-0.13,16.62,16.7,0.0,-0.08,47,46
2012-06-01 07:00:00,7,1184.5,1305.0,23.45,24.72,-1.01,-0.26,19.63,19.89,-0.1,-0.16,54,49
2012-06-01 08:00:00,8,1278.8,1364.0,25.73,29.37,-3.37,-0.27,19.93,20.59,-0.53,-0.13,59,47
2012-06-01 09:00:00,9,1326.6,1407.0,26.19,28.47,-2.11,-0.17,21.49,22.27,-0.64,-0.14,62,42
2012-06-01 10:00:00,10,1359.5,1442.0,31.12,32.88,-1.56,-0.2,23.62,24.18,-0.38,-0.18,65,40
2012-06-01 11:00:00,11,1381.9,1457.0,31.98,33.34,-1.16,-0.2,23.58,24.14,-0.38,-0.18,66,38
2012-06-01 12:00:00,12,1391.1,1458.0,31.11,33.2,-1.89,-0.2,25.05,27.13,-1.88,-0.2,68,38
2012-06-01 13:00:00,13,1379.6,1467.0,29.57,31.72,-1.9,-0.25,26.84,29.03,-1.98,-0.21,69,39
2012-06-01 14:00:00,14,1354.4,1455.0,28.91,32.43,-3.25,-0.27,23.54,25.94,-2.2,-0.2,71,41
2012-06-01 15:00:00,15,1339.4,1439.0,28.31,31.94,-3.34,-0.29,21.85,23.01,-0.98,-0.18,70,40
2012-06-01 16:00:00,16,1328.8,1420.0,25.88,29.5,-3.36,-0.26,19.99,20.24,-0.1,-0.15,71,42
2012-06-01 17:00:00,17,1309.7,1382.0,28.0,29.32,-1.03,-0.29,20.05,20.27,-0.03,-0.19,69,44
2012-06-01 18:00:00,18,1290.0,1351.0,26.37,28.13,-1.38,-0.38,20.18,20.48,-0.06,-0.24,65,42
2012-06-01 19:00:00,19,1278.1,1334.0,26.03,27.54,-1.11,-0.4,20.68,20.98,-0.01,-0.29,63,43
2012-06-01 20:00:00,20,1286.3,1351.0,27.24,28.68,-1.06,-0.38,21.67,21.98,0.0,-0.31,61,42
2012-06-01 21:00:00,21,1222.9,1296.0,23.73,25.14,-1.08,-0.33,19.76,20.08,0.0,-0.32,59,42
2012-06-01 22:00:00,22,1089.9,1173.0,22.32,22.6,-0.11,-0.17,21.19,21.47,0.0,-0.28,58,44
2012-06-01 23:00:00,23,925.7,1048.0,19.49,19.77,0.0,-0.28,17.07,17.26,0.0,-0.19,57,43
2012-06-02 00:00:00,0,820.8,951.0,19.0,19.08,0.0,-0.08,18.75,18.9,0.0,-0.15,56,43
2012-06-02 01:00:00,1,762.6,900.0,20.34,20.5,0.0,-0.16,25.5,25.75,0.0,-0.25,55,44
2012-06-02 02:00:00,2,731.4,869.0,18.29,18.42,0.0,-0.13,18.72,18.92,0.0,-0.2,54,45
2012-06-02 03:00:00,3,715.7,860.0,18.29,18.4,0.0,-0.11,18.26,18.44,0.0,-0.18,55,46
2012-06-02 04:00:00,4,710.8,867.0,18.23,18.32,0.0,-0.09,18.2,18.39,0.0,-0.19,55,45
2012-06-02 05:00:00,5,731.6,895.0,18.29,18.38,0.0,-0.09,17.67,17.85,0.0,-0.18,56,45
2012-06-02 06:00:00,6,799.5,954.0,18.39,18.61,-0.11,-0.11,12.93,13.03,0.0,-0.1,54,48
2012-06-02 07:00:00,7,911.6,1052.0,19.17,19.39,-0.22,0.0,18.27,18.4,0.0,-0.13,53,50
2012-06-02 08:00:00,8,991.3,1163.0,20.92,22.52,-1.48,-0.12,21.22,21.4,0.0,-0.18,53,51
2012-06-02 09:00:00,9,1082.9,1255.0,26.12,29.56,-3.24,-0.2,27.26,28.04,-0.53,-0.25,53,50
2012-06-02 10:00:00,10,1109.1,1306.0,30.12,32.42,-2.1,-0.2,33.14,33.73,-0.34,-0.25,53,50
2012-06-02 11:00:00,11,1122.4,1323.0,28.47,31.03,-2.38,-0.18,33.04,34.79,-1.48,-0.27,52,50
2012-06-02 12:00:00,12,1079.2,1322.0,26.76,29.47,-2.5,-0.21,29.17,31.03,-1.6,-0.26,53,50
2012-06-02 13:00:00,13,1024.6,1305.0,24.91,27.77,-2.62,-0.24,18.87,21.3,-2.23,-0.2,54,52
2012-06-02 14:00:00,14,1000.2,1287.0,26.85,29.93,-2.76,-0.32,21.12,23.47,-2.1,-0.25,55,53
2012-06-02 15:00:00,15,972.5,1279.0,25.27,28.47,-2.86,-0.34,18.99,21.45,-2.21,-0.25,56,54
2012-06-02 16:00:00,16,984.6,1295.0,25.31,28.25,-2.62,-0.32,20.22,22.58,-2.13,-0.23,57,55
2012-06-02 17:00:00,17,980.2,1319.0,25.33,28.24,-2.61,-0.3,25.0,27.16,-1.89,-0.27,57,56
2012-06-02 18:00:00,18,1003.9,1313.0,24.32,27.19,-2.61,-0.26,21.16,23.49,-2.09,-0.24,58,56
2012-06-02 19:00:00,19,1010.9,1291.0,25.02,27.86,-2.56,-0.28,18.51,21.07,-2.37,-0.19,57,57
2012-06-02 20:00:00,20,1071.8,1273.0,25.15,28.02,-2.52,-0.35,18.8,21.19,-2.22,-0.17,58,56
2012-06-02 21:00:00,21,1015.6,1206.0,24.74,27.01,-1.84,-0.43,19.3,21.62,-2.11,-0.21,58,56
2012-06-02 22:00:00,22,918.2,1098.0,21.76,24.2,-2.2,-0.24,16.42,18.43,-1.83,-0.18,57,56
2012-06-02 23:00:00,23,818.0,996.0,20.49,20.72,-0.09,-0.14,15.81,15.96,0.0,-0.15,57,56
2012-06-03 00:00:00,0,723.9,918.0,18.27,18.49,0.0,-0.22,18.87,19.04,0.0,-0.17,57,56
2012-06-03 01:00:00,1,661.3,868.0,18.13,18.31,0.0,-0.18,17.72,17.88,0.0,-0.16,57,56
2012-06-03 02:00:00,2,633.3,841.0,17.98,18.16,0.0,-0.18,17.87,18.01,0.0,-0.14,57,56
2012-06-03 03:00:00,3,617.6,831.0,17.69,17.86,0.0,-0.17,17.49,17.6,0.0,-0.11,57,56
2012-06-03 04:00:00,4,612.0,831.0,17.65,17.81,0.0,-0.16,18.12,18.26,0.0,-0.14,56,55
2012-06-03 05:00:00,5,606.3,842.0,17.25,17.36,0.0,-0.11,17.83,17.91,0.0,-0.08,55,54
2012-06-03 06:00:00,6,620.4,888.0,15.93,16.09,0.0,-0.16,15.72,15.84,0.0,-0.12,54,54
2012-06-03 07:00:00,7,693.9,966.0,18.12,18.59,-0.26,-0.21,18.12,18.29,0.0,-0.17,54,53
2012-06-03 08:00:00,8,847.0,1080.0,21.64,22.89,-1.08,-0.17,17.61,17.8,0.0,-0.19,54,52
2012-06-03 09:00:00,9,960.9,1166.0,22.21,23.07,-0.65,-0.21,17.48,17.68,0.0,-0.2,55,52
2012-06-03 10:00:00,10,994.6,1217.0,22.18,24.57,-2.16,-0.23,17.9,18.22,-0.16,-0.16,55,50
2012-06-03 11:00:00,11,1005.0,1244.0,24.37,27.89,-3.2,-0.32,23.34,24.1,-0.53,-0.23,58,52
2012-06-03 12:00:00,12,994.8,1244.0,27.04,29.51,-2.07,-0.4,24.81,26.28,-1.19,-0.28,59,50
2012-06-03 13:00:00,13,949.5,1230.0,27.95,30.62,-2.2,-0.47,28.85,30.58,-1.29,-0.44,58,49
2012-06-03 14:00:00,14,939.3,1214.0,24.22,27.04,-2.44,-0.38,24.3,26.33,-1.63,-0.4,58,48
2012-06-03 15:00:00,15,945.3,1208.0,25.02,27.82,-2.38,-0.42,18.01,20.15,-1.89,-0.25,59,48
2012-06-03 16:00:00,16,966.2,1226.0,27.7,30.52,-2.33,-0.49,18.52,20.87,-2.1,-0.25,59,49
2012-06-03 17:00:00,17,990.4,1259.0,30.62,33.29,-2.16,-0.51,21.4,23.63,-1.97,-0.26,59,49
2012-06-03 18:00:00,18,991.4,1267.0,28.1,30.73,-2.19,-0.44,28.15,30.08,-1.62,-0.31,58,49
2012-06-03 19:00:00,19,966.6,1264.0,27.89,30.44,-2.13,-0.42,27.51,29.34,-1.5,-0.33,56,48
2012-06-03 20:00:00,20,1021.0,1268.0,31.62,33.97,-1.93,-0.42,27.58,29.57,-1.61,-0.38,55,48
2012-06-03 21:00:00,21,962.4,1199.0,30.76,33.17,-1.96,-0.45,18.83,21.08,-1.95,-0.3,54,48
2012-06-03 22:00:00,22,870.1,1076.0,21.59,23.99,-2.2,-0.2,14.89,17.15,-2.02,-0.24,54,48
2012-06-03 23:00:00,23,755.6,979.0,19.97,21.17,-0.9,-0.3,19.65,21.46,-1.53,-0.28,53,48
2012-06-04 00:00:00,0,707.7,902.0,18.02,19.26,-0.87,-0.37,19.66,20.01,0.0,-0.35,54,48
2012-06-04 01:00:00,1,649.7,862.0,17.98,18.34,0.0,-0.36,18.94,19.3,0.0,-0.36,52,49
2012-06-04 02:00:00,2,636.4,844.0,17.94,18.3,0.0,-0.36,17.56,17.92,-0.01,-0.35,52,47
2012-06-04 03:00:00,3,603.6,845.0,17.51,17.87,0.0,-0.36,16.32,16.6,0.0,-0.28,52,46
2012-06-04 04:00:00,4,633.2,884.0,17.77,18.12,0.0,-0.35,15.81,16.05,0.0,-0.24,51,46
2012-06-04 05:00:00,5,704.0,972.0,18.0,18.45,-0.11,-0.34,14.86,15.06,0.0,-0.2,49,47
2012-06-04 06:00:00,6,873.8,1154.0,18.34,19.74,-1.17,-0.23,18.11,19.07,-0.74,-0.22,49,47
2012-06-04 07:00:00,7,1053.1,1285.0,27.35,29.72,-1.99,-0.38,23.38,31.19,-7.46,-0.35,49,47
2012-06-04 08:00:00,8,1129.3,1337.0,28.19,30.73,-2.22,-0.32,23.52,25.76,-1.99,-0.25,50,48
2012-06-04 09:00:00,9,1165.2,1375.0,31.46,34.14,-2.36,-0.32,23.36,27.36,-3.78,-0.22,51,49
2012-06-04 10:00:00,10,1197.3,1402.0,35.83,38.01,-1.82,-0.36,25.43,28.28,-2.62,-0.23,52,49
2012-06-04 11:00:00,11,1211.3,1418.0,35.07,37.38,-2.01,-0.3,23.83,25.34,-1.35,-0.16,51,48
2012-06-04 12:00:00,12,1163.9,1413.0,37.52,40.08,-2.19,-0.37,23.97,24.6,-0.5,-0.13,52,48
2012-06-04 13:00:00,13,1136.9,1411.0,35.59,39.71,-3.7,-0.42,22.69,24.43,-1.58,-0.16,51,49
2012-06-04 14:00:00,14,1102.8,1390.0,28.08,37.34,-8.79,-0.47,19.16,21.31,-1.99,-0.16,51,48
2012-06-04 15:00:00,15,1093.8,1380.0,27.41,37.16,-9.28,-0.47,18.06,20.52,-2.31,-0.15,52,47
2012-06-04 16:00:00,16,1120.8,1393.0,29.19,37.06,-7.4,-0.47,18.79,21.09,-2.16,-0.14,53,48
2012-06-04 17:00:00,17,1147.6,1411.0,30.7,37.1,-5.96,-0.44,19.82,21.95,-1.98,-0.15,53,47
2012-06-04 18:00:00,18,1109.9,1406.0,28.13,30.93,-2.41,-0.39,18.48,20.63,-2.03,-0.12,53,47
2012-06-04 19:00:00,19,1131.7,1398.0,27.76,30.42,-2.31,-0.35,18.02,19.94,-1.85,-0.07,52,47
2012-06-04 20:00:00,20,1139.6,1388.0,29.43,32.07,-2.29,-0.35,18.05,20.05,-1.89,-0.11,51,48
2012-06-04 21:00:00,21,1064.2,1296.0,26.77,29.3,-2.15,-0.38,17.07,19.08,-1.84,-0.17,51,48
2012-06-04 22:00:00,22,898.5,1149.0,23.59,26.18,-2.05,-0.54,16.35,16.88,-0.31,-0.22,50,48
2012-06-04 23:00:00,23,757.4,1024.0,18.05,19.68,-1.27,-0.36,16.33,16.52,0.0,-0.19,50,48
2012-06-05 00:00:00,0,776.9,947.0,18.26,20.01,-1.46,-0.29,19.05,19.34,0.0,-0.29,50,48
2012-06-05 01:00:00,1,737.8,905.0,18.06,19.01,-0.67,-0.28,16.98,17.22,0.0,-0.24,49,49
2012-06-05 02:00:00,2,713.3,882.0,18.04,18.3,0.0,-0.26,16.22,16.43,0.0,-0.21,50,48
2012-06-05 03:00:00,3,709.4,881.0,18.02,18.27,0.0,-0.25,17.3,17.52,0.0,-0.22,49,48
2012-06-05 04:00:00,4,737.1,916.0,18.07,18.31,0.0,-0.24,18.66,18.86,0.0,-0.2,49,48
2012-06-05 05:00:00,5,831.5,999.0,18.14,19.03,-0.68,-0.21,14.02,14.13,0.0,-0.11,49,47
2012-06-05 06:00:00,6,986.2,1183.0,20.52,21.81,-1.11,-0.18,22.24,22.35,0.0,-0.11,50,48
2012-06-05 07:00:00,7,1105.0,1307.0,23.91,24.11,0.01,-0.21,24.35,24.48,0.0,-0.13,50,48
2012-06-05 08:00:00,8,1137.6,1347.0,23.88,24.46,-0.42,-0.16,23.33,23.42,0.0,-0.09,50,47
2012-06-05 09:00:00,9,1167.3,1368.0,24.52,25.58,-0.94,-0.12,19.98,20.03,0.0,-0.05,52,46
2012-06-05 10:00:00,10,1204.9,1392.0,25.67,26.23,-0.43,-0.13,19.78,19.84,0.0,-0.06,53,46
2012-06-05 11:00:00,11,1200.6,1403.0,25.68,26.43,-0.58,-0.17,19.85,19.92,0.0,-0.07,54,46
2012-06-05 12:00:00,12,1165.4,1398.0,25.14,26.31,-0.96,-0.21,19.99,20.08,0.0,-0.09,55,46
2012-06-05 13:00:00,13,1161.7,1398.0,24.51,25.35,-0.65,-0.19,20.54,20.62,0.0,-0.08,58,47
2012-06-05 14:00:00,14,1146.7,1380.0,25.07,27.55,-2.21,-0.27,22.37,22.47,0.0,-0.1,58,46
2012-06-05 15:00:00,15,1135.3,1373.0,25.03,27.53,-2.26,-0.24,21.77,21.88,0.0,-0.11,55,49
2012-06-05 16:00:00,16,1170.0,1381.0,24.96,27.41,-2.21,-0.24,21.78,21.88,0.0,-0.1,58,50
2012-06-05 17:00:00,17,1157.2,1390.0,26.17,27.69,-1.25,-0.27,21.3,21.4,0.0,-0.1,57,51
2012-06-05 18:00:00,18,1156.9,1377.0,24.56,25.71,-0.93,-0.22,20.06,20.16,0.0,-0.1,57,50
2012-06-05 19:00:00,19,1143.4,1357.0,24.48,25.52,-0.79,-0.25,20.34,20.43,0.0,-0.09,56,51
2012-06-05 20:00:00,20,1164.1,1372.0,25.03,25.94,-0.68,-0.23,21.61,21.71,0.0,-0.1,55,51
2012-06-05 21:00:00,21,1076.2,1316.0,24.13,26.21,-1.72,-0.36,22.45,22.66,0.0,-0.21,51,50
2012-06-05 22:00:00,22,915.7,1171.0,21.5,21.82,0.0,-0.32,21.41,21.67,0.0,-0.26,50,49
2012-06-05 23:00:00,23,821.3,1038.0,18.07,19.56,-1.27,-0.22,17.38,17.55,0.0,-0.17,51,49
2012-06-06 00:00:00,0,737.6,950.0,16.68,17.61,-0.72,-0.21,17.49,17.63,0.0,-0.14,48,47
2012-06-06 01:00:00,1,697.9,906.0,15.04,15.2,0.0,-0.16,15.46,15.57,0.0,-0.11,48,47
2012-06-06 02:00:00,2,674.0,883.0,15.03,15.21,0.0,-0.18,15.34,15.45,0.0,-0.11,47,47
2012-06-06 03:00:00,3,666.1,876.0,12.9,13.04,0.0,-0.14,15.13,15.25,0.0,-0.12,48,47
2012-06-06 04:00:00,4,692.0,912.0,15.02,15.19,0.0,-0.17,15.94,16.04,0.0,-0.1,48,48
2012-06-06 05:00:00,5,788.3,991.0,15.17,15.33,0.0,-0.16,15.91,16.03,0.0,-0.12,48,48
2012-06-06 06:00:00,6,936.1,1172.0,20.7,22.27,-1.39,-0.18,21.45,21.59,0.0,-0.14,48,48
2012-06-06 07:00:00,7,1037.5,1302.0,26.1,26.43,0.0,-0.33,23.48,23.67,0.0,-0.19,51,50
2012-06-06 08:00:00,8,1069.7,1342.0,26.23,26.51,0.0,-0.28,23.42,23.59,0.0,-0.17,52,51
2012-06-06 09:00:00,9,1105.6,1370.0,26.8,27.23,-0.19,-0.24,25.42,25.58,0.0,-0.16,54,52
2012-06-06 10:00:00,10,1139.3,1398.0,28.19,28.53,-0.13,-0.21,28.33,28.5,0.0,-0.17,57,50
2012-06-06 11:00:00,11,1156.8,1410.0,26.69,27.37,-0.43,-0.25,24.27,24.42,0.0,-0.15,58,51
2012-06-06 12:00:00,12,1129.0,1411.0,27.32,27.64,0.0,-0.32,27.89,28.1,0.0,-0.21,59,52
2012-06-06 13:00:00,13,1132.8,1411.0,26.73,27.21,-0.15,-0.33,29.69,29.93,0.0,-0.24,62,51
2012-06-06 14:00:00,14,1121.8,1395.0,26.91,27.3,-0.08,-0.31,24.56,24.78,0.0,-0.22,57,54
2012-06-06 15:00:00,15,1110.4,1389.0,27.47,30.84,-3.02,-0.35,26.24,26.46,0.0,-0.22,63,47
2012-06-06 16:00:00,16,1160.1,1390.0,26.96,27.86,-0.63,-0.27,26.97,27.2,0.0,-0.23,64,48
2012-06-06 17:00:00,17,1143.3,1391.0,26.18,27.02,-0.61,-0.23,24.42,24.61,0.0,-0.19,67,44
2012-06-06 18:00:00,18,1125.6,1379.0,25.96,26.29,-0.08,-0.25,21.94,22.09,0.0,-0.15,63,49
2012-06-06 19:00:00,19,1132.2,1373.0,24.76,25.24,-0.26,-0.22,22.23,22.38,0.0,-0.15,56,53
2012-06-06 20:00:00,20,1140.8,1386.0,27.33,27.75,-0.12,-0.3,27.44,27.65,0.0,-0.21,54,51
2012-06-06 21:00:00,21,1048.2,1320.0,23.77,24.15,-0.04,-0.34,25.78,26.06,0.0,-0.28,53,51
2012-06-06 22:00:00,22,923.1,1169.0,21.51,21.78,0.0,-0.27,26.28,26.48,0.0,-0.2,52,50
2012-06-06 23:00:00,23,810.1,1038.0,19.77,20.0,0.0,-0.23,20.66,20.85,0.0,-0.19,51,51
2012-06-07 00:00:00,0,751.0,952.0,16.96,17.17,0.0,-0.21,18.4,18.58,0.0,-0.18,50,49
2012-06-07 01:00:00,1,702.6,908.0,15.74,15.95,0.0,-0.21,19.45,19.62,0.0,-0.17,48,48
2012-06-07 02:00:00,2,673.5,885.0,15.1,15.23,0.0,-0.13,19.92,20.08,0.0,-0.16,49,49
2012-06-07 03:00:00,3,673.4,880.0,14.23,14.34,0.0,-0.11,20.07,20.25,0.0,-0.18,49,48
2012-06-07 04:00:00,4,701.6,913.0,15.13,15.23,0.0,-0.1,19.61,19.76,0.0,-0.15,49,49
2012-06-07 05:00:00,5,791.3,994.0,15.23,15.31,0.0,-0.08,19.37,19.49,0.0,-0.12,50,49
2012-06-07 06:00:00,6,937.8,1172.0,20.07,20.17,0.0,-0.1,25.41,25.55,0.0,-0.14,50,49
2012-06-07 07:00:00,7,1085.9,1296.0,24.82,24.98,0.0,-0.16,24.82,24.97,0.0,-0.15,51,51
2012-06-07 08:00:00,8,1140.6,1342.0,24.73,25.21,-0.34,-0.14,26.39,26.56,0.0,-0.17,53,52
2012-06-07 09:00:00,9,1166.2,1392.0,27.59,28.72,-0.89,-0.24,34.61,35.15,-0.25,-0.29,56,54
2012-06-07 10:00:00,10,1203.7,1428.0,29.86,31.04,-0.96,-0.22,34.95,35.64,-0.4,-0.29,61,53
2012-06-07 11:00:00,11,1211.9,1447.0,30.28,30.53,-0.02,-0.23,35.64,35.98,0.0,-0.34,65,53
2012-06-07 12:00:00,12,1242.0,1445.0,30.23,30.53,-0.07,-0.23,32.67,32.96,0.0,-0.29,66,51
2012-06-07 13:00:00,13,1213.0,1449.0,28.08,28.38,-0.06,-0.24,35.53,36.25,-0.35,-0.37,67,52
2012-06-07 14:00:00,14,1160.9,1429.0,29.01,29.54,-0.13,-0.4,35.33,35.89,-0.17,-0.39,69,53
2012-06-07 15:00:00,15,1152.1,1414.0,30.01,31.21,-0.85,-0.35,36.46,37.8,-0.93,-0.41,63,54
2012-06-07 16:00:00,16,1146.6,1413.0,28.5,29.61,-0.77,-0.34,35.55,36.92,-0.98,-0.39,61,57
2012-06-07 17:00:00,17,1149.1,1407.0,27.13,27.95,-0.53,-0.29,35.77,37.17,-0.96,-0.44,62,57
2012-06-07 18:00:00,18,1165.9,1388.0,26.6,26.95,-0.07,-0.28,35.38,36.78,-0.96,-0.44,63,57
2012-06-07 19:00:00,19,1176.9,1377.0,24.65,25.23,-0.37,-0.21,34.01,35.44,-1.02,-0.41,60,55
2012-06-07 20:00:00,20,1164.3,1391.0,29.2,31.08,-1.62,-0.26,34.1,35.5,-1.02,-0.38,59,55
2012-06-07 21:00:00,21,1118.7,1333.0,24.53,24.76,-0.08,-0.15,26.69,27.21,-0.25,-0.27,57,54
2012-06-07 22:00:00,22,944.3,1190.0,23.45,23.64,0.0,-0.19,20.56,20.74,0.0,-0.18,55,53
2012-06-07 23:00:00,23,826.9,1051.0,19.78,20.02,0.0,-0.24,17.94,18.09,0.0,-0.15,52,51
2012-06-08 00:00:00,0,766.5,961.0,17.66,17.82,0.0,-0.16,18.63,18.81,0.0,-0.18,54,54
2012-06-08 01:00:00,1,714.7,915.0,16.66,16.84,0.0,-0.18,17.13,17.3,0.0,-0.17,55,54
2012-06-08 02:00:00,2,691.5,890.0,15.55,15.69,0.0,-0.14,17.48,17.65,0.0,-0.17,55,54
2012-06-08 03:00:00,3,674.1,883.0,15.16,15.29,0.0,-0.13,18.31,18.44,0.0,-0.13,55,54
2012-06-08 04:00:00,4,700.7,913.0,15.4,15.52,0.0,-0.12,1.45,1.46,0.0,-0.01,54,53
2012-06-08 05:00:00,5,781.6,986.0,17.62,17.72,0.0,-0.1,0.0,0.0,0.0,0.0,54,53
2012-06-08 06:00:00,6,915.4,1154.0,19.54,19.66,0.0,-0.12,19.48,19.6,0.0,-0.12,53,52
2012-06-08 07:00:00,7,1057.3,1284.0,25.25,26.09,-0.69,-0.15,24.87,25.05,0.0,-0.18,53,52
2012-06-08 08:00:00,8,1118.1,1336.0,25.55,27.96,-2.29,-0.12,30.43,30.7,0.0,-0.27,55,53
2012-06-08 09:00:00,9,1166.5,1388.0,28.53,31.12,-2.43,-0.16,33.61,33.93,0.0,-0.32,58,53
2012-06-08 10:00:00,10,1214.4,1437.0,30.62,31.7,-0.87,-0.21,32.03,32.3,0.0,-0.27,64,54
2012-06-08 11:00:00,11,1238.3,1471.0,31.57,34.29,-2.44,-0.28,34.8,35.54,-0.36,-0.38,68,53
2012-06-08 12:00:00,12,1273.9,1481.0,31.49,34.02,-2.26,-0.27,34.59,35.67,-0.7,-0.38,73,55
2012-06-08 13:00:00,13,1235.7,1496.0,31.73,35.56,-3.48,-0.35,35.45,36.93,-1.02,-0.46,77,54
2012-06-08 14:00:00,14,1215.8,1487.0,31.04,34.77,-3.34,-0.39,35.19,36.74,-1.05,-0.5,77,52
2012-06-08 15:00:00,15,1183.4,1470.0,31.98,34.21,-1.8,-0.43,36.36,37.92,-0.98,-0.58,71,56
2012-06-08 16:00:00,16,1174.2,1452.0,30.38,33.28,-2.19,-0.71,35.57,37.17,-1.03,-0.57,76,53
2012-06-08 17:00:00,17,1148.8,1429.0,27.9,29.12,-0.94,-0.28,34.7,36.33,-1.07,-0.56,76,52
2012-06-08 18:00:00,18,1126.7,1399.0,27.39,29.74,-2.05,-0.3,33.08,34.74,-1.15,-0.51,70,56
2012-06-08 19:00:00,19,1112.4,1373.0,25.37,27.52,-1.85,-0.3,26.78,28.66,-1.47,-0.41,68,56
2012-06-08 20:00:00,20,1175.7,1391.0,28.65,29.3,-0.4,-0.25,24.24,26.18,-1.61,-0.33,65,57
2012-06-08 21:00:00,21,1120.2,1327.0,25.4,27.62,-2.03,-0.19,23.58,25.62,-1.64,-0.4,65,54
2012-06-08 22:00:00,22,963.8,1201.0,24.01,24.2,0.0,-0.19,22.99,23.98,-0.61,-0.38,63,54
2012-06-08 23:00:00,23,802.7,1068.0,19.27,19.56,0.0,-0.29,20.05,20.4,0.0,-0.35,59,52
2012-06-09 00:00:00,0,791.0,973.0,18.73,18.89,0.0,-0.16,18.74,19.05,0.0,-0.31,57,54
2012-06-09 01:00:00,1,737.0,916.0,17.2,17.34,0.0,-0.14,17.95,18.23,0.0,-0.28,57,54
2012-06-09 02:00:00,2,707.3,880.0,15.96,16.09,0.0,-0.13,16.97,17.22,0.0,-0.25,55,53
2012-06-09 03:00:00,3,670.9,865.0,15.39,15.51,0.0,-0.12,18.0,18.22,0.0,-0.22,52,51
2012-06-09 04:00:00,4,703.1,868.0,17.18,17.23,0.0,-0.05,18.11,18.29,0.0,-0.18,48,47
2012-06-09 05:00:00,5,687.1,884.0,16.92,17.01,0.0,-0.09,17.09,17.23,0.0,-0.14,47,46
2012-06-09 06:00:00,6,727.3,961.0,18.59,18.66,0.0,-0.07,16.53,16.63,0.0,-0.1,48,48
2012-06-09 07:00:00,7,861.9,1088.0,19.11,19.18,0.0,-0.07,19.49,19.58,0.0,-0.09,54,52
2012-06-09 08:00:00,8,1017.7,1205.0,23.07,23.17,0.0,-0.1,23.13,23.22,0.0,-0.09,61,52
2012-06-09 09:00:00,9,1086.0,1279.0,25.2,25.31,-0.1,-0.01,21.24,21.27,0.0,-0.03,64,51
2012-06-09 10:00:00,10,1123.8,1306.0,28.11,28.41,-0.23,-0.07,22.1,22.16,0.0,-0.06,68,47
2012-06-09 11:00:00,11,1143.8,1315.0,30.62,30.84,-0.12,-0.1,19.17,19.26,0.0,-0.09,71,44
2012-06-09 12:00:00,12,1134.3,1309.0,32.25,32.54,-0.14,-0.15,19.0,19.12,0.0,-0.12,73,43
2012-06-09 13:00:00,13,1115.4,1299.0,31.48,32.07,-0.38,-0.21,18.65,18.77,0.0,-0.12,72,44
2012-06-09 14:00:00,14,1134.6,1289.0,31.52,32.06,-0.34,-0.2,19.47,19.62,0.0,-0.15,77,43
2012-06-09 15:00:00,15,1117.3,1291.0,29.61,30.64,-0.86,-0.17,18.86,18.99,0.0,-0.13,77,45
2012-06-09 16:00:00,16,1130.3,1305.0,32.27,33.17,-0.73,-0.17,21.13,21.28,0.0,-0.15,79,45
2012-06-09 17:00:00,17,1114.3,1316.0,29.79,30.64,-0.7,-0.15,21.65,21.74,0.0,-0.09,77,43
2012-06-09 18:00:00,18,1120.6,1310.0,21.67,23.73,-1.97,-0.09,24.77,24.81,0.0,-0.04,77,43
2012-06-09 19:00:00,19,1107.4,1291.0,22.37,23.37,-0.87,-0.13,24.71,24.79,0.0,-0.08,76,41
2012-06-09 20:00:00,20,1157.2,1299.0,25.88,26.5,-0.5,-0.12,26.82,26.91,0.0,-0.09,71,44
2012-06-09 21:00:00,21,1098.8,1269.0,22.76,23.19,-0.33,-0.1,30.31,30.47,0.0,-0.16,63,48
2012-06-09 22:00:00,22,984.7,1156.0,22.92,23.09,0.0,-0.17,27.0,27.22,0.0,-0.22,57,50
2012-06-09 23:00:00,23,822.8,1037.0,19.06,20.17,-0.86,-0.25,18.55,18.71,0.0,-0.16,56,51
2012-06-10 00:00:00,0,752.6,941.0,17.42,18.32,-0.7,-0.2,17.91,18.07,0.0,-0.16,54,51
2012-06-10 01:00:00,1,693.8,885.0,17.37,18.26,-0.67,-0.22,18.25,18.43,0.0,-0.18,51,49
2012-06-10 02:00:00,2,649.8,853.0,16.9,17.12,0.0,-0.22,18.13,18.31,0.0,-0.18,50,48
2012-06-10 03:00:00,3,611.8,837.0,15.49,15.68,0.0,-0.19,16.87,17.05,0.0,-0.18,50,48
2012-06-10 04:00:00,4,629.0,834.0,15.19,15.32,0.0,-0.13,17.82,17.98,0.0,-0.16,48,46
2012-06-10 05:00:00,5,610.0,835.0,15.02,15.13,0.0,-0.11,17.42,17.53,0.0,-0.11,49,47
2012-06-10 06:00:00,6,651.9,880.0,15.15,15.27,0.0,-0.12,12.47,12.54,0.0,-0.07,48,46
2012-06-10 07:00:00,7,787.2,985.0,15.0,15.05,0.0,-0.05,17.17,17.25,0.0,-0.08,54,50
2012-06-10 08:00:00,8,890.6,1109.0,17.32,18.29,-0.83,-0.14,18.01,18.12,0.0,-0.11,58,49
2012-06-10 09:00:00,9,953.5,1212.0,19.31,19.61,-0.13,-0.17,24.26,24.39,0.0,-0.13,65,50
2012-06-10 10:00:00,10,1008.3,1261.0,22.97,23.22,0.0,-0.25,24.98,25.19,0.0,-0.21,71,50
2012-06-10 11:00:00,11,1058.4,1291.0,24.01,24.56,-0.3,-0.25,24.2,24.43,0.0,-0.23,75,46
2012-06-10 12:00:00,12,1068.5,1308.0,22.61,23.37,-0.56,-0.2,27.47,27.74,0.0,-0.27,76,45
2012-06-10 13:00:00,13,1090.1,1309.0,24.93,25.46,-0.26,-0.27,27.64,27.95,0.0,-0.31,79,41
2012-06-10 14:00:00,14,1106.9,1308.0,22.43,23.09,-0.43,-0.23,28.39,29.23,-0.47,-0.37,80,44
2012-06-10 15:00:00,15,1116.3,1324.0,25.02,26.46,-1.16,-0.28,30.35,31.12,-0.38,-0.39,80,41
2012-06-10 16:00:00,16,1142.0,1349.0,26.57,28.02,-1.19,-0.26,30.21,31.88,-1.26,-0.41,81,43
2012-06-10 17:00:00,17,1143.5,1374.0,27.13,28.54,-1.17,-0.24,28.96,30.61,-1.32,-0.33,82,45
2012-06-10 18:00:00,18,1078.2,1371.0,26.79,28.24,-1.16,-0.29,33.09,34.56,-1.08,-0.39,77,48
2012-06-10 19:00:00,19,1073.1,1345.0,24.9,26.3,-1.15,-0.25,32.8,34.23,-1.09,-0.34,74,48
2012-06-10 20:00:00,20,1129.9,1349.0,29.18,29.47,-0.09,-0.2,33.69,34.22,-0.28,-0.25,70,47
2012-06-10 21:00:00,21,1083.2,1303.0,28.12,28.37,0.0,-0.25,31.51,32.4,-0.62,-0.27,67,46
2012-06-10 22:00:00,22,952.3,1162.0,23.3,23.52,0.0,-0.22,26.66,27.32,-0.42,-0.24,62,49
2012-06-10 23:00:00,23,851.4,1032.0,18.94,20.99,-1.82,-0.23,16.01,16.14,0.0,-0.13,60,50
2012-06-11 00:00:00,0,754.1,949.0,16.85,18.02,-0.98,-0.19,18.01,18.18,0.0,-0.17,58,50
2012-06-11 01:00:00,1,691.0,901.0,15.48,16.37,-0.72,-0.17,18.22,18.4,0.0,-0.18,56,50
2012-06-11 02:00:00,2,696.6,878.0,14.9,14.99,0.0,-0.09,18.58,18.71,0.0,-0.13,55,50
2012-06-11 03:00:00,3,701.5,876.0,9.98,10.02,0.0,-0.04,18.65,18.76,0.0,-0.11,53,50
2012-06-11 04:00:00,4,735.2,908.0,14.33,14.38,0.0,-0.05,18.61,18.7,0.0,-0.09,54,51
2012-06-11 05:00:00,5,793.8,991.0,15.26,15.33,0.0,-0.07,17.38,17.49,0.0,-0.11,55,52
2012-06-11 06:00:00,6,979.3,1169.0,19.01,20.25,-1.23,-0.01,21.43,21.75,-0.23,-0.09,56,52
2012-06-11 07:00:00,7,1125.0,1312.0,25.22,25.42,0.0,-0.2,22.52,22.64,0.0,-0.12,58,53
2012-06-11 08:00:00,8,1194.5,1381.0,27.39,29.47,-1.9,-0.18,24.24,24.3,0.0,-0.06,61,53
2012-06-11 09:00:00,9,1222.2,1435.0,32.51,34.73,-1.93,-0.29,36.11,36.29,0.0,-0.18,63,52
2012-06-11 10:00:00,10,1254.2,1480.0,34.49,37.27,-2.4,-0.38,38.86,39.63,-0.5,-0.27,66,52
2012-06-11 11:00:00,11,1292.6,1502.0,37.71,40.45,-2.23,-0.51,31.95,33.41,-1.21,-0.25,68,53
2012-06-11 12:00:00,12,1293.8,1511.0,36.26,40.03,-3.2,-0.57,32.59,34.57,-1.71,-0.27,71,53
2012-06-11 13:00:00,13,1294.1,1525.0,38.28,43.16,-4.26,-0.62,31.29,33.53,-1.9,-0.34,72,55
2012-06-11 14:00:00,14,1323.6,1527.0,36.31,41.88,-5.06,-0.51,35.9,37.54,-1.22,-0.42,72,55
2012-06-11 15:00:00,15,1296.2,1524.0,38.38,43.18,-4.24,-0.56,39.03,41.38,-1.9,-0.45,76,50
2012-06-11 16:00:00,16,1306.9,1527.0,38.7,43.57,-4.29,-0.58,33.9,36.94,-2.66,-0.38,76,51
2012-06-11 17:00:00,17,1296.5,1524.0,36.25,40.77,-3.98,-0.54,31.53,34.19,-2.36,-0.3,75,55
2012-06-11 18:00:00,18,1277.0,1506.0,33.58,35.94,-1.93,-0.43,27.42,28.47,-0.87,-0.18,76,56
2012-06-11 19:00:00,19,1268.4,1478.0,30.21,32.56,-2.04,-0.31,24.49,24.61,0.0,-0.12,72,57
2012-06-11 20:00:00,20,1301.4,1479.0,31.95,34.05,-1.8,-0.3,26.27,26.43,0.0,-0.16,69,57
2012-06-11 21:00:00,21,1197.4,1423.0,28.86,31.21,-1.99,-0.36,18.9,19.05,0.0,-0.15,66,57
2012-06-11 22:00:00,22,1055.4,1258.0,26.3,26.57,0.0,-0.27,15.62,15.84,0.0,-0.22,65,55
2012-06-11 23:00:00,23,914.3,1108.0,18.98,19.2,0.0,-0.22,13.4,13.55,0.0,-0.15,63,54
2012-06-12 00:00:00,0,835.9,1015.0,18.09,18.16,0.0,-0.07,18.71,18.87,0.0,-0.16,62,53
2012-06-12 01:00:00,1,784.7,962.0,16.45,16.5,0.0,-0.05,18.97,19.12,0.0,-0.15,62,53
2012-06-12 02:00:00,2,757.4,934.0,15.25,15.26,0.0,-0.01,17.67,17.77,0.0,-0.1,61,52
2012-06-12 03:00:00,3,746.3,925.0,15.29,15.29,0.0,0.0,19.03,19.09,0.0,-0.06,59,53
2012-06-12 04:00:00,4,769.0,952.0,16.19,16.18,0.0,0.01,18.72,18.79,0.0,-0.07,59,52
2012-06-12 05:00:00,5,856.7,1038.0,17.73,17.69,0.0,0.04,19.04,19.07,0.0,-0.03,57,51
2012-06-12 06:00:00,6,990.2,1211.0,20.18,20.12,0.0,0.06,25.54,25.52,0.0,0.02,58,52
2012-06-12 07:00:00,7,1137.1,1350.0,25.0,24.75,0.0,0.25,31.01,30.88,0.0,0.13,61,53
2012-06-12 08:00:00,8,1197.4,1418.0,24.3,24.68,-0.54,0.16,32.21,32.15,0.0,0.06,65,54
2012-06-12 09:00:00,9,1250.5,1462.0,26.4,26.88,-0.51,0.03,29.03,29.04,0.0,-0.01,67,53
2012-06-12 10:00:00,10,1290.9,1511.0,26.38,27.42,-1.05,0.01,26.99,26.95,0.0,0.04,68,54
2012-06-12 11:00:00,11,1322.0,1531.0,31.64,32.47,-0.76,-0.07,28.72,29.06,-0.36,0.02,69,54
2012-06-12 12:00:00,12,1332.8,1544.0,29.51,30.5,-0.9,-0.09,27.37,27.71,-0.35,0.01,70,56
2012-06-12 13:00:00,13,1342.0,1568.0,34.93,35.56,-0.49,-0.14,28.65,28.67,0.0,-0.02,75,57
2012-06-12 14:00:00,14,1316.5,1570.0,33.36,34.14,-0.62,-0.16,25.78,25.78,0.0,0.0,76,58
2012-06-12 15:00:00,15,1305.5,1566.0,32.37,34.38,-1.86,-0.15,24.04,24.03,0.0,0.01,76,60
2012-06-12 16:00:00,16,1294.5,1559.0,31.49,33.57,-1.9,-0.18,24.08,24.29,-0.19,-0.02,74,60
2012-06-12 17:00:00,17,1265.5,1550.0,33.89,35.34,-1.23,-0.22,27.3,27.93,-0.56,-0.07,73,59
2012-06-12 18:00:00,18,1275.3,1530.0,28.62,29.85,-1.05,-0.18,22.17,22.19,0.0,-0.02,72,59
2012-06-12 19:00:00,19,1254.8,1517.0,23.56,24.57,-0.92,-0.09,22.99,22.95,0.0,0.04,72,58
2012-06-12 20:00:00,20,1269.1,1514.0,25.73,26.5,-0.74,-0.03,25.44,25.43,0.0,0.01,70,58
2012-06-12 21:00:00,21,1200.8,1430.0,25.08,26.03,-0.81,-0.14,21.94,21.99,0.0,-0.05,66,61
2012-06-12 22:00:00,22,1059.7,1272.0,22.83,23.0,0.0,-0.17,19.78,19.85,0.0,-0.07,66,60
2012-06-12 23:00:00,23,909.2,1131.0,19.95,20.22,-0.18,-0.09,19.6,19.69,0.0,-0.09,63,62
2012-06-13 00:00:00,0,809.5,1043.0,18.26,18.34,0.0,-0.08,18.21,18.31,0.0,-0.1,62,61
2012-06-13 01:00:00,1,763.5,989.0,15.92,15.98,0.0,-0.06,18.49,18.58,0.0,-0.09,61,60
2012-06-13 02:00:00,2,749.5,959.0,15.39,15.41,0.0,-0.02,11.81,11.84,0.0,-0.03,61,60
2012-06-13 03:00:00,3,739.0,955.0,15.22,15.23,0.0,-0.01,10.57,10.58,0.0,-0.01,61,60
2012-06-13 04:00:00,4,785.9,983.0,15.68,15.7,0.0,-0.02,17.96,17.97,0.0,-0.01,61,60
2012-06-13 05:00:00,5,870.7,1076.0,15.93,15.95,0.0,-0.02,15.92,15.92,0.0,0.0,62,61
2012-06-13 06:00:00,6,1038.8,1247.0,20.66,20.59,0.0,0.07,22.07,22.0,0.0,0.07,62,61
2012-06-13 07:00:00,7,1204.5,1385.0,24.51,24.27,0.0,0.24,27.92,27.89,0.0,0.03,62,61
2012-06-13 08:00:00,8,1215.1,1449.0,25.39,25.74,-0.28,-0.07,29.71,29.79,0.0,-0.08,62,61
2012-06-13 09:00:00,9,1257.6,1488.0,27.3,28.05,-0.68,-0.07,28.82,28.86,0.0,-0.04,62,61
2012-06-13 10:00:00,10,1267.0,1519.0,28.06,29.06,-0.88,-0.12,28.17,28.21,0.0,-0.04,63,61
2012-06-13 11:00:00,11,1278.0,1537.0,28.43,28.78,-0.28,-0.07,28.93,28.98,0.0,-0.05,63,62
2012-06-13 12:00:00,12,1263.8,1531.0,26.75,27.46,-0.58,-0.13,25.57,25.6,0.0,-0.03,64,62
2012-06-13 13:00:00,13,1261.9,1530.0,26.66,27.54,-0.68,-0.2,28.34,28.38,0.0,-0.04,65,64
2012-06-13 14:00:00,14,1244.1,1516.0,26.02,27.25,-1.01,-0.22,25.35,25.4,0.0,-0.05,66,65
2012-06-13 15:00:00,15,1244.2,1506.0,29.66,30.79,-0.8,-0.33,23.21,23.23,0.0,-0.02,67,65
2012-06-13 16:00:00,16,1304.7,1519.0,29.83,30.75,-0.61,-0.31,25.14,25.29,0.0,-0.15,69,65
2012-06-13 17:00:00,17,1290.3,1519.0,27.96,29.0,-0.81,-0.23,24.06,24.23,0.0,-0.17,74,64
2012-06-13 18:00:00,18,1293.1,1497.0,26.54,27.26,-0.54,-0.18,24.36,24.48,0.0,-0.12,73,64
2012-06-13 19:00:00,19,1232.2,1471.0,25.81,26.35,-0.35,-0.19,22.75,22.84,0.0,-0.09,71,63
2012-06-13 20:00:00,20,1250.0,1470.0,26.15,26.33,-0.06,-0.12,21.45,21.51,0.0,-0.06,68,64
2012-06-13 21:00:00,21,1149.3,1415.0,24.59,24.78,0.0,-0.19,24.18,24.29,0.0,-0.11,66,64
2012-06-13 22:00:00,22,982.1,1258.0,21.67,21.71,0.0,-0.04,19.26,19.32,0.0,-0.06,63,58
2012-06-13 23:00:00,23,847.4,1117.0,18.88,19.66,-0.69,-0.09,12.74,12.8,0.0,-0.06,61,56
2012-06-14 00:00:00,0,766.0,1017.0,17.52,17.67,0.0,-0.15,15.51,15.63,0.0,-0.12,62,57
2012-06-14 01:00:00,1,716.4,964.0,15.74,15.86,0.0,-0.12,16.01,16.13,0.0,-0.12,61,56
2012-06-14 02:00:00,2,668.8,933.0,15.14,15.21,0.0,-0.07,15.81,15.89,0.0,-0.08,57,57
2012-06-14 03:00:00,3,629.5,925.0,14.5,14.56,0.0,-0.06,18.71,18.76,0.0,-0.05,56,55
2012-06-14 04:00:00,4,682.3,947.0,14.97,15.01,0.0,-0.04,16.74,16.78,0.0,-0.04,55,53
2012-06-14 05:00:00,5,740.2,1029.0,15.14,15.19,0.0,-0.05,14.96,14.96,0.0,0.0,54,54
2012-06-14 06:00:00,6,955.2,1200.0,19.61,20.57,-0.97,0.01,19.51,19.51,0.0,0.0,56,55
2012-06-14 07:00:00,7,1089.8,1341.0,24.06,24.03,0.0,0.03,24.45,24.53,0.0,-0.08,58,55
2012-06-14 08:00:00,8,1162.4,1405.0,25.56,25.57,0.0,-0.01,29.25,29.34,0.0,-0.09,60,55
2012-06-14 09:00:00,9,1168.5,1445.0,26.51,27.18,-0.54,-0.13,29.91,30.05,0.0,-0.14,67,50
2012-06-14 10:00:00,10,1258.6,1488.0,27.29,27.56,-0.18,-0.09,31.13,31.24,0.0,-0.11,66,48
2012-06-14 11:00:00,11,1280.3,1512.0,30.18,30.28,0.0,-0.1,29.65,29.71,0.0,-0.06,69,50
2012-06-14 12:00:00,12,1254.5,1524.0,29.59,30.58,-0.74,-0.25,29.79,29.93,0.0,-0.14,72,49
2012-06-14 13:00:00,13,1278.5,1543.0,30.07,30.68,-0.38,-0.23,31.94,32.11,0.0,-0.17,73,50
2012-06-14 14:00:00,14,1261.6,1545.0,32.15,32.63,-0.12,-0.36,33.08,33.4,-0.1,-0.22,75,51
2012-06-14 15:00:00,15,1243.0,1546.0,31.7,32.28,-0.17,-0.41,32.33,32.57,0.0,-0.24,76,50
2012-06-14 16:00:00,16,1269.6,1548.0,31.65,32.22,-0.17,-0.4,35.41,36.65,-0.91,-0.33,77,51
2012-06-14 17:00:00,17,1268.5,1533.0,29.77,30.38,-0.21,-0.4,30.55,32.13,-1.25,-0.33,78,50
2012-06-14 18:00:00,18,1235.4,1498.0,25.65,26.26,-0.35,-0.26,27.65,28.55,-0.69,-0.21,76,53
2012-06-14 19:00:00,19,1147.9,1467.0,26.36,26.78,-0.2,-0.22,28.51,28.98,-0.36,-0.11,75,52
2012-06-14 20:00:00,20,1216.6,1460.0,26.03,26.44,-0.29,-0.12,29.63,29.73,0.0,-0.1,69,54
2012-06-14 21:00:00,21,1177.2,1418.0,25.34,25.56,-0.14,-0.08,30.29,30.4,0.0,-0.11,65,52
2012-06-14 22:00:00,22,988.9,1262.0,21.68,21.83,0.0,-0.15,25.2,25.34,0.0,-0.14,62,51
2012-06-14 23:00:00,23,837.1,1109.0,19.39,19.97,-0.42,-0.16,18.33,18.49,0.0,-0.16,60,52
2012-06-15 00:00:00,0,824.0,1007.0,18.45,18.62,0.0,-0.17,19.29,19.47,0.0,-0.18,56,52
2012-06-15 01:00:00,1,775.5,947.0,15.91,16.02,0.0,-0.11,19.21,19.39,0.0,-0.18,56,53
2012-06-15 02:00:00,2,739.5,910.0,15.27,15.23,0.0,0.04,19.23,19.34,0.0,-0.11,54,52
2012-06-15 03:00:00,3,699.9,906.0,15.23,15.19,0.0,0.04,19.19,19.27,0.0,-0.08,51,49
2012-06-15 04:00:00,4,754.1,923.0,15.28,15.23,0.0,0.05,17.6,17.66,0.0,-0.06,49,48
2012-06-15 05:00:00,5,795.3,998.0,15.64,15.62,0.0,0.02,18.57,18.64,0.0,-0.07,47,46
2012-06-15 06:00:00,6,933.1,1154.0,21.82,22.12,-0.27,-0.03,20.26,20.38,0.0,-0.12,49,47
2012-06-15 07:00:00,7,1096.8,1294.0,23.74,23.79,0.0,-0.05,24.55,24.72,0.0,-0.17,55,51
2012-06-15 08:00:00,8,1184.0,1381.0,24.69,24.77,0.0,-0.08,29.54,29.72,0.0,-0.18,59,51
2012-06-15 09:00:00,9,1178.5,1440.0,28.71,28.87,0.0,-0.16,34.99,35.27,0.0,-0.28,67,47
2012-06-15 10:00:00,10,1259.8,1488.0,31.39,32.3,-0.76,-0.15,38.06,39.17,-0.79,-0.32,69,45
2012-06-15 11:00:00,11,1288.9,1515.0,32.48,33.52,-0.7,-0.34,37.05,37.83,-0.48,-0.3,72,44
2012-06-15 12:00:00,12,1272.6,1521.0,31.26,33.61,-1.97,-0.38,34.71,37.12,-2.09,-0.32,74,43
2012-06-15 13:00:00,13,1315.9,1518.0,32.77,36.31,-3.11,-0.43,35.56,38.21,-2.24,-0.41,75,45
2012-06-15 14:00:00,14,1321.0,1518.0,31.32,34.99,-3.27,-0.4,35.41,38.21,-2.38,-0.42,76,43
2012-06-15 15:00:00,15,1309.3,1512.0,31.37,34.51,-2.7,-0.44,37.36,38.98,-1.18,-0.44,76,45
2012-06-15 16:00:00,16,1274.3,1506.0,31.77,34.35,-2.1,-0.48,39.26,39.8,-0.05,-0.49,76,49
2012-06-15 17:00:00,17,1268.5,1484.0,29.6,31.87,-1.85,-0.42,36.01,36.5,0.0,-0.49,75,52
2012-06-15 18:00:00,18,1240.7,1448.0,29.32,29.63,0.0,-0.31,35.67,36.11,0.0,-0.44,74,54
2012-06-15 19:00:00,19,1159.4,1410.0,27.08,27.36,0.0,-0.28,33.74,34.04,0.0,-0.3,72,54
2012-06-15 20:00:00,20,1220.3,1403.0,27.51,27.72,0.0,-0.21,29.48,29.68,0.0,-0.2,69,54
2012-06-15 21:00:00,21,1192.2,1368.0,25.32,25.49,0.0,-0.17,28.52,28.74,0.0,-0.22,65,54
2012-06-15 22:00:00,22,1037.4,1237.0,22.62,22.81,0.0,-0.19,24.36,24.57,0.0,-0.21,63,53
2012-06-15 23:00:00,23,890.1,1095.0,20.22,20.39,0.0,-0.17,20.73,20.91,0.0,-0.18,58,52
2012-06-16 00:00:00,0,760.8,990.0,21.5,21.74,0.0,-0.24,24.78,25.01,0.0,-0.23,57,52
2012-06-16 01:00:00,1,721.3,927.0,20.82,21.49,-0.44,-0.23,24.44,24.71,0.0,-0.27,55,52
2012-06-16 02:00:00,2,624.8,893.0,20.16,20.33,0.0,-0.17,24.83,25.08,0.0,-0.25,52,50
2012-06-16 03:00:00,3,600.6,874.0,19.51,19.67,0.0,-0.16,22.4,22.6,0.0,-0.2,50,49
2012-06-16 04:00:00,4,610.1,878.0,19.75,19.88,0.0,-0.13,21.7,21.89,0.0,-0.19,50,49
2012-06-16 05:00:00,5,649.3,890.0,16.52,16.64,0.0,-0.12,18.9,19.02,0.0,-0.12,49,48
2012-06-16 06:00:00,6,746.1,962.0,16.8,17.83,-0.89,-0.14,18.85,18.94,0.0,-0.09,49,48
2012-06-16 07:00:00,7,860.9,1088.0,20.63,25.34,-4.69,-0.02,19.84,19.97,0.0,-0.13,56,52
2012-06-16 08:00:00,8,990.9,1212.0,22.14,22.27,0.0,-0.13,20.62,20.71,0.0,-0.09,61,53
2012-06-16 09:00:00,9,1067.5,1286.0,22.78,22.87,0.0,-0.09,21.92,21.98,0.0,-0.06,65,53
2012-06-16 10:00:00,10,1102.7,1325.0,23.74,23.84,0.0,-0.1,23.0,23.07,0.0,-0.07,67,52
2012-06-16 11:00:00,11,1113.7,1333.0,23.64,24.05,-0.23,-0.18,23.31,23.46,0.0,-0.15,70,52
2012-06-16 12:00:00,12,1110.9,1317.0,24.42,24.91,-0.27,-0.22,24.38,24.6,0.0,-0.22,71,54
2012-06-16 13:00:00,13,1129.0,1300.0,27.58,28.13,-0.29,-0.26,23.0,23.23,0.0,-0.23,70,55
2012-06-16 14:00:00,14,1122.1,1283.0,26.26,27.02,-0.51,-0.25,23.03,23.26,0.0,-0.23,69,55
2012-06-16 15:00:00,15,1125.9,1275.0,26.03,26.86,-0.53,-0.3,23.28,23.54,0.0,-0.26,68,54
2012-06-16 16:00:00,16,1117.1,1278.0,28.82,29.65,-0.49,-0.34,23.1,23.36,0.0,-0.26,68,54
2012-06-16 17:00:00,17,1087.4,1282.0,25.94,26.77,-0.51,-0.32,23.87,24.12,0.0,-0.25,67,53
2012-06-16 18:00:00,18,1084.7,1270.0,22.3,24.95,-2.4,-0.25,22.28,22.48,0.0,-0.2,66,52
2012-06-16 19:00:00,19,1079.9,1250.0,23.88,24.12,-0.07,-0.17,22.48,22.65,0.0,-0.17,61,52
2012-06-16 20:00:00,20,1102.7,1258.0,24.88,25.14,-0.12,-0.14,23.08,23.2,0.0,-0.12,58,51
2012-06-16 21:00:00,21,1125.5,1234.0,24.76,24.87,0.0,-0.11,23.3,23.47,0.0,-0.17,57,50
2012-06-16 22:00:00,22,936.2,1132.0,22.75,22.86,0.0,-0.11,21.95,22.11,0.0,-0.16,54,50
2012-06-16 23:00:00,23,788.8,1011.0,20.89,21.91,-0.82,-0.2,18.52,18.67,0.0,-0.15,51,49
2012-06-17 00:00:00,0,691.4,927.0,20.59,20.74,0.05,-0.2,20.06,20.21,0.0,-0.15,50,48
2012-06-17 01:00:00,1,669.1,873.0,19.27,20.26,-0.82,-0.17,15.72,15.85,0.0,-0.13,48,47
2012-06-17 02:00:00,2,623.5,845.0,17.39,17.54,0.0,-0.15,17.02,17.17,0.0,-0.15,49,47
2012-06-17 03:00:00,3,605.7,830.0,15.1,15.18,0.0,-0.08,20.44,20.54,0.0,-0.1,51,49
2012-06-17 04:00:00,4,590.3,830.0,14.08,14.15,0.0,-0.07,20.47,20.56,0.0,-0.09,51,49
2012-06-17 05:00:00,5,624.3,832.0,13.88,13.94,0.0,-0.06,18.42,18.49,0.0,-0.07,49,48
2012-06-17 06:00:00,6,652.8,873.0,14.07,14.12,0.0,-0.05,1.72,1.73,0.0,-0.01,48,47
2012-06-17 07:00:00,7,757.7,973.0,15.17,15.19,0.0,-0.02,0.0,0.0,0.0,0.0,51,49
2012-06-17 08:00:00,8,876.0,1091.0,18.92,19.0,0.0,-0.08,20.66,20.72,0.0,-0.06,54,51
2012-06-17 09:00:00,9,932.8,1173.0,20.86,21.76,-0.76,-0.14,23.99,24.07,0.0,-0.08,56,49
2012-06-17 10:00:00,10,986.9,1218.0,23.48,23.61,0.0,-0.13,26.55,26.62,0.0,-0.07,61,51
2012-06-17 11:00:00,11,1017.6,1240.0,24.87,25.09,0.0,-0.22,26.21,26.35,0.0,-0.14,63,50
2012-06-17 12:00:00,12,1020.7,1243.0,24.71,24.92,0.0,-0.21,22.2,22.33,0.0,-0.13,66,49
2012-06-17 13:00:00,13,1009.7,1231.0,27.23,27.48,0.0,-0.25,21.34,21.48,0.0,-0.14,68,51
2012-06-17 14:00:00,14,1014.6,1224.0,24.8,25.03,0.0,-0.23,21.15,21.31,0.0,-0.16,70,52
2012-06-17 15:00:00,15,994.9,1226.0,27.18,27.49,0.0,-0.31,22.12,22.28,0.0,-0.16,70,52
2012-06-17 16:00:00,16,999.2,1242.0,27.61,27.89,0.0,-0.28,27.11,27.28,0.0,-0.17,70,52
2012-06-17 17:00:00,17,1015.2,1264.0,27.59,27.86,0.0,-0.27,27.34,27.5,0.0,-0.16,70,53
2012-06-17 18:00:00,18,1043.9,1264.0,26.64,26.84,0.0,-0.2,23.91,24.03,0.0,-0.12,68,53
2012-06-17 19:00:00,19,1051.0,1255.0,24.65,24.8,0.0,-0.15,24.74,24.8,0.0,-0.06,65,52
2012-06-17 20:00:00,20,1103.7,1265.0,29.68,29.78,0.0,-0.1,27.38,27.45,0.0,-0.07,61,50
2012-06-17 21:00:00,21,1078.4,1234.0,26.81,26.9,0.0,-0.09,29.75,29.92,0.0,-0.17,57,48
2012-06-17 22:00:00,22,908.5,1109.0,23.63,23.8,0.0,-0.17,24.38,24.55,0.0,-0.17,54,47
2012-06-17 23:00:00,23,767.7,984.0,20.83,21.03,0.04,-0.24,17.72,17.81,0.0,-0.09,52,48
2012-06-18 00:00:00,0,736.9,911.0,18.67,21.23,-2.39,-0.17,14.76,14.87,0.0,-0.11,51,48
2012-06-18 01:00:00,1,697.6,871.0,15.2,16.23,-0.93,-0.1,16.5,16.61,0.0,-0.11,50,48
2012-06-18 02:00:00,2,640.2,855.0,14.93,15.01,0.0,-0.08,20.27,20.35,0.0,-0.08,49,47
2012-06-18 03:00:00,3,630.6,855.0,14.91,15.0,0.0,-0.09,20.34,20.41,0.0,-0.07,51,49
2012-06-18 04:00:00,4,705.8,890.0,15.01,15.05,0.0,-0.04,19.95,19.98,0.0,-0.03,51,49
2012-06-18 05:00:00,5,760.2,974.0,15.27,15.74,-0.38,-0.09,14.77,14.81,0.0,-0.04,51,48
2012-06-18 06:00:00,6,898.5,1126.0,22.98,23.16,0.0,-0.18,20.67,20.74,0.0,-0.07,51,49
2012-06-18 07:00:00,7,1075.4,1269.0,25.18,25.22,0.0,-0.04,21.67,21.71,0.0,-0.04,52,49
2012-06-18 08:00:00,8,1146.7,1350.0,24.74,26.51,-1.63,-0.14,22.73,22.78,0.0,-0.05,53,49
2012-06-18 09:00:00,9,1201.7,1401.0,26.34,26.36,0.0,-0.02,26.15,26.18,0.0,-0.03,55,49
2012-06-18 10:00:00,10,1241.8,1444.0,28.53,28.54,0.0,-0.01,29.5,29.5,0.0,0.0,56,50
2012-06-18 11:00:00,11,1261.1,1467.0,30.07,30.2,0.0,-0.13,25.45,25.52,0.0,-0.07,63,51
2012-06-18 12:00:00,12,1276.6,1470.0,29.29,29.42,0.0,-0.13,23.09,23.16,0.0,-0.07,58,51
2012-06-18 13:00:00,13,1286.1,1474.0,30.46,30.62,0.0,-0.16,29.37,29.45,0.0,-0.08,59,51
2012-06-18 14:00:00,14,1271.2,1463.0,32.0,32.25,0.0,-0.25,30.7,30.83,0.0,-0.13,60,50
2012-06-18 15:00:00,15,1266.3,1455.0,34.03,34.34,0.0,-0.31,33.13,33.3,0.0,-0.17,64,51
2012-06-18 16:00:00,16,1259.3,1452.0,34.84,35.16,0.0,-0.32,33.14,33.28,0.0,-0.14,65,50
2012-06-18 17:00:00,17,1247.8,1451.0,33.22,33.46,0.0,-0.24,33.71,33.83,0.0,-0.12,67,51
2012-06-18 18:00:00,18,1231.9,1441.0,27.56,27.68,0.0,-0.12,29.52,29.54,0.0,-0.02,67,49
2012-06-18 19:00:00,19,1180.5,1411.0,26.39,26.55,0.0,-0.16,28.16,28.18,0.0,-0.02,67,49
2012-06-18 20:00:00,20,1263.6,1417.0,27.15,27.2,0.0,-0.05,27.02,26.96,0.0,0.06,63,54
2012-06-18 21:00:00,21,1222.8,1360.0,27.11,27.24,0.0,-0.13,25.37,25.42,0.0,-0.05,59,54
2012-06-18 22:00:00,22,1013.9,1207.0,24.69,24.75,0.0,-0.06,22.45,22.52,0.0,-0.07,56,53
2012-06-18 23:00:00,23,872.8,1069.0,20.91,21.11,0.04,-0.24,22.01,22.11,0.0,-0.1,55,53
2012-06-19 00:00:00,0,825.1,979.0,21.11,22.24,-0.94,-0.19,24.75,24.95,0.0,-0.2,56,54
2012-06-19 01:00:00,1,776.6,928.0,19.41,20.57,-1.03,-0.13,25.03,25.19,0.0,-0.16,56,54
2012-06-19 02:00:00,2,705.9,902.0,17.87,18.01,0.0,-0.14,22.6,22.7,0.0,-0.1,56,54
2012-06-19 03:00:00,3,688.0,898.0,16.64,16.75,0.0,-0.11,17.99,18.06,0.0,-0.07,56,55
2012-06-19 04:00:00,4,764.7,927.0,18.28,18.52,-0.16,-0.08,20.52,20.57,0.0,-0.05,56,54
2012-06-19 05:00:00,5,813.9,1006.0,19.82,21.03,-1.09,-0.12,17.11,17.15,0.0,-0.04,56,54
2012-06-19 06:00:00,6,944.4,1155.0,24.85,24.87,0.0,-0.02,25.55,25.6,0.0,-0.05,56,54
2012-06-19 07:00:00,7,1127.2,1298.0,31.44,31.62,0.0,-0.18,30.61,30.7,0.0,-0.09,57,54
2012-06-19 08:00:00,8,1198.7,1380.0,30.8,31.14,-0.1,-0.24,28.93,28.92,0.0,0.01,58,55
2012-06-19 09:00:00,9,1253.9,1432.0,34.68,34.92,0.0,-0.24,34.69,34.66,0.0,0.03,61,56
2012-06-19 10:00:00,10,1307.0,1487.0,34.89,35.07,0.0,-0.18,45.23,45.18,0.0,0.05,64,56
2012-06-19 11:00:00,11,1347.3,1524.0,41.22,41.42,0.0,-0.2,44.59,44.52,0.0,0.07,67,58
2012-06-19 12:00:00,12,1367.8,1535.0,41.67,41.84,0.0,-0.17,45.32,45.18,0.0,0.14,69,59
2012-06-19 13:00:00,13,1387.3,1556.0,45.26,45.51,0.0,-0.25,34.84,34.74,0.0,0.1,72,59
2012-06-19 14:00:00,14,1389.8,1560.0,43.77,44.52,-0.31,-0.44,38.36,38.32,0.0,0.04,74,60
2012-06-19 15:00:00,15,1382.8,1556.0,42.14,43.46,-0.9,-0.42,38.19,38.18,0.0,0.01,76,62
2012-06-19 16:00:00,16,1399.1,1566.0,42.02,43.23,-0.85,-0.36,40.21,40.21,0.0,0.0,76,62
2012-06-19 17:00:00,17,1348.7,1567.0,43.85,44.71,-0.52,-0.34,47.01,46.96,0.0,0.05,76,62
2012-06-19 18:00:00,18,1338.2,1550.0,39.09,39.27,0.0,-0.18,47.78,47.61,0.0,0.17,75,63
2012-06-19 19:00:00,19,1303.2,1529.0,35.7,36.01,0.0,-0.31,45.9,45.79,0.0,0.11,75,63
2012-06-19 20:00:00,20,1322.4,1548.0,38.09,38.38,0.0,-0.29,58.35,58.22,0.0,0.13,73,63
2012-06-19 21:00:00,21,1279.4,1509.0,34.41,34.72,0.0,-0.31,38.93,38.95,0.0,-0.02,70,63
2012-06-19 22:00:00,22,1104.6,1356.0,29.9,30.07,0.0,-0.17,33.71,33.79,0.0,-0.08,68,63
2012-06-19 23:00:00,23,944.8,1208.0,25.6,25.87,0.0,-0.27,30.91,30.95,0.0,-0.04,66,63
2012-06-20 00:00:00,0,995.4,1102.0,38.82,38.89,0.0,-0.07,33.8,33.8,0.0,0.0,66,63
2012-06-20 01:00:00,1,926.0,1045.0,33.59,33.69,0.0,-0.1,31.76,31.82,0.0,-0.06,65,63
2012-06-20 02:00:00,2,892.4,1013.0,33.08,33.18,0.0,-0.1,22.91,22.95,0.0,-0.04,63,61
2012-06-20 03:00:00,3,877.1,1004.0,32.73,32.75,0.0,-0.02,18.21,18.23,0.0,-0.02,63,61
2012-06-20 04:00:00,4,892.8,1033.0,33.2,33.24,0.0,-0.04,1.74,1.73,0.0,0.01,64,62
2012-06-20 05:00:00,5,959.1,1106.0,36.73,36.76,0.0,-0.03,0.0,0.0,0.0,0.0,61,60
2012-06-20 06:00:00,6,1068.7,1275.0,47.47,47.51,0.0,-0.04,0.0,0.0,0.0,0.0,63,61
2012-06-20 07:00:00,7,1260.7,1465.0,58.25,58.16,0.0,0.09,42.05,41.65,0.0,0.4,68,64
2012-06-20 08:00:00,8,1374.9,1626.0,59.22,59.39,0.0,-0.17,51.88,51.49,0.0,0.39,73,66
2012-06-20 09:00:00,9,1472.8,1760.0,66.96,67.26,-0.02,-0.28,70.98,70.71,0.0,0.27,78,68
2012-06-20 10:00:00,10,1580.3,1882.0,91.66,92.09,-0.08,-0.35,109.25,109.03,0.0,0.22,84,69
2012-06-20 11:00:00,11,1659.9,1973.0,103.17,103.7,-0.33,-0.2,113.23,112.85,0.0,0.38,88,67
2012-06-20 12:00:00,12,1704.0,2027.0,108.7,109.45,-0.28,-0.47,168.63,168.93,0.0,-0.3,91,65
2012-06-20 13:00:00,13,1742.9,2079.0,129.38,131.14,-1.13,-0.63,184.74,185.63,0.0,-0.89,93,63
2012-06-20 14:00:00,14,1299.6,2116.0,135.15,137.82,-0.11,-2.56,181.33,182.39,0.0,-1.06,94,65
2012-06-20 15:00:00,15,1751.3,2139.0,136.19,137.2,-0.11,-0.9,123.62,124.52,0.0,-0.9,95,65
2012-06-20 16:00:00,16,1264.9,2153.0,134.59,137.84,-0.21,-3.04,150.59,177.54,-25.39,-1.56,96,65
2012-06-20 17:00:00,17,1226.1,2156.0,130.36,133.71,-0.34,-3.01,188.65,205.4,-14.89,-1.86,93,67
2012-06-20 18:00:00,18,1583.7,2129.0,118.1,119.36,-0.28,-0.98,183.01,184.63,0.0,-1.62,94,68
2012-06-20 19:00:00,19,1352.2,2089.0,107.78,109.46,-0.16,-1.52,188.34,189.3,0.0,-0.96,89,68
2012-06-20 20:00:00,20,1572.9,2067.0,97.08,97.77,-0.21,-0.48,189.99,190.6,0.0,-0.61,89,71
2012-06-20 21:00:00,21,1502.9,2001.0,89.15,89.8,0.0,-0.65,148.42,148.93,0.0,-0.51,82,71
2012-06-20 22:00:00,22,1337.8,1795.0,63.76,64.54,0.0,-0.78,88.06,88.54,0.0,-0.48,78,73
2012-06-20 23:00:00,23,1146.2,1597.0,50.49,50.96,0.0,-0.47,106.32,107.31,0.0,-0.99,81,72
2012-06-21 00:00:00,0,1051.2,1461.0,57.26,58.07,0.0,-0.81,90.72,91.24,0.0,-0.52,77,72
2012-06-21 01:00:00,1,1003.3,1370.0,51.09,51.81,0.0,-0.72,124.39,125.7,0.0,-1.31,73,70
2012-06-21 02:00:00,2,955.7,1314.0,40.2,40.6,0.0,-0.4,73.26,73.96,0.0,-0.7,74,69
2012-06-21 03:00:00,3,938.0,1283.0,35.68,36.03,0.0,-0.35,61.94,62.48,0.0,-0.54,69,68
2012-06-21 04:00:00,4,949.9,1288.0,36.99,37.35,0.0,-0.36,55.14,55.59,0.0,-0.45,68,67
2012-06-21 05:00:00,5,1030.4,1346.0,39.4,39.64,0.0,-0.24,56.81,57.13,0.0,-0.32,70,66
2012-06-21 06:00:00,6,1151.6,1522.0,51.63,51.91,0.0,-0.28,84.3,84.44,0.0,-0.14,67,65
2012-06-21 07:00:00,7,1361.9,1721.0,64.95,64.87,0.0,0.08,108.43,108.01,0.0,0.42,78,66
2012-06-21 08:00:00,8,1487.5,1873.0,87.4,87.17,0.18,0.05,144.55,144.32,0.0,0.23,81,66
2012-06-21 09:00:00,9,1590.7,2000.0,103.91,103.93,0.3,-0.32,110.36,109.95,0.0,0.41,84,67
2012-06-21 10:00:00,10,1684.9,2106.0,149.13,148.61,0.85,-0.33,122.55,122.25,0.0,0.3,87,67
2012-06-21 11:00:00,11,1760.4,2173.0,173.39,174.11,1.13,-1.85,153.01,152.94,0.0,0.07,89,65
2012-06-21 12:00:00,12,1804.7,2207.0,175.56,177.36,0.52,-2.32,161.12,161.44,0.0,-0.32,90,66
2012-06-21 13:00:00,13,1839.1,2241.0,196.86,198.4,1.32,-2.86,151.38,152.05,0.0,-0.67,90,65
2012-06-21 14:00:00,14,1854.6,2255.0,204.73,206.58,1.42,-3.27,160.74,162.03,0.0,-1.29,93,64
2012-06-21 15:00:00,15,1842.0,2260.0,196.18,198.25,1.29,-3.36,156.19,157.64,0.0,-1.45,92,65
2012-06-21 16:00:00,16,1783.8,2263.0,195.6,198.64,1.32,-4.36,148.24,149.51,0.0,-1.27,92,65
2012-06-21 17:00:00,17,1732.9,2243.0,186.9,190.28,0.91,-4.29,139.36,139.47,0.98,-1.09,94,66
2012-06-21 18:00:00,18,1685.1,2210.0,168.57,171.35,0.84,-3.62,123.13,124.0,0.0,-0.87,91,66
2012-06-21 19:00:00,19,1636.4,2153.0,160.33,162.39,1.02,-3.08,104.46,105.08,0.0,-0.62,91,66
2012-06-21 20:00:00,20,1637.8,2104.0,147.36,149.04,0.87,-2.55,99.79,100.21,0.0,-0.42,85,67
2012-06-21 21:00:00,21,1572.8,2025.0,105.48,106.75,0.39,-1.66,80.56,80.83,0.0,-0.27,82,71
2012-06-21 22:00:00,22,1395.5,1820.0,75.08,76.7,0.0,-1.62,55.54,55.86,0.0,-0.32,78,71
2012-06-21 23:00:00,23,1173.0,1611.0,60.69,61.69,0.0,-1.0,47.87,48.23,0.0,-0.36,76,70
2012-06-22 00:00:00,0,1129.1,1469.0,49.64,50.45,0.0,-0.81,47.29,47.61,0.0,-0.32,74,70
2012-06-22 01:00:00,1,1062.3,1372.0,45.51,46.4,0.0,-0.89,48.02,48.54,0.0,-0.52,72,69
2012-06-22 02:00:00,2,980.5,1306.0,42.49,43.4,0.0,-0.91,39.57,40.04,0.0,-0.47,70,68
2012-06-22 03:00:00,3,961.2,1261.0,39.45,40.34,0.0,-0.89,28.3,28.54,0.0,-0.24,68,66
2012-06-22 04:00:00,4,977.9,1269.0,36.01,36.7,0.0,-0.69,29.84,30.07,0.0,-0.23,69,66
2012-06-22 05:00:00,5,1040.0,1308.0,39.59,40.29,0.0,-0.7,33.87,34.21,0.0,-0.34,68,65
2012-06-22 06:00:00,6,1188.0,1466.0,43.86,44.34,0.0,-0.48,38.16,38.4,0.0,-0.24,65,64
2012-06-22 07:00:00,7,1340.8,1669.0,48.44,48.92,-0.06,-0.42,42.58,42.74,0.0,-0.16,71,67
2012-06-22 08:00:00,8,1448.0,1833.0,51.85,52.64,-0.19,-0.6,53.44,53.6,0.0,-0.16,75,68
2012-06-22 09:00:00,9,1539.9,1966.0,71.22,71.99,-0.08,-0.69,75.56,75.6,0.0,-0.04,81,66
2012-06-22 10:00:00,10,1641.7,2077.0,84.42,85.33,-0.1,-0.81,95.8,95.79,0.0,0.01,85,66
2012-06-22 11:00:00,11,1660.4,2141.0,86.35,87.41,-0.08,-0.98,124.66,124.76,0.0,-0.1,88,63
2012-06-22 12:00:00,12,1690.5,2179.0,102.74,103.96,0.0,-1.22,155.64,156.15,0.0,-0.51,90,62
2012-06-22 13:00:00,13,1692.1,2208.0,102.84,104.18,0.0,-1.34,167.45,168.35,0.0,-0.9,91,62
2012-06-22 14:00:00,14,1682.3,2220.0,102.72,104.13,0.0,-1.41,132.86,133.31,0.0,-0.45,93,63
2012-06-22 15:00:00,15,1661.3,2210.0,100.46,102.02,0.0,-1.56,113.62,114.07,0.0,-0.45,92,61
2012-06-22 16:00:00,16,1616.2,2173.0,96.07,97.71,0.0,-1.64,60.43,60.5,0.0,-0.07,92,62
2012-06-22 17:00:00,17,1531.4,2089.0,85.24,86.83,0.0,-1.59,49.56,49.62,0.0,-0.06,88,61
2012-06-22 18:00:00,18,1479.8,2011.0,69.92,70.95,0.0,-1.03,36.33,36.15,0.0,0.18,87,62
2012-06-22 19:00:00,19,1446.7,1941.0,60.17,61.11,-0.01,-0.93,35.66,35.54,0.0,0.12,86,64
2012-06-22 20:00:00,20,1452.5,1899.0,56.78,57.58,-0.01,-0.79,37.06,36.98,0.0,0.08,82,61
2012-06-22 21:00:00,21,1388.4,1807.0,50.7,51.5,0.0,-0.8,33.73,33.71,0.0,0.02,80,59
2012-06-22 22:00:00,22,1242.3,1633.0,44.26,44.53,0.0,-0.27,29.12,29.14,0.0,-0.02,77,56
2012-06-22 23:00:00,23,1080.6,1456.0,34.55,34.95,0.0,-0.4,27.31,27.28,0.0,0.03,76,55
2012-06-23 00:00:00,0,972.8,1322.0,26.55,26.48,0.0,0.07,28.33,28.21,0.0,0.12,74,55
2012-06-23 01:00:00,1,884.5,1250.0,25.1,25.1,0.0,0.0,37.58,37.42,0.0,0.16,74,54
2012-06-23 02:00:00,2,839.1,1194.0,22.89,22.92,0.0,-0.03,26.45,26.38,0.0,0.07,73,55
2012-06-23 03:00:00,3,812.1,1159.0,22.71,22.75,0.0,-0.04,26.25,26.21,0.0,0.04,71,55
2012-06-23 04:00:00,4,807.1,1150.0,22.73,23.9,-1.12,-0.05,26.44,26.4,0.0,0.04,69,56
2012-06-23 05:00:00,5,824.0,1159.0,22.95,23.67,-0.68,-0.04,28.42,28.38,0.0,0.04,69,57
2012-06-23 06:00:00,6,851.5,1216.0,21.76,23.57,-1.83,0.02,23.78,23.7,0.0,0.08,68,58
2012-06-23 07:00:00,7,924.7,1318.0,22.52,22.47,0.0,0.05,24.12,23.92,0.0,0.2,69,59
2012-06-23 08:00:00,8,1091.1,1439.0,25.84,25.69,0.0,0.15,25.81,25.58,0.0,0.23,70,59
2012-06-23 09:00:00,9,1254.9,1554.0,31.48,31.12,0.07,0.29,32.48,32.15,0.0,0.33,72,59
2012-06-23 10:00:00,10,1305.6,1645.0,36.66,36.32,0.0,0.34,50.1,49.73,0.0,0.37,76,59
2012-06-23 11:00:00,11,1339.6,1707.0,40.69,40.35,0.0,0.34,65.82,65.36,0.0,0.46,81,60
2012-06-23 12:00:00,12,1360.2,1734.0,43.33,42.98,0.0,0.35,56.85,56.46,0.0,0.39,84,58
2012-06-23 13:00:00,13,1320.4,1735.0,44.08,43.87,0.0,0.21,57.2,65.68,-8.88,0.4,85,56
2012-06-23 14:00:00,14,1277.7,1731.0,43.59,43.51,0.0,0.08,59.25,85.92,-27.1,0.43,86,54
2012-06-23 15:00:00,15,1279.8,1702.0,46.74,46.66,0.0,0.08,66.55,100.69,-34.44,0.3,82,54
2012-06-23 16:00:00,16,1271.4,1656.0,46.75,46.67,0.0,0.08,176.79,181.38,-4.17,-0.42,85,56
2012-06-23 17:00:00,17,1305.9,1582.0,44.55,44.44,0.0,0.11,55.22,55.34,0.0,-0.12,70,58
2012-06-23 18:00:00,18,1236.5,1512.0,40.15,40.09,0.0,0.06,28.0,27.97,0.0,0.03,65,60
2012-06-23 19:00:00,19,1212.5,1460.0,36.07,36.24,-0.21,0.04,22.83,22.77,0.0,0.06,65,61
2012-06-23 20:00:00,20,1220.2,1443.0,33.75,34.81,-1.19,0.13,21.98,21.9,0.0,0.08,66,62
2012-06-23 21:00:00,21,1228.5,1405.0,30.03,30.53,-0.66,0.16,23.01,22.92,0.0,0.09,64,60
2012-06-23 22:00:00,22,1063.7,1287.0,25.93,26.7,-0.84,0.07,22.9,22.82,0.0,0.08,62,60
2012-06-23 23:00:00,23,963.5,1166.0,24.84,24.73,0.0,0.11,22.45,22.37,0.0,0.08,61,60
2012-06-24 00:00:00,0,855.8,1067.0,25.61,25.67,0.0,-0.06,25.5,25.51,0.0,-0.01,60,58
2012-06-24 01:00:00,1,779.2,1005.0,22.94,23.01,0.0,-0.07,40.2,40.34,0.0,-0.14,58,57
2012-06-24 02:00:00,2,742.2,967.0,21.87,21.98,0.0,-0.11,23.1,23.22,0.0,-0.12,57,56
2012-06-24 03:00:00,3,681.2,947.0,21.9,36.48,-14.45,-0.13,22.77,22.88,0.0,-0.11,55,54
2012-06-24 04:00:00,4,675.3,939.0,21.85,36.18,-14.24,-0.09,23.46,23.58,0.0,-0.12,55,53
2012-06-24 05:00:00,5,674.5,937.0,21.84,36.14,-14.24,-0.06,22.31,22.43,0.0,-0.12,54,53
2012-06-24 06:00:00,6,646.4,980.0,21.82,36.35,-14.41,-0.12,20.1,20.15,0.0,-0.05,55,54
2012-06-24 07:00:00,7,756.1,1085.0,20.8,20.71,0.0,0.09,21.99,21.93,0.0,0.06,62,56
2012-06-24 08:00:00,8,955.6,1211.0,22.13,23.93,-1.81,0.01,24.73,24.63,0.0,0.1,66,54
2012-06-24 09:00:00,9,1051.9,1317.0,22.94,37.28,-14.39,0.05,32.33,32.17,0.0,0.16,69,55
2012-06-24 10:00:00,10,1119.6,1384.0,23.45,37.91,-14.65,0.19,28.16,28.0,0.0,0.16,74,53
2012-06-24 11:00:00,11,1159.7,1421.0,28.59,28.52,0.0,0.07,23.37,23.22,0.0,0.15,78,49
2012-06-24 12:00:00,12,1198.4,1442.0,33.81,33.74,0.0,0.07,31.7,31.46,0.0,0.24,80,47
2012-06-24 13:00:00,13,1214.0,1457.0,30.46,30.41,0.0,0.05,41.55,41.26,0.0,0.29,80,47
2012-06-24 14:00:00,14,1223.4,1472.0,31.6,31.59,0.0,0.01,39.55,39.4,0.0,0.15,81,48
2012-06-24 15:00:00,15,1242.8,1497.0,35.96,35.94,0.0,0.02,39.06,38.95,0.0,0.11,82,47
2012-06-24 16:00:00,16,1258.9,1528.0,38.7,38.7,0.0,0.0,36.92,36.88,0.0,0.04,83,46
2012-06-24 17:00:00,17,1265.0,1548.0,38.91,38.9,0.0,0.01,42.75,42.68,0.0,0.07,83,46
2012-06-24 18:00:00,18,1242.6,1545.0,32.79,32.75,0.0,0.04,44.49,44.28,0.0,0.21,81,47
2012-06-24 19:00:00,19,1226.0,1509.0,29.99,29.9,0.0,0.09,36.64,36.48,0.0,0.16,80,48
2012-06-24 20:00:00,20,1248.5,1504.0,34.71,34.59,0.0,0.12,44.32,44.16,0.0,0.16,77,49
2012-06-24 21:00:00,21,1194.0,1469.0,28.35,28.3,0.0,0.05,37.33,37.28,0.0,0.05,70,54
2012-06-24 22:00:00,22,1067.8,1333.0,23.95,23.87,0.0,0.08,38.84,38.93,0.0,-0.09,69,55
2012-06-24 23:00:00,23,965.5,1199.0,24.56,24.46,0.0,0.1,31.92,31.98,0.0,-0.06,67,58
2012-06-25 00:00:00,0,866.5,1102.0,23.17,23.21,0.0,-0.04,40.53,40.63,0.0,-0.1,67,57
2012-06-25 01:00:00,1,807.7,1048.0,22.69,24.56,-1.76,-0.11,71.67,71.88,0.0,-0.21,68,58
2012-06-25 02:00:00,2,759.8,1022.0,21.87,23.7,-1.73,-0.1,25.67,25.77,0.0,-0.1,65,59
2012-06-25 03:00:00,3,736.8,1012.0,21.74,23.54,-1.73,-0.07,40.98,41.12,0.0,-0.14,64,58
2012-06-25 04:00:00,4,808.5,1039.0,21.93,23.68,-1.71,-0.04,24.16,24.23,0.0,-0.07,64,59
2012-06-25 05:00:00,5,849.6,1108.0,22.38,22.43,0.0,-0.05,22.91,22.86,0.0,0.05,62,60
2012-06-25 06:00:00,6,989.1,1242.0,24.82,25.76,-1.0,0.06,27.26,27.13,0.0,0.13,61,60
2012-06-25 07:00:00,7,1155.8,1398.0,26.54,26.39,0.0,0.15,41.71,41.55,0.0,0.16,64,60
2012-06-25 08:00:00,8,1228.8,1504.0,27.38,28.03,-0.73,0.08,39.91,39.75,0.0,0.16,67,60
2012-06-25 09:00:00,9,1284.7,1572.0,33.44,33.36,-0.06,0.14,44.38,44.13,0.0,0.25,67,59
2012-06-25 10:00:00,10,1305.7,1618.0,34.74,36.48,-1.89,0.15,46.68,46.36,0.0,0.32,65,62
2012-06-25 11:00:00,11,1328.3,1623.0,36.72,38.74,-2.22,0.2,49.2,48.84,0.0,0.36,65,63
2012-06-25 12:00:00,12,1340.2,1605.0,39.93,42.05,-2.33,0.21,42.3,41.96,0.0,0.34,65,62
2012-06-25 13:00:00,13,1346.9,1595.0,38.16,40.97,-2.96,0.15,38.43,38.21,0.0,0.22,63,62
2012-06-25 14:00:00,14,1314.8,1579.0,38.65,41.19,-2.64,0.1,46.0,45.82,0.0,0.18,63,61
2012-06-25 15:00:00,15,1288.5,1573.0,38.45,40.64,-2.19,0.0,44.25,44.15,0.0,0.1,65,62
2012-06-25 16:00:00,16,1276.5,1574.0,37.18,37.25,0.0,-0.07,33.31,33.24,0.0,0.07,65,61
2012-06-25 17:00:00,17,1263.9,1575.0,34.32,34.39,0.0,-0.07,39.2,39.08,0.0,0.12,66,61
2012-06-25 18:00:00,18,1242.0,1546.0,29.74,29.74,0.0,0.0,34.59,34.49,0.0,0.1,65,61
2012-06-25 19:00:00,19,1223.3,1510.0,27.31,27.29,0.0,0.02,25.46,25.29,0.0,0.17,65,61
2012-06-25 20:00:00,20,1309.7,1490.0,27.02,26.91,0.0,0.11,24.84,24.7,0.0,0.14,64,61
2012-06-25 21:00:00,21,1274.8,1431.0,26.65,26.6,0.0,0.05,26.0,25.92,0.0,0.08,63,60
2012-06-25 22:00:00,22,1066.3,1285.0,25.08,25.12,-0.16,0.12,24.33,24.21,0.0,0.12,61,57
2012-06-25 23:00:00,23,913.9,1148.0,22.58,22.64,0.0,-0.06,19.33,19.29,0.0,0.04,60,57
2012-06-26 00:00:00,0,810.0,1048.0,33.5,34.33,-0.75,-0.08,31.36,31.34,0.0,0.02,59,57
2012-06-26 01:00:00,1,760.3,990.0,29.57,30.54,-0.99,0.02,28.31,28.32,0.0,-0.01,58,56
2012-06-26 02:00:00,2,740.8,957.0,26.23,27.42,-1.2,0.01,23.73,23.75,0.0,-0.02,57,55
2012-06-26 03:00:00,3,724.8,947.0,25.1,26.39,-1.27,-0.02,24.88,24.89,0.0,-0.01,56,54
2012-06-26 04:00:00,4,748.1,974.0,25.89,27.1,-1.21,0.0,23.65,23.63,0.0,0.02,56,54
2012-06-26 05:00:00,5,827.8,1048.0,27.12,28.19,-1.21,0.14,23.36,23.25,0.0,0.11,56,54
2012-06-26 06:00:00,6,951.4,1186.0,32.0,32.64,-0.76,0.12,21.02,20.86,0.0,0.16,56,54
2012-06-26 07:00:00,7,1124.7,1316.0,34.84,35.14,-0.49,0.19,25.5,25.25,0.0,0.25,57,54
2012-06-26 08:00:00,8,1196.5,1397.0,37.82,37.48,0.0,0.34,29.77,29.47,0.0,0.3,59,54
2012-06-26 09:00:00,9,1243.0,1445.0,40.62,40.4,0.0,0.22,36.29,36.02,0.0,0.27,61,54
2012-06-26 10:00:00,10,1259.4,1506.0,40.37,40.11,0.0,0.26,37.13,36.67,0.0,0.46,63,54
2012-06-26 11:00:00,11,1284.1,1532.0,41.93,41.67,0.0,0.26,41.28,40.83,0.0,0.45,67,55
2012-06-26 12:00:00,12,1281.0,1540.0,41.38,41.14,0.0,0.24,40.12,39.71,0.0,0.41,67,55
2012-06-26 13:00:00,13,1283.2,1542.0,40.13,40.01,0.0,0.12,34.46,34.07,0.0,0.39,67,55
2012-06-26 14:00:00,14,1267.0,1526.0,38.92,38.81,0.0,0.11,35.68,35.32,0.0,0.36,69,55
2012-06-26 15:00:00,15,1231.2,1503.0,41.18,41.2,0.0,-0.02,31.03,30.77,0.0,0.26,69,54
2012-06-26 16:00:00,16,1239.7,1484.0,40.46,40.46,0.0,0.0,28.96,28.77,0.0,0.19,68,55
2012-06-26 17:00:00,17,1192.9,1479.0,39.08,39.12,0.0,-0.04,25.11,25.0,0.0,0.11,65,54
2012-06-26 18:00:00,18,1163.1,1460.0,36.15,36.16,0.0,-0.01,24.34,24.2,0.0,0.14,64,53
2012-06-26 19:00:00,19,1159.2,1430.0,36.38,36.39,0.0,-0.01,27.47,27.35,0.0,0.12,64,54
2012-06-26 20:00:00,20,1210.1,1422.0,38.96,38.86,0.0,0.1,25.93,25.81,0.0,0.12,63,52
2012-06-26 21:00:00,21,1211.2,1360.0,39.81,39.5,0.0,0.31,24.78,24.67,0.0,0.11,61,51
2012-06-26 22:00:00,22,1008.5,1223.0,36.01,35.8,0.0,0.21,20.0,19.93,0.0,0.07,60,51
2012-06-26 23:00:00,23,864.6,1086.0,29.69,30.45,-0.85,0.09,15.02,15.03,0.0,-0.01,60,51
2012-06-27 00:00:00,0,850.3,1002.0,31.06,30.95,0.0,0.11,18.12,18.12,0.0,0.0,60,51
2012-06-27 01:00:00,1,750.8,956.0,24.8,24.77,0.0,0.03,25.02,25.09,0.0,-0.07,57,53
2012-06-27 02:00:00,2,723.6,929.0,22.13,22.11,0.0,0.02,24.96,24.98,0.0,-0.02,58,53
2012-06-27 03:00:00,3,748.3,925.0,21.65,21.6,0.0,0.05,22.89,22.94,0.0,-0.05,56,53
2012-06-27 04:00:00,4,771.3,951.0,22.9,22.84,0.0,0.06,24.94,25.0,0.0,-0.06,58,53
2012-06-27 05:00:00,5,845.1,1023.0,25.05,24.9,0.0,0.15,15.4,15.46,0.0,-0.06,56,54
2012-06-27 06:00:00,6,971.3,1161.0,32.18,32.06,0.0,0.12,23.5,23.57,0.0,-0.07,58,54
2012-06-27 07:00:00,7,1143.8,1300.0,33.53,33.34,0.0,0.19,29.97,29.98,0.0,-0.01,61,54
2012-06-27 08:00:00,8,1220.9,1382.0,36.6,36.55,0.0,0.05,31.54,31.54,0.0,0.0,61,54
2012-06-27 09:00:00,9,1271.7,1444.0,39.89,39.84,0.0,0.05,36.8,36.83,0.0,-0.03,63,55
2012-06-27 10:00:00,10,1319.3,1489.0,45.91,45.79,0.0,0.12,35.09,35.13,0.0,-0.04,67,54
2012-06-27 11:00:00,11,1344.0,1514.0,49.53,49.39,0.0,0.14,36.22,36.21,0.0,0.01,67,53
2012-06-27 12:00:00,12,1345.5,1496.0,50.5,50.39,0.0,0.11,37.06,37.09,0.0,-0.03,70,54
2012-06-27 13:00:00,13,1346.1,1526.0,51.13,51.03,0.0,0.1,39.4,39.58,0.0,-0.18,72,54
2012-06-27 14:00:00,14,1304.7,1517.0,49.68,49.79,0.0,-0.11,39.81,40.11,0.0,-0.3,72,53
2012-06-27 15:00:00,15,1320.9,1505.0,49.76,49.94,0.0,-0.18,39.89,40.28,0.0,-0.39,72,53
2012-06-27 16:00:00,16,1279.3,1488.0,50.74,50.95,0.0,-0.21,34.07,34.39,0.0,-0.32,68,53
2012-06-27 17:00:00,17,1258.9,1487.0,48.55,48.81,0.0,-0.26,34.31,34.62,0.0,-0.31,70,53
2012-06-27 18:00:00,18,1275.9,1465.0,42.47,42.66,0.0,-0.19,33.83,34.02,0.0,-0.19,69,53
2012-06-27 19:00:00,19,1247.9,1446.0,38.68,38.9,0.0,-0.22,35.56,35.77,0.0,-0.21,67,55
2012-06-27 20:00:00,20,1304.5,1448.0,41.14,41.27,0.0,-0.13,34.5,34.67,0.0,-0.17,66,55
2012-06-27 21:00:00,21,1248.6,1398.0,40.87,41.15,0.0,-0.28,34.38,34.66,0.0,-0.28,65,55
2012-06-27 22:00:00,22,1100.2,1259.0,35.57,35.5,0.0,0.07,32.96,33.1,0.0,-0.14,65,54
2012-06-27 23:00:00,23,944.2,1119.0,32.99,32.99,-0.02,0.02,26.66,26.8,0.0,-0.14,64,54
2012-06-28 00:00:00,0,993.2,1034.0,25.51,26.39,-1.0,0.12,25.34,25.38,0.0,-0.04,65,54
2012-06-28 01:00:00,1,934.6,984.0,21.68,22.61,-1.01,0.08,30.42,30.51,0.0,-0.09,63,53
2012-06-28 02:00:00,2,902.6,955.0,17.6,18.74,-1.21,0.07,28.67,28.76,0.0,-0.09,63,54
2012-06-28 03:00:00,3,884.5,940.0,15.27,16.45,-1.31,0.13,15.08,15.09,0.0,-0.01,62,53
2012-06-28 04:00:00,4,905.9,965.0,15.82,16.99,-1.3,0.13,17.14,17.15,0.0,-0.01,57,52
2012-06-28 05:00:00,5,967.5,1039.0,20.15,21.03,-1.02,0.14,26.32,26.36,0.0,-0.04,59,53
2012-06-28 06:00:00,6,1093.4,1176.0,26.59,27.58,-1.09,0.1,29.43,29.47,0.0,-0.04,58,54
2012-06-28 07:00:00,7,1266.2,1330.0,27.37,28.45,-1.26,0.18,34.08,34.12,0.0,-0.04,61,57
2012-06-28 08:00:00,8,1345.8,1437.0,38.83,38.72,-0.1,0.21,28.22,28.19,0.0,0.03,67,55
2012-06-28 09:00:00,9,1423.7,1514.0,38.15,38.74,-0.98,0.39,24.86,30.17,-5.41,0.1,68,56
2012-06-28 10:00:00,10,1507.5,1604.0,43.2,44.01,-1.07,0.26,39.01,42.6,-3.66,0.07,74,55
2012-06-28 11:00:00,11,1552.0,1619.0,46.43,46.06,0.0,0.37,41.21,41.12,0.0,0.09,76,54
2012-06-28 12:00:00,12,1574.7,1635.0,48.52,48.33,0.0,0.19,47.81,48.03,0.0,-0.22,77,55
2012-06-28 13:00:00,13,1614.9,1661.0,50.63,50.57,0.0,0.06,47.54,47.84,0.0,-0.3,78,55
2012-06-28 14:00:00,14,1618.9,1660.0,55.75,55.79,0.0,-0.04,49.42,49.85,0.0,-0.43,78,54
2012-06-28 15:00:00,15,1593.5,1667.0,63.57,63.84,0.0,-0.27,52.14,52.75,0.0,-0.61,80,56
2012-06-28 16:00:00,16,1592.6,1679.0,65.16,65.64,0.0,-0.48,60.81,61.83,0.0,-1.02,80,55
2012-06-28 17:00:00,17,1574.4,1687.0,58.6,59.06,0.0,-0.46,62.98,64.02,0.0,-1.04,83,53
2012-06-28 18:00:00,18,1537.6,1675.0,47.54,47.69,0.0,-0.15,54.57,55.34,0.0,-0.77,82,52
2012-06-28 19:00:00,19,1494.4,1641.0,44.77,44.92,0.0,-0.15,46.34,46.92,0.0,-0.58,82,52
2012-06-28 20:00:00,20,1532.4,1627.0,44.85,44.84,0.0,0.01,48.27,48.78,0.0,-0.51,75,57
2012-06-28 21:00:00,21,1474.6,1577.0,43.42,45.74,-2.17,-0.15,45.01,45.47,0.0,-0.46,70,59
2012-06-28 22:00:00,22,1324.9,1417.0,38.98,38.85,-0.11,0.24,34.58,34.67,0.0,-0.09,68,60
2012-06-28 23:00:00,23,1129.0,1254.0,34.87,35.39,-0.49,-0.03,25.53,25.64,0.0,-0.11,64,58
2012-06-29 00:00:00,0,1098.0,1136.0,35.67,41.26,-5.48,-0.11,28.81,29.06,0.0,-0.25,62,58
2012-06-29 01:00:00,1,1026.3,1064.0,32.64,34.93,-2.23,-0.06,33.35,33.7,0.0,-0.35,61,58
2012-06-29 02:00:00,2,989.6,1017.0,25.23,26.89,-1.59,-0.07,32.71,32.98,0.0,-0.27,59,57
2012-06-29 03:00:00,3,962.4,1003.0,21.82,23.65,-1.73,-0.1,31.24,31.47,0.0,-0.23,58,57
2012-06-29 04:00:00,4,956.2,1026.0,21.79,23.43,-1.55,-0.09,22.77,22.93,0.0,-0.16,57,55
2012-06-29 05:00:00,5,1016.4,1094.0,29.16,31.07,-1.79,-0.12,23.61,23.77,0.0,-0.16,57,56
2012-06-29 06:00:00,6,1148.3,1229.0,36.65,36.75,0.0,-0.1,17.22,17.31,0.0,-0.09,60,58
2012-06-29 07:00:00,7,1333.5,1363.0,35.94,35.81,0.16,-0.03,24.88,24.97,0.0,-0.09,61,58
2012-06-29 08:00:00,8,1424.5,1454.0,51.2,55.09,-3.5,-0.39,24.77,24.87,0.0,-0.1,61,59
2012-06-29 09:00:00,9,1518.1,1511.0,57.88,57.89,0.47,-0.48,29.11,29.29,0.0,-0.18,63,61
2012-06-29 10:00:00,10,1611.4,1573.0,63.0,63.41,0.14,-0.55,33.85,34.09,0.0,-0.24,63,62
2012-06-29 11:00:00,11,1658.9,1648.0,89.93,92.1,-1.39,-0.78,36.18,36.51,0.0,-0.33,70,65
2012-06-29 12:00:00,12,1714.6,1713.0,87.17,94.49,-6.38,-0.94,45.5,48.04,-1.81,-0.73,75,67
2012-06-29 13:00:00,13,1773.4,1786.0,115.2,122.9,-6.41,-1.29,54.26,56.16,-0.98,-0.92,80,66
2012-06-29 14:00:00,14,1782.8,1849.0,121.27,132.93,-9.96,-1.7,67.6,70.79,-1.89,-1.3,83,68
2012-06-29 15:00:00,15,1780.6,1905.0,124.27,135.73,-9.58,-1.88,73.13,74.82,-0.45,-1.24,86,70
2012-06-29 16:00:00,16,1752.4,1948.0,123.19,135.15,-9.81,-2.15,140.26,142.0,0.55,-2.29,91,67
2012-06-29 17:00:00,17,1710.5,1956.0,103.9,116.95,-11.1,-1.95,65.36,66.48,0.0,-1.12,91,62
2012-06-29 18:00:00,18,1638.2,1916.0,77.92,86.36,-7.03,-1.41,68.45,69.45,0.0,-1.0,90,56
2012-06-29 19:00:00,19,1591.9,1835.0,71.44,74.5,-1.81,-1.25,52.86,53.52,0.0,-0.66,87,55
2012-06-29 20:00:00,20,1584.9,1765.0,68.76,70.17,-0.27,-1.14,47.27,47.84,0.0,-0.57,84,54
2012-06-29 21:00:00,21,1586.2,1700.0,59.1,60.03,0.0,-0.93,40.46,41.01,0.0,-0.55,80,51
2012-06-29 22:00:00,22,1454.4,1521.0,42.06,42.53,0.0,-0.47,35.01,35.55,0.0,-0.54,77,49
2012-06-29 23:00:00,23,1242.5,1337.0,42.92,43.13,0.0,-0.21,31.07,31.48,0.0,-0.41,74,50
2012-06-30 00:00:00,0,1133.2,1203.0,35.16,35.6,0.0,-0.44,40.61,41.25,0.0,-0.64,68,52
2012-06-30 01:00:00,1,1042.9,1115.0,29.42,29.7,0.0,-0.28,30.69,31.22,0.0,-0.53,63,53
2012-06-30 02:00:00,2,995.1,1057.0,26.78,27.03,0.0,-0.25,19.89,20.24,0.0,-0.35,60,55
2012-06-30 03:00:00,3,958.4,1019.0,21.4,21.61,0.0,-0.21,15.01,15.24,0.0,-0.23,58,54
2012-06-30 04:00:00,4,945.2,1008.0,21.16,21.37,0.0,-0.21,23.73,24.06,0.0,-0.33,59,54
2012-06-30 05:00:00,5,905.0,1007.0,21.52,21.74,0.0,-0.22,15.46,15.66,0.0,-0.2,56,53
2012-06-30 06:00:00,6,943.5,1091.0,21.86,22.1,0.0,-0.24,2.07,2.09,0.0,-0.02,54,53
2012-06-30 07:00:00,7,1248.1,1236.0,15.28,15.39,0.0,-0.11,0.0,0.0,0.0,0.0,66,57
2012-06-30 08:00:00,8,1307.0,1399.0,32.29,32.7,0.0,-0.41,26.58,26.77,0.0,-0.19,72,57
2012-06-30 09:00:00,9,1416.7,1522.0,38.65,39.14,0.0,-0.49,36.55,36.84,0.0,-0.29,76,55
2012-06-30 10:00:00,10,1502.7,1614.0,40.27,40.98,-0.38,-0.33,35.79,36.17,0.0,-0.38,81,56
2012-06-30 11:00:00,11,1566.5,1661.0,41.13,41.5,-0.03,-0.34,31.67,32.07,0.0,-0.4,84,51
2012-06-30 12:00:00,12,1628.4,1684.0,42.36,48.13,-5.42,-0.35,37.5,38.06,0.0,-0.56,85,51
2012-06-30 13:00:00,13,1646.8,1699.0,45.2,62.81,-17.17,-0.44,44.5,47.03,-1.64,-0.89,86,52
2012-06-30 14:00:00,14,1660.3,1708.0,43.89,62.77,-18.45,-0.43,47.52,49.68,-1.18,-0.98,87,53
2012-06-30 15:00:00,15,1665.6,1723.0,46.41,65.72,-18.87,-0.44,46.35,51.66,-4.24,-1.07,88,56
2012-06-30 16:00:00,16,1666.3,1739.0,49.16,69.59,-19.89,-0.54,50.23,55.02,-3.75,-1.04,88,56
2012-06-30 17:00:00,17,1660.5,1760.0,43.39,65.34,-21.36,-0.59,43.54,47.54,-3.12,-0.88,87,56
2012-06-30 18:00:00,18,1574.8,1740.0,44.16,44.62,0.0,-0.46,44.18,47.98,-3.05,-0.75,86,56
2012-06-30 19:00:00,19,1525.1,1689.0,40.94,41.37,0.0,-0.43,39.95,43.93,-3.4,-0.58,85,56
2012-06-30 20:00:00,20,1508.4,1654.0,41.59,42.0,0.0,-0.41,39.88,40.35,0.0,-0.47,82,58
2012-06-30 21:00:00,21,1511.8,1611.0,41.07,41.49,0.0,-0.42,38.41,38.85,0.0,-0.44,76,59
2012-06-30 22:00:00,22,1383.3,1470.0,41.5,41.94,0.0,-0.44,38.37,38.89,0.0,-0.52,76,59
2012-06-30 23:00:00,23,1219.2,1313.0,38.61,39.0,0.0,-0.39,33.92,34.26,0.0,-0.34,74,58
2012-07-01 00:00:00,0,1141.3,1187.0,35.34,35.82,0.0,-0.48,28.32,28.61,0.0,-0.29,66,60
2012-07-01 01:00:00,1,1044.5,1108.0,33.94,34.54,0.0,-0.6,26.46,26.76,0.0,-0.3,63,60
2012-07-01 02:00:00,2,984.0,1057.0,27.58,27.97,0.0,-0.39,26.33,26.64,0.0,-0.31,63,59
2012-07-01 03:00:00,3,931.2,1025.0,23.71,24.08,0.0,-0.37,23.8,24.07,0.0,-0.27,64,59
2012-07-01 04:00:00,4,907.4,1013.0,22.45,22.77,0.0,-0.32,26.02,26.31,0.0,-0.29,61,58
2012-07-01 05:00:00,5,858.4,995.0,21.46,21.78,0.0,-0.32,21.08,21.33,0.0,-0.25,60,58
2012-07-01 06:00:00,6,881.3,1048.0,19.67,19.98,0.0,-0.31,1.65,1.67,0.0,-0.02,61,58
2012-07-01 07:00:00,7,1041.7,1175.0,27.83,28.17,0.0,-0.34,0.0,0.0,0.0,0.0,68,61
2012-07-01 08:00:00,8,1296.6,1345.0,32.37,32.52,0.0,-0.15,22.98,22.99,0.0,-0.01,74,60
2012-07-01 09:00:00,9,1425.4,1495.0,38.84,39.07,0.0,-0.23,31.78,31.82,0.0,-0.04,78,60
2012-07-01 10:00:00,10,1518.6,1593.0,36.39,36.55,0.0,-0.16,32.58,32.67,0.0,-0.09,83,57
2012-07-01 11:00:00,11,1621.1,1667.0,42.41,42.49,0.0,-0.08,40.73,40.99,0.0,-0.26,85,55
2012-07-01 12:00:00,12,1679.3,1714.0,53.55,53.84,0.0,-0.29,51.07,51.46,0.0,-0.39,87,52
2012-07-01 13:00:00,13,1707.5,1744.0,55.29,55.79,0.0,-0.5,54.45,55.12,0.0,-0.67,88,53
2012-07-01 14:00:00,14,1723.9,1762.0,54.76,55.27,0.0,-0.51,53.13,53.76,0.0,-0.63,89,50
2012-07-01 15:00:00,15,1718.4,1782.0,55.07,55.7,0.0,-0.63,39.03,39.43,0.0,-0.4,90,49
2012-07-01 16:00:00,16,1740.3,1806.0,55.28,55.96,0.0,-0.68,37.08,37.42,0.0,-0.34,90,51
2012-07-01 17:00:00,17,1746.7,1827.0,55.19,55.77,0.0,-0.58,36.21,36.51,0.0,-0.3,89,53
2012-07-01 18:00:00,18,1675.9,1767.0,54.86,55.53,0.0,-0.67,42.85,43.21,0.0,-0.36,82,58
2012-07-01 19:00:00,19,1620.0,1719.0,47.68,48.08,0.0,-0.4,37.09,37.34,0.0,-0.25,80,60
2012-07-01 20:00:00,20,1601.1,1687.0,49.44,49.87,0.0,-0.43,36.54,36.76,0.0,-0.22,76,59
2012-07-01 21:00:00,21,1615.3,1620.0,43.55,43.8,0.0,-0.25,31.72,31.87,0.0,-0.15,72,60
2012-07-01 22:00:00,22,1476.1,1459.0,36.48,36.69,0.0,-0.21,23.75,23.83,0.0,-0.08,70,60
2012-07-01 23:00:00,23,1285.4,1310.0,36.27,36.47,0.0,-0.2,26.48,26.54,0.0,-0.06,70,61
2012-07-02 00:00:00,0,949.1,1207.0,27.5,27.89,0.0,-0.39,38.82,39.16,0.0,-0.34,69,61
2012-07-02 01:00:00,1,891.1,1126.0,25.02,25.39,0.0,-0.37,28.99,29.29,0.0,-0.3,67,61
2012-07-02 02:00:00,2,839.4,1092.0,22.0,22.36,0.0,-0.36,28.24,28.5,0.0,-0.26,66,62
2012-07-02 03:00:00,3,813.7,1075.0,18.39,18.69,0.0,-0.3,24.99,25.2,0.0,-0.21,67,61
2012-07-02 04:00:00,4,834.9,1092.0,18.5,18.78,0.0,-0.28,24.93,25.12,0.0,-0.19,66,61
2012-07-02 05:00:00,5,906.9,1138.0,23.51,23.89,0.0,-0.38,28.75,28.97,0.0,-0.22,67,60
2012-07-02 06:00:00,6,1068.7,1279.0,29.68,30.02,0.0,-0.34,26.78,26.88,0.0,-0.1,66,60
2012-07-02 07:00:00,7,1270.5,1459.0,32.3,32.67,0.0,-0.37,31.04,31.12,0.0,-0.08,69,60
2012-07-02 08:00:00,8,1390.7,1583.0,35.35,35.7,0.0,-0.35,38.34,38.44,0.0,-0.1,70,59
2012-07-02 09:00:00,9,1484.7,1681.0,36.52,36.79,0.0,-0.27,43.15,43.25,0.0,-0.1,72,59
2012-07-02 10:00:00,10,1570.3,1759.0,37.21,37.34,0.0,-0.13,46.05,46.14,0.0,-0.09,77,60
2012-07-02 11:00:00,11,1619.5,1802.0,45.23,45.34,0.0,-0.11,44.35,44.42,0.0,-0.07,78,58
2012-07-02 12:00:00,12,1658.2,1828.0,45.88,46.02,0.0,-0.14,42.34,42.45,0.0,-0.11,79,59
2012-07-02 13:00:00,13,1693.3,1875.0,48.09,48.38,0.0,-0.29,40.49,40.66,0.0,-0.17,80,54
2012-07-02 14:00:00,14,1696.3,1842.0,49.93,50.31,0.0,-0.38,40.6,40.87,0.0,-0.27,78,55
2012-07-02 15:00:00,15,1698.1,1837.0,51.12,51.6,0.0,-0.48,39.92,42.69,-2.42,-0.35,81,53
2012-07-02 16:00:00,16,1689.2,1842.0,50.91,51.52,-0.15,-0.46,42.23,43.86,-1.22,-0.41,82,55
2012-07-02 17:00:00,17,1663.2,1840.0,50.03,50.45,0.0,-0.42,46.7,47.53,-0.38,-0.45,83,55
2012-07-02 18:00:00,18,1616.2,1800.0,37.06,37.38,-0.02,-0.3,47.02,47.43,0.0,-0.41,78,55
2012-07-02 19:00:00,19,1553.2,1738.0,35.93,36.45,-0.28,-0.24,43.63,43.85,0.0,-0.22,80,56
2012-07-02 20:00:00,20,1533.6,1687.0,37.07,37.25,0.0,-0.18,35.81,35.93,0.0,-0.12,77,56
2012-07-02 21:00:00,21,1471.3,1618.0,35.62,35.96,0.0,-0.34,41.97,42.23,0.0,-0.26,71,56
2012-07-02 22:00:00,22,1319.4,1438.0,33.84,34.04,0.0,-0.2,31.04,31.31,0.0,-0.27,66,58
2012-07-02 23:00:00,23,1138.1,1271.0,29.87,30.14,0.0,-0.27,21.38,21.49,0.0,-0.11,63,59
2012-07-03 00:00:00,0,986.1,1162.0,25.35,27.09,-1.48,-0.26,28.16,28.34,0.0,-0.18,63,59
2012-07-03 01:00:00,1,919.1,1086.0,24.36,25.67,-1.03,-0.28,29.32,29.57,0.0,-0.25,62,60
2012-07-03 02:00:00,2,886.2,1045.0,22.84,23.47,-0.42,-0.21,27.74,28.0,0.0,-0.26,61,60
2012-07-03 03:00:00,3,863.1,1024.0,22.49,23.03,-0.35,-0.19,24.1,24.33,0.0,-0.23,59,58
2012-07-03 04:00:00,4,881.7,1038.0,22.71,23.22,-0.32,-0.19,23.1,23.31,0.0,-0.21,58,57
2012-07-03 05:00:00,5,947.7,1086.0,23.21,23.78,-0.37,-0.2,23.13,23.29,0.0,-0.16,56,55
2012-07-03 06:00:00,6,1076.3,1215.0,24.3,24.43,0.0,-0.13,22.07,22.14,0.0,-0.07,55,55
2012-07-03 07:00:00,7,1223.9,1380.0,27.75,28.65,-0.73,-0.17,27.9,27.9,0.0,0.0,58,58
2012-07-03 08:00:00,8,1337.4,1512.0,29.46,29.44,0.0,0.02,35.9,35.88,0.0,0.02,63,60
2012-07-03 09:00:00,9,1423.3,1617.0,37.77,38.08,0.0,-0.31,44.64,44.88,0.0,-0.24,68,61
2012-07-03 10:00:00,10,1535.3,1682.0,42.29,42.63,0.0,-0.34,49.56,49.9,0.0,-0.34,73,61
2012-07-03 11:00:00,11,1587.3,1706.0,54.81,55.32,0.0,-0.51,52.89,53.38,0.0,-0.49,77,57
2012-07-03 12:00:00,12,1591.2,1726.0,57.67,58.45,0.02,-0.8,52.92,53.63,0.0,-0.71,78,52
2012-07-03 13:00:00,13,1602.3,1752.0,71.21,72.14,0.14,-1.07,63.25,64.13,0.0,-0.88,80,50
2012-07-03 14:00:00,14,1606.5,1759.0,71.29,72.41,0.12,-1.24,67.71,68.61,0.0,-0.9,82,51
2012-07-03 15:00:00,15,1627.5,1768.0,72.48,73.65,0.12,-1.29,61.55,62.5,0.0,-0.95,81,50
2012-07-03 16:00:00,16,1626.6,1775.0,65.4,66.54,0.05,-1.19,57.77,58.77,0.0,-1.0,82,50
2012-07-03 17:00:00,17,1600.5,1769.0,60.37,61.39,0.0,-1.02,63.29,64.2,0.0,-0.91,83,48
2012-07-03 18:00:00,18,1565.5,1712.0,48.59,49.42,0.04,-0.87,50.66,51.54,0.0,-0.88,82,49
2012-07-03 19:00:00,19,1519.8,1633.0,43.24,43.81,0.0,-0.57,38.51,38.93,0.0,-0.42,78,52
2012-07-03 20:00:00,20,1476.9,1600.0,42.2,42.66,0.0,-0.46,36.12,36.45,0.0,-0.33,70,60
2012-07-03 21:00:00,21,1445.9,1532.0,38.45,38.81,0.0,-0.36,35.64,35.98,0.0,-0.34,67,60
2012-07-03 22:00:00,22,1306.2,1397.0,28.65,28.8,0.0,-0.15,25.9,26.18,0.0,-0.28,65,59
2012-07-03 23:00:00,23,1119.2,1255.0,29.01,29.04,0.0,-0.03,27.57,27.76,0.0,-0.19,64,59
2012-07-04 00:00:00,0,1076.5,1138.0,23.65,23.75,0.0,-0.1,28.26,28.49,0.0,-0.23,63,59
2012-07-04 01:00:00,1,1009.9,1060.0,23.01,23.04,0.0,-0.03,26.28,26.53,0.0,-0.25,61,58
2012-07-04 02:00:00,2,973.1,1014.0,20.46,20.51,0.0,-0.05,23.07,23.28,0.0,-0.21,61,58
2012-07-04 03:00:00,3,968.4,998.0,20.41,20.45,0.0,-0.04,23.06,23.26,0.0,-0.2,62,59
2012-07-04 04:00:00,4,955.2,1004.0,19.97,20.02,0.0,-0.05,23.13,23.35,0.0,-0.22,61,59
2012-07-04 05:00:00,5,1004.4,1013.0,20.39,20.39,0.0,0.0,23.09,23.31,0.0,-0.22,62,61
2012-07-04 06:00:00,6,1057.2,1055.0,21.8,21.76,0.0,0.04,23.01,23.2,0.0,-0.19,61,61
2012-07-04 07:00:00,7,1205.7,1130.0,23.12,23.13,0.0,-0.01,23.3,23.5,0.0,-0.2,63,61
2012-07-04 08:00:00,8,1304.5,1243.0,26.09,26.21,0.0,-0.12,21.76,21.87,0.0,-0.11,63,62
2012-07-04 09:00:00,9,1372.3,1382.0,29.94,30.15,0.0,-0.21,23.85,23.96,0.0,-0.11,65,63
2012-07-04 10:00:00,10,1431.1,1499.0,31.46,31.67,0.0,-0.21,26.5,26.65,0.0,-0.15,68,65
2012-07-04 11:00:00,11,1480.9,1582.0,36.01,36.31,0.0,-0.3,33.06,33.34,0.0,-0.28,73,67
2012-07-04 12:00:00,12,1509.9,1634.0,39.25,39.72,0.0,-0.47,45.06,45.62,0.0,-0.56,78,67
2012-07-04 13:00:00,13,1563.6,1654.0,40.1,40.66,0.0,-0.56,39.22,39.83,0.0,-0.61,81,67
2012-07-04 14:00:00,14,1572.9,1674.0,40.84,41.53,0.0,-0.69,40.62,41.37,0.0,-0.75,84,66
2012-07-04 15:00:00,15,1567.9,1696.0,43.97,44.79,0.0,-0.82,45.97,46.83,0.0,-0.86,86,65
2012-07-04 16:00:00,16,1578.8,1729.0,45.12,45.91,0.0,-0.79,42.1,42.83,0.0,-0.73,87,65
2012-07-04 17:00:00,17,1581.2,1751.0,42.9,43.59,0.0,-0.69,51.09,51.93,0.0,-0.84,85,64
2012-07-04 18:00:00,18,1560.8,1722.0,40.27,40.81,0.0,-0.54,43.2,43.79,0.0,-0.59,86,65
2012-07-04 19:00:00,19,1522.4,1661.0,38.93,39.36,0.0,-0.43,42.44,42.96,0.0,-0.52,85,66
2012-07-04 20:00:00,20,1512.6,1616.0,38.24,38.69,0.0,-0.45,52.45,53.09,0.0,-0.64,67,65
2012-07-04 21:00:00,21,1468.0,1530.0,34.63,34.98,0.0,-0.35,41.35,41.93,0.0,-0.58,67,65
2012-07-04 22:00:00,22,1321.7,1434.0,29.5,29.76,0.0,-0.26,48.31,48.97,0.0,-0.66,67,65
2012-07-04 23:00:00,23,1157.7,1301.0,28.89,29.06,0.0,-0.17,41.92,42.29,0.0,-0.37,68,66
2012-07-05 00:00:00,0,1191.6,1190.0,26.96,27.06,0.0,-0.1,29.17,29.47,0.0,-0.3,66,66
2012-07-05 01:00:00,1,1127.1,1118.0,23.79,23.86,0.0,-0.07,29.9,30.27,0.0,-0.37,66,66
2012-07-05 02:00:00,2,1077.2,1078.0,23.12,23.13,0.0,-0.01,26.58,26.87,0.0,-0.29,65,64
2012-07-05 03:00:00,3,1020.7,1056.0,22.97,23.03,0.0,-0.06,23.43,23.68,0.0,-0.25,66,65
2012-07-05 04:00:00,4,1003.4,1066.0,22.69,22.75,0.0,-0.06,23.42,23.67,0.0,-0.25,65,63
2012-07-05 05:00:00,5,1071.5,1107.0,22.99,23.01,0.0,-0.02,25.43,25.63,0.0,-0.2,62,61
2012-07-05 06:00:00,6,1194.5,1248.0,23.71,23.75,0.0,-0.04,33.19,33.39,0.0,-0.2,64,63
2012-07-05 07:00:00,7,1383.5,1427.0,35.13,35.18,0.0,-0.05,44.84,45.15,0.0,-0.31,67,64
2012-07-05 08:00:00,8,1508.9,1576.0,35.23,35.43,0.0,-0.2,44.66,45.08,0.0,-0.42,70,64
2012-07-05 09:00:00,9,1595.9,1668.0,42.92,43.14,0.0,-0.22,52.02,52.49,0.0,-0.47,73,63
2012-07-05 10:00:00,10,1693.5,1721.0,51.09,51.45,0.0,-0.36,52.04,52.63,0.0,-0.59,75,60
2012-07-05 11:00:00,11,1745.2,1763.0,59.1,59.43,0.0,-0.33,59.15,60.03,0.0,-0.88,76,60
2012-07-05 12:00:00,12,1771.0,1783.0,56.86,57.37,0.0,-0.51,53.88,54.78,0.0,-0.9,79,61
2012-07-05 13:00:00,13,1787.7,1792.0,68.11,68.98,0.0,-0.87,49.7,50.56,0.0,-0.86,81,61
2012-07-05 14:00:00,14,1787.6,1817.0,67.17,68.12,0.0,-0.95,56.01,57.68,-0.62,-1.05,80,60
2012-07-05 15:00:00,15,1781.1,1815.0,66.63,67.91,-0.19,-1.09,138.04,140.9,0.0,-2.86,81,62
2012-07-05 16:00:00,16,1768.2,1823.0,75.22,76.51,0.0,-1.29,65.23,66.88,-0.32,-1.33,82,61
2012-07-05 17:00:00,17,1745.6,1818.0,59.49,61.23,-0.73,-1.01,50.81,52.62,-0.75,-1.06,80,62
2012-07-05 18:00:00,18,1693.5,1791.0,54.85,56.41,-0.75,-0.81,44.38,47.26,-2.03,-0.85,81,61
2012-07-05 19:00:00,19,1651.5,1743.0,57.55,58.24,0.0,-0.69,40.62,43.77,-2.71,-0.44,77,61
2012-07-05 20:00:00,20,1644.1,1701.0,54.19,54.81,0.0,-0.62,40.26,40.66,0.0,-0.4,75,61
2012-07-05 21:00:00,21,1627.8,1647.0,40.04,40.37,0.0,-0.33,37.96,39.17,-0.8,-0.41,73,61
2012-07-05 22:00:00,22,1430.3,1478.0,32.52,32.82,0.0,-0.3,27.41,28.73,-1.0,-0.32,69,60
2012-07-05 23:00:00,23,1242.4,1310.0,32.95,33.1,0.0,-0.15,27.48,27.76,0.0,-0.28,68,60
2012-07-06 00:00:00,0,1067.9,1183.0,28.13,28.41,0.0,-0.28,37.49,37.95,0.0,-0.46,64,61
2012-07-06 01:00:00,1,996.7,1105.0,26.31,26.67,0.0,-0.36,35.16,35.73,0.0,-0.57,61,59
2012-07-06 02:00:00,2,946.7,1055.0,24.65,24.88,0.0,-0.23,25.96,26.33,0.0,-0.37,60,59
2012-07-06 03:00:00,3,925.3,1037.0,23.02,23.23,0.0,-0.21,25.01,25.31,0.0,-0.3,59,58
2012-07-06 04:00:00,4,933.7,1048.0,23.41,23.61,0.0,-0.2,25.32,25.58,0.0,-0.26,59,57
2012-07-06 05:00:00,5,995.7,1084.0,24.82,25.0,0.0,-0.18,22.57,22.74,0.0,-0.17,58,56
2012-07-06 06:00:00,6,1101.6,1221.0,28.92,29.11,0.0,-0.19,25.96,26.03,0.0,-0.07,59,58
2012-07-06 07:00:00,7,1316.1,1386.0,29.79,29.97,0.0,-0.18,29.11,29.18,0.0,-0.07,64,61
2012-07-06 08:00:00,8,1399.6,1531.0,35.35,35.58,0.0,-0.23,43.99,44.01,0.0,-0.02,68,61
2012-07-06 09:00:00,9,1510.6,1648.0,41.68,42.09,0.0,-0.41,53.25,53.4,0.0,-0.15,72,61
2012-07-06 10:00:00,10,1618.7,1751.0,49.17,50.17,-0.32,-0.68,47.57,47.78,0.0,-0.21,76,62
2012-07-06 11:00:00,11,1686.2,1812.0,54.99,56.51,-0.84,-0.68,49.02,49.43,0.0,-0.41,79,63
2012-07-06 12:00:00,12,1720.1,1851.0,57.05,58.62,-0.67,-0.9,51.23,51.87,0.0,-0.64,82,63
2012-07-06 13:00:00,13,1747.4,1889.0,65.19,66.78,-0.48,-1.11,60.8,61.82,0.0,-1.02,83,61
2012-07-06 14:00:00,14,1772.5,1915.0,70.9,72.05,0.0,-1.15,68.09,69.17,0.0,-1.08,84,60
2012-07-06 15:00:00,15,1774.3,1937.0,74.26,75.63,0.0,-1.37,219.98,223.85,0.0,-3.87,85,61
2012-07-06 16:00:00,16,1716.4,1954.0,81.96,83.79,0.0,-1.83,80.81,82.03,0.0,-1.22,86,61
2012-07-06 17:00:00,17,1684.0,1942.0,68.99,70.57,-0.03,-1.55,67.84,69.69,-0.6,-1.25,87,61
2012-07-06 18:00:00,18,1644.2,1878.0,58.78,60.33,-0.21,-1.34,47.56,49.71,-1.18,-0.97,84,59
2012-07-06 19:00:00,19,1592.9,1824.0,48.67,50.06,-0.46,-0.93,44.3,45.99,-1.03,-0.66,84,58
2012-07-06 20:00:00,20,1586.8,1797.0,54.68,55.7,-0.04,-0.98,44.64,45.4,-0.17,-0.59,78,67
2012-07-06 21:00:00,21,1549.6,1739.0,46.7,47.81,-0.39,-0.72,43.94,44.44,0.0,-0.5,74,67
2012-07-06 22:00:00,22,1413.4,1584.0,35.66,36.15,0.0,-0.49,32.01,32.35,0.0,-0.34,72,66
2012-07-06 23:00:00,23,1181.2,1409.0,32.39,32.77,0.0,-0.38,32.68,33.08,0.0,-0.4,70,65
2012-07-07 00:00:00,0,1070.5,1281.0,37.05,37.48,0.0,-0.43,47.65,48.13,0.0,-0.48,68,65
2012-07-07 01:00:00,1,995.1,1203.0,38.03,38.54,0.0,-0.51,50.21,50.87,0.0,-0.66,69,64
2012-07-07 02:00:00,2,944.8,1154.0,34.03,34.51,0.0,-0.48,46.01,46.68,0.0,-0.67,68,64
2012-07-07 03:00:00,3,922.4,1125.0,32.32,32.71,0.0,-0.39,38.73,39.28,0.0,-0.55,65,64
2012-07-07 04:00:00,4,891.5,1119.0,29.2,29.55,0.0,-0.35,38.03,38.48,0.0,-0.45,67,64
2012-07-07 05:00:00,5,902.9,1133.0,27.92,28.33,-0.07,-0.34,30.97,31.25,0.0,-0.28,67,64
2012-07-07 06:00:00,6,981.1,1188.0,27.88,28.31,-0.16,-0.27,26.62,26.85,0.0,-0.23,68,65
2012-07-07 07:00:00,7,1151.2,1308.0,32.5,32.97,-0.05,-0.42,25.87,26.08,0.0,-0.21,69,66
2012-07-07 08:00:00,8,1264.3,1449.0,39.01,39.51,0.0,-0.5,33.75,33.9,0.0,-0.15,71,66
2012-07-07 09:00:00,9,1343.8,1554.0,41.62,42.0,0.0,-0.38,38.06,38.28,0.0,-0.22,74,67
2012-07-07 10:00:00,10,1409.8,1627.0,53.97,54.99,0.0,-1.02,42.49,42.92,0.0,-0.43,77,67
2012-07-07 11:00:00,11,1460.7,1677.0,61.02,62.24,0.0,-1.22,46.14,46.85,0.0,-0.71,78,69
2012-07-07 12:00:00,12,1496.5,1680.0,68.57,70.55,-0.29,-1.69,47.41,48.39,0.0,-0.98,80,66
2012-07-07 13:00:00,13,1508.9,1657.0,77.15,79.2,0.0,-2.05,46.5,47.8,-0.12,-1.18,80,68
2012-07-07 14:00:00,14,1517.9,1631.0,85.36,87.83,0.0,-2.47,44.17,45.63,-0.24,-1.22,79,68
2012-07-07 15:00:00,15,1537.6,1614.0,84.9,87.31,0.0,-2.41,36.67,39.32,-1.76,-0.89,78,64
2012-07-07 16:00:00,16,1532.3,1640.0,88.62,91.11,0.0,-2.49,40.02,41.73,-0.81,-0.9,80,62
2012-07-07 17:00:00,17,1537.5,1645.0,75.52,77.53,0.0,-2.01,40.61,41.6,-0.14,-0.85,81,65
2012-07-07 18:00:00,18,1503.3,1636.0,65.65,67.66,-0.32,-1.69,39.47,40.12,0.0,-0.65,79,65
2012-07-07 19:00:00,19,1442.5,1591.0,58.56,60.2,-0.19,-1.45,38.88,39.48,0.0,-0.6,79,64
2012-07-07 20:00:00,20,1498.0,1565.0,56.58,57.73,0.0,-1.15,33.97,34.41,0.0,-0.44,77,64
2012-07-07 21:00:00,21,1475.5,1533.0,44.97,45.68,-0.07,-0.64,35.56,35.98,0.0,-0.42,73,64
2012-07-07 22:00:00,22,1304.3,1405.0,42.2,42.81,0.0,-0.61,34.18,34.52,0.0,-0.34,72,65
2012-07-07 23:00:00,23,1137.2,1267.0,39.96,40.49,0.0,-0.53,36.55,36.92,0.0,-0.37,69,64
2012-07-08 00:00:00,0,1061.3,1148.0,39.38,39.61,0.0,-0.23,36.64,36.95,0.0,-0.31,66,63
2012-07-08 01:00:00,1,979.6,1071.0,37.47,37.79,0.0,-0.32,31.79,32.01,0.0,-0.22,66,62
2012-07-08 02:00:00,2,915.8,1022.0,34.48,34.8,0.0,-0.32,31.16,31.42,0.0,-0.26,63,62
2012-07-08 03:00:00,3,876.2,994.0,32.21,32.41,0.0,-0.2,29.54,29.79,0.0,-0.25,62,61
2012-07-08 04:00:00,4,801.1,989.0,31.22,31.46,0.0,-0.24,27.88,28.12,0.0,-0.24,60,59
2012-07-08 05:00:00,5,795.5,980.0,28.24,28.47,0.0,-0.23,18.57,18.74,0.0,-0.17,59,58
2012-07-08 06:00:00,6,820.2,1026.0,26.15,26.4,0.0,-0.25,18.98,19.12,0.0,-0.14,60,59
2012-07-08 07:00:00,7,949.7,1136.0,29.02,29.29,0.0,-0.27,31.17,31.39,0.0,-0.22,64,62
2012-07-08 08:00:00,8,1084.4,1291.0,35.56,35.96,0.0,-0.4,35.31,35.61,0.0,-0.3,71,62
2012-07-08 09:00:00,9,1189.3,1407.0,38.59,39.0,0.0,-0.41,35.15,35.51,0.0,-0.36,75,59
2012-07-08 10:00:00,10,1269.4,1495.0,39.35,39.73,0.0,-0.38,43.59,44.04,0.0,-0.45,79,58
2012-07-08 11:00:00,11,1323.4,1559.0,40.81,41.14,0.0,-0.33,47.6,48.13,0.0,-0.53,80,57
2012-07-08 12:00:00,12,1383.8,1600.0,43.71,44.11,0.0,-0.4,38.54,39.09,0.0,-0.55,82,57
2012-07-08 13:00:00,13,1377.1,1612.0,51.0,51.68,0.0,-0.68,40.13,40.74,0.0,-0.61,84,58
2012-07-08 14:00:00,14,1380.1,1626.0,50.78,51.58,0.0,-0.8,54.6,55.72,0.0,-1.12,84,53
2012-07-08 15:00:00,15,1398.3,1643.0,52.41,53.31,0.0,-0.9,56.22,57.49,0.0,-1.27,83,53
2012-07-08 16:00:00,16,1403.6,1671.0,52.74,53.65,0.0,-0.91,365.04,372.85,0.0,-7.81,84,55
2012-07-08 17:00:00,17,1413.7,1695.0,50.67,51.26,0.0,-0.59,57.74,58.85,0.0,-1.11,84,54
2012-07-08 18:00:00,18,1385.8,1672.0,40.76,41.16,0.0,-0.4,42.83,43.53,0.0,-0.7,82,54
2012-07-08 19:00:00,19,1308.3,1615.0,39.58,40.03,0.0,-0.45,50.97,51.79,0.0,-0.82,80,53
2012-07-08 20:00:00,20,1339.3,1583.0,40.46,40.8,0.0,-0.34,53.21,54.09,0.0,-0.88,75,49
2012-07-08 21:00:00,21,1288.9,1525.0,40.18,40.71,0.0,-0.53,56.41,57.51,0.0,-1.1,72,47
2012-07-08 22:00:00,22,1195.1,1367.0,35.8,36.38,0.0,-0.58,46.38,47.43,0.0,-1.05,69,49
2012-07-08 23:00:00,23,1025.8,1212.0,35.92,36.61,-0.21,-0.48,33.9,34.48,0.0,-0.58,68,50
2012-07-09 00:00:00,0,924.4,1102.0,31.78,32.76,-0.68,-0.3,32.35,32.83,0.0,-0.48,64,52
2012-07-09 01:00:00,1,871.1,1033.0,28.21,29.52,-1.05,-0.26,30.36,30.78,0.0,-0.42,59,52
2012-07-09 02:00:00,2,833.9,991.0,24.87,26.19,-1.04,-0.28,27.55,27.91,0.0,-0.36,56,52
2012-07-09 03:00:00,3,807.7,974.0,22.97,24.08,-0.88,-0.23,27.04,27.36,0.0,-0.32,53,51
2012-07-09 04:00:00,4,825.7,995.0,23.97,24.61,-0.42,-0.22,26.52,26.78,0.0,-0.26,52,50
2012-07-09 05:00:00,5,872.7,1051.0,27.31,28.29,-0.79,-0.19,27.43,27.66,0.0,-0.23,51,50
2012-07-09 06:00:00,6,1008.1,1199.0,32.48,33.17,-0.53,-0.16,32.47,32.64,0.0,-0.17,51,49
2012-07-09 07:00:00,7,1178.5,1354.0,36.41,36.56,0.0,-0.15,37.21,37.42,0.0,-0.21,56,53
2012-07-09 08:00:00,8,1285.1,1477.0,40.02,40.23,0.0,-0.21,45.06,45.35,0.0,-0.29,64,54
2012-07-09 09:00:00,9,1346.3,1566.0,40.01,40.18,0.0,-0.17,55.99,56.32,0.0,-0.33,68,53
2012-07-09 10:00:00,10,1400.8,1630.0,42.06,42.21,0.0,-0.15,53.44,53.82,0.0,-0.38,74,52
2012-07-09 11:00:00,11,1440.3,1668.0,50.21,50.41,0.0,-0.2,40.91,41.21,0.0,-0.3,75,47
2012-07-09 12:00:00,12,1467.9,1687.0,54.81,55.19,0.0,-0.38,38.51,38.77,0.0,-0.26,77,47
2012-07-09 13:00:00,13,1493.1,1714.0,52.19,52.67,0.0,-0.48,45.52,46.0,0.0,-0.48,79,46
2012-07-09 14:00:00,14,1495.9,1719.0,56.52,57.19,0.0,-0.67,217.5,219.69,0.0,-2.19,79,45
2012-07-09 15:00:00,15,1474.0,1727.0,54.58,55.25,0.0,-0.67,99.58,100.63,0.0,-1.05,79,45
2012-07-09 16:00:00,16,1460.0,1729.0,54.45,55.2,0.0,-0.75,41.51,42.01,0.0,-0.5,80,45
2012-07-09 17:00:00,17,1441.3,1727.0,53.1,53.66,0.0,-0.56,53.59,54.24,0.0,-0.65,79,44
2012-07-09 18:00:00,18,1402.2,1694.0,46.02,46.47,0.0,-0.45,49.11,49.67,0.0,-0.56,78,45
2012-07-09 19:00:00,19,1326.3,1634.0,41.73,42.09,0.0,-0.36,39.42,39.78,0.0,-0.36,77,44
2012-07-09 20:00:00,20,1387.1,1593.0,43.82,43.97,0.0,-0.15,43.63,43.98,0.0,-0.35,73,44
2012-07-09 21:00:00,21,1319.9,1517.0,39.58,39.86,0.0,-0.28,40.98,41.33,0.0,-0.35,66,47
2012-07-09 22:00:00,22,1139.1,1343.0,35.06,35.28,0.0,-0.22,37.55,37.87,0.0,-0.32,63,46
2012-07-09 23:00:00,23,986.8,1179.0,34.44,35.23,-0.49,-0.3,32.49,32.8,0.0,-0.31,63,47
2012-07-10 00:00:00,0,984.8,1067.0,27.78,27.64,0.0,0.14,27.97,28.14,0.0,-0.17,59,47
2012-07-10 01:00:00,1,919.0,1008.0,25.1,24.99,0.0,0.11,24.9,25.05,0.0,-0.15,55,49
2012-07-10 02:00:00,2,876.3,968.0,22.51,22.46,0.0,0.05,22.27,22.4,0.0,-0.13,56,48
2012-07-10 03:00:00,3,856.5,954.0,21.49,21.43,0.0,0.06,21.89,22.01,0.0,-0.12,56,46
2012-07-10 04:00:00,4,872.3,983.0,21.71,21.62,0.0,0.09,22.17,22.24,0.0,-0.07,53,46
2012-07-10 05:00:00,5,951.2,1036.0,24.61,24.43,0.0,0.18,22.17,22.22,0.0,-0.05,52,46
2012-07-10 06:00:00,6,1068.0,1169.0,26.79,26.63,0.0,0.16,28.15,28.22,0.0,-0.07,50,46
2012-07-10 07:00:00,7,1223.2,1320.0,31.33,31.41,0.0,-0.08,28.46,28.56,0.0,-0.1,58,50
2012-07-10 08:00:00,8,1318.6,1429.0,32.89,32.98,0.0,-0.09,31.58,31.69,0.0,-0.11,65,51
2012-07-10 09:00:00,9,1385.3,1514.0,38.62,38.73,0.0,-0.11,36.8,36.89,0.0,-0.09,68,48
2012-07-10 10:00:00,10,1450.6,1586.0,39.37,39.64,0.0,-0.27,39.17,39.3,0.0,-0.13,73,49
2012-07-10 11:00:00,11,1513.6,1630.0,41.61,41.85,0.0,-0.24,38.44,38.56,0.0,-0.12,76,47
2012-07-10 12:00:00,12,1537.5,1657.0,46.94,47.41,0.0,-0.47,39.49,39.74,0.0,-0.25,78,47
2012-07-10 13:00:00,13,1540.6,1690.0,46.93,47.46,0.0,-0.53,37.2,37.55,0.0,-0.35,80,46
2012-07-10 14:00:00,14,1587.1,1704.0,53.03,53.75,0.0,-0.72,41.0,41.56,0.0,-0.56,81,45
2012-07-10 15:00:00,15,1591.6,1710.0,58.46,59.25,0.0,-0.79,48.29,49.15,0.0,-0.86,81,46
2012-07-10 16:00:00,16,1561.4,1718.0,54.98,55.84,0.0,-0.86,63.86,65.15,0.0,-1.29,81,46
2012-07-10 17:00:00,17,1559.6,1720.0,50.82,51.53,0.0,-0.71,63.84,65.08,0.0,-1.24,81,46
2012-07-10 18:00:00,18,1485.8,1692.0,41.06,41.55,0.0,-0.49,47.38,48.2,0.03,-0.85,80,48
2012-07-10 19:00:00,19,1411.3,1641.0,39.0,39.48,0.0,-0.48,47.48,48.2,0.0,-0.72,77,49
2012-07-10 20:00:00,20,1439.3,1612.0,38.64,38.95,0.0,-0.31,46.85,47.42,0.0,-0.57,73,52
2012-07-10 21:00:00,21,1411.1,1550.0,35.68,35.93,0.0,-0.25,40.05,40.48,0.0,-0.43,69,53
2012-07-10 22:00:00,22,1231.8,1380.0,32.59,32.78,0.0,-0.19,34.99,35.36,0.0,-0.37,67,53
2012-07-10 23:00:00,23,1072.1,1222.0,28.9,29.09,0.0,-0.19,32.81,33.14,0.0,-0.33,63,54
2012-07-11 00:00:00,0,1009.6,1108.0,25.84,26.1,0.0,-0.26,32.35,32.71,0.0,-0.36,61,54
2012-07-11 01:00:00,1,948.4,1040.0,23.94,24.1,0.0,-0.16,25.52,25.78,0.0,-0.26,59,55
2012-07-11 02:00:00,2,909.0,1003.0,22.44,22.63,0.0,-0.19,25.4,25.6,0.0,-0.2,59,55
2012-07-11 03:00:00,3,894.1,992.0,20.99,21.11,0.0,-0.12,25.37,25.52,0.0,-0.15,59,55
2012-07-11 04:00:00,4,907.0,1020.0,21.72,21.83,0.0,-0.11,25.35,25.48,0.0,-0.13,56,53
2012-07-11 05:00:00,5,976.4,1072.0,22.63,22.71,0.0,-0.08,24.99,25.13,0.0,-0.14,54,53
2012-07-11 06:00:00,6,1094.2,1209.0,26.81,26.87,0.0,-0.06,26.57,26.68,0.0,-0.11,54,53
2012-07-11 07:00:00,7,1261.7,1375.0,25.84,25.92,0.0,-0.08,35.82,36.03,0.0,-0.21,62,55
2012-07-11 08:00:00,8,1361.6,1489.0,30.44,30.56,0.0,-0.12,42.35,42.68,0.0,-0.33,67,56
2012-07-11 09:00:00,9,1432.4,1587.0,33.14,33.24,0.0,-0.1,46.38,46.68,0.0,-0.3,72,55
2012-07-11 10:00:00,10,1499.3,1673.0,33.44,33.47,0.0,-0.03,41.6,41.76,0.0,-0.16,76,55
2012-07-11 11:00:00,11,1539.7,1738.0,38.51,38.73,0.0,-0.22,53.85,54.08,0.0,-0.23,81,55
2012-07-11 12:00:00,12,1552.3,1776.0,41.63,41.99,0.0,-0.36,64.11,64.58,0.0,-0.47,83,53
2012-07-11 13:00:00,13,1615.3,1818.0,47.75,48.23,0.0,-0.48,62.11,62.73,0.0,-0.62,86,52
2012-07-11 14:00:00,14,1637.9,1838.0,54.38,55.01,0.0,-0.63,37.62,38.13,-0.12,-0.39,86,52
2012-07-11 15:00:00,15,1645.8,1844.0,56.71,57.43,0.0,-0.72,47.27,48.4,-0.53,-0.6,85,48
2012-07-11 16:00:00,16,1644.1,1860.0,56.56,57.96,-0.48,-0.92,49.91,51.2,-0.64,-0.65,86,49
2012-07-11 17:00:00,17,1630.3,1856.0,51.06,52.02,-0.29,-0.67,70.9,72.88,-1.05,-0.93,84,50
2012-07-11 18:00:00,18,1532.4,1822.0,41.65,42.16,0.0,-0.51,64.64,65.59,-0.18,-0.77,82,50
2012-07-11 19:00:00,19,1468.4,1758.0,36.17,36.52,0.0,-0.35,60.03,60.67,0.0,-0.64,80,50
2012-07-11 20:00:00,20,1512.4,1716.0,37.45,37.67,0.0,-0.22,40.79,41.02,0.0,-0.23,75,53
2012-07-11 21:00:00,21,1457.4,1646.0,33.95,34.16,0.0,-0.21,41.2,41.54,0.0,-0.34,70,56
2012-07-11 22:00:00,22,1276.6,1470.0,30.73,30.97,0.0,-0.24,37.22,37.69,0.0,-0.47,68,55
2012-07-11 23:00:00,23,1103.4,1301.0,26.62,26.77,0.0,-0.15,26.75,26.97,0.0,-0.22,67,56
2012-07-12 00:00:00,0,1037.8,1188.0,25.91,26.09,0.0,-0.18,29.81,30.08,0.0,-0.27,66,56
2012-07-12 01:00:00,1,976.2,1113.0,23.82,23.93,0.0,-0.11,26.5,26.79,0.0,-0.29,64,58
2012-07-12 02:00:00,2,934.1,1070.0,21.67,21.77,0.0,-0.1,26.02,26.25,0.0,-0.23,62,58
2012-07-12 03:00:00,3,923.6,1051.0,15.74,15.78,0.0,-0.04,24.89,25.06,0.0,-0.17,64,58
2012-07-12 04:00:00,4,938.0,1076.0,17.97,18.01,0.0,-0.04,25.69,25.83,0.0,-0.14,61,58
2012-07-12 05:00:00,5,1002.1,1133.0,22.32,22.37,0.0,-0.05,26.88,27.03,0.0,-0.15,57,57
2012-07-12 06:00:00,6,1120.7,1274.0,25.7,25.65,0.0,0.05,30.85,30.96,0.0,-0.11,57,57
2012-07-12 07:00:00,7,1343.5,1454.0,28.28,28.27,0.0,0.01,40.78,40.82,0.0,-0.04,67,60
2012-07-12 08:00:00,8,1444.2,1591.0,32.33,32.4,0.0,-0.07,30.7,30.64,0.0,0.06,71,60
2012-07-12 09:00:00,9,1522.3,1707.0,33.83,33.81,0.0,0.02,32.78,32.7,0.0,0.08,75,61
2012-07-12 10:00:00,10,1591.2,1821.0,38.15,38.34,0.0,-0.19,41.61,41.54,0.0,0.07,80,60
2012-07-12 11:00:00,11,1644.0,1908.0,42.3,42.45,0.0,-0.15,58.96,58.74,0.0,0.22,83,59
2012-07-12 12:00:00,12,1669.1,1959.0,47.65,47.92,0.0,-0.27,65.14,65.11,0.0,0.03,85,59
2012-07-12 13:00:00,13,1744.6,1994.0,54.54,54.68,0.0,-0.14,59.74,59.69,-0.12,0.17,87,58
2012-07-12 14:00:00,14,1757.3,2017.0,57.84,58.05,0.0,-0.21,54.27,54.65,-0.47,0.09,89,58
2012-07-12 15:00:00,15,1764.2,1987.0,62.78,63.18,0.0,-0.4,73.06,74.38,-0.94,-0.38,89,55
2012-07-12 16:00:00,16,1756.2,1994.0,64.77,65.37,0.0,-0.6,129.68,139.75,-8.82,-1.25,90,51
2012-07-12 17:00:00,17,1728.0,2001.0,57.88,58.31,0.0,-0.43,44.63,48.98,-4.05,-0.3,90,48
2012-07-12 18:00:00,18,1652.6,1998.0,47.99,48.31,0.0,-0.32,48.95,49.85,-0.83,-0.07,89,49
2012-07-12 19:00:00,19,1578.9,1938.0,41.87,42.12,0.0,-0.25,45.93,46.05,-0.17,0.05,87,51
2012-07-12 20:00:00,20,1599.3,1901.0,41.16,41.38,0.0,-0.22,47.2,47.01,0.0,0.19,82,60
2012-07-12 21:00:00,21,1543.4,1819.0,36.1,36.28,0.0,-0.18,46.75,46.66,0.0,0.09,76,61
2012-07-12 22:00:00,22,1378.7,1623.0,32.16,32.31,0.0,-0.15,38.56,38.59,0.0,-0.03,73,61
2012-07-12 23:00:00,23,1142.3,1444.0,30.56,30.69,0.0,-0.13,38.26,38.2,0.08,-0.02,71,61
2012-07-13 00:00:00,0,1051.4,1310.0,35.34,35.62,0.0,-0.28,35.77,35.91,0.0,-0.14,69,62
2012-07-13 01:00:00,1,1012.8,1223.0,31.31,31.52,0.0,-0.21,30.85,31.0,0.0,-0.15,65,61
2012-07-13 02:00:00,2,982.8,1169.0,27.63,27.73,0.0,-0.1,23.21,23.31,0.0,-0.1,64,61
2012-07-13 03:00:00,3,936.1,1141.0,27.39,27.55,0.0,-0.16,26.85,26.98,0.0,-0.13,62,60
2012-07-13 04:00:00,4,943.9,1143.0,27.55,27.68,0.0,-0.13,29.53,29.72,0.0,-0.19,62,60
2012-07-13 05:00:00,5,1009.2,1198.0,26.81,26.89,0.0,-0.08,30.0,30.2,0.0,-0.2,61,59
2012-07-13 06:00:00,6,1133.1,1337.0,30.65,30.6,0.0,0.05,30.79,30.93,0.0,-0.14,61,59
2012-07-13 07:00:00,7,1336.8,1503.0,34.25,34.19,0.0,0.06,29.62,29.67,0.0,-0.05,63,61
2012-07-13 08:00:00,8,1422.6,1637.0,36.86,36.86,0.0,0.0,33.84,33.79,0.0,0.05,67,62
2012-07-13 09:00:00,9,1549.2,1759.0,40.06,39.84,0.0,0.22,43.2,43.13,0.0,0.07,73,64
2012-07-13 10:00:00,10,1636.2,1880.0,46.65,46.55,0.0,0.1,47.64,47.49,0.0,0.15,78,63
2012-07-13 11:00:00,11,1700.0,1972.0,56.12,55.96,0.0,0.16,56.23,56.03,0.0,0.2,81,63
2012-07-13 12:00:00,12,1769.7,2036.0,64.68,64.54,0.0,0.14,54.67,54.55,0.0,0.12,86,59
2012-07-13 13:00:00,13,1838.6,2095.0,69.59,69.53,0.0,0.06,54.61,54.51,0.0,0.1,87,61
2012-07-13 14:00:00,14,1837.1,2132.0,73.9,74.09,0.0,-0.19,54.88,55.11,-0.31,0.08,89,63
2012-07-13 15:00:00,15,1840.2,2141.0,76.36,76.56,0.0,-0.2,53.78,54.07,-0.26,-0.03,89,61
2012-07-13 16:00:00,16,1835.6,2133.0,76.35,76.72,0.0,-0.37,52.8,53.57,-0.88,0.11,91,64
2012-07-13 17:00:00,17,1791.7,2110.0,69.25,69.5,0.0,-0.25,54.06,54.6,-0.73,0.19,91,59
2012-07-13 18:00:00,18,1662.8,2064.0,57.21,57.42,0.0,-0.21,48.81,48.57,0.0,0.24,90,61
2012-07-13 19:00:00,19,1594.2,1995.0,51.53,51.89,0.0,-0.36,37.99,37.74,0.0,0.25,88,64
2012-07-13 20:00:00,20,1627.0,1954.0,49.95,50.07,0.0,-0.12,38.97,38.78,0.0,0.19,84,66
2012-07-13 21:00:00,21,1572.9,1888.0,43.63,43.8,0.0,-0.17,40.52,40.37,0.0,0.15,81,66
2012-07-13 22:00:00,22,1400.9,1706.0,37.85,38.02,0.0,-0.17,35.7,35.72,0.0,-0.02,76,67
2012-07-13 23:00:00,23,1203.7,1512.0,38.41,38.4,0.0,0.01,30.26,30.34,0.0,-0.08,75,66
2012-07-14 00:00:00,0,1121.6,1369.0,38.8,39.26,0.0,-0.46,36.59,36.65,0.0,-0.06,74,66
2012-07-14 01:00:00,1,1034.6,1278.0,36.27,36.81,0.0,-0.54,38.45,38.74,0.0,-0.29,72,67
2012-07-14 02:00:00,2,971.3,1213.0,33.55,34.01,0.0,-0.46,34.96,35.35,0.0,-0.39,71,66
2012-07-14 03:00:00,3,913.5,1177.0,32.12,32.55,0.0,-0.43,36.17,36.63,0.0,-0.46,67,65
2012-07-14 04:00:00,4,901.9,1167.0,30.38,30.79,0.0,-0.41,33.59,34.0,0.0,-0.41,67,65
2012-07-14 05:00:00,5,904.5,1184.0,30.43,30.79,0.0,-0.36,34.04,34.43,0.0,-0.39,67,65
2012-07-14 06:00:00,6,950.2,1244.0,32.13,32.45,0.0,-0.32,28.36,28.65,0.0,-0.29,65,64
2012-07-14 07:00:00,7,1109.3,1366.0,31.66,31.82,0.0,-0.16,29.56,29.62,0.0,-0.06,69,67
2012-07-14 08:00:00,8,1273.6,1505.0,36.07,36.42,0.0,-0.35,36.63,36.64,0.0,-0.01,73,67
2012-07-14 09:00:00,9,1408.8,1614.0,41.29,41.62,0.0,-0.33,37.0,37.05,0.0,-0.05,76,66
2012-07-14 10:00:00,10,1521.6,1682.0,42.42,42.56,0.0,-0.14,36.86,36.79,0.0,0.07,78,66
2012-07-14 11:00:00,11,1575.8,1716.0,52.88,53.19,0.0,-0.31,46.9,47.01,0.0,-0.11,79,66
2012-07-14 12:00:00,12,1607.2,1758.0,61.03,65.33,-3.68,-0.62,49.18,49.34,0.0,-0.16,82,65
2012-07-14 13:00:00,13,1625.4,1816.0,64.86,65.56,0.0,-0.7,42.46,42.58,0.0,-0.12,86,63
2012-07-14 14:00:00,14,1635.2,1867.0,61.89,62.62,0.0,-0.73,47.33,47.51,0.0,-0.18,89,62
2012-07-14 15:00:00,15,1648.8,1907.0,69.55,70.5,0.0,-0.95,61.47,61.94,-0.12,-0.35,90,58
2012-07-14 16:00:00,16,1656.3,1932.0,69.39,70.04,0.0,-0.65,61.4,61.98,-0.23,-0.35,90,62
2012-07-14 17:00:00,17,1648.0,1946.0,67.43,68.14,0.0,-0.71,59.64,59.91,-0.25,-0.02,88,58
2012-07-14 18:00:00,18,1580.1,1920.0,56.78,57.24,0.0,-0.46,64.17,64.36,-0.19,0.0,90,58
2012-07-14 19:00:00,19,1526.6,1863.0,47.8,48.15,0.0,-0.35,57.92,57.82,0.0,0.1,89,58
2012-07-14 20:00:00,20,1561.9,1830.0,46.37,46.66,0.0,-0.29,59.9,59.8,-0.04,0.14,81,65
2012-07-14 21:00:00,21,1529.3,1767.0,42.38,42.5,0.0,-0.12,49.59,49.54,0.0,0.05,75,66
2012-07-14 22:00:00,22,1367.4,1601.0,39.28,39.73,0.0,-0.45,44.66,44.83,0.0,-0.17,70,66
2012-07-14 23:00:00,23,1189.0,1426.0,36.4,36.99,0.0,-0.59,32.43,32.63,0.0,-0.2,67,65
2012-07-15 00:00:00,0,1095.5,1300.0,37.22,37.73,0.0,-0.51,29.76,29.83,0.0,-0.07,66,63
2012-07-15 01:00:00,1,1015.0,1217.0,37.2,37.82,0.0,-0.62,30.43,30.6,0.0,-0.17,65,62
2012-07-15 02:00:00,2,960.0,1160.0,34.47,35.04,0.0,-0.57,33.14,33.43,0.0,-0.29,64,62
2012-07-15 03:00:00,3,863.4,1121.0,31.21,31.72,0.0,-0.51,32.39,32.7,0.0,-0.31,64,62
2012-07-15 04:00:00,4,848.6,1106.0,28.17,28.66,0.0,-0.49,31.03,31.32,0.0,-0.29,63,61
2012-07-15 05:00:00,5,879.0,1098.0,24.99,25.35,0.0,-0.36,31.49,31.76,0.0,-0.27,62,61
2012-07-15 06:00:00,6,882.0,1136.0,25.08,25.46,0.0,-0.38,29.76,29.97,0.0,-0.21,61,60
2012-07-15 07:00:00,7,969.8,1264.0,25.26,25.55,0.0,-0.29,31.78,31.85,0.0,-0.07,67,64
2012-07-15 08:00:00,8,1187.7,1443.0,33.44,33.79,0.0,-0.35,32.32,32.24,0.0,0.08,73,64
2012-07-15 09:00:00,9,1327.5,1616.0,39.69,40.1,0.0,-0.41,45.89,45.76,0.0,0.13,76,65
2012-07-15 10:00:00,10,1421.9,1760.0,41.47,41.68,0.0,-0.21,49.22,48.94,0.0,0.28,82,64
2012-07-15 11:00:00,11,1479.8,1860.0,41.73,42.02,0.0,-0.29,59.48,59.18,0.0,0.3,85,62
2012-07-15 12:00:00,12,1518.7,1906.0,49.37,49.72,0.0,-0.35,58.99,58.76,0.0,0.23,88,63
2012-07-15 13:00:00,13,1531.0,1912.0,52.3,52.74,0.0,-0.44,61.33,60.96,0.0,0.37,91,60
2012-07-15 14:00:00,14,1537.2,1905.0,51.47,52.25,0.0,-0.78,66.58,66.28,0.0,0.3,88,59
2012-07-15 15:00:00,15,1551.4,1891.0,54.75,56.22,-0.66,-0.81,63.65,63.43,0.0,0.22,89,62
2012-07-15 16:00:00,16,1561.4,1902.0,57.96,59.53,-0.53,-1.04,63.31,63.14,0.0,0.17,86,64
2012-07-15 17:00:00,17,1547.5,1914.0,56.11,56.94,-0.09,-0.74,69.12,68.82,0.0,0.3,86,65
2012-07-15 18:00:00,18,1522.6,1889.0,49.14,49.6,0.0,-0.46,67.82,67.45,0.0,0.37,84,66
2012-07-15 19:00:00,19,1488.9,1855.0,41.53,41.87,0.0,-0.34,63.92,63.52,0.0,0.4,82,66
2012-07-15 20:00:00,20,1546.6,1833.0,45.4,45.94,0.0,-0.54,64.2,63.79,0.0,0.41,77,69
2012-07-15 21:00:00,21,1487.3,1740.0,42.46,42.71,0.0,-0.25,52.95,52.62,0.0,0.33,74,72
2012-07-15 22:00:00,22,1347.9,1578.0,40.67,41.27,0.0,-0.6,51.39,51.25,0.0,0.14,72,71
2012-07-15 23:00:00,23,1167.8,1431.0,35.12,35.78,0.0,-0.66,40.01,40.07,0.0,-0.06,72,70
2012-07-16 00:00:00,0,1096.2,1324.0,38.78,39.54,0.0,-0.76,43.87,44.16,0.0,-0.29,71,71
2012-07-16 01:00:00,1,1012.5,1256.0,33.42,33.95,0.0,-0.53,38.42,38.74,0.0,-0.32,72,71
2012-07-16 02:00:00,2,964.1,1211.0,31.86,32.33,0.0,-0.47,33.51,33.78,0.0,-0.27,71,71
2012-07-16 03:00:00,3,941.0,1199.0,29.6,30.06,0.0,-0.46,34.38,34.59,0.0,-0.21,70,69
2012-07-16 04:00:00,4,974.4,1221.0,25.61,25.99,0.0,-0.38,35.32,35.5,0.0,-0.18,69,68
2012-07-16 05:00:00,5,1036.4,1294.0,32.1,32.44,0.0,-0.34,35.32,35.44,0.0,-0.12,68,67
2012-07-16 06:00:00,6,1176.8,1445.0,35.44,35.75,0.0,-0.31,40.54,40.55,0.0,-0.01,68,67
2012-07-16 07:00:00,7,1386.2,1637.0,40.32,40.42,0.0,-0.1,46.14,45.99,0.0,0.15,71,68
2012-07-16 08:00:00,8,1532.4,1781.0,43.72,43.89,0.0,-0.17,46.04,45.89,0.0,0.15,74,69
2012-07-16 09:00:00,9,1639.7,1903.0,50.9,51.19,0.0,-0.29,56.19,56.04,0.0,0.15,76,68
2012-07-16 10:00:00,10,1748.6,2003.0,62.51,62.83,0.0,-0.32,63.66,63.56,0.0,0.1,78,68
2012-07-16 11:00:00,11,1833.7,2073.0,82.72,83.15,0.0,-0.43,64.52,64.37,0.0,0.15,81,67
2012-07-16 12:00:00,12,1865.0,2129.0,98.04,98.63,0.0,-0.59,64.74,64.74,0.0,0.0,84,66
2012-07-16 13:00:00,13,1928.2,2179.0,109.83,111.25,-0.51,-0.91,64.88,65.09,0.0,-0.21,87,66
2012-07-16 14:00:00,14,1914.1,2194.0,108.23,112.41,-3.15,-1.03,61.62,61.97,0.0,-0.35,89,66
2012-07-16 15:00:00,15,1913.4,2183.0,104.74,109.12,-3.01,-1.37,60.79,61.34,0.0,-0.55,86,66
2012-07-16 16:00:00,16,1936.6,2168.0,111.9,116.86,-3.34,-1.62,65.64,66.18,0.05,-0.59,83,67
2012-07-16 17:00:00,17,1876.4,2144.0,104.7,108.89,-2.99,-1.2,62.42,62.91,0.0,-0.49,83,68
2012-07-16 18:00:00,18,1808.8,2108.0,87.59,90.76,-2.13,-1.04,66.6,66.88,0.13,-0.41,85,68
2012-07-16 19:00:00,19,1761.8,2049.0,77.87,78.62,0.0,-0.75,48.08,48.34,0.0,-0.26,83,67
2012-07-16 20:00:00,20,1803.0,2028.0,83.47,83.83,0.0,-0.36,53.6,54.0,0.0,-0.4,82,67
2012-07-16 21:00:00,21,1699.9,1931.0,57.39,57.86,0.0,-0.47,46.44,46.81,0.0,-0.37,80,67
2012-07-16 22:00:00,22,1505.2,1726.0,43.84,44.35,0.0,-0.51,35.58,35.83,0.0,-0.25,79,67
2012-07-16 23:00:00,23,1266.3,1535.0,39.95,40.6,0.0,-0.65,35.01,35.28,0.0,-0.27,77,68
2012-07-17 00:00:00,0,1124.4,1399.0,44.93,45.82,0.0,-0.89,43.81,44.2,0.0,-0.39,73,68
2012-07-17 01:00:00,1,1039.2,1310.0,39.65,40.26,0.0,-0.61,38.82,39.14,0.0,-0.32,70,67
2012-07-17 02:00:00,2,991.3,1258.0,35.19,35.75,0.0,-0.56,33.22,33.49,0.0,-0.27,67,66
2012-07-17 03:00:00,3,972.4,1230.0,32.15,32.66,0.0,-0.51,29.1,29.35,0.0,-0.25,67,66
2012-07-17 04:00:00,4,983.5,1242.0,32.74,33.44,-0.22,-0.48,29.61,29.84,0.0,-0.23,67,66
2012-07-17 05:00:00,5,1030.3,1306.0,35.6,35.99,0.0,-0.39,36.04,36.18,0.0,-0.14,65,64
2012-07-17 06:00:00,6,1165.2,1470.0,46.3,46.8,0.0,-0.5,48.75,48.87,0.0,-0.12,64,63
2012-07-17 07:00:00,7,1340.8,1666.0,50.01,50.38,0.0,-0.37,50.53,50.51,0.0,0.02,70,67
2012-07-17 08:00:00,8,1476.4,1810.0,50.95,51.29,0.0,-0.34,50.8,50.52,0.0,0.28,74,68
2012-07-17 09:00:00,9,1593.5,1942.0,59.04,59.62,0.0,-0.58,63.13,62.85,0.0,0.28,77,68
2012-07-17 10:00:00,10,1676.5,2023.0,75.46,76.23,0.0,-0.77,82.79,82.68,0.0,0.11,79,67
2012-07-17 11:00:00,11,1745.5,2041.0,82.95,83.75,0.0,-0.8,83.58,83.88,0.0,-0.3,78,69
2012-07-17 12:00:00,12,1833.7,2075.0,90.5,93.24,-1.83,-0.91,85.25,85.64,0.0,-0.39,79,70
2012-07-17 13:00:00,13,1869.9,2149.0,131.74,137.5,-3.78,-1.98,91.27,91.56,0.0,-0.29,86,70
2012-07-17 14:00:00,14,1878.7,2206.0,140.48,151.2,-7.89,-2.83,93.96,94.34,0.0,-0.38,90,66
2012-07-17 15:00:00,15,1864.6,2252.0,155.7,165.89,-6.9,-3.29,142.54,143.69,0.0,-1.15,93,66
2012-07-17 16:00:00,16,1848.7,2290.0,159.83,169.75,-6.59,-3.33,207.08,209.16,0.0,-2.08,94,67
2012-07-17 17:00:00,17,1811.4,2292.0,141.22,148.52,-4.29,-3.01,167.86,169.32,0.0,-1.46,95,67
2012-07-17 18:00:00,18,1723.2,2248.0,97.03,100.77,-2.2,-1.54,87.86,88.42,0.0,-0.56,92,66
2012-07-17 19:00:00,19,1674.2,2141.0,86.9,88.18,0.0,-1.28,83.58,83.87,0.0,-0.29,89,67
2012-07-17 20:00:00,20,1696.2,2036.0,83.81,84.78,0.0,-0.97,81.83,82.37,0.0,-0.54,76,70
2012-07-17 21:00:00,21,1610.5,1948.0,71.14,72.21,0.0,-1.07,68.21,68.85,0.0,-0.64,72,70
2012-07-17 22:00:00,22,1416.6,1767.0,52.42,53.45,0.0,-1.03,57.64,58.45,0.0,-0.81,72,71
2012-07-17 23:00:00,23,1240.2,1593.0,48.52,49.53,0.0,-1.01,50.85,51.79,0.0,-0.94,72,71
2012-07-18 00:00:00,0,1154.5,1471.0,38.96,39.58,0.0,-0.62,46.08,46.91,0.0,-0.83,71,70
2012-07-18 01:00:00,1,1080.8,1388.0,35.32,35.79,0.0,-0.47,39.52,40.12,0.0,-0.6,72,71
2012-07-18 02:00:00,2,1028.9,1343.0,30.96,31.36,0.0,-0.4,39.72,40.47,0.0,-0.75,72,71
2012-07-18 03:00:00,3,1006.0,1311.0,28.08,28.46,0.0,-0.38,38.04,38.76,0.0,-0.72,73,70
2012-07-18 04:00:00,4,984.9,1326.0,27.21,27.59,0.0,-0.38,37.39,37.98,0.0,-0.59,71,69
2012-07-18 05:00:00,5,1049.8,1397.0,31.18,31.5,0.0,-0.32,43.27,43.89,0.0,-0.62,69,68
2012-07-18 06:00:00,6,1179.4,1545.0,38.1,38.41,0.0,-0.31,50.83,51.21,0.0,-0.38,69,68
2012-07-18 07:00:00,7,1369.1,1742.0,39.23,39.47,0.0,-0.24,53.33,53.49,0.0,-0.16,72,70
2012-07-18 08:00:00,8,1498.9,1869.0,41.82,42.11,0.0,-0.29,57.24,57.26,0.0,-0.02,76,70
2012-07-18 09:00:00,9,1584.5,1963.0,50.36,50.74,0.0,-0.38,64.96,65.09,0.0,-0.13,77,67
2012-07-18 10:00:00,10,1682.5,2047.0,58.82,59.08,0.0,-0.26,76.52,76.85,0.0,-0.33,77,66
2012-07-18 11:00:00,11,1724.7,2073.0,74.91,75.45,0.0,-0.54,84.1,84.69,0.0,-0.59,78,67
2012-07-18 12:00:00,12,1755.8,2074.0,93.29,94.58,-0.11,-1.18,178.7,186.12,-4.76,-2.66,79,67
2012-07-18 13:00:00,13,1785.0,2069.0,97.79,100.63,-1.36,-1.48,412.57,432.39,-13.42,-6.4,83,65
2012-07-18 14:00:00,14,1771.6,2106.0,97.76,100.41,-1.05,-1.6,132.19,134.68,-0.49,-2.0,85,66
2012-07-18 15:00:00,15,1779.4,2123.0,98.45,102.96,-2.75,-1.76,51.02,51.65,0.0,-0.63,82,64
2012-07-18 16:00:00,16,1755.7,2096.0,94.09,98.74,-2.98,-1.67,49.32,50.19,-0.37,-0.5,83,63
2012-07-18 17:00:00,17,1725.9,2067.0,89.46,92.44,-1.54,-1.44,63.66,64.68,-0.48,-0.54,84,61
2012-07-18 18:00:00,18,1667.1,2013.0,65.72,68.06,-1.44,-0.9,49.78,50.44,-0.31,-0.35,83,59
2012-07-18 19:00:00,19,1599.3,1941.0,61.61,62.33,0.0,-0.72,50.95,51.68,-0.36,-0.37,81,60
2012-07-18 20:00:00,20,1599.1,1907.0,59.77,60.24,0.0,-0.47,51.98,52.39,-0.13,-0.28,77,62
2012-07-18 21:00:00,21,1516.4,1824.0,47.99,48.66,0.0,-0.67,42.88,43.75,-0.74,-0.13,74,62
2012-07-18 22:00:00,22,1351.9,1622.0,40.71,41.26,0.0,-0.55,37.44,37.66,0.0,-0.22,71,59
2012-07-18 23:00:00,23,1189.0,1423.0,37.8,38.57,0.0,-0.77,35.35,35.79,0.0,-0.44,70,56
2012-07-19 00:00:00,0,993.6,1284.0,31.53,31.98,0.0,-0.45,33.33,33.84,0.0,-0.51,68,54
2012-07-19 01:00:00,1,926.0,1199.0,32.03,32.71,0.0,-0.68,34.92,35.56,0.0,-0.64,65,53
2012-07-19 02:00:00,2,890.0,1142.0,29.8,30.4,0.0,-0.6,34.77,35.5,0.0,-0.73,64,52
2012-07-19 03:00:00,3,844.2,1117.0,28.08,28.62,0.0,-0.54,32.86,33.52,0.0,-0.66,60,54
2012-07-19 04:00:00,4,854.6,1132.0,28.72,29.23,0.0,-0.51,32.79,33.41,0.0,-0.62,56,54
2012-07-19 05:00:00,5,911.4,1178.0,30.37,30.85,0.0,-0.48,32.01,32.53,0.0,-0.52,55,53
2012-07-19 06:00:00,6,1047.2,1308.0,31.69,31.94,0.0,-0.25,30.96,31.17,0.0,-0.21,53,53
2012-07-19 07:00:00,7,1210.0,1454.0,31.67,31.9,0.0,-0.23,29.82,29.94,0.0,-0.12,60,56
2012-07-19 08:00:00,8,1319.1,1559.0,33.6,33.75,0.0,-0.15,31.25,31.25,0.0,0.0,65,53
2012-07-19 09:00:00,9,1382.2,1638.0,35.96,36.15,0.0,-0.19,31.63,31.56,0.0,0.07,69,53
2012-07-19 10:00:00,10,1492.3,1700.0,41.97,42.26,0.0,-0.29,31.58,31.48,0.0,0.1,72,51
2012-07-19 11:00:00,11,1546.0,1744.0,47.34,47.69,0.0,-0.35,31.72,31.57,0.0,0.15,74,50
2012-07-19 12:00:00,12,1565.5,1770.0,50.13,50.53,0.0,-0.4,31.63,31.49,0.0,0.14,77,52
2012-07-19 13:00:00,13,1600.1,1800.0,55.72,56.22,0.0,-0.5,32.01,31.93,0.0,0.08,80,50
2012-07-19 14:00:00,14,1608.0,1810.0,56.31,56.88,0.0,-0.57,32.13,32.17,0.0,-0.04,79,51
2012-07-19 15:00:00,15,1604.2,1811.0,60.7,62.45,-1.03,-0.72,31.02,31.16,0.0,-0.14,80,51
2012-07-19 16:00:00,16,1607.5,1809.0,60.99,62.75,-1.03,-0.73,31.48,31.65,0.0,-0.17,80,52
2012-07-19 17:00:00,17,1558.4,1776.0,51.33,52.83,-0.94,-0.56,36.11,36.26,0.0,-0.15,79,49
2012-07-19 18:00:00,18,1533.1,1724.0,48.93,49.49,0.0,-0.56,30.77,30.81,0.0,-0.04,79,49
2012-07-19 19:00:00,19,1478.6,1660.0,41.97,42.45,0.0,-0.48,28.57,28.61,0.0,-0.04,74,49
2012-07-19 20:00:00,20,1446.8,1641.0,40.47,40.8,0.0,-0.33,29.33,29.37,0.0,-0.04,70,50
2012-07-19 21:00:00,21,1389.5,1568.0,36.02,36.22,0.0,-0.2,29.06,29.11,0.0,-0.05,68,50
2012-07-19 22:00:00,22,1231.0,1404.0,32.55,32.83,0.0,-0.28,23.3,23.47,0.0,-0.17,67,50
2012-07-19 23:00:00,23,1089.9,1249.0,32.56,32.88,0.0,-0.32,19.79,19.97,0.0,-0.18,62,54
2012-07-20 00:00:00,0,940.9,1136.0,25.39,25.68,0.0,-0.29,23.44,23.64,0.0,-0.2,59,53
2012-07-20 01:00:00,1,875.5,1072.0,24.32,24.59,0.0,-0.27,23.83,24.05,0.0,-0.22,60,52
2012-07-20 02:00:00,2,832.8,1033.0,23.83,24.02,0.0,-0.19,23.76,23.99,0.0,-0.23,59,53
2012-07-20 03:00:00,3,800.4,1018.0,23.54,23.74,0.0,-0.2,23.61,23.81,0.0,-0.2,57,53
2012-07-20 04:00:00,4,815.7,1040.0,23.51,23.75,0.0,-0.24,23.66,23.85,0.0,-0.19,55,53
2012-07-20 05:00:00,5,882.5,1097.0,23.86,23.99,0.0,-0.13,23.97,24.19,0.0,-0.22,53,52
2012-07-20 06:00:00,6,997.7,1209.0,25.29,25.44,0.0,-0.15,25.89,26.05,0.0,-0.16,54,52
2012-07-20 07:00:00,7,1098.5,1355.0,29.88,30.09,0.0,-0.21,28.35,28.5,0.0,-0.15,58,54
2012-07-20 08:00:00,8,1207.1,1454.0,30.14,30.38,0.0,-0.24,25.87,25.95,0.0,-0.08,62,54
2012-07-20 09:00:00,9,1254.6,1512.0,31.88,32.06,0.0,-0.18,26.56,26.6,0.0,-0.04,65,51
2012-07-20 10:00:00,10,1309.7,1548.0,34.54,34.73,0.0,-0.19,25.73,25.81,0.0,-0.08,67,51
2012-07-20 11:00:00,11,1334.2,1566.0,37.15,37.33,0.0,-0.18,25.11,25.13,0.0,-0.02,68,51
2012-07-20 12:00:00,12,1340.1,1576.0,38.22,38.42,0.0,-0.2,23.99,24.01,0.0,-0.02,69,51
2012-07-20 13:00:00,13,1441.2,1587.0,39.54,39.73,0.0,-0.19,23.98,24.02,0.0,-0.04,70,49
2012-07-20 14:00:00,14,1465.4,1587.0,39.14,39.29,0.0,-0.15,23.81,23.81,0.0,0.0,72,51
2012-07-20 15:00:00,15,1468.9,1582.0,38.35,39.29,-0.78,-0.16,23.65,23.54,0.0,0.11,75,51
2012-07-20 16:00:00,16,1449.5,1571.0,34.05,35.16,-0.94,-0.17,23.69,23.55,0.0,0.14,74,51
2012-07-20 17:00:00,17,1396.1,1557.0,32.94,34.24,-1.1,-0.2,24.0,23.87,0.0,0.13,74,52
2012-07-20 18:00:00,18,1294.4,1520.0,30.37,33.99,-3.36,-0.26,23.57,23.45,0.0,0.12,73,53
2012-07-20 19:00:00,19,1357.0,1487.0,27.13,27.69,-0.42,-0.14,20.88,20.77,0.0,0.11,72,53
2012-07-20 20:00:00,20,1241.0,1488.0,26.73,26.89,0.0,-0.16,21.08,20.95,0.0,0.13,68,56
2012-07-20 21:00:00,21,1187.2,1449.0,28.67,28.99,0.0,-0.32,24.03,24.02,0.0,0.01,65,56
2012-07-20 22:00:00,22,1052.7,1311.0,27.15,27.37,0.0,-0.22,23.33,23.32,0.0,0.01,63,56
2012-07-20 23:00:00,23,924.7,1174.0,25.76,26.02,0.0,-0.26,16.1,16.11,0.0,-0.01,59,55
2012-07-21 00:00:00,0,869.6,1063.0,25.17,25.37,0.0,-0.2,23.47,23.5,0.0,-0.03,59,55
2012-07-21 01:00:00,1,806.9,995.0,24.09,24.26,0.0,-0.17,23.1,23.09,0.0,0.01,56,54
2012-07-21 02:00:00,2,764.1,954.0,23.86,24.0,0.0,-0.14,21.3,21.33,0.0,-0.03,53,52
2012-07-21 03:00:00,3,740.0,936.0,21.92,22.07,0.0,-0.15,20.73,20.78,0.0,-0.05,55,53
2012-07-21 04:00:00,4,736.7,938.0,20.19,20.32,0.0,-0.13,22.73,22.78,0.0,-0.05,52,51
2012-07-21 05:00:00,5,747.9,950.0,19.98,20.12,0.0,-0.14,21.29,21.33,0.0,-0.04,51,50
2012-07-21 06:00:00,6,772.7,1014.0,22.11,22.23,0.0,-0.12,23.72,23.74,0.0,-0.02,49,48
2012-07-21 07:00:00,7,890.9,1122.0,24.83,24.93,0.0,-0.1,33.91,33.95,-0.08,0.04,56,54
2012-07-21 08:00:00,8,1078.5,1252.0,25.79,25.84,0.0,-0.05,33.38,33.45,-0.14,0.07,61,57
2012-07-21 09:00:00,9,1151.0,1358.0,29.98,30.29,0.0,-0.31,29.66,29.74,-0.08,0.0,66,57
2012-07-21 10:00:00,10,1216.4,1417.0,31.7,31.93,0.0,-0.23,24.83,24.81,0.0,0.02,71,56
2012-07-21 11:00:00,11,1322.2,1446.0,30.54,30.68,0.0,-0.14,25.35,25.33,-0.01,0.03,76,50
2012-07-21 12:00:00,12,1342.5,1453.0,33.01,33.21,0.0,-0.2,26.8,26.89,-0.04,-0.05,77,50
2012-07-21 13:00:00,13,1352.8,1458.0,30.79,36.49,-5.23,-0.47,25.85,25.95,-0.02,-0.08,81,51
2012-07-21 14:00:00,14,1352.3,1466.0,31.37,39.82,-8.09,-0.36,32.05,32.03,0.01,0.01,76,52
2012-07-21 15:00:00,15,1374.7,1474.0,37.02,45.1,-7.77,-0.31,33.3,33.23,0.02,0.05,81,49
2012-07-21 16:00:00,16,1369.9,1493.0,35.22,45.67,-10.14,-0.31,37.07,37.01,0.02,0.04,80,48
2012-07-21 17:00:00,17,1371.8,1508.0,37.66,46.81,-8.84,-0.31,38.47,38.33,0.02,0.12,80,48
2012-07-21 18:00:00,18,1249.5,1487.0,33.74,38.01,-3.94,-0.33,36.84,36.71,0.02,0.11,79,50
2012-07-21 19:00:00,19,1203.0,1437.0,31.89,32.23,0.0,-0.34,31.41,31.38,0.01,0.02,77,52
2012-07-21 20:00:00,20,1207.8,1429.0,30.62,30.93,0.0,-0.31,26.18,26.21,0.0,-0.03,73,52
2012-07-21 21:00:00,21,1178.3,1385.0,29.76,30.07,0.0,-0.31,26.97,27.1,0.01,-0.14,70,49
2012-07-21 22:00:00,22,1056.7,1256.0,27.38,27.81,0.0,-0.43,24.41,24.65,0.0,-0.24,66,50
2012-07-21 23:00:00,23,925.2,1137.0,26.88,27.24,0.0,-0.36,24.0,24.2,0.0,-0.2,64,50
2012-07-22 00:00:00,0,845.8,1039.0,24.44,24.73,0.0,-0.29,23.51,23.66,0.0,-0.15,63,51
2012-07-22 01:00:00,1,790.2,978.0,23.83,24.02,0.0,-0.19,22.69,22.82,0.0,-0.13,61,52
2012-07-22 02:00:00,2,775.5,941.0,21.48,21.65,0.0,-0.17,21.52,21.66,0.0,-0.14,60,53
2012-07-22 03:00:00,3,791.3,921.0,20.07,20.23,0.0,-0.16,16.53,16.65,0.0,-0.12,57,53
2012-07-22 04:00:00,4,781.7,921.0,14.76,14.88,0.0,-0.12,19.78,19.89,0.0,-0.11,56,53
2012-07-22 05:00:00,5,903.7,923.0,9.93,9.96,0.0,-0.03,16.72,16.8,0.0,-0.08,56,53
2012-07-22 06:00:00,6,903.1,962.0,9.97,10.01,0.0,-0.04,19.63,19.71,0.0,-0.08,54,52
2012-07-22 07:00:00,7,856.3,1061.0,23.78,23.88,0.0,-0.1,24.42,24.44,0.0,-0.02,59,55
2012-07-22 08:00:00,8,996.1,1198.0,25.42,25.59,0.0,-0.17,24.59,24.68,0.0,-0.09,66,57
2012-07-22 09:00:00,9,1213.1,1322.0,25.55,25.76,0.0,-0.21,25.26,25.37,0.0,-0.11,71,57
2012-07-22 10:00:00,10,1321.2,1412.0,27.94,28.13,0.0,-0.19,30.01,30.15,0.0,-0.14,74,58
2012-07-22 11:00:00,11,1223.5,1489.0,31.47,31.81,0.0,-0.34,34.18,34.25,0.0,-0.07,79,60
2012-07-22 12:00:00,12,1324.0,1543.0,31.61,34.61,-2.72,-0.28,35.59,35.62,0.0,-0.03,81,59
2012-07-22 13:00:00,13,1282.1,1571.0,30.46,35.45,-4.59,-0.4,36.42,36.47,0.0,-0.05,84,58
2012-07-22 14:00:00,14,1285.9,1588.0,30.42,33.73,-2.91,-0.4,39.39,39.48,0.0,-0.09,86,56
2012-07-22 15:00:00,15,1419.1,1603.0,31.67,36.53,-4.61,-0.25,39.0,39.06,0.0,-0.06,85,56
2012-07-22 16:00:00,16,1388.5,1645.0,33.72,39.7,-5.78,-0.2,42.79,42.78,0.0,0.01,86,56
2012-07-22 17:00:00,17,1393.4,1685.0,38.14,39.03,-0.66,-0.23,45.47,46.02,-0.63,0.08,86,57
2012-07-22 18:00:00,18,1364.8,1683.0,37.32,38.24,-0.62,-0.3,47.77,49.39,-1.71,0.09,86,57
2012-07-22 19:00:00,19,1307.3,1648.0,36.42,37.38,-0.65,-0.31,48.71,50.58,-1.91,0.04,84,59
2012-07-22 20:00:00,20,1304.3,1642.0,36.32,36.58,0.0,-0.26,59.58,60.76,-1.23,0.05,81,59
2012-07-22 21:00:00,21,1296.5,1585.0,30.44,30.67,0.0,-0.23,39.2,41.77,-2.53,-0.04,75,59
2012-07-22 22:00:00,22,1162.9,1438.0,27.33,27.72,0.0,-0.39,26.93,27.46,-0.29,-0.24,74,59
2012-07-22 23:00:00,23,987.2,1298.0,26.42,26.78,0.0,-0.36,25.37,25.57,0.0,-0.2,72,60
2012-07-23 00:00:00,0,933.8,1197.0,24.42,24.61,0.0,-0.19,27.79,27.99,0.0,-0.2,70,60
2012-07-23 01:00:00,1,876.0,1131.0,22.69,22.83,0.0,-0.14,24.37,24.52,0.0,-0.15,68,60
2012-07-23 02:00:00,2,845.2,1096.0,21.1,21.21,0.0,-0.11,24.18,24.27,0.0,-0.09,67,60
2012-07-23 03:00:00,3,833.4,1082.0,20.92,21.05,0.0,-0.13,24.17,24.25,0.0,-0.08,64,60
2012-07-23 04:00:00,4,851.0,1114.0,21.46,21.57,0.0,-0.11,24.88,24.98,0.0,-0.1,67,61
2012-07-23 05:00:00,5,926.6,1182.0,24.17,24.28,-0.05,-0.06,26.42,26.51,0.0,-0.09,67,61
2012-07-23 06:00:00,6,1090.1,1318.0,25.54,25.73,-0.12,-0.07,27.74,27.81,0.0,-0.07,65,63
2012-07-23 07:00:00,7,1213.0,1458.0,36.32,37.57,-0.95,-0.3,32.46,32.56,0.0,-0.1,65,64
2012-07-23 08:00:00,8,1344.0,1577.0,34.68,34.95,0.0,-0.27,27.52,27.59,0.0,-0.07,66,64
2012-07-23 09:00:00,9,1408.0,1679.0,39.13,39.54,0.0,-0.41,34.54,34.69,-0.01,-0.14,70,66
2012-07-23 10:00:00,10,1492.8,1778.0,46.87,47.48,0.0,-0.61,42.23,44.33,-1.93,-0.17,73,67
2012-07-23 11:00:00,11,1552.0,1854.0,55.08,55.84,0.0,-0.76,44.21,45.78,-1.38,-0.19,78,66
2012-07-23 12:00:00,12,1586.8,1914.0,64.87,65.69,0.0,-0.82,52.35,55.31,-2.65,-0.31,82,64
2012-07-23 13:00:00,13,1619.3,1985.0,66.12,67.13,0.0,-1.01,98.83,103.09,-3.61,-0.65,85,65
2012-07-23 14:00:00,14,1645.4,2028.0,70.49,70.81,0.0,-0.32,224.24,227.83,-2.1,-1.49,86,66
2012-07-23 15:00:00,15,1661.2,2056.0,75.02,76.11,0.0,-1.09,62.43,71.41,-8.54,-0.44,87,65
2012-07-23 16:00:00,16,1648.7,2082.0,76.55,77.72,0.0,-1.17,60.54,69.03,-8.16,-0.33,88,65
2012-07-23 17:00:00,17,1655.9,2074.0,67.25,68.48,-0.35,-0.88,48.69,53.51,-4.64,-0.18,87,65
2012-07-23 18:00:00,18,1609.4,2035.0,63.84,64.74,0.0,-0.9,49.24,52.01,-2.69,-0.08,84,66
2012-07-23 19:00:00,19,1538.9,1985.0,51.34,51.97,0.0,-0.63,46.37,49.14,-2.67,-0.1,83,65
2012-07-23 20:00:00,20,1581.0,1985.0,56.98,57.62,0.0,-0.64,56.94,59.74,-2.56,-0.24,80,66
2012-07-23 21:00:00,21,1479.2,1879.0,46.5,47.09,0.0,-0.59,52.77,54.78,-1.52,-0.49,78,68
2012-07-23 22:00:00,22,1313.0,1680.0,38.58,39.02,0.0,-0.44,30.6,30.92,-0.06,-0.26,76,68
2012-07-23 23:00:00,23,1153.6,1499.0,31.82,32.29,0.0,-0.47,31.73,32.06,0.0,-0.33,75,69
2012-07-24 00:00:00,0,1096.4,1382.0,29.78,30.15,0.0,-0.37,34.5,34.81,0.0,-0.31,74,69
2012-07-24 01:00:00,1,1035.0,1303.0,26.98,27.21,0.0,-0.23,32.99,33.32,0.0,-0.33,74,69
2012-07-24 02:00:00,2,993.6,1255.0,25.96,26.12,0.0,-0.16,30.29,30.62,0.0,-0.33,72,70
2012-07-24 03:00:00,3,965.5,1233.0,25.61,25.76,0.0,-0.15,28.89,29.17,0.0,-0.28,72,69
2012-07-24 04:00:00,4,976.9,1245.0,25.87,26.01,0.0,-0.14,27.16,27.42,0.0,-0.26,70,67
2012-07-24 05:00:00,5,1052.8,1305.0,26.94,27.05,0.0,-0.11,31.07,31.36,0.0,-0.29,69,67
2012-07-24 06:00:00,6,1188.7,1435.0,30.5,30.64,0.0,-0.14,35.81,36.1,0.0,-0.29,68,66
2012-07-24 07:00:00,7,1319.5,1602.0,34.06,34.28,0.0,-0.22,35.82,36.1,0.0,-0.28,68,66
2012-07-24 08:00:00,8,1389.1,1747.0,36.4,36.77,0.0,-0.37,49.46,50.07,-0.26,-0.35,72,68
2012-07-24 09:00:00,9,1496.0,1870.0,42.09,42.45,0.0,-0.36,56.34,57.3,-0.73,-0.23,76,68
2012-07-24 10:00:00,10,1575.9,1973.0,47.33,48.32,-0.74,-0.25,69.29,70.27,-0.76,-0.22,78,69
2012-07-24 11:00:00,11,1641.8,2027.0,53.56,54.95,-1.02,-0.37,59.93,60.92,-0.73,-0.26,83,69
2012-07-24 12:00:00,12,1675.5,2058.0,55.52,57.02,-1.1,-0.4,100.79,103.73,-2.22,-0.72,85,67
2012-07-24 13:00:00,13,1717.5,2051.0,63.52,66.25,-1.97,-0.76,99.15,101.29,-0.94,-1.2,80,66
2012-07-24 14:00:00,14,1686.0,1968.0,61.59,68.58,-6.22,-0.77,46.71,49.04,-1.53,-0.8,82,65
2012-07-24 15:00:00,15,1691.2,1997.0,62.08,71.52,-8.6,-0.84,54.97,57.26,-1.37,-0.92,86,63
2012-07-24 16:00:00,16,1681.7,2008.0,61.91,70.85,-8.13,-0.81,57.83,59.97,-1.33,-0.81,85,60
2012-07-24 17:00:00,17,1635.9,1985.0,58.66,61.59,-2.14,-0.79,52.62,55.08,-1.84,-0.62,85,58
2012-07-24 18:00:00,18,1600.9,1922.0,52.52,54.03,-0.98,-0.53,49.96,52.39,-1.91,-0.52,82,59
2012-07-24 19:00:00,19,1550.5,1818.0,44.89,47.62,-2.31,-0.42,49.14,51.44,-1.77,-0.53,76,58
2012-07-24 20:00:00,20,1521.8,1764.0,44.21,45.25,-0.61,-0.43,39.47,40.71,-0.81,-0.43,72,59
2012-07-24 21:00:00,21,1449.8,1653.0,39.85,42.25,-1.85,-0.55,34.5,34.9,0.0,-0.4,70,58
2012-07-24 22:00:00,22,1281.1,1462.0,33.81,34.29,0.0,-0.48,27.23,27.58,0.0,-0.35,68,53
2012-07-24 23:00:00,23,1139.3,1291.0,32.65,33.1,0.0,-0.45,25.98,26.38,0.0,-0.4,67,54
2012-07-25 00:00:00,0,1151.3,1172.0,31.38,31.8,0.0,-0.42,28.16,28.54,0.0,-0.38,65,53
2012-07-25 01:00:00,1,1076.9,1099.0,30.74,31.21,0.0,-0.47,26.72,27.09,0.0,-0.37,63,52
2012-07-25 02:00:00,2,999.2,1057.0,27.05,27.43,0.0,-0.38,26.62,27.04,0.0,-0.42,63,51
2012-07-25 03:00:00,3,979.2,1039.0,25.86,26.1,0.0,-0.24,25.56,25.9,0.0,-0.34,61,51
2012-07-25 04:00:00,4,1026.3,1057.0,25.97,26.15,0.0,-0.18,25.63,25.94,0.0,-0.31,60,51
2012-07-25 05:00:00,5,1075.2,1122.0,26.83,27.08,0.0,-0.25,24.67,24.96,0.0,-0.29,61,52
2012-07-25 06:00:00,6,1196.2,1251.0,29.92,30.23,0.0,-0.31,27.03,27.31,0.0,-0.28,61,52
2012-07-25 07:00:00,7,1376.9,1403.0,33.3,33.28,0.0,0.02,28.05,28.21,0.0,-0.16,63,53
2012-07-25 08:00:00,8,1466.1,1503.0,32.72,32.75,0.0,-0.03,33.41,33.51,0.0,-0.1,66,52
2012-07-25 09:00:00,9,1521.6,1570.0,35.61,35.69,0.0,-0.08,37.51,37.63,0.0,-0.12,69,51
2012-07-25 10:00:00,10,1587.3,1615.0,39.39,39.46,0.0,-0.07,39.02,40.32,-0.94,-0.36,70,51
2012-07-25 11:00:00,11,1610.8,1644.0,51.7,51.94,0.0,-0.24,38.83,41.38,-2.03,-0.52,72,51
2012-07-25 12:00:00,12,1631.1,1657.0,57.7,58.0,0.0,-0.3,35.42,38.5,-2.52,-0.56,73,51
2012-07-25 13:00:00,13,1716.1,1690.0,56.44,62.12,-5.37,-0.31,32.8,36.41,-3.06,-0.55,76,50
2012-07-25 14:00:00,14,1705.0,1707.0,55.33,63.85,-8.17,-0.35,44.14,47.96,-3.04,-0.78,79,51
2012-07-25 15:00:00,15,1719.3,1717.0,55.76,66.27,-10.14,-0.37,49.68,55.42,-4.9,-0.84,80,50
2012-07-25 16:00:00,16,1723.9,1725.0,54.31,67.44,-12.77,-0.36,54.2,60.49,-5.36,-0.93,81,51
2012-07-25 17:00:00,17,1686.1,1718.0,55.15,57.66,-2.1,-0.41,38.61,45.7,-6.41,-0.68,80,51
2012-07-25 18:00:00,18,1619.7,1681.0,47.36,47.59,0.0,-0.23,51.12,52.64,-0.88,-0.64,79,50
2012-07-25 19:00:00,19,1550.6,1623.0,40.14,40.31,0.0,-0.17,45.12,46.27,-0.59,-0.56,76,50
2012-07-25 20:00:00,20,1541.9,1628.0,47.19,47.38,0.0,-0.19,54.38,57.13,-2.09,-0.66,73,50
2012-07-25 21:00:00,21,1479.3,1548.0,38.53,38.76,0.0,-0.23,49.49,52.64,-2.42,-0.73,70,50
2012-07-25 22:00:00,22,1323.3,1387.0,33.77,33.95,0.0,-0.18,34.63,38.66,-3.45,-0.58,65,53
2012-07-25 23:00:00,23,1150.4,1239.0,31.19,31.46,0.0,-0.27,32.04,33.22,-0.68,-0.5,64,54
2012-07-26 00:00:00,0,1057.1,1137.0,25.93,26.16,0.0,-0.23,31.81,32.38,0.0,-0.57,64,54
2012-07-26 01:00:00,1,986.4,1072.0,25.36,25.59,0.0,-0.23,26.21,26.57,0.0,-0.36,62,54
2012-07-26 02:00:00,2,944.0,1039.0,24.4,24.6,0.0,-0.2,26.34,26.66,0.0,-0.32,62,55
2012-07-26 03:00:00,3,925.7,1029.0,23.66,23.85,0.0,-0.19,26.03,26.31,0.0,-0.28,62,56
2012-07-26 04:00:00,4,929.2,1055.0,25.11,25.33,0.0,-0.22,26.13,26.39,0.0,-0.26,61,56
2012-07-26 05:00:00,5,979.5,1133.0,25.3,25.46,0.0,-0.16,28.18,28.43,0.0,-0.25,61,56
2012-07-26 06:00:00,6,1101.5,1258.0,27.32,27.54,0.0,-0.22,35.74,36.12,0.0,-0.38,61,56
2012-07-26 07:00:00,7,1264.0,1399.0,33.76,34.0,0.0,-0.24,33.83,34.12,0.0,-0.29,62,57
2012-07-26 08:00:00,8,1360.3,1501.0,33.78,34.09,0.0,-0.31,33.34,33.58,0.0,-0.24,65,56
2012-07-26 09:00:00,9,1432.7,1564.0,36.37,36.83,0.0,-0.46,34.14,34.4,0.0,-0.26,67,56
2012-07-26 10:00:00,10,1506.3,1607.0,42.94,44.73,-1.19,-0.6,35.47,35.79,0.0,-0.32,68,58
2012-07-26 11:00:00,11,1551.6,1628.0,52.44,54.22,-1.01,-0.77,30.7,30.99,0.0,-0.29,70,58
2012-07-26 12:00:00,12,1582.3,1645.0,71.76,74.21,-1.24,-1.21,32.2,32.54,0.0,-0.34,70,59
2012-07-26 13:00:00,13,1619.2,1680.0,72.26,75.52,-1.86,-1.4,36.05,36.55,0.0,-0.5,71,61
2012-07-26 14:00:00,14,1636.8,1684.0,72.23,75.51,-1.91,-1.37,37.05,37.75,-0.04,-0.66,73,62
2012-07-26 15:00:00,15,1630.6,1682.0,73.04,76.55,-1.91,-1.6,46.83,48.51,-0.69,-0.99,75,63
2012-07-26 16:00:00,16,1611.5,1684.0,72.53,76.14,-1.9,-1.71,79.43,82.35,-0.93,-1.99,75,63
2012-07-26 17:00:00,17,1572.3,1689.0,71.68,75.23,-1.87,-1.68,87.79,91.0,-0.98,-2.23,75,63
2012-07-26 18:00:00,18,1521.9,1686.0,71.43,74.73,-1.66,-1.64,83.36,85.55,-0.27,-1.92,73,63
2012-07-26 19:00:00,19,1468.6,1679.0,67.77,70.46,-1.19,-1.5,66.01,68.51,-1.13,-1.37,72,63
2012-07-26 20:00:00,20,1464.1,1681.0,66.35,69.63,-1.92,-1.36,64.93,67.52,-1.51,-1.08,71,63
2012-07-26 21:00:00,21,1452.8,1591.0,47.21,49.91,-1.81,-0.89,57.98,60.53,-1.67,-0.88,68,65
2012-07-26 22:00:00,22,1284.3,1433.0,35.14,37.53,-1.66,-0.73,32.73,33.21,0.0,-0.48,67,65
2012-07-26 23:00:00,23,1126.3,1287.0,33.7,34.23,0.0,-0.53,29.07,29.48,0.0,-0.41,66,65
2012-07-27 00:00:00,0,1136.1,1186.0,32.09,32.63,0.0,-0.54,31.05,31.56,0.0,-0.51,66,65
2012-07-27 01:00:00,1,1071.8,1118.0,29.09,29.55,0.0,-0.46,28.61,29.04,0.0,-0.43,66,65
2012-07-27 02:00:00,2,1015.4,1082.0,27.34,27.67,0.0,-0.33,27.15,27.51,0.0,-0.36,65,65
2012-07-27 03:00:00,3,1002.5,1067.0,26.86,27.2,0.0,-0.34,26.2,26.53,0.0,-0.33,65,64
2012-07-27 04:00:00,4,1000.6,1093.0,26.78,27.07,0.0,-0.29,26.29,26.61,0.0,-0.32,65,64
2012-07-27 05:00:00,5,1033.6,1168.0,27.45,27.74,0.0,-0.29,28.05,28.41,0.0,-0.36,66,64
2012-07-27 06:00:00,6,1211.3,1300.0,29.64,29.95,0.0,-0.31,29.37,29.76,0.0,-0.39,66,65
2012-07-27 07:00:00,7,1373.7,1435.0,34.12,34.57,0.0,-0.45,34.04,34.44,0.0,-0.4,66,65
2012-07-27 08:00:00,8,1433.4,1532.0,35.31,35.72,0.0,-0.41,39.36,39.75,0.0,-0.39,66,64
2012-07-27 09:00:00,9,1523.1,1595.0,39.45,39.94,0.0,-0.49,44.72,45.21,0.0,-0.49,66,64
2012-07-27 10:00:00,10,1584.6,1633.0,48.13,48.48,0.0,-0.35,52.71,53.52,0.0,-0.81,67,65
2012-07-27 11:00:00,11,1623.7,1638.0,53.42,54.03,0.0,-0.61,50.59,51.68,-0.17,-0.92,67,65
2012-07-27 12:00:00,12,1658.5,1633.0,57.11,57.82,0.0,-0.71,42.39,43.62,-0.37,-0.86,67,66
2012-07-27 13:00:00,13,1657.9,1635.0,59.02,59.98,0.0,-0.96,59.4,61.83,-1.1,-1.33,69,66
2012-07-27 14:00:00,14,1649.8,1626.0,56.94,58.07,-0.13,-1.0,55.18,57.26,-0.74,-1.34,69,66
2012-07-27 15:00:00,15,1640.2,1621.0,56.67,57.85,-0.13,-1.05,55.86,58.58,-1.25,-1.47,73,66
2012-07-27 16:00:00,16,1625.4,1626.0,55.6,56.79,-0.15,-1.04,54.16,56.75,-1.2,-1.39,74,66
2012-07-27 17:00:00,17,1585.5,1630.0,51.07,52.18,-0.18,-0.93,44.93,46.69,-0.75,-1.01,76,65
2012-07-27 18:00:00,18,1548.0,1613.0,47.57,48.37,0.0,-0.8,40.45,41.39,-0.29,-0.65,75,65
2012-07-27 19:00:00,19,1509.9,1591.0,40.41,41.09,0.0,-0.68,36.53,37.05,0.0,-0.52,75,65
2012-07-27 20:00:00,20,1481.7,1594.0,41.18,41.64,0.0,-0.46,38.1,38.65,-0.09,-0.46,74,65
2012-07-27 21:00:00,21,1449.1,1551.0,34.36,34.82,0.0,-0.46,36.88,37.3,0.0,-0.42,70,68
2012-07-27 22:00:00,22,1268.9,1425.0,33.67,34.41,0.0,-0.74,39.9,40.53,0.0,-0.63,68,67
2012-07-27 23:00:00,23,1106.9,1281.0,29.14,29.59,0.0,-0.45,32.04,32.47,0.0,-0.43,68,67
2012-07-28 00:00:00,0,1064.7,1169.0,28.74,28.99,0.0,-0.25,33.78,34.15,0.0,-0.37,66,65
2012-07-28 01:00:00,1,1026.1,1093.0,25.69,25.82,0.0,-0.13,30.9,31.2,0.0,-0.3,65,65
2012-07-28 02:00:00,2,967.9,1047.0,25.5,25.58,0.0,-0.08,27.39,27.63,0.0,-0.24,65,65
2012-07-28 03:00:00,3,941.8,1025.0,25.43,25.5,0.0,-0.07,27.08,27.31,0.0,-0.23,65,65
2012-07-28 04:00:00,4,913.8,1027.0,25.4,25.48,0.0,-0.08,35.76,36.07,0.0,-0.31,66,66
2012-07-28 05:00:00,5,879.8,1050.0,25.35,25.45,0.0,-0.1,29.25,29.44,0.0,-0.19,67,66
2012-07-28 06:00:00,6,890.2,1098.0,25.28,25.39,0.0,-0.11,33.28,33.5,0.0,-0.22,67,66
2012-07-28 07:00:00,7,1033.4,1211.0,25.73,25.78,0.0,-0.05,44.4,44.69,0.0,-0.29,66,66
2012-07-28 08:00:00,8,1192.3,1348.0,26.72,27.17,-0.32,-0.13,34.18,34.41,0.0,-0.23,67,66
2012-07-28 09:00:00,9,1313.4,1484.0,33.37,33.48,0.0,-0.11,42.29,42.5,0.0,-0.21,69,67
2012-07-28 10:00:00,10,1372.5,1582.0,40.71,40.83,0.0,-0.12,48.68,48.85,0.0,-0.17,71,67
2012-07-28 11:00:00,11,1397.0,1632.0,44.37,44.54,0.0,-0.17,50.53,50.67,0.0,-0.14,78,68
2012-07-28 12:00:00,12,1397.7,1649.0,46.05,46.29,0.0,-0.24,49.87,50.0,0.0,-0.13,77,66
2012-07-28 13:00:00,13,1343.5,1641.0,44.6,44.92,0.0,-0.32,48.16,48.25,0.0,-0.09,79,65
2012-07-28 14:00:00,14,1338.0,1612.0,44.64,45.04,0.0,-0.4,45.43,45.53,0.0,-0.1,78,64
2012-07-28 15:00:00,15,1335.5,1574.0,44.05,45.38,-0.84,-0.49,29.69,29.79,0.0,-0.1,78,64
2012-07-28 16:00:00,16,1351.0,1557.0,44.66,45.7,-0.62,-0.42,27.66,27.72,0.0,-0.06,75,64
2012-07-28 17:00:00,17,1339.7,1554.0,44.43,44.89,0.0,-0.46,29.1,29.2,0.0,-0.1,72,64
2012-07-28 18:00:00,18,1318.8,1535.0,41.12,41.46,0.0,-0.34,28.75,28.83,0.0,-0.08,70,66
2012-07-28 19:00:00,19,1302.3,1511.0,38.58,38.88,0.0,-0.3,27.07,27.13,0.0,-0.06,69,66
2012-07-28 20:00:00,20,1370.7,1509.0,40.85,41.01,0.0,-0.16,28.18,28.25,0.0,-0.07,68,66
2012-07-28 21:00:00,21,1268.7,1440.0,30.03,30.25,0.0,-0.22,26.68,26.79,0.0,-0.11,67,65
2012-07-28 22:00:00,22,1152.5,1322.0,29.21,29.41,0.0,-0.2,26.71,26.84,0.0,-0.13,67,65
2012-07-28 23:00:00,23,1007.2,1204.0,27.73,28.01,0.0,-0.28,25.48,25.68,0.0,-0.2,67,65
2012-07-29 00:00:00,0,996.4,1103.0,25.67,25.87,0.0,-0.2,26.12,26.34,0.0,-0.22,66,65
2012-07-29 01:00:00,1,924.9,1040.0,25.45,25.6,0.0,-0.15,24.98,25.17,0.0,-0.19,66,65
2012-07-29 02:00:00,2,881.1,1003.0,25.35,25.47,0.0,-0.12,24.3,24.41,0.0,-0.11,66,64
2012-07-29 03:00:00,3,827.0,985.0,25.06,25.21,0.0,-0.15,25.0,25.11,0.0,-0.11,65,64
2012-07-29 04:00:00,4,803.4,983.0,24.88,25.01,0.0,-0.13,25.3,25.43,0.0,-0.13,65,64
2012-07-29 05:00:00,5,809.0,995.0,24.82,24.91,0.0,-0.09,25.42,25.55,0.0,-0.13,64,63
2012-07-29 06:00:00,6,837.3,1032.0,24.62,24.65,0.0,-0.03,24.92,25.03,0.0,-0.11,65,63
2012-07-29 07:00:00,7,975.0,1107.0,25.14,25.2,0.0,-0.06,26.17,26.26,0.0,-0.09,65,64
2012-07-29 08:00:00,8,1118.5,1225.0,25.66,25.93,-0.3,0.03,25.43,25.56,0.0,-0.13,66,64
2012-07-29 09:00:00,9,1255.6,1324.0,26.72,26.84,0.0,-0.12,24.99,25.12,0.0,-0.13,66,65
2012-07-29 10:00:00,10,1326.9,1389.0,29.27,29.39,0.0,-0.12,25.33,25.43,0.0,-0.1,67,66
2012-07-29 11:00:00,11,1368.2,1430.0,30.73,30.81,0.0,-0.08,25.51,25.58,0.0,-0.07,69,65
2012-07-29 12:00:00,12,1382.9,1453.0,34.83,34.9,0.0,-0.07,25.67,25.73,0.0,-0.06,71,64
2012-07-29 13:00:00,13,1386.4,1450.0,41.67,41.85,0.0,-0.18,25.32,25.41,0.0,-0.09,71,63
2012-07-29 14:00:00,14,1383.6,1435.0,42.64,42.87,0.0,-0.23,25.55,25.7,0.0,-0.15,72,64
2012-07-29 15:00:00,15,1393.1,1425.0,40.63,41.11,-0.16,-0.32,25.77,25.98,0.0,-0.21,72,63
2012-07-29 16:00:00,16,1415.4,1425.0,45.57,45.82,0.0,-0.25,25.45,25.63,0.0,-0.18,71,63
2012-07-29 17:00:00,17,1403.3,1444.0,45.42,45.65,0.0,-0.23,27.82,28.03,0.0,-0.21,68,62
2012-07-29 18:00:00,18,1393.5,1436.0,42.07,42.25,0.0,-0.18,28.67,28.89,0.0,-0.22,68,63
2012-07-29 19:00:00,19,1380.3,1415.0,42.24,42.41,0.0,-0.17,28.06,28.29,0.0,-0.23,67,61
2012-07-29 20:00:00,20,1387.4,1418.0,42.38,42.46,0.0,-0.08,29.34,29.54,0.0,-0.2,66,60
2012-07-29 21:00:00,21,1366.5,1357.0,37.02,37.24,0.0,-0.22,30.15,30.46,0.0,-0.31,65,59
2012-07-29 22:00:00,22,1185.0,1232.0,30.22,30.62,0.0,-0.4,26.6,26.99,0.0,-0.39,61,59
2012-07-29 23:00:00,23,1066.0,1115.0,28.33,28.6,0.0,-0.27,19.5,19.75,0.0,-0.25,61,59
2012-07-30 00:00:00,0,969.3,1027.0,25.33,25.55,0.0,-0.22,23.93,24.17,0.0,-0.24,59,58
2012-07-30 01:00:00,1,907.4,974.0,24.93,25.15,0.0,-0.22,23.53,23.76,0.0,-0.23,58,57
2012-07-30 02:00:00,2,873.7,950.0,24.63,24.75,0.0,-0.12,15.18,15.32,0.0,-0.14,57,57
2012-07-30 03:00:00,3,859.3,944.0,24.21,24.31,0.0,-0.1,20.32,20.48,0.0,-0.16,58,58
2012-07-30 04:00:00,4,875.2,973.0,24.54,24.64,0.0,-0.1,22.0,22.2,0.0,-0.2,58,58
2012-07-30 05:00:00,5,954.9,1052.0,24.73,24.78,0.0,-0.05,21.89,22.05,0.0,-0.16,59,59
2012-07-30 06:00:00,6,1078.0,1178.0,25.43,25.53,0.0,-0.1,20.14,20.27,0.0,-0.13,59,59
2012-07-30 07:00:00,7,1240.8,1331.0,29.19,29.26,0.0,-0.07,26.52,26.67,0.0,-0.15,59,59
2012-07-30 08:00:00,8,1360.9,1454.0,29.53,29.55,0.0,-0.02,30.07,30.18,0.0,-0.11,60,59
2012-07-30 09:00:00,9,1469.5,1552.0,34.0,34.01,0.0,-0.01,36.74,36.84,0.0,-0.1,65,61
2012-07-30 10:00:00,10,1532.5,1636.0,44.19,44.21,0.0,-0.02,47.56,47.69,0.0,-0.13,69,61
2012-07-30 11:00:00,11,1599.1,1700.0,46.64,46.63,0.0,0.01,46.67,46.75,0.0,-0.08,74,63
2012-07-30 12:00:00,12,1637.0,1748.0,47.8,47.83,0.0,-0.03,44.51,44.54,0.0,-0.03,77,64
2012-07-30 13:00:00,13,1663.1,1796.0,51.72,51.85,0.0,-0.13,48.97,49.05,0.0,-0.08,80,64
2012-07-30 14:00:00,14,1648.0,1820.0,52.06,52.36,0.0,-0.3,50.16,50.31,0.0,-0.15,83,63
2012-07-30 15:00:00,15,1638.6,1837.0,53.01,53.45,0.0,-0.44,57.39,57.57,0.0,-0.18,82,62
2012-07-30 16:00:00,16,1649.2,1845.0,54.95,55.39,0.0,-0.44,75.04,75.39,0.0,-0.35,83,62
2012-07-30 17:00:00,17,1630.8,1848.0,50.4,50.61,0.0,-0.21,51.64,51.79,0.0,-0.15,82,61
2012-07-30 18:00:00,18,1600.5,1819.0,48.5,48.67,0.0,-0.17,49.73,49.82,0.0,-0.09,83,61
2012-07-30 19:00:00,19,1571.4,1765.0,43.85,43.94,0.0,-0.09,44.41,44.45,0.0,-0.04,81,62
2012-07-30 20:00:00,20,1554.8,1754.0,44.07,44.17,0.0,-0.1,42.63,42.64,0.0,-0.01,76,63
2012-07-30 21:00:00,21,1503.5,1667.0,38.78,38.92,0.0,-0.14,35.37,35.47,0.0,-0.1,72,64
2012-07-30 22:00:00,22,1318.7,1484.0,33.67,33.78,0.0,-0.11,27.9,28.01,0.0,-0.11,70,63
2012-07-30 23:00:00,23,1135.7,1319.0,29.55,29.6,0.0,-0.05,25.56,25.7,0.0,-0.14,70,63
2012-07-31 00:00:00,0,1003.5,1199.0,25.52,25.58,0.0,-0.06,26.34,26.43,0.0,-0.09,68,63
2012-07-31 01:00:00,1,936.8,1121.0,25.21,25.24,0.0,-0.03,25.62,25.68,0.0,-0.06,66,62
2012-07-31 02:00:00,2,897.8,1073.0,24.86,24.86,0.0,0.0,25.76,25.82,0.0,-0.06,66,62
2012-07-31 03:00:00,3,883.1,1053.0,24.05,24.03,0.0,0.02,25.58,25.63,0.0,-0.05,63,61
2012-07-31 04:00:00,4,898.2,1072.0,23.98,23.96,0.0,0.02,25.11,25.15,0.0,-0.04,62,61
2012-07-31 05:00:00,5,972.9,1140.0,23.84,23.78,0.0,0.06,25.15,25.18,0.0,-0.03,61,60
2012-07-31 06:00:00,6,1097.6,1263.0,25.64,25.6,0.0,0.04,25.21,25.25,0.0,-0.04,59,59
2012-07-31 07:00:00,7,1258.4,1415.0,30.04,30.09,0.0,-0.05,31.42,31.5,0.0,-0.08,62,61
2012-07-31 08:00:00,8,1387.0,1525.0,29.69,29.78,0.0,-0.09,29.11,29.14,0.0,-0.03,66,62
2012-07-31 09:00:00,9,1451.3,1608.0,32.39,32.47,0.0,-0.08,28.13,28.08,0.0,0.05,69,62
2012-07-31 10:00:00,10,1534.1,1688.0,34.02,34.02,0.0,0.0,36.74,36.69,0.0,0.05,72,61
2012-07-31 11:00:00,11,1602.7,1744.0,36.84,36.82,0.0,0.02,44.85,45.3,-0.49,0.04,76,59
2012-07-31 12:00:00,12,1595.1,1778.0,43.11,43.14,0.0,-0.03,37.15,37.43,-0.33,0.05,78,59
2012-07-31 13:00:00,13,1612.0,1811.0,43.25,43.29,0.0,-0.04,39.5,40.01,-0.64,0.13,81,59
2012-07-31 14:00:00,14,1605.1,1819.0,40.73,40.98,-0.1,-0.15,42.03,42.4,-0.44,0.07,81,58
2012-07-31 15:00:00,15,1580.8,1810.0,39.17,39.74,-0.33,-0.24,39.3,39.57,-0.27,0.0,80,57
2012-07-31 16:00:00,16,1571.7,1776.0,40.26,40.8,-0.27,-0.27,33.62,33.77,-0.11,-0.04,79,59
2012-07-31 17:00:00,17,1530.0,1736.0,35.92,37.33,-1.14,-0.27,31.88,32.0,-0.03,-0.09,77,55
2012-07-31 18:00:00,18,1501.9,1696.0,33.35,33.67,-0.13,-0.19,29.31,29.37,0.0,-0.06,73,62
2012-07-31 19:00:00,19,1462.9,1669.0,31.59,31.8,0.0,-0.21,31.81,31.9,0.0,-0.09,70,57
2012-07-31 20:00:00,20,1577.0,1673.0,39.41,39.59,0.0,-0.18,34.25,34.42,-0.06,-0.11,65,63
2012-07-31 21:00:00,21,1505.6,1582.0,31.53,31.71,0.0,-0.18,26.44,26.56,0.0,-0.12,65,60
2012-07-31 22:00:00,22,1230.8,1427.0,30.39,30.59,0.0,-0.2,27.11,27.22,0.0,-0.11,63,61
2012-07-31 23:00:00,23,1064.3,1287.0,25.96,26.24,0.0,-0.28,22.52,22.64,0.0,-0.12,67,63
2012-08-01 00:00:00,0,1020.3,1184.0,26.36,26.45,0.0,-0.09,25.77,25.86,0.0,-0.09,67,63
2012-08-01 01:00:00,1,957.2,1118.0,24.86,24.98,0.0,-0.12,26.31,26.42,0.0,-0.11,67,63
2012-08-01 02:00:00,2,919.2,1083.0,24.18,24.25,0.0,-0.07,26.68,26.77,0.0,-0.09,67,63
2012-08-01 03:00:00,3,903.0,1068.0,22.26,22.41,0.0,-0.15,26.51,26.59,0.0,-0.08,67,64
2012-08-01 04:00:00,4,915.1,1094.0,22.18,22.28,0.0,-0.1,26.59,26.64,0.0,-0.05,67,64
2012-08-01 05:00:00,5,1002.5,1175.0,22.76,22.84,0.0,-0.08,27.23,27.25,0.0,-0.02,67,63
2012-08-01 06:00:00,6,1119.2,1313.0,27.53,27.51,0.0,0.02,31.45,31.42,0.0,0.03,65,63
2012-08-01 07:00:00,7,1261.6,1453.0,30.24,30.3,0.0,-0.06,38.46,38.61,0.0,-0.15,66,64
2012-08-01 08:00:00,8,1358.5,1552.0,33.24,33.34,0.0,-0.1,38.1,38.32,0.0,-0.22,68,64
2012-08-01 09:00:00,9,1427.8,1633.0,35.1,35.32,0.0,-0.22,36.29,36.64,-0.21,-0.14,69,63
2012-08-01 10:00:00,10,1542.0,1712.0,35.43,35.47,0.0,-0.04,43.88,44.62,-0.58,-0.16,73,64
2012-08-01 11:00:00,11,1593.7,1763.0,44.73,44.77,0.0,-0.04,52.47,54.45,-1.76,-0.22,75,64
2012-08-01 12:00:00,12,1620.8,1799.0,48.85,49.58,-0.71,-0.02,53.36,56.59,-3.03,-0.2,77,65
2012-08-01 13:00:00,13,1647.0,1849.0,51.6,55.49,-3.81,-0.08,59.93,62.61,-2.64,-0.04,78,66
2012-08-01 14:00:00,14,1671.7,1861.0,50.68,55.0,-4.09,-0.23,54.78,58.17,-3.36,-0.03,80,65
2012-08-01 15:00:00,15,1673.9,1851.0,50.48,56.01,-5.3,-0.23,47.33,51.1,-3.74,-0.03,82,64
2012-08-01 16:00:00,16,1660.5,1851.0,51.68,57.54,-5.59,-0.27,44.31,48.15,-3.85,0.01,80,65
2012-08-01 17:00:00,17,1615.9,1839.0,51.2,56.04,-4.61,-0.23,52.96,55.67,-2.67,-0.04,82,65
2012-08-01 18:00:00,18,1579.2,1810.0,49.36,49.56,0.0,-0.2,53.59,55.64,-2.06,0.01,80,66
2012-08-01 19:00:00,19,1547.4,1781.0,44.44,44.64,0.0,-0.2,48.31,49.88,-1.59,0.02,75,68
2012-08-01 20:00:00,20,1567.5,1796.0,49.25,49.54,-0.1,-0.19,49.54,50.97,-1.42,-0.01,74,69
2012-08-01 21:00:00,21,1457.1,1709.0,36.1,37.53,-1.19,-0.24,40.34,40.8,-0.39,-0.07,72,69
2012-08-01 22:00:00,22,1301.2,1538.0,33.5,33.87,0.0,-0.37,34.29,34.5,0.0,-0.21,72,69
2012-08-01 23:00:00,23,1146.2,1381.0,30.07,30.38,0.0,-0.31,32.43,32.71,0.0,-0.28,72,69
2012-08-02 00:00:00,0,1067.9,1268.0,30.0,30.25,0.0,-0.25,31.81,32.11,0.0,-0.3,71,69
2012-08-02 01:00:00,1,1002.6,1197.0,27.56,27.66,0.0,-0.1,29.27,29.49,0.0,-0.22,70,68
2012-08-02 02:00:00,2,962.4,1154.0,27.36,27.44,0.0,-0.08,29.29,29.49,0.0,-0.2,70,69
2012-08-02 03:00:00,3,929.9,1134.0,27.3,27.38,0.0,-0.08,30.98,31.14,0.0,-0.16,69,68
2012-08-02 04:00:00,4,960.8,1156.0,27.33,27.36,0.0,-0.03,29.46,29.55,0.0,-0.09,69,67
2012-08-02 05:00:00,5,1040.3,1225.0,27.46,27.48,0.0,-0.02,30.42,30.52,0.0,-0.1,67,66
2012-08-02 06:00:00,6,1167.2,1365.0,27.98,28.05,0.0,-0.07,29.7,29.8,0.0,-0.1,66,66
2012-08-02 07:00:00,7,1333.2,1522.0,31.26,31.35,0.0,-0.09,36.02,36.1,0.0,-0.08,68,66
2012-08-02 08:00:00,8,1438.3,1655.0,35.35,35.51,0.0,-0.16,43.1,43.28,0.0,-0.18,71,68
2012-08-02 09:00:00,9,1535.7,1776.0,37.39,37.56,0.0,-0.17,47.48,47.71,0.0,-0.23,75,68
2012-08-02 10:00:00,10,1672.4,1888.0,46.7,46.78,0.0,-0.08,61.27,61.46,0.0,-0.19,78,67
2012-08-02 11:00:00,11,1731.3,1965.0,52.37,52.63,-0.13,-0.13,154.55,154.81,0.0,-0.26,81,66
2012-08-02 12:00:00,12,1771.5,2012.0,55.4,56.56,-0.95,-0.21,179.8,180.1,0.0,-0.3,83,66
2012-08-02 13:00:00,13,1828.6,2050.0,57.6,63.67,-5.96,-0.11,178.63,178.9,0.0,-0.27,86,65
2012-08-02 14:00:00,14,1838.8,2068.0,60.17,66.94,-6.6,-0.17,186.72,187.02,0.0,-0.3,87,64
2012-08-02 15:00:00,15,1823.4,2087.0,60.3,68.2,-7.45,-0.45,191.89,192.59,0.0,-0.7,88,64
2012-08-02 16:00:00,16,1828.0,2100.0,65.61,78.07,-11.94,-0.52,187.12,187.83,0.0,-0.71,90,61
2012-08-02 17:00:00,17,1799.0,2088.0,58.54,66.16,-7.33,-0.29,128.75,129.07,0.0,-0.32,89,59
2012-08-02 18:00:00,18,1753.7,2048.0,52.43,58.51,-5.71,-0.37,56.02,56.16,0.0,-0.14,89,61
2012-08-02 19:00:00,19,1700.2,1995.0,52.73,53.98,-0.86,-0.39,62.94,63.17,0.0,-0.23,87,62
2012-08-02 20:00:00,20,1712.7,1982.0,51.66,52.69,-0.8,-0.23,73.97,74.28,0.0,-0.31,83,61
2012-08-02 21:00:00,21,1635.3,1876.0,40.78,41.07,0.0,-0.29,67.14,67.57,0.0,-0.43,76,68
2012-08-02 22:00:00,22,1527.4,1672.0,36.96,37.28,0.0,-0.32,52.21,52.86,0.0,-0.65,73,69
2012-08-02 23:00:00,23,1244.9,1487.0,33.22,33.48,0.0,-0.26,36.66,37.06,0.0,-0.4,72,69
2012-08-03 00:00:00,0,1175.5,1344.0,33.32,33.57,0.0,-0.25,37.31,37.67,0.0,-0.36,67,66
2012-08-03 01:00:00,1,1101.3,1253.0,28.85,29.03,0.0,-0.18,37.75,38.17,0.0,-0.42,67,66
2012-08-03 02:00:00,2,1051.3,1199.0,27.46,27.56,0.0,-0.1,33.72,34.03,0.0,-0.31,65,64
2012-08-03 03:00:00,3,1029.5,1176.0,26.59,26.64,0.0,-0.05,32.21,32.42,0.0,-0.21,65,64
2012-08-03 04:00:00,4,1041.5,1190.0,26.69,26.72,0.0,-0.03,32.84,32.97,0.0,-0.13,64,63
2012-08-03 05:00:00,5,1106.3,1261.0,27.74,27.77,0.0,-0.03,35.4,35.51,0.0,-0.11,63,62
2012-08-03 06:00:00,6,1243.5,1370.0,32.84,33.03,0.0,-0.19,38.87,39.04,0.0,-0.17,64,62
2012-08-03 07:00:00,7,1414.9,1538.0,35.82,35.86,0.0,-0.04,45.0,45.08,0.0,-0.08,65,64
2012-08-03 08:00:00,8,1547.6,1690.0,37.53,37.59,0.0,-0.06,48.69,48.77,0.0,-0.08,70,66
2012-08-03 09:00:00,9,1630.0,1822.0,45.32,45.47,0.0,-0.15,49.33,49.34,0.0,-0.01,75,65
2012-08-03 10:00:00,10,1780.4,1943.0,53.82,54.05,0.0,-0.23,50.66,50.74,0.0,-0.08,82,66
2012-08-03 11:00:00,11,1878.5,2032.0,60.32,60.54,0.0,-0.22,49.42,49.54,0.0,-0.12,86,65
2012-08-03 12:00:00,12,1921.8,2083.0,75.18,76.78,-1.19,-0.41,56.28,56.48,0.0,-0.2,86,66
2012-08-03 13:00:00,13,1972.5,2121.0,83.12,84.66,-1.11,-0.43,75.39,75.93,-0.16,-0.38,90,63
2012-08-03 14:00:00,14,1990.8,2149.0,87.25,89.53,-1.75,-0.53,160.12,161.23,0.0,-1.11,86,64
2012-08-03 15:00:00,15,1981.2,2167.0,87.48,90.8,-2.47,-0.85,145.77,147.33,0.0,-1.56,90,63
2012-08-03 16:00:00,16,1978.5,2168.0,90.82,94.34,-2.64,-0.88,137.64,139.25,0.0,-1.61,90,62
2012-08-03 17:00:00,17,1949.2,2148.0,73.5,75.59,-1.37,-0.72,70.37,71.15,-0.05,-0.73,91,63
2012-08-03 18:00:00,18,1854.5,2093.0,55.42,56.74,-0.85,-0.47,54.81,55.24,-0.07,-0.36,90,64
2012-08-03 19:00:00,19,1793.9,2032.0,51.7,52.07,0.0,-0.37,59.51,59.97,0.0,-0.46,88,65
2012-08-03 20:00:00,20,1810.4,2012.0,51.99,52.32,0.0,-0.33,63.38,63.83,0.0,-0.45,85,65
2012-08-03 21:00:00,21,1703.4,1914.0,48.22,48.56,0.0,-0.34,55.25,55.7,0.0,-0.45,78,67
2012-08-03 22:00:00,22,1526.6,1735.0,37.36,37.47,0.0,-0.11,51.56,52.32,-0.29,-0.47,76,69
2012-08-03 23:00:00,23,1337.1,1555.0,36.97,37.05,0.0,-0.08,51.07,51.63,0.0,-0.56,73,68
2012-08-04 00:00:00,0,1227.5,1400.0,29.27,29.23,0.0,0.04,39.3,39.54,0.0,-0.24,72,68
2012-08-04 01:00:00,1,1146.7,1307.0,27.84,27.84,0.0,0.0,60.52,60.95,0.0,-0.43,70,67
2012-08-04 02:00:00,2,1092.6,1244.0,27.55,27.49,0.0,0.06,44.42,44.58,0.0,-0.16,70,66
2012-08-04 03:00:00,3,1060.7,1203.0,26.37,26.28,0.0,0.09,48.25,48.32,0.0,-0.07,68,66
2012-08-04 04:00:00,4,1049.3,1191.0,25.48,25.42,0.0,0.06,34.54,34.56,0.0,-0.02,66,65
2012-08-04 05:00:00,5,1057.6,1202.0,25.61,25.53,0.0,0.08,34.03,34.04,0.0,-0.01,67,65
2012-08-04 06:00:00,6,1061.1,1250.0,24.81,24.79,0.0,0.02,31.87,31.89,0.0,-0.02,65,64
2012-08-04 07:00:00,7,1189.1,1390.0,26.79,26.84,-0.07,0.02,35.92,35.97,0.0,-0.05,69,66
2012-08-04 08:00:00,8,1344.9,1563.0,28.28,28.37,0.0,-0.09,45.31,45.34,0.0,-0.03,73,66
2012-08-04 09:00:00,9,1500.9,1720.0,34.75,34.93,0.0,-0.18,60.76,60.86,0.0,-0.1,76,66
2012-08-04 10:00:00,10,1578.8,1842.0,41.27,42.45,-1.03,-0.15,173.56,173.32,0.0,0.24,81,67
2012-08-04 11:00:00,11,1638.5,1916.0,46.75,48.1,-1.3,-0.05,192.65,192.05,0.0,0.6,84,65
2012-08-04 12:00:00,12,1624.9,1941.0,52.5,53.5,-0.78,-0.22,168.9,169.07,-0.22,0.05,87,65
2012-08-04 13:00:00,13,1656.6,1980.0,53.02,54.78,-1.47,-0.29,122.01,124.33,-1.69,-0.63,88,66
2012-08-04 14:00:00,14,1651.9,1993.0,53.87,55.01,-0.8,-0.34,91.01,103.91,-12.32,-0.58,90,66
2012-08-04 15:00:00,15,1648.7,1953.0,52.99,54.35,-0.89,-0.47,128.4,144.25,-14.52,-1.33,88,66
2012-08-04 16:00:00,16,1652.7,1890.0,55.57,56.84,-0.78,-0.49,181.92,185.29,-1.24,-2.13,84,66
2012-08-04 17:00:00,17,1647.8,1807.0,53.36,54.53,-0.88,-0.29,136.25,138.2,-0.71,-1.24,74,72
2012-08-04 18:00:00,18,1627.8,1719.0,46.33,46.76,-0.3,-0.13,54.56,55.96,-0.9,-0.5,74,69
2012-08-04 19:00:00,19,1586.8,1680.0,40.39,41.86,-1.31,-0.16,50.09,50.65,-0.12,-0.44,73,69
2012-08-04 20:00:00,20,1575.3,1680.0,41.68,43.09,-1.22,-0.19,48.95,49.62,-0.23,-0.44,72,66
2012-08-04 21:00:00,21,1541.9,1611.0,37.54,37.75,0.0,-0.21,46.29,46.99,-0.09,-0.61,70,64
2012-08-04 22:00:00,22,1401.3,1470.0,30.55,30.66,0.0,-0.11,47.28,47.98,0.0,-0.7,67,64
2012-08-04 23:00:00,23,1240.3,1331.0,29.86,30.3,-0.25,-0.19,57.03,57.99,0.0,-0.96,67,64
2012-08-05 00:00:00,0,1156.2,1218.0,31.59,31.85,0.0,-0.26,69.79,70.84,0.2,-1.25,65,63
2012-08-05 01:00:00,1,1079.4,1143.0,29.75,30.04,0.0,-0.29,42.12,42.74,0.01,-0.63,65,63
2012-08-05 02:00:00,2,1020.6,1099.0,30.03,30.32,0.0,-0.29,62.69,63.71,0.0,-1.02,63,62
2012-08-05 03:00:00,3,1000.5,1072.0,28.1,28.3,0.0,-0.2,36.09,36.61,0.0,-0.52,63,62
2012-08-05 04:00:00,4,987.4,1069.0,27.86,28.07,0.0,-0.21,38.85,39.42,0.0,-0.57,66,65
2012-08-05 05:00:00,5,974.6,1087.0,27.66,27.86,0.0,-0.2,56.23,56.99,0.0,-0.76,65,64
2012-08-05 06:00:00,6,980.8,1120.0,27.62,27.81,0.0,-0.19,47.83,48.46,0.0,-0.63,67,66
2012-08-05 07:00:00,7,1081.3,1228.0,28.15,28.33,0.0,-0.18,44.0,44.56,0.0,-0.56,69,68
2012-08-05 08:00:00,8,1227.7,1384.0,29.41,29.74,0.0,-0.33,30.87,31.19,0.0,-0.32,70,70
2012-08-05 09:00:00,9,1365.9,1539.0,30.44,31.59,-1.0,-0.15,61.47,62.16,0.0,-0.69,73,70
2012-08-05 10:00:00,10,1466.6,1654.0,36.02,37.39,-1.26,-0.11,69.99,70.5,0.0,-0.51,76,71
2012-08-05 11:00:00,11,1527.4,1749.0,40.27,43.41,-3.14,0.0,65.64,66.14,-0.2,-0.3,79,72
2012-08-05 12:00:00,12,1554.1,1831.0,45.28,48.63,-3.37,0.02,66.8,67.09,-0.01,-0.28,83,73
2012-08-05 13:00:00,13,1594.3,1866.0,50.26,53.62,-3.32,-0.04,106.6,107.34,-0.09,-0.65,87,72
2012-08-05 14:00:00,14,1603.8,1899.0,55.35,60.03,-4.62,-0.06,148.79,155.22,-5.56,-0.87,88,70
2012-08-05 15:00:00,15,1603.8,1913.0,54.16,60.43,-6.12,-0.15,188.28,188.89,0.0,-0.61,91,68
2012-08-05 16:00:00,16,1620.0,1886.0,55.22,61.49,-6.13,-0.14,96.14,96.43,0.0,-0.29,89,66
2012-08-05 17:00:00,17,1563.0,1832.0,52.72,58.59,-5.76,-0.11,163.42,169.66,-5.27,-0.97,72,69
2012-08-05 18:00:00,18,1549.5,1783.0,49.57,50.01,-0.31,-0.13,78.05,78.39,0.0,-0.34,73,71
2012-08-05 19:00:00,19,1544.3,1759.0,46.13,47.08,-0.94,-0.01,52.09,52.29,0.0,-0.2,73,71
2012-08-05 20:00:00,20,1558.3,1770.0,46.65,47.27,-0.66,0.04,76.75,77.12,0.0,-0.37,73,72
2012-08-05 21:00:00,21,1465.4,1692.0,38.28,38.69,-0.26,-0.15,45.73,45.96,0.0,-0.23,73,72
2012-08-05 22:00:00,22,1290.0,1545.0,32.38,32.69,0.0,-0.31,37.71,37.98,0.0,-0.27,73,71
2012-08-05 23:00:00,23,1171.3,1403.0,30.94,31.1,0.0,-0.16,39.26,39.56,0.0,-0.3,73,71
2012-08-06 00:00:00,0,1096.5,1306.0,33.63,33.73,0.0,-0.1,39.56,39.67,0.0,-0.11,73,71
2012-08-06 01:00:00,1,1036.7,1244.0,33.32,33.51,0.0,-0.19,33.74,33.99,0.0,-0.25,73,70
2012-08-06 02:00:00,2,999.1,1199.0,31.91,32.13,0.0,-0.22,29.78,30.07,0.0,-0.29,72,69
2012-08-06 03:00:00,3,978.5,1179.0,29.51,29.72,0.0,-0.21,24.97,25.2,0.0,-0.23,72,68
2012-08-06 04:00:00,4,1000.5,1202.0,29.89,30.09,0.0,-0.2,35.84,36.2,0.0,-0.36,71,67
2012-08-06 05:00:00,5,1083.2,1264.0,32.54,32.85,0.0,-0.31,57.63,58.22,0.0,-0.59,69,67
2012-08-06 06:00:00,6,1205.4,1397.0,32.88,33.12,0.0,-0.24,36.61,36.83,0.0,-0.22,69,66
2012-08-06 07:00:00,7,1366.6,1578.0,34.93,35.01,0.0,-0.08,40.92,41.14,0.0,-0.22,71,65
2012-08-06 08:00:00,8,1479.5,1711.0,35.76,35.84,0.0,-0.08,62.65,62.96,0.0,-0.31,73,60
2012-08-06 09:00:00,9,1557.5,1799.0,40.38,40.48,0.0,-0.1,75.83,76.22,0.0,-0.39,74,57
2012-08-06 10:00:00,10,1635.8,1845.0,45.81,45.88,0.0,-0.07,58.72,58.9,0.0,-0.18,72,55
2012-08-06 11:00:00,11,1686.0,1862.0,47.18,47.2,0.0,-0.02,62.12,62.4,0.0,-0.28,75,56
2012-08-06 12:00:00,12,1717.6,1877.0,53.16,53.25,0.0,-0.09,60.26,60.61,0.0,-0.35,77,57
2012-08-06 13:00:00,13,1741.6,1894.0,60.96,61.16,0.0,-0.2,62.25,62.78,0.0,-0.53,78,56
2012-08-06 14:00:00,14,1746.0,1895.0,59.77,59.94,0.0,-0.17,62.91,63.38,0.0,-0.47,78,56
2012-08-06 15:00:00,15,1744.9,1884.0,66.0,66.34,0.0,-0.34,63.6,64.25,0.0,-0.65,80,55
2012-08-06 16:00:00,16,1725.3,1859.0,64.12,64.71,-0.11,-0.48,67.27,68.1,0.0,-0.83,78,54
2012-08-06 17:00:00,17,1684.5,1830.0,58.8,59.44,-0.31,-0.33,62.05,62.69,-0.03,-0.61,79,54
2012-08-06 18:00:00,18,1669.5,1781.0,48.65,48.89,0.0,-0.24,55.87,56.43,0.0,-0.56,78,54
2012-08-06 19:00:00,19,1627.2,1718.0,47.19,47.49,0.0,-0.3,41.57,42.18,-0.28,-0.33,76,55
2012-08-06 20:00:00,20,1603.1,1702.0,47.2,47.48,0.0,-0.28,48.61,49.1,-0.03,-0.46,72,56
2012-08-06 21:00:00,21,1517.7,1597.0,38.96,39.25,0.0,-0.29,36.33,36.73,0.0,-0.4,65,59
2012-08-06 22:00:00,22,1325.0,1414.0,33.59,33.99,0.0,-0.4,32.19,32.55,0.0,-0.36,62,59
2012-08-06 23:00:00,23,1163.8,1251.0,30.87,31.29,0.0,-0.42,28.69,29.07,0.0,-0.38,60,58
2012-08-07 00:00:00,0,1050.7,1137.0,30.1,30.34,0.0,-0.24,26.6,26.84,0.0,-0.24,60,58
2012-08-07 01:00:00,1,982.2,1070.0,27.35,27.51,0.0,-0.16,25.93,26.0,0.0,-0.07,59,57
2012-08-07 02:00:00,2,944.1,1031.0,26.75,26.77,0.0,-0.02,25.03,25.06,0.0,-0.03,58,56
2012-08-07 03:00:00,3,927.0,1015.0,26.35,26.31,0.0,0.04,24.87,24.9,0.0,-0.03,57,56
2012-08-07 04:00:00,4,939.0,1038.0,26.57,26.56,0.0,0.01,25.34,25.33,0.0,0.01,56,54
2012-08-07 05:00:00,5,1010.7,1114.0,27.58,27.53,0.0,0.05,26.4,26.38,0.0,0.02,56,54
2012-08-07 06:00:00,6,1132.6,1234.0,28.4,28.41,0.0,-0.01,28.0,28.03,0.0,-0.03,54,53
2012-08-07 07:00:00,7,1280.6,1383.0,32.06,31.99,0.0,0.07,31.03,31.04,0.0,-0.01,57,55
2012-08-07 08:00:00,8,1377.8,1495.0,33.77,33.8,0.0,-0.03,26.86,26.83,0.0,0.03,62,57
2012-08-07 09:00:00,9,1501.7,1583.0,33.93,34.02,0.0,-0.09,30.01,30.07,0.0,-0.06,66,58
2012-08-07 10:00:00,10,1589.4,1656.0,41.27,41.32,0.0,-0.05,34.67,34.73,0.0,-0.06,69,59
2012-08-07 11:00:00,11,1653.3,1707.0,44.16,44.22,0.0,-0.06,39.54,39.6,0.0,-0.06,73,56
2012-08-07 12:00:00,12,1689.6,1739.0,49.31,49.51,0.0,-0.2,39.96,40.06,0.0,-0.1,76,58
2012-08-07 13:00:00,13,1719.8,1784.0,59.57,59.74,0.0,-0.17,40.71,40.8,0.0,-0.09,79,56
2012-08-07 14:00:00,14,1735.0,1812.0,61.34,61.55,0.0,-0.21,49.68,49.75,0.0,-0.07,80,57
2012-08-07 15:00:00,15,1722.1,1830.0,61.27,61.65,0.0,-0.38,52.64,52.95,-0.07,-0.24,81,58
2012-08-07 16:00:00,16,1713.4,1838.0,61.42,64.01,-2.06,-0.53,48.13,49.16,-0.76,-0.27,82,58
2012-08-07 17:00:00,17,1674.1,1835.0,60.74,61.5,-0.27,-0.49,45.88,46.04,0.0,-0.16,84,60
2012-08-07 18:00:00,18,1597.9,1801.0,48.71,49.15,0.0,-0.44,45.17,45.24,0.0,-0.07,82,60
2012-08-07 19:00:00,19,1555.1,1739.0,47.85,48.32,0.0,-0.47,41.52,41.61,0.0,-0.09,80,60
2012-08-07 20:00:00,20,1612.8,1736.0,48.93,49.31,0.0,-0.38,40.17,40.25,0.0,-0.08,75,62
2012-08-07 21:00:00,21,1500.3,1640.0,37.98,38.23,0.0,-0.25,32.81,32.96,0.0,-0.15,71,62
2012-08-07 22:00:00,22,1310.3,1463.0,34.45,34.49,0.0,-0.04,29.38,29.53,0.0,-0.15,69,61
2012-08-07 23:00:00,23,1145.7,1300.0,31.6,31.68,0.0,-0.08,28.67,28.85,0.0,-0.18,66,60
2012-08-08 00:00:00,0,1072.7,1178.0,28.85,29.05,0.0,-0.2,30.39,30.66,0.0,-0.27,62,60
2012-08-08 01:00:00,1,1008.3,1103.0,27.84,27.94,0.0,-0.1,28.86,29.08,0.0,-0.22,61,59
2012-08-08 02:00:00,2,964.0,1058.0,27.6,27.61,0.0,-0.01,28.13,28.28,0.0,-0.15,59,58
2012-08-08 03:00:00,3,946.2,1026.0,27.39,27.38,0.0,0.01,27.75,27.84,0.0,-0.09,58,57
2012-08-08 04:00:00,4,959.2,1052.0,27.43,27.4,0.0,0.03,28.15,28.18,0.0,-0.03,58,57
2012-08-08 05:00:00,5,1063.7,1124.0,27.63,27.62,0.0,0.01,27.76,27.84,0.0,-0.08,57,56
2012-08-08 06:00:00,6,1204.5,1251.0,29.11,29.13,0.0,-0.02,27.81,27.89,0.0,-0.08,56,55
2012-08-08 07:00:00,7,1347.0,1413.0,33.46,33.49,0.0,-0.03,29.5,29.54,0.0,-0.04,58,57
2012-08-08 08:00:00,8,1451.4,1536.0,36.49,36.62,0.0,-0.13,33.64,33.72,0.0,-0.08,63,60
2012-08-08 09:00:00,9,1543.5,1638.0,39.02,39.17,0.0,-0.15,36.79,36.88,0.0,-0.09,69,60
2012-08-08 10:00:00,10,1631.8,1734.0,49.67,49.82,0.0,-0.15,50.33,50.57,0.0,-0.24,74,59
2012-08-08 11:00:00,11,1706.3,1814.0,51.88,51.87,0.0,0.01,50.67,50.82,0.0,-0.15,80,58
2012-08-08 12:00:00,12,1743.4,1874.0,58.28,58.33,0.0,-0.05,45.21,45.19,0.0,0.02,83,58
2012-08-08 13:00:00,13,1778.4,1929.0,68.34,68.4,0.0,-0.06,51.9,52.44,-0.5,-0.04,84,58
2012-08-08 14:00:00,14,1792.0,1961.0,68.05,68.24,0.0,-0.19,50.04,50.71,-0.59,-0.08,84,58
2012-08-08 15:00:00,15,1797.6,1982.0,71.93,72.64,-0.33,-0.38,52.16,52.99,-0.69,-0.14,85,58
2012-08-08 16:00:00,16,1785.3,1996.0,73.44,74.61,-0.7,-0.47,51.9,52.73,-0.68,-0.15,86,55
2012-08-08 17:00:00,17,1767.0,1987.0,67.85,68.69,-0.66,-0.18,52.35,52.95,-0.59,-0.01,87,52
2012-08-08 18:00:00,18,1720.0,1952.0,58.58,59.11,-0.31,-0.22,54.11,54.06,-0.02,0.07,87,52
2012-08-08 19:00:00,19,1660.9,1899.0,51.59,51.85,0.0,-0.26,48.97,48.97,0.0,0.0,84,56
2012-08-08 20:00:00,20,1709.4,1901.0,49.69,49.78,0.0,-0.09,55.5,55.52,0.0,-0.02,77,60
2012-08-08 21:00:00,21,1580.2,1791.0,40.39,40.65,0.0,-0.26,46.33,46.53,0.0,-0.2,75,62
2012-08-08 22:00:00,22,1382.9,1599.0,35.92,36.06,0.0,-0.14,43.52,43.82,0.0,-0.3,73,64
2012-08-08 23:00:00,23,1223.8,1421.0,34.18,34.34,0.0,-0.16,37.11,37.47,0.0,-0.36,71,64
2012-08-09 00:00:00,0,1169.0,1289.0,34.13,34.48,0.0,-0.35,33.71,34.07,0.0,-0.36,68,65
2012-08-09 01:00:00,1,1103.7,1208.0,31.96,32.31,0.0,-0.35,32.16,32.51,0.0,-0.35,65,63
2012-08-09 02:00:00,2,1066.5,1156.0,30.15,30.35,0.0,-0.2,30.23,30.49,0.0,-0.26,65,63
2012-08-09 03:00:00,3,1047.7,1135.0,28.61,28.73,0.0,-0.12,29.1,29.25,0.0,-0.15,63,62
2012-08-09 04:00:00,4,1058.5,1150.0,28.78,28.91,0.0,-0.13,30.35,30.47,0.0,-0.12,63,61
2012-08-09 05:00:00,5,1126.3,1225.0,31.11,31.28,0.0,-0.17,31.83,31.99,0.0,-0.16,62,61
2012-08-09 06:00:00,6,1271.5,1352.0,36.48,36.6,0.0,-0.12,36.26,36.39,0.0,-0.13,62,61
2012-08-09 07:00:00,7,1422.9,1515.0,35.97,35.83,0.0,0.14,38.93,38.9,0.0,0.03,64,62
2012-08-09 08:00:00,8,1529.1,1655.0,39.18,39.11,0.0,0.07,45.98,46.0,0.0,-0.02,69,64
2012-08-09 09:00:00,9,1611.7,1768.0,44.96,45.0,0.0,-0.04,51.72,51.83,0.0,-0.11,73,65
2012-08-09 10:00:00,10,1706.8,1884.0,52.44,52.7,0.0,-0.26,55.49,55.38,0.0,0.11,78,66
2012-08-09 11:00:00,11,1775.8,1968.0,58.12,58.07,0.0,0.05,60.32,60.13,0.0,0.19,80,66
2012-08-09 12:00:00,12,1814.3,2018.0,64.26,64.27,0.0,-0.01,63.92,64.48,-0.77,0.21,85,67
2012-08-09 13:00:00,13,1844.9,2057.0,68.56,68.65,0.0,-0.09,72.33,73.51,-1.29,0.11,86,66
2012-08-09 14:00:00,14,1829.6,2054.0,73.31,73.65,-0.09,-0.25,83.49,85.16,-1.72,0.05,84,65
2012-08-09 15:00:00,15,1808.6,2030.0,76.09,77.03,-0.47,-0.47,65.72,67.15,-1.4,-0.03,81,66
2012-08-09 16:00:00,16,1787.4,1998.0,72.07,73.46,-0.88,-0.51,67.97,70.13,-1.93,-0.23,85,65
2012-08-09 17:00:00,17,1721.0,1962.0,62.39,63.67,-0.88,-0.4,64.96,67.14,-2.16,-0.02,82,66
2012-08-09 18:00:00,18,1686.9,1926.0,57.67,58.1,-0.17,-0.26,50.96,52.25,-1.45,0.16,81,66
2012-08-09 19:00:00,19,1641.4,1901.0,53.16,53.41,0.0,-0.25,51.09,50.8,0.0,0.29,79,67
2012-08-09 20:00:00,20,1650.1,1901.0,51.37,51.55,0.0,-0.18,57.59,57.37,0.0,0.22,77,67
2012-08-09 21:00:00,21,1546.0,1794.0,41.55,41.79,0.0,-0.24,53.99,54.06,0.0,-0.07,76,65
2012-08-09 22:00:00,22,1386.2,1617.0,38.78,38.8,0.0,-0.02,39.43,39.48,0.0,-0.05,74,66
2012-08-09 23:00:00,23,1226.2,1452.0,34.05,34.17,0.0,-0.12,34.53,34.69,0.0,-0.16,73,67
2012-08-10 00:00:00,0,1158.4,1333.0,29.83,29.81,0.0,0.02,34.29,34.45,0.0,-0.16,73,69
2012-08-10 01:00:00,1,1091.0,1264.0,27.59,27.52,0.0,0.07,35.92,36.01,0.0,-0.09,73,70
2012-08-10 02:00:00,2,1049.4,1226.0,27.36,27.24,0.0,0.12,33.97,33.89,0.0,0.08,72,70
2012-08-10 03:00:00,3,1031.8,1214.0,26.92,26.8,0.0,0.12,32.36,32.23,0.0,0.13,72,70
2012-08-10 04:00:00,4,1048.0,1231.0,27.0,26.84,0.0,0.16,32.62,32.48,0.0,0.14,71,70
2012-08-10 05:00:00,5,1124.8,1313.0,27.71,27.55,0.0,0.16,32.7,32.58,0.0,0.12,71,70
2012-08-10 06:00:00,6,1243.1,1438.0,31.03,30.84,0.0,0.19,33.31,33.21,0.0,0.1,72,70
2012-08-10 07:00:00,7,1377.1,1588.0,33.68,33.38,0.0,0.3,43.7,43.44,0.0,0.26,72,70
2012-08-10 08:00:00,8,1491.5,1717.0,35.07,34.86,0.0,0.21,46.45,46.22,0.0,0.23,73,70
2012-08-10 09:00:00,9,1556.7,1816.0,38.76,38.6,0.0,0.16,52.54,52.22,0.0,0.32,75,70
2012-08-10 10:00:00,10,1600.7,1904.0,50.56,50.31,0.0,0.25,57.49,57.04,0.0,0.45,76,70
2012-08-10 11:00:00,11,1652.3,1967.0,58.77,58.36,0.0,0.41,56.92,56.38,0.0,0.54,77,69
2012-08-10 12:00:00,12,1669.5,1980.0,60.59,60.28,0.0,0.31,55.41,54.8,0.0,0.61,82,69
2012-08-10 13:00:00,13,1689.0,1971.0,60.9,60.78,0.0,0.12,45.88,45.49,0.0,0.39,81,67
2012-08-10 14:00:00,14,1677.7,1910.0,61.68,61.64,0.0,0.04,38.69,38.39,0.0,0.3,80,69
2012-08-10 15:00:00,15,1624.3,1863.0,58.76,59.16,-0.29,-0.11,41.14,41.0,0.0,0.14,71,68
2012-08-10 16:00:00,16,1596.1,1832.0,51.11,51.79,-0.56,-0.12,35.33,35.22,0.0,0.11,70,69
2012-08-10 17:00:00,17,1510.4,1810.0,52.53,52.85,-0.25,-0.07,37.51,37.38,0.0,0.13,72,71
2012-08-10 18:00:00,18,1467.3,1778.0,46.24,46.34,0.0,-0.1,35.66,35.54,0.0,0.12,68,68
2012-08-10 19:00:00,19,1486.2,1737.0,40.34,40.41,0.0,-0.07,33.72,33.62,0.0,0.1,68,67
2012-08-10 20:00:00,20,1522.9,1706.0,42.65,42.68,0.0,-0.03,35.36,35.33,0.0,0.03,71,70
2012-08-10 21:00:00,21,1416.0,1612.0,35.16,35.21,0.0,-0.05,33.42,33.52,0.0,-0.1,71,69
2012-08-10 22:00:00,22,1261.7,1478.0,34.22,34.17,0.0,0.05,31.83,31.99,0.0,-0.16,68,66
2012-08-10 23:00:00,23,1065.7,1342.0,30.04,30.09,0.0,-0.05,29.25,29.35,0.0,-0.1,68,66
2012-08-11 00:00:00,0,1112.6,1232.0,32.02,32.08,0.0,-0.06,29.27,29.42,0.0,-0.15,68,67
2012-08-11 01:00:00,1,1049.1,1158.0,30.37,30.46,0.0,-0.09,27.73,27.9,0.0,-0.17,67,66
2012-08-11 02:00:00,2,1010.7,1113.0,29.35,29.47,0.0,-0.12,31.67,31.93,0.0,-0.26,67,66
2012-08-11 03:00:00,3,986.1,1089.0,28.09,28.18,0.0,-0.09,30.4,30.65,0.0,-0.25,67,67
2012-08-11 04:00:00,4,979.0,1087.0,27.89,27.93,0.0,-0.04,28.82,29.04,0.0,-0.22,68,67
2012-08-11 05:00:00,5,985.4,1106.0,28.05,28.77,-0.71,-0.01,25.96,26.1,0.0,-0.14,68,66
2012-08-11 06:00:00,6,1028.3,1146.0,27.98,28.48,-0.46,-0.04,26.29,26.42,0.0,-0.13,67,66
2012-08-11 07:00:00,7,1143.4,1266.0,31.55,31.58,0.0,-0.03,27.34,27.45,0.0,-0.11,68,66
2012-08-11 08:00:00,8,1278.8,1404.0,32.52,32.66,0.0,-0.14,28.78,28.86,0.0,-0.08,69,66
2012-08-11 09:00:00,9,1389.3,1516.0,34.85,34.85,0.0,0.0,32.03,32.04,0.0,-0.01,71,67
2012-08-11 10:00:00,10,1429.6,1595.0,42.91,42.91,0.0,0.0,46.26,46.22,0.0,0.04,73,67
2012-08-11 11:00:00,11,1480.1,1650.0,46.71,46.66,0.0,0.05,55.66,55.63,0.0,0.03,74,67
2012-08-11 12:00:00,12,1490.0,1678.0,49.51,49.49,0.0,0.02,52.64,52.61,0.0,0.03,75,67
2012-08-11 13:00:00,13,1451.6,1703.0,49.13,49.2,0.0,-0.07,57.22,57.23,0.0,-0.01,79,68
2012-08-11 14:00:00,14,1442.3,1698.0,47.39,47.53,0.0,-0.14,52.68,52.8,0.0,-0.12,80,68
2012-08-11 15:00:00,15,1431.8,1669.0,47.11,47.39,-0.06,-0.22,52.83,53.03,0.0,-0.2,79,68
2012-08-11 16:00:00,16,1434.8,1664.0,43.5,43.68,0.0,-0.18,61.12,61.41,0.0,-0.29,76,71
2012-08-11 17:00:00,17,1383.0,1665.0,42.49,42.7,0.0,-0.21,52.54,52.72,0.0,-0.18,76,72
2012-08-11 18:00:00,18,1367.5,1639.0,40.52,40.69,0.0,-0.17,54.71,54.87,0.0,-0.16,75,71
2012-08-11 19:00:00,19,1338.8,1617.0,40.32,40.5,0.0,-0.18,47.71,47.89,0.0,-0.18,73,69
2012-08-11 20:00:00,20,1428.9,1614.0,43.74,43.69,0.0,0.05,54.12,54.33,0.0,-0.21,71,69
2012-08-11 21:00:00,21,1332.4,1536.0,35.96,36.08,0.0,-0.12,37.3,37.53,0.0,-0.23,69,69
2012-08-11 22:00:00,22,1182.1,1416.0,33.04,33.15,0.0,-0.11,38.71,38.9,0.0,-0.19,69,68
2012-08-11 23:00:00,23,1020.3,1297.0,30.26,30.54,0.0,-0.28,35.13,35.37,0.0,-0.24,69,68
2012-08-12 00:00:00,0,1053.2,1192.0,31.08,31.64,-0.32,-0.24,36.35,36.62,0.0,-0.27,69,68
2012-08-12 01:00:00,1,979.0,1126.0,29.41,29.92,-0.3,-0.21,40.57,40.91,0.0,-0.34,69,68
2012-08-12 02:00:00,2,937.3,1086.0,27.16,27.55,-0.28,-0.11,35.6,35.86,0.0,-0.26,69,67
2012-08-12 03:00:00,3,913.9,1061.0,27.03,27.39,-0.28,-0.08,37.23,37.47,0.0,-0.24,68,67
2012-08-12 04:00:00,4,895.0,1058.0,27.0,27.37,-0.28,-0.09,31.28,31.46,0.0,-0.18,67,67
2012-08-12 05:00:00,5,889.6,1078.0,26.41,26.74,-0.27,-0.06,31.25,31.4,0.0,-0.15,68,67
2012-08-12 06:00:00,6,898.7,1111.0,26.4,26.73,-0.27,-0.06,27.4,27.53,0.0,-0.13,68,67
2012-08-12 07:00:00,7,998.4,1201.0,26.76,27.0,-0.28,0.04,30.05,30.14,0.0,-0.09,68,68
2012-08-12 08:00:00,8,1143.7,1331.0,27.25,27.53,-0.28,0.0,30.13,30.26,0.0,-0.13,69,69
2012-08-12 09:00:00,9,1303.7,1444.0,30.47,30.95,-0.32,-0.16,29.64,29.73,0.0,-0.09,70,69
2012-08-12 10:00:00,10,1390.7,1519.0,31.73,32.17,-0.33,-0.11,30.11,30.17,0.0,-0.06,71,70
2012-08-12 11:00:00,11,1451.7,1577.0,35.96,36.47,-0.37,-0.14,44.07,44.26,0.0,-0.19,71,70
2012-08-12 12:00:00,12,1489.0,1619.0,42.58,43.17,-0.44,-0.15,40.55,51.49,-10.78,-0.16,74,71
2012-08-12 13:00:00,13,1470.2,1650.0,43.2,43.85,-0.45,-0.2,56.23,80.45,-24.24,0.02,76,71
2012-08-12 14:00:00,14,1474.6,1687.0,46.26,46.97,-0.48,-0.23,62.22,62.32,0.0,-0.1,78,70
2012-08-12 15:00:00,15,1509.8,1730.0,44.79,45.46,-0.46,-0.21,69.59,69.65,0.0,-0.06,81,70
2012-08-12 16:00:00,16,1519.8,1776.0,49.57,50.33,-0.51,-0.25,73.45,73.32,0.0,0.13,82,70
2012-08-12 17:00:00,17,1518.8,1797.0,48.41,49.06,-0.5,-0.15,72.44,72.15,0.0,0.29,80,70
2012-08-12 18:00:00,18,1501.7,1757.0,45.62,46.18,-0.47,-0.09,62.27,62.0,0.0,0.27,72,69
2012-08-12 19:00:00,19,1485.5,1720.0,44.79,45.31,-0.47,-0.05,49.01,48.77,0.0,0.24,75,69
2012-08-12 20:00:00,20,1518.2,1716.0,46.79,47.21,-0.49,0.07,60.6,60.34,0.0,0.26,73,69
2012-08-12 21:00:00,21,1397.3,1612.0,37.15,37.7,-0.39,-0.16,44.66,44.69,0.0,-0.03,71,69
2012-08-12 22:00:00,22,1240.8,1456.0,32.43,32.85,-0.34,-0.08,32.23,32.3,0.0,-0.07,69,68
2012-08-12 23:00:00,23,1115.3,1305.0,31.9,32.33,-0.33,-0.1,31.27,31.44,0.0,-0.17,66,66
2012-08-13 00:00:00,0,1006.8,1196.0,30.62,31.11,-0.15,-0.34,31.62,31.91,0.0,-0.29,66,66
2012-08-13 01:00:00,1,947.2,1128.0,28.67,29.08,-0.17,-0.24,26.7,26.91,0.0,-0.21,66,66
2012-08-13 02:00:00,2,917.6,1092.0,27.33,27.68,-0.17,-0.18,26.07,26.21,0.0,-0.14,65,65
2012-08-13 03:00:00,3,873.2,1077.0,26.31,26.63,-0.18,-0.14,26.7,26.8,0.0,-0.1,65,65
2012-08-13 04:00:00,4,894.5,1097.0,27.19,27.52,-0.18,-0.15,26.91,26.96,0.0,-0.05,65,65
2012-08-13 05:00:00,5,963.5,1177.0,27.26,27.62,-0.16,-0.2,28.65,28.69,0.0,-0.04,64,64
2012-08-13 06:00:00,6,1105.3,1295.0,28.71,28.99,-0.15,-0.13,32.1,32.13,0.0,-0.03,64,64
2012-08-13 07:00:00,7,1290.2,1457.0,34.71,34.95,-0.28,0.04,28.92,28.86,0.0,0.06,63,63
2012-08-13 08:00:00,8,1404.5,1592.0,35.9,36.13,-0.25,0.02,31.69,31.54,0.0,0.15,65,64
2012-08-13 09:00:00,9,1501.8,1706.0,42.18,42.61,-0.43,0.0,41.85,41.73,0.0,0.12,71,64
2012-08-13 10:00:00,10,1624.4,1799.0,49.9,50.14,-0.51,0.27,49.71,49.59,0.0,0.12,76,63
2012-08-13 11:00:00,11,1696.2,1854.0,54.14,54.48,-0.54,0.2,49.81,49.68,0.0,0.13,78,63
2012-08-13 12:00:00,12,1739.5,1889.0,60.18,60.43,-0.55,0.3,60.08,59.85,0.0,0.23,80,61
2012-08-13 13:00:00,13,1775.8,1924.0,67.15,67.25,-0.54,0.44,52.66,52.49,0.0,0.17,82,61
2012-08-13 14:00:00,14,1796.9,1940.0,67.67,67.91,-0.54,0.3,59.13,59.01,0.0,0.12,82,61
2012-08-13 15:00:00,15,1809.3,1942.0,74.39,74.73,-0.63,0.29,54.47,54.36,0.0,0.11,84,60
2012-08-13 16:00:00,16,1799.6,1944.0,74.66,74.96,-0.58,0.28,61.65,61.55,-0.01,0.11,83,60
2012-08-13 17:00:00,17,1761.0,1936.0,63.92,64.23,-0.52,0.21,63.27,63.1,0.0,0.17,83,60
2012-08-13 18:00:00,18,1701.3,1896.0,59.66,60.32,-0.72,0.06,60.81,60.55,0.0,0.26,82,60
2012-08-13 19:00:00,19,1653.5,1844.0,48.47,48.86,-0.45,0.06,50.62,50.38,0.0,0.24,79,62
2012-08-13 20:00:00,20,1676.7,1838.0,54.3,54.64,-0.56,0.22,53.18,52.88,0.0,0.3,75,65
2012-08-13 21:00:00,21,1536.7,1711.0,44.74,45.31,-0.46,-0.11,40.29,40.25,0.0,0.04,75,64
2012-08-13 22:00:00,22,1337.7,1516.0,35.16,35.66,-0.36,-0.14,35.07,35.11,0.0,-0.04,69,64
2012-08-13 23:00:00,23,1168.7,1344.0,32.63,33.14,-0.29,-0.22,32.9,33.02,0.0,-0.12,66,64
2012-08-14 00:00:00,0,1081.1,1223.0,29.05,29.17,0.0,-0.12,30.39,30.52,0.0,-0.13,64,63
2012-08-14 01:00:00,1,1014.5,1144.0,27.67,27.61,0.0,0.06,27.07,27.11,0.0,-0.04,64,63
2012-08-14 02:00:00,2,976.4,1100.0,27.21,27.1,0.0,0.11,27.08,27.01,0.0,0.07,63,62
2012-08-14 03:00:00,3,958.3,1079.0,26.34,26.21,0.0,0.13,26.93,26.84,0.0,0.09,61,60
2012-08-14 04:00:00,4,974.3,1097.0,26.76,26.61,0.0,0.15,26.97,26.84,0.0,0.13,60,59
2012-08-14 05:00:00,5,1050.1,1176.0,27.52,27.44,0.0,0.08,27.55,27.45,0.0,0.1,61,60
2012-08-14 06:00:00,6,1177.0,1293.0,29.16,29.07,0.0,0.09,29.23,29.22,0.0,0.01,59,59
2012-08-14 07:00:00,7,1329.5,1454.0,31.38,31.22,0.0,0.16,29.84,29.82,0.0,0.02,62,61
2012-08-14 08:00:00,8,1440.2,1579.0,35.14,35.25,0.0,-0.11,31.13,31.04,0.0,0.09,65,63
2012-08-14 09:00:00,9,1521.9,1688.0,37.55,37.58,0.0,-0.03,33.46,33.3,0.0,0.16,72,63
2012-08-14 10:00:00,10,1619.3,1787.0,50.95,50.87,0.0,0.08,34.99,34.79,0.0,0.2,75,64
2012-08-14 11:00:00,11,1691.9,1853.0,56.96,56.81,0.0,0.15,39.04,38.79,0.0,0.25,79,63
2012-08-14 12:00:00,12,1736.0,1891.0,63.31,63.06,0.0,0.25,42.39,42.07,0.0,0.32,79,62
2012-08-14 13:00:00,13,1776.4,1926.0,65.3,65.13,0.0,0.17,40.63,40.35,0.0,0.28,80,62
2012-08-14 14:00:00,14,1790.4,1916.0,71.54,71.49,0.0,0.05,39.47,39.26,0.0,0.21,83,62
2012-08-14 15:00:00,15,1795.1,1874.0,74.46,74.71,0.0,-0.25,36.4,37.1,-0.69,-0.01,82,61
2012-08-14 16:00:00,16,1779.8,1845.0,74.33,74.76,-0.03,-0.4,41.56,41.67,0.0,-0.11,80,62
2012-08-14 17:00:00,17,1765.5,1830.0,67.38,67.67,-0.31,0.02,40.28,40.26,0.0,0.02,79,62
2012-08-14 18:00:00,18,1728.6,1799.0,61.52,61.68,-0.24,0.08,46.85,46.78,0.0,0.07,76,63
2012-08-14 19:00:00,19,1681.1,1771.0,51.59,52.16,-0.61,0.04,39.54,39.44,0.0,0.1,75,63
2012-08-14 20:00:00,20,1693.6,1783.0,59.09,58.94,0.0,0.15,42.77,42.7,0.0,0.07,74,63
2012-08-14 21:00:00,21,1560.9,1668.0,45.74,45.84,0.0,-0.1,36.07,36.17,0.0,-0.1,72,65
2012-08-14 22:00:00,22,1364.9,1493.0,34.74,35.03,0.0,-0.29,32.53,32.78,0.0,-0.25,70,66
2012-08-14 23:00:00,23,1204.2,1335.0,31.95,32.2,0.0,-0.25,29.02,29.25,0.0,-0.23,68,66
2012-08-15 00:00:00,0,1060.2,1230.0,29.34,29.47,0.0,-0.13,29.38,29.58,0.0,-0.2,68,64
2012-08-15 01:00:00,1,992.8,1160.0,27.62,27.67,0.0,-0.05,27.57,27.73,0.0,-0.16,67,65
2012-08-15 02:00:00,2,956.8,1121.0,27.14,27.18,0.0,-0.04,27.14,27.16,0.0,-0.02,67,65
2012-08-15 03:00:00,3,938.7,1109.0,26.45,26.4,0.0,0.05,25.89,25.87,0.0,0.02,67,64
2012-08-15 04:00:00,4,953.3,1129.0,26.85,26.81,0.0,0.04,27.06,27.03,0.0,0.03,66,64
2012-08-15 05:00:00,5,1032.1,1213.0,27.59,27.62,0.0,-0.03,28.63,28.66,0.0,-0.03,65,64
2012-08-15 06:00:00,6,1195.0,1343.0,30.6,30.59,0.0,0.01,31.92,32.0,0.0,-0.08,67,65
2012-08-15 07:00:00,7,1345.1,1494.0,33.5,33.38,0.0,0.12,33.97,33.98,0.0,-0.01,66,65
2012-08-15 08:00:00,8,1440.2,1582.0,35.2,35.12,0.0,0.08,31.8,31.74,0.0,0.06,67,66
2012-08-15 09:00:00,9,1520.7,1645.0,36.91,36.86,0.0,0.05,33.16,33.06,0.0,0.1,67,66
2012-08-15 10:00:00,10,1603.7,1723.0,48.45,48.37,0.0,0.08,38.49,38.36,0.0,0.13,71,68
2012-08-15 11:00:00,11,1654.1,1792.0,56.08,55.99,0.0,0.09,54.04,53.94,0.0,0.1,73,66
2012-08-15 12:00:00,12,1696.4,1832.0,60.06,60.0,0.0,0.06,62.47,62.46,0.0,0.01,77,64
2012-08-15 13:00:00,13,1715.6,1881.0,60.12,60.09,0.0,0.03,59.89,59.75,0.0,0.14,79,64
2012-08-15 14:00:00,14,1693.5,1910.0,58.08,58.17,0.0,-0.09,72.1,71.87,0.0,0.23,81,62
2012-08-15 15:00:00,15,1662.9,1919.0,63.53,63.79,0.0,-0.26,122.61,122.52,0.0,0.09,82,64
2012-08-15 16:00:00,16,1647.8,1912.0,63.11,63.65,-0.23,-0.31,39.8,39.78,0.0,0.02,83,63
2012-08-15 17:00:00,17,1638.0,1882.0,57.91,58.01,0.0,-0.1,46.21,46.16,0.0,0.05,81,64
2012-08-15 18:00:00,18,1631.5,1838.0,51.21,51.21,0.0,0.0,50.15,50.04,0.0,0.11,78,66
2012-08-15 19:00:00,19,1586.3,1823.0,47.58,47.58,0.0,0.0,53.1,53.03,0.0,0.07,76,67
2012-08-15 20:00:00,20,1567.3,1822.0,47.66,47.66,0.0,0.0,55.76,55.64,0.0,0.12,74,66
2012-08-15 21:00:00,21,1454.4,1706.0,37.58,37.68,0.0,-0.1,43.62,43.65,0.0,-0.03,70,68
2012-08-15 22:00:00,22,1321.9,1530.0,33.46,33.73,0.0,-0.27,30.48,30.57,0.0,-0.09,70,67
2012-08-15 23:00:00,23,1150.3,1371.0,32.53,32.69,0.0,-0.16,27.54,27.63,0.0,-0.09,70,67
2012-08-16 00:00:00,0,1035.2,1263.0,29.48,29.63,0.0,-0.15,28.41,28.48,0.0,-0.07,69,67
2012-08-16 01:00:00,1,964.5,1193.0,27.57,27.55,0.0,0.02,27.51,27.46,0.0,0.05,69,67
2012-08-16 02:00:00,2,927.6,1151.0,26.64,26.56,0.0,0.08,26.93,26.8,0.0,0.13,69,67
2012-08-16 03:00:00,3,911.5,1129.0,24.95,24.89,0.0,0.06,25.55,25.44,0.0,0.11,68,67
2012-08-16 04:00:00,4,922.5,1141.0,24.93,24.92,0.0,0.01,25.77,25.65,0.0,0.12,65,64
2012-08-16 05:00:00,5,988.8,1219.0,27.15,27.02,0.0,0.13,27.53,27.37,0.0,0.16,65,63
2012-08-16 06:00:00,6,1113.6,1349.0,28.64,28.6,0.0,0.04,30.61,30.54,0.0,0.07,65,64
2012-08-16 07:00:00,7,1277.0,1472.0,32.25,32.17,0.0,0.08,32.8,32.76,0.0,0.04,65,64
2012-08-16 08:00:00,8,1367.7,1569.0,35.26,35.27,0.0,-0.01,36.93,36.91,0.0,0.02,66,64
2012-08-16 09:00:00,9,1445.8,1660.0,37.25,37.33,0.0,-0.08,39.1,39.08,0.0,0.02,67,64
2012-08-16 10:00:00,10,1513.8,1747.0,45.88,45.96,0.0,-0.08,44.59,44.47,0.0,0.12,69,66
2012-08-16 11:00:00,11,1617.2,1812.0,50.46,50.5,0.0,-0.04,50.95,50.67,0.0,0.28,75,65
2012-08-16 12:00:00,12,1654.7,1838.0,54.69,54.7,0.0,-0.01,46.25,46.17,0.0,0.08,79,63
2012-08-16 13:00:00,13,1694.2,1864.0,58.26,59.52,-1.24,-0.02,47.69,47.73,0.0,-0.04,80,62
2012-08-16 14:00:00,14,1662.7,1868.0,58.52,61.29,-2.54,-0.23,43.0,43.16,0.0,-0.16,81,60
2012-08-16 15:00:00,15,1661.9,1870.0,61.38,62.66,-0.88,-0.4,49.07,50.35,-0.87,-0.41,77,62
2012-08-16 16:00:00,16,1667.5,1863.0,65.0,66.17,-0.69,-0.48,60.35,62.0,-1.03,-0.62,81,60
2012-08-16 17:00:00,17,1599.8,1841.0,58.06,61.27,-2.77,-0.44,47.92,70.66,-22.16,-0.58,81,59
2012-08-16 18:00:00,18,1567.3,1793.0,52.53,52.94,-0.06,-0.35,41.69,41.95,-0.02,-0.24,80,60
2012-08-16 19:00:00,19,1515.9,1750.0,46.33,46.57,0.0,-0.24,37.92,38.09,0.0,-0.17,78,61
2012-08-16 20:00:00,20,1620.5,1755.0,52.29,52.37,0.0,-0.08,38.82,38.97,0.0,-0.15,72,63
2012-08-16 21:00:00,21,1474.3,1639.0,38.91,39.15,0.0,-0.24,35.13,35.35,0.0,-0.22,67,64
2012-08-16 22:00:00,22,1321.8,1459.0,34.01,34.25,0.0,-0.24,30.09,30.41,0.0,-0.32,65,63
2012-08-16 23:00:00,23,1145.3,1294.0,32.75,32.84,0.0,-0.09,27.64,27.87,0.0,-0.23,64,62
2012-08-17 00:00:00,0,1047.5,1176.0,31.03,31.28,0.0,-0.25,26.57,26.79,0.0,-0.22,61,60
2012-08-17 01:00:00,1,972.9,1102.0,27.28,27.4,0.0,-0.12,25.75,25.87,0.0,-0.12,60,58
2012-08-17 02:00:00,2,930.6,1056.0,26.24,26.28,0.0,-0.04,21.33,21.42,0.0,-0.09,59,58
2012-08-17 03:00:00,3,911.7,1036.0,24.31,24.38,0.0,-0.07,17.05,17.13,0.0,-0.08,58,57
2012-08-17 04:00:00,4,920.3,1054.0,24.57,24.63,0.0,-0.06,22.83,22.89,0.0,-0.06,56,55
2012-08-17 05:00:00,5,980.7,1123.0,26.65,26.67,0.0,-0.02,26.01,26.03,0.0,-0.02,57,56
2012-08-17 06:00:00,6,1106.8,1229.0,28.8,28.89,0.0,-0.09,25.99,26.05,0.0,-0.06,55,55
2012-08-17 07:00:00,7,1271.3,1374.0,30.42,30.68,0.0,-0.26,26.4,26.41,0.0,-0.01,57,55
2012-08-17 08:00:00,8,1382.0,1498.0,34.49,34.56,0.0,-0.07,26.7,26.64,0.0,0.06,61,59
2012-08-17 09:00:00,9,1470.2,1609.0,38.56,38.72,0.0,-0.16,27.7,27.63,0.0,0.07,66,61
2012-08-17 10:00:00,10,1598.7,1700.0,48.07,48.11,0.0,-0.04,35.75,35.76,0.0,-0.01,72,60
2012-08-17 11:00:00,11,1674.3,1767.0,52.14,52.16,0.0,-0.02,40.44,40.54,0.0,-0.1,76,62
2012-08-17 12:00:00,12,1747.1,1816.0,61.11,61.1,0.0,0.01,41.86,42.04,0.0,-0.18,81,61
2012-08-17 13:00:00,13,1802.8,1872.0,72.87,72.87,0.0,0.0,43.26,49.81,-6.37,-0.18,82,64
2012-08-17 14:00:00,14,1813.9,1906.0,75.59,75.72,0.0,-0.13,42.15,81.62,-39.2,-0.27,85,64
2012-08-17 15:00:00,15,1808.1,1917.0,74.42,74.7,0.0,-0.28,44.62,81.04,-35.97,-0.45,84,64
2012-08-17 16:00:00,16,1792.7,1918.0,69.49,69.95,0.0,-0.46,77.96,78.46,-0.02,-0.48,86,63
2012-08-17 17:00:00,17,1710.5,1896.0,58.29,59.06,-0.4,-0.37,78.75,79.1,0.0,-0.35,86,65
2012-08-17 18:00:00,18,1674.9,1848.0,52.04,52.2,0.0,-0.16,52.82,52.97,0.0,-0.15,83,65
2012-08-17 19:00:00,19,1621.7,1813.0,45.72,45.86,0.0,-0.14,45.43,45.53,0.0,-0.1,80,66
2012-08-17 20:00:00,20,1652.8,1803.0,48.45,48.47,0.0,-0.02,45.54,45.56,0.0,-0.02,76,67
2012-08-17 21:00:00,21,1529.9,1686.0,39.73,39.94,0.0,-0.21,42.77,43.01,0.0,-0.24,68,66
2012-08-17 22:00:00,22,1371.8,1516.0,33.32,33.62,0.0,-0.3,36.05,36.38,0.0,-0.33,69,67
2012-08-17 23:00:00,23,1173.0,1357.0,32.45,32.61,0.0,-0.16,33.27,33.58,0.0,-0.31,69,66
2012-08-18 00:00:00,0,1026.6,1237.0,27.78,28.04,0.0,-0.26,28.5,28.76,0.0,-0.26,69,67
2012-08-18 01:00:00,1,994.6,1160.0,27.41,27.57,0.0,-0.16,27.58,27.78,0.0,-0.2,68,66
2012-08-18 02:00:00,2,953.4,1108.0,26.06,26.14,0.0,-0.08,27.39,27.53,0.0,-0.14,68,65
2012-08-18 03:00:00,3,924.6,1079.0,24.77,24.85,0.0,-0.08,25.66,25.79,0.0,-0.13,67,64
2012-08-18 04:00:00,4,921.5,1077.0,24.09,24.16,0.0,-0.07,23.75,23.85,0.0,-0.1,67,64
2012-08-18 05:00:00,5,938.1,1095.0,24.91,24.97,0.0,-0.06,26.07,26.17,0.0,-0.1,66,62
2012-08-18 06:00:00,6,939.3,1139.0,24.67,24.73,0.0,-0.06,24.86,24.95,0.0,-0.09,65,62
2012-08-18 07:00:00,7,1060.0,1221.0,23.34,23.44,0.0,-0.1,24.52,24.59,0.0,-0.07,64,61
2012-08-18 08:00:00,8,1187.1,1336.0,27.54,27.68,0.0,-0.14,23.89,23.89,0.0,0.0,64,62
2012-08-18 09:00:00,9,1274.1,1425.0,27.95,28.04,0.0,-0.09,23.49,23.48,0.0,0.01,65,62
2012-08-18 10:00:00,10,1380.8,1478.0,30.17,30.22,0.0,-0.05,24.17,24.12,0.0,0.05,67,62
2012-08-18 11:00:00,11,1447.7,1509.0,35.37,35.41,0.0,-0.04,24.61,24.56,0.0,0.05,69,62
2012-08-18 12:00:00,12,1425.6,1521.0,33.76,33.81,0.0,-0.05,23.94,23.89,0.0,0.05,73,61
2012-08-18 13:00:00,13,1414.6,1526.0,33.41,33.54,0.0,-0.13,23.59,23.57,0.0,0.02,75,58
2012-08-18 14:00:00,14,1406.5,1525.0,32.51,32.63,0.0,-0.12,23.56,23.55,0.0,0.01,79,53
2012-08-18 15:00:00,15,1388.7,1525.0,32.65,32.88,0.0,-0.23,23.47,23.53,0.0,-0.06,79,54
2012-08-18 16:00:00,16,1383.3,1531.0,31.65,31.88,0.0,-0.23,23.92,24.0,0.0,-0.08,79,53
2012-08-18 17:00:00,17,1380.7,1534.0,30.63,30.76,0.0,-0.13,24.49,24.52,0.0,-0.03,80,52
2012-08-18 18:00:00,18,1369.6,1511.0,27.94,27.99,0.0,-0.05,23.47,23.44,0.0,0.03,79,49
2012-08-18 19:00:00,19,1338.0,1480.0,27.8,27.83,0.0,-0.03,23.28,23.24,0.0,0.04,76,49
2012-08-18 20:00:00,20,1339.4,1489.0,29.07,29.11,0.0,-0.04,23.47,23.44,0.0,0.03,69,53
2012-08-18 21:00:00,21,1278.7,1399.0,27.98,28.13,0.0,-0.15,23.32,23.37,0.0,-0.05,65,56
2012-08-18 22:00:00,22,1132.4,1266.0,27.44,27.73,0.0,-0.29,23.29,23.4,0.0,-0.11,63,55
2012-08-18 23:00:00,23,1008.2,1139.0,27.27,27.46,0.0,-0.19,23.29,23.42,0.0,-0.13,61,53
2012-08-19 00:00:00,0,867.9,1035.0,23.24,23.32,0.0,-0.08,22.26,22.34,0.0,-0.08,56,54
2012-08-19 01:00:00,1,799.5,970.0,22.12,22.19,0.0,-0.07,17.5,17.55,0.0,-0.05,54,53
2012-08-19 02:00:00,2,769.0,932.0,22.34,22.37,0.0,-0.03,16.15,16.17,0.0,-0.02,53,51
2012-08-19 03:00:00,3,743.8,909.0,19.36,19.42,0.0,-0.06,11.5,11.52,0.0,-0.02,52,51
2012-08-19 04:00:00,4,737.4,905.0,18.74,18.84,0.0,-0.1,14.95,14.98,0.0,-0.03,50,49
2012-08-19 05:00:00,5,735.3,913.0,18.78,18.84,0.0,-0.06,17.69,17.72,0.0,-0.03,50,48
2012-08-19 06:00:00,6,761.5,931.0,16.36,16.39,0.0,-0.03,13.13,13.17,0.0,-0.04,50,48
2012-08-19 07:00:00,7,846.6,1021.0,20.83,20.86,0.0,-0.03,22.12,22.12,0.0,0.0,51,50
2012-08-19 08:00:00,8,988.7,1146.0,23.36,23.42,0.0,-0.06,22.14,22.11,0.0,0.03,59,53
2012-08-19 09:00:00,9,1082.5,1253.0,26.35,26.49,0.0,-0.14,23.42,23.37,0.0,0.05,63,52
2012-08-19 10:00:00,10,1147.7,1313.0,27.54,27.72,0.0,-0.18,23.47,23.47,0.0,0.0,68,52
2012-08-19 11:00:00,11,1190.4,1348.0,27.56,27.75,-0.01,-0.18,23.49,23.48,0.0,0.01,70,52
2012-08-19 12:00:00,12,1187.7,1364.0,27.69,28.17,-0.26,-0.22,23.38,23.37,0.0,0.01,72,53
2012-08-19 13:00:00,13,1210.3,1366.0,27.79,30.34,-2.29,-0.26,22.78,22.76,0.0,0.02,75,54
2012-08-19 14:00:00,14,1212.1,1365.0,27.81,28.3,-0.29,-0.2,22.79,22.73,0.0,0.06,73,52
2012-08-19 15:00:00,15,1214.9,1378.0,27.69,30.22,-2.24,-0.29,22.69,22.66,0.0,0.03,74,52
2012-08-19 16:00:00,16,1242.5,1402.0,29.49,31.26,-1.43,-0.34,23.64,23.65,0.0,-0.01,75,53
2012-08-19 17:00:00,17,1255.7,1420.0,30.11,30.58,-0.19,-0.28,24.62,24.61,0.0,0.01,75,52
2012-08-19 18:00:00,18,1240.9,1419.0,28.69,28.9,-0.01,-0.2,23.56,23.5,0.0,0.06,74,53
2012-08-19 19:00:00,19,1233.6,1415.0,30.27,30.48,0.0,-0.21,23.73,23.69,0.0,0.04,73,55
2012-08-19 20:00:00,20,1275.5,1439.0,32.7,32.89,0.0,-0.19,26.09,26.09,0.0,0.0,67,58
2012-08-19 21:00:00,21,1188.0,1348.0,28.21,28.46,0.0,-0.25,24.75,24.86,0.0,-0.11,65,58
2012-08-19 22:00:00,22,1043.6,1216.0,27.03,27.29,0.0,-0.26,23.92,24.03,0.0,-0.11,62,58
2012-08-19 23:00:00,23,939.5,1100.0,25.82,25.99,0.0,-0.17,23.07,23.16,0.0,-0.09,61,58
2012-08-20 00:00:00,0,911.1,1020.0,23.01,23.08,0.0,-0.07,22.37,22.44,0.0,-0.07,59,57
2012-08-20 01:00:00,1,875.9,972.0,18.71,18.76,0.0,-0.05,17.83,17.89,0.0,-0.06,56,55
2012-08-20 02:00:00,2,855.8,950.0,17.36,17.37,0.0,-0.01,19.16,19.19,0.0,-0.03,56,55
2012-08-20 03:00:00,3,842.7,940.0,14.72,14.74,0.0,-0.02,18.79,18.83,0.0,-0.04,54,52
2012-08-20 04:00:00,4,867.4,967.0,14.83,14.84,0.0,-0.01,20.12,20.15,0.0,-0.03,53,52
2012-08-20 05:00:00,5,916.3,1042.0,21.71,21.65,0.0,0.06,20.98,20.95,0.0,0.03,52,51
2012-08-20 06:00:00,6,1063.3,1165.0,24.84,24.75,0.0,0.09,23.31,23.25,0.0,0.06,52,51
2012-08-20 07:00:00,7,1242.8,1299.0,27.63,27.61,0.0,0.02,23.39,23.38,0.0,0.01,52,51
2012-08-20 08:00:00,8,1271.8,1409.0,28.72,28.72,0.0,0.0,23.5,23.45,0.0,0.05,58,54
2012-08-20 09:00:00,9,1369.0,1504.0,29.77,29.7,0.0,0.07,24.61,24.53,0.0,0.08,63,55
2012-08-20 10:00:00,10,1441.6,1574.0,35.26,35.19,0.0,0.07,31.12,31.01,0.0,0.11,67,56
2012-08-20 11:00:00,11,1450.8,1622.0,46.98,47.03,0.0,-0.05,49.27,48.83,0.0,0.44,70,57
2012-08-20 12:00:00,12,1481.9,1658.0,45.13,45.15,0.0,-0.02,43.59,43.12,0.0,0.47,73,55
2012-08-20 13:00:00,13,1504.1,1666.0,48.69,48.81,0.0,-0.12,39.92,39.56,0.0,0.36,75,53
2012-08-20 14:00:00,14,1488.9,1669.0,47.41,47.75,0.0,-0.34,30.87,30.73,0.0,0.14,76,54
2012-08-20 15:00:00,15,1505.3,1660.0,47.16,47.53,0.0,-0.37,40.07,40.01,0.0,0.06,77,53
2012-08-20 16:00:00,16,1503.2,1665.0,47.47,47.83,0.0,-0.36,38.25,38.26,0.0,-0.01,78,54
2012-08-20 17:00:00,17,1473.5,1663.0,46.58,46.9,0.0,-0.32,42.68,42.8,0.0,-0.12,77,53
2012-08-20 18:00:00,18,1438.6,1629.0,42.0,42.17,0.0,-0.17,35.26,35.25,0.0,0.01,76,55
2012-08-20 19:00:00,19,1389.5,1607.0,40.96,41.14,0.0,-0.18,31.37,31.3,0.0,0.07,73,57
2012-08-20 20:00:00,20,1413.8,1618.0,43.95,44.05,0.0,-0.1,34.24,34.22,0.0,0.02,67,59
2012-08-20 21:00:00,21,1350.6,1498.0,28.48,28.52,0.0,-0.04,26.75,26.79,0.0,-0.04,66,59
2012-08-20 22:00:00,22,1155.4,1333.0,27.26,27.45,0.0,-0.19,23.19,23.31,0.0,-0.12,65,60
2012-08-20 23:00:00,23,1044.3,1194.0,26.06,26.2,0.0,-0.14,23.42,23.53,0.0,-0.11,63,60
2012-08-21 00:00:00,0,951.4,1097.0,23.16,23.22,0.0,-0.06,23.81,23.91,0.0,-0.1,62,60
2012-08-21 01:00:00,1,885.7,1041.0,22.62,22.63,0.0,-0.01,23.34,23.45,0.0,-0.11,63,60
2012-08-21 02:00:00,2,827.0,1012.0,22.25,22.21,0.0,0.04,23.15,23.2,0.0,-0.05,62,60
2012-08-21 03:00:00,3,842.5,1002.0,21.23,21.19,0.0,0.04,22.61,22.66,0.0,-0.05,62,60
2012-08-21 04:00:00,4,863.5,1030.0,22.02,21.96,0.0,0.06,23.01,23.0,0.0,0.01,61,60
2012-08-21 05:00:00,5,939.0,1121.0,22.8,22.71,0.0,0.09,28.49,28.45,0.0,0.04,62,60
2012-08-21 06:00:00,6,1049.0,1253.0,25.26,25.15,0.0,0.11,36.46,36.34,0.0,0.12,62,61
2012-08-21 07:00:00,7,1203.7,1389.0,25.28,25.39,-0.2,0.09,38.18,37.95,0.0,0.23,62,60
2012-08-21 08:00:00,8,1282.0,1489.0,28.3,28.24,-0.12,0.18,27.84,27.66,0.0,0.18,65,61
2012-08-21 09:00:00,9,1416.8,1582.0,29.53,29.39,0.0,0.14,28.35,28.28,0.0,0.07,70,60
2012-08-21 10:00:00,10,1501.4,1658.0,29.88,29.82,0.0,0.06,37.03,37.1,0.0,-0.07,73,59
2012-08-21 11:00:00,11,1511.1,1705.0,35.14,35.19,0.0,-0.05,37.12,37.19,0.0,-0.07,76,60
2012-08-21 12:00:00,12,1529.3,1726.0,35.87,36.02,0.0,-0.15,39.19,39.27,0.0,-0.08,77,56
2012-08-21 13:00:00,13,1565.2,1748.0,37.28,37.42,0.0,-0.14,40.75,40.81,0.0,-0.06,79,53
2012-08-21 14:00:00,14,1550.4,1745.0,38.87,39.12,0.0,-0.25,36.99,37.07,0.0,-0.08,80,51
2012-08-21 15:00:00,15,1538.0,1746.0,40.27,40.71,-0.06,-0.38,42.96,43.22,0.0,-0.26,80,52
2012-08-21 16:00:00,16,1532.9,1744.0,39.63,40.11,-0.08,-0.4,43.31,43.61,0.0,-0.3,80,51
2012-08-21 17:00:00,17,1469.1,1725.0,35.23,35.94,0.0,-0.71,40.2,40.53,0.0,-0.33,81,49
2012-08-21 18:00:00,18,1445.0,1680.0,31.24,31.81,0.0,-0.57,34.3,34.6,0.0,-0.3,79,50
2012-08-21 19:00:00,19,1506.8,1644.0,34.4,34.89,0.0,-0.49,30.09,30.34,0.0,-0.25,77,51
2012-08-21 20:00:00,20,1496.0,1642.0,35.45,35.96,0.0,-0.51,30.31,30.6,0.0,-0.29,70,52
2012-08-21 21:00:00,21,1374.6,1516.0,28.79,29.23,0.0,-0.44,28.63,29.0,0.0,-0.37,64,56
2012-08-21 22:00:00,22,1219.9,1346.0,26.86,27.14,0.0,-0.28,24.62,24.95,0.0,-0.33,60,57
2012-08-21 23:00:00,23,1061.9,1193.0,26.5,26.76,0.0,-0.26,24.37,24.72,0.0,-0.35,60,57
2012-08-22 00:00:00,0,1016.0,1082.0,23.02,23.28,0.0,-0.26,22.87,23.15,0.0,-0.28,58,56
2012-08-22 01:00:00,1,968.3,1024.0,22.12,22.34,0.0,-0.22,22.34,22.62,0.0,-0.28,56,54
2012-08-22 02:00:00,2,923.8,986.0,21.82,21.96,0.0,-0.14,22.07,22.34,0.0,-0.27,55,54
2012-08-22 03:00:00,3,905.3,969.0,19.58,19.71,0.0,-0.13,21.69,21.92,0.0,-0.23,54,53
2012-08-22 04:00:00,4,924.2,996.0,20.79,20.9,0.0,-0.11,21.94,22.17,0.0,-0.23,53,52
2012-08-22 05:00:00,5,985.6,1067.0,22.22,22.39,0.0,-0.17,22.34,22.56,0.0,-0.22,52,51
2012-08-22 06:00:00,6,1098.4,1189.0,26.17,26.3,0.0,-0.13,22.04,22.23,0.0,-0.19,52,50
2012-08-22 07:00:00,7,1269.3,1327.0,26.51,26.86,-0.15,-0.2,22.03,22.23,0.0,-0.2,52,51
2012-08-22 08:00:00,8,1343.4,1424.0,29.31,29.45,-0.04,-0.1,23.32,23.5,0.0,-0.18,59,54
2012-08-22 09:00:00,9,1450.2,1512.0,32.16,32.36,0.0,-0.2,33.26,33.56,0.0,-0.3,62,55
2012-08-22 10:00:00,10,1512.0,1592.0,39.47,39.73,0.0,-0.26,46.13,46.55,-0.03,-0.39,68,55
2012-08-22 11:00:00,11,1540.6,1645.0,42.91,43.15,0.0,-0.24,45.15,45.7,-0.2,-0.35,74,55
2012-08-22 12:00:00,12,1592.6,1671.0,43.72,43.95,0.0,-0.23,43.94,44.54,-0.22,-0.38,78,51
2012-08-22 13:00:00,13,1619.3,1700.0,45.0,45.24,0.0,-0.24,39.87,40.37,-0.07,-0.43,79,49
2012-08-22 14:00:00,14,1618.2,1711.0,45.57,49.43,-3.61,-0.25,40.38,41.01,-0.07,-0.56,80,47
2012-08-22 15:00:00,15,1621.7,1713.0,45.46,48.98,-3.08,-0.44,42.14,42.89,-0.06,-0.69,81,46
2012-08-22 16:00:00,16,1639.0,1717.0,44.68,49.19,-3.66,-0.85,45.5,46.39,-0.08,-0.81,81,48
2012-08-22 17:00:00,17,1579.9,1700.0,41.9,48.06,-5.52,-0.64,52.98,54.02,-0.13,-0.91,81,50
2012-08-22 18:00:00,18,1537.0,1662.0,41.87,42.37,0.0,-0.5,45.34,46.08,-0.08,-0.66,80,52
2012-08-22 19:00:00,19,1560.2,1633.0,40.05,40.54,0.0,-0.49,38.01,38.5,-0.03,-0.46,76,55
2012-08-22 20:00:00,20,1570.3,1634.0,40.52,40.99,0.0,-0.47,38.25,38.73,-0.04,-0.44,68,58
2012-08-22 21:00:00,21,1444.0,1514.0,30.73,31.15,0.0,-0.42,26.75,27.13,0.0,-0.38,65,58
2012-08-22 22:00:00,22,1292.5,1343.0,27.59,27.85,0.0,-0.26,23.18,23.52,0.0,-0.34,61,59
2012-08-22 23:00:00,23,1109.8,1200.0,26.19,26.34,0.0,-0.15,22.88,23.19,0.0,-0.31,60,58
2012-08-23 00:00:00,0,1009.8,1098.0,22.51,22.71,0.0,-0.2,22.28,22.57,0.0,-0.29,58,56
2012-08-23 01:00:00,1,944.0,1036.0,21.46,21.58,0.0,-0.12,20.77,21.0,0.0,-0.23,57,56
2012-08-23 02:00:00,2,906.9,1002.0,19.25,19.34,0.0,-0.09,18.28,18.46,0.0,-0.18,56,55
2012-08-23 03:00:00,3,892.3,989.0,18.32,18.43,0.0,-0.11,16.14,16.31,0.0,-0.17,56,54
2012-08-23 04:00:00,4,910.1,1009.0,18.42,18.49,0.0,-0.07,21.39,21.55,0.0,-0.16,55,54
2012-08-23 05:00:00,5,971.5,1093.0,21.48,21.55,0.0,-0.07,22.24,22.42,0.0,-0.18,54,53
2012-08-23 06:00:00,6,1071.5,1210.0,24.56,24.63,0.0,-0.07,24.18,24.34,0.0,-0.16,54,52
2012-08-23 07:00:00,7,1232.7,1356.0,25.54,25.62,0.0,-0.08,22.84,23.03,0.0,-0.19,55,53
2012-08-23 08:00:00,8,1338.3,1474.0,28.16,28.44,-0.09,-0.19,25.47,25.65,0.0,-0.18,61,57
2012-08-23 09:00:00,9,1419.6,1573.0,31.12,31.42,0.0,-0.3,37.17,37.51,0.0,-0.34,66,59
2012-08-23 10:00:00,10,1509.6,1659.0,34.4,34.87,0.0,-0.47,40.7,41.16,0.0,-0.46,72,59
2012-08-23 11:00:00,11,1574.4,1716.0,42.41,42.85,0.0,-0.44,37.92,38.33,0.0,-0.41,77,61
2012-08-23 12:00:00,12,1626.0,1761.0,45.1,45.66,0.0,-0.56,31.53,31.85,0.0,-0.32,81,60
2012-08-23 13:00:00,13,1695.1,1805.0,48.63,49.19,0.0,-0.56,42.77,43.72,-0.38,-0.57,82,59
2012-08-23 14:00:00,14,1697.5,1823.0,55.15,56.0,-0.08,-0.77,47.93,48.82,-0.15,-0.74,84,58
2012-08-23 15:00:00,15,1722.2,1825.0,57.26,58.02,-0.01,-0.75,57.69,58.76,-0.26,-0.81,84,57
2012-08-23 16:00:00,16,1716.4,1823.0,57.73,58.55,0.0,-0.82,44.32,44.97,0.0,-0.65,85,54
2012-08-23 17:00:00,17,1681.4,1806.0,52.28,53.37,-0.31,-0.78,48.48,49.07,0.0,-0.59,84,56
2012-08-23 18:00:00,18,1617.5,1762.0,45.29,45.87,0.0,-0.58,50.43,50.94,0.0,-0.51,83,58
2012-08-23 19:00:00,19,1656.5,1732.0,42.03,42.41,0.0,-0.38,43.32,43.63,0.0,-0.31,80,59
2012-08-23 20:00:00,20,1638.3,1732.0,45.75,46.21,0.0,-0.46,45.31,45.67,0.0,-0.36,72,62
2012-08-23 21:00:00,21,1490.6,1606.0,35.15,35.75,0.0,-0.6,41.3,41.83,0.0,-0.53,68,63
2012-08-23 22:00:00,22,1321.5,1429.0,27.32,27.84,0.0,-0.52,25.07,25.44,0.0,-0.37,68,63
2012-08-23 23:00:00,23,1145.5,1274.0,26.44,26.74,0.0,-0.3,23.93,24.25,0.0,-0.32,64,62
2012-08-24 00:00:00,0,1015.7,1161.0,27.07,27.33,0.0,-0.26,34.08,34.55,0.0,-0.47,62,60
2012-08-24 01:00:00,1,951.4,1094.0,22.82,23.0,0.0,-0.18,26.38,26.66,0.0,-0.28,61,59
2012-08-24 02:00:00,2,914.6,1065.0,22.31,22.44,0.0,-0.13,25.13,25.27,0.0,-0.14,60,58
2012-08-24 03:00:00,3,899.1,1055.0,22.04,22.08,0.0,-0.04,23.23,23.29,0.0,-0.06,59,58
2012-08-24 04:00:00,4,912.0,1075.0,22.1,22.18,0.0,-0.08,23.79,23.84,0.0,-0.05,57,56
2012-08-24 05:00:00,5,982.4,1142.0,23.1,23.14,0.0,-0.04,26.05,26.12,0.0,-0.07,56,56
2012-08-24 06:00:00,6,1093.5,1260.0,26.82,26.81,0.0,0.01,31.55,31.61,0.0,-0.06,56,55
2012-08-24 07:00:00,7,1248.9,1402.0,27.12,27.29,0.0,-0.17,25.92,25.98,0.0,-0.06,57,56
2012-08-24 08:00:00,8,1352.0,1522.0,28.73,28.77,0.0,-0.04,32.83,32.83,0.0,0.0,62,59
2012-08-24 09:00:00,9,1427.8,1622.0,36.69,36.82,0.0,-0.13,40.68,40.61,0.0,0.07,67,61
2012-08-24 10:00:00,10,1513.9,1713.0,44.38,44.35,0.0,0.03,43.12,42.98,0.0,0.14,73,59
2012-08-24 11:00:00,11,1567.1,1777.0,48.05,47.96,0.0,0.09,45.35,45.15,0.0,0.2,78,59
2012-08-24 12:00:00,12,1600.7,1807.0,51.4,51.36,0.0,0.04,52.56,52.28,0.0,0.28,80,60
2012-08-24 13:00:00,13,1626.2,1847.0,48.05,48.1,0.0,-0.05,54.9,54.72,0.0,0.18,82,61
2012-08-24 14:00:00,14,1634.8,1858.0,53.94,54.12,0.0,-0.18,119.96,119.6,0.0,0.36,82,60
2012-08-24 15:00:00,15,1634.4,1845.0,56.51,56.7,0.0,-0.19,201.43,201.01,0.0,0.42,84,59
2012-08-24 16:00:00,16,1626.1,1831.0,56.47,56.68,0.0,-0.21,52.24,52.15,0.0,0.09,84,59
2012-08-24 17:00:00,17,1599.4,1797.0,51.74,51.84,0.0,-0.1,41.59,41.5,0.0,0.09,83,59
2012-08-24 18:00:00,18,1550.1,1745.0,45.23,45.25,0.0,-0.02,38.74,38.62,0.0,0.12,80,63
2012-08-24 19:00:00,19,1512.1,1724.0,41.55,41.58,0.0,-0.03,37.46,37.27,0.0,0.19,77,65
2012-08-24 20:00:00,20,1503.5,1720.0,42.17,42.21,0.0,-0.04,34.63,34.42,0.0,0.21,74,65
2012-08-24 21:00:00,21,1434.0,1610.0,34.4,34.54,0.0,-0.14,28.41,28.31,0.0,0.1,72,64
2012-08-24 22:00:00,22,1286.5,1458.0,28.73,28.8,0.0,-0.07,29.67,29.59,0.0,0.08,70,64
2012-08-24 23:00:00,23,1109.9,1302.0,27.42,27.5,0.0,-0.08,26.56,26.55,0.0,0.01,69,64
2012-08-25 00:00:00,0,1021.0,1180.0,24.67,24.65,0.0,0.02,28.48,28.41,0.0,0.07,67,63
2012-08-25 01:00:00,1,903.9,1102.0,23.37,23.33,0.0,0.04,38.55,38.36,0.0,0.19,64,62
2012-08-25 02:00:00,2,892.2,1054.0,22.74,22.7,0.0,0.04,40.84,40.62,0.0,0.22,64,62
2012-08-25 03:00:00,3,844.9,1031.0,21.69,21.6,0.0,0.09,24.73,24.58,0.0,0.15,63,62
2012-08-25 04:00:00,4,839.3,1031.0,21.69,21.58,0.0,0.11,24.33,24.17,0.0,0.16,61,60
2012-08-25 05:00:00,5,849.3,1058.0,21.72,21.63,0.0,0.09,24.65,24.47,0.0,0.18,60,59
2012-08-25 06:00:00,6,887.9,1115.0,21.99,21.84,0.0,0.15,27.32,27.07,0.0,0.25,60,59
2012-08-25 07:00:00,7,1000.3,1218.0,20.79,20.78,-0.16,0.17,29.9,29.64,0.0,0.26,63,62
2012-08-25 08:00:00,8,1121.3,1344.0,24.79,25.3,-0.69,0.18,41.09,40.71,0.0,0.38,65,63
2012-08-25 09:00:00,9,1255.6,1460.0,25.56,25.33,0.0,0.23,42.52,42.08,0.0,0.44,67,64
2012-08-25 10:00:00,10,1288.4,1536.0,33.04,33.82,-1.07,0.29,66.67,66.13,0.0,0.54,70,64
2012-08-25 11:00:00,11,1309.8,1579.0,42.56,42.72,-0.53,0.37,150.8,149.22,0.0,1.58,75,64
2012-08-25 12:00:00,12,1333.4,1593.0,41.24,40.89,0.0,0.35,120.39,119.13,0.0,1.26,77,62
2012-08-25 13:00:00,13,1344.8,1599.0,41.0,40.64,0.0,0.36,39.53,44.81,-5.78,0.5,79,62
2012-08-25 14:00:00,14,1344.1,1600.0,40.91,40.6,0.0,0.31,48.33,47.82,0.0,0.51,79,63
2012-08-25 15:00:00,15,1323.7,1609.0,43.02,43.06,-0.26,0.22,244.13,242.3,0.0,1.83,79,62
2012-08-25 16:00:00,16,1321.1,1620.0,43.17,43.83,-0.86,0.2,316.19,313.73,0.0,2.46,80,60
2012-08-25 17:00:00,17,1312.6,1605.0,40.83,42.02,-1.38,0.19,128.19,127.19,0.0,1.0,80,61
2012-08-25 18:00:00,18,1269.0,1562.0,39.82,39.62,-0.04,0.24,35.67,35.26,0.0,0.41,77,61
2012-08-25 19:00:00,19,1279.6,1547.0,38.87,38.58,0.0,0.29,39.05,38.59,0.0,0.46,74,59
2012-08-25 20:00:00,20,1286.8,1541.0,39.49,40.34,-1.17,0.32,39.69,39.27,0.0,0.42,70,55
2012-08-25 21:00:00,21,1229.7,1442.0,30.82,30.64,0.0,0.18,38.46,38.23,0.0,0.23,68,55
2012-08-25 22:00:00,22,1122.4,1306.0,27.76,27.71,0.0,0.05,27.37,27.28,0.0,0.09,67,55
2012-08-25 23:00:00,23,1006.9,1177.0,25.02,25.05,0.0,-0.03,26.54,26.51,0.0,0.03,63,56
2012-08-26 00:00:00,0,1042.7,1073.0,26.7,26.6,0.0,0.1,27.53,27.6,0.0,-0.07,62,56
2012-08-26 01:00:00,1,965.0,1009.0,23.71,23.63,0.0,0.08,22.64,22.69,0.0,-0.05,60,57
2012-08-26 02:00:00,2,895.4,968.0,22.05,22.02,0.0,0.03,21.59,21.64,0.0,-0.05,59,57
2012-08-26 03:00:00,3,845.8,945.0,19.57,19.49,0.0,0.08,18.5,18.5,0.0,0.0,58,56
2012-08-26 04:00:00,4,838.4,940.0,19.25,19.18,0.0,0.07,18.21,18.19,0.0,0.02,57,55
2012-08-26 05:00:00,5,834.1,955.0,19.62,19.52,0.0,0.1,18.84,18.8,0.0,0.04,57,55
2012-08-26 06:00:00,6,855.6,978.0,20.82,20.71,0.0,0.11,19.78,19.69,0.0,0.09,56,54
2012-08-26 07:00:00,7,962.3,1070.0,22.39,22.29,0.0,0.1,22.37,22.25,0.0,0.12,55,55
2012-08-26 08:00:00,8,1122.1,1205.0,25.84,26.72,-1.1,0.22,22.36,22.21,0.0,0.15,62,58
2012-08-26 09:00:00,9,1256.4,1323.0,27.67,27.38,0.0,0.29,23.67,23.45,0.0,0.22,67,59
2012-08-26 10:00:00,10,1339.7,1408.0,31.41,31.24,-0.21,0.38,25.71,25.44,0.0,0.27,71,60
2012-08-26 11:00:00,11,1383.3,1475.0,39.92,41.1,-1.7,0.52,30.4,30.01,0.0,0.39,76,61
2012-08-26 12:00:00,12,1403.2,1523.0,45.57,45.0,0.0,0.57,39.16,38.67,0.0,0.49,78,62
2012-08-26 13:00:00,13,1423.6,1555.0,47.32,46.75,0.0,0.57,53.37,52.8,0.0,0.57,81,63
2012-08-26 14:00:00,14,1411.7,1581.0,53.09,52.55,0.0,0.54,58.95,58.46,0.0,0.49,83,62
2012-08-26 15:00:00,15,1425.5,1612.0,49.13,49.9,-1.22,0.45,52.47,52.15,-0.18,0.5,82,61
2012-08-26 16:00:00,16,1442.3,1645.0,53.41,53.84,-0.97,0.54,64.06,63.44,0.0,0.62,83,61
2012-08-26 17:00:00,17,1451.9,1674.0,52.08,51.49,0.0,0.59,110.23,108.9,0.0,1.33,82,60
2012-08-26 18:00:00,18,1405.0,1647.0,50.85,50.24,0.0,0.61,45.76,45.13,0.0,0.63,81,61
2012-08-26 19:00:00,19,1398.6,1625.0,52.16,51.53,0.0,0.63,40.48,39.86,0.0,0.62,78,61
2012-08-26 20:00:00,20,1399.1,1611.0,53.22,52.56,0.0,0.66,46.9,46.22,0.0,0.68,73,63
2012-08-26 21:00:00,21,1335.6,1491.0,40.15,39.75,0.0,0.4,39.01,38.59,0.0,0.42,69,61
2012-08-26 22:00:00,22,1200.3,1329.0,28.48,28.34,0.0,0.14,24.96,24.84,0.0,0.12,68,59
2012-08-26 23:00:00,23,1068.1,1189.0,25.95,25.77,0.0,0.18,25.46,25.36,0.0,0.1,66,58
2012-08-27 00:00:00,0,987.3,1097.0,22.72,22.79,0.0,-0.07,25.46,25.46,0.0,0.0,65,57
2012-08-27 01:00:00,1,930.8,1041.0,21.88,21.95,0.0,-0.07,24.22,24.23,0.0,-0.01,62,57
2012-08-27 02:00:00,2,899.9,1008.0,20.75,20.74,0.0,0.01,22.74,22.75,0.0,-0.01,60,57
2012-08-27 03:00:00,3,886.8,998.0,18.7,18.71,0.0,-0.01,22.47,22.49,0.0,-0.02,59,56
2012-08-27 04:00:00,4,908.3,1014.0,20.25,20.23,0.0,0.02,21.99,22.0,0.0,-0.01,58,56
2012-08-27 05:00:00,5,990.8,1109.0,22.39,22.38,0.0,0.01,24.2,24.15,0.0,0.05,56,54
2012-08-27 06:00:00,6,1141.3,1232.0,26.56,26.43,0.0,0.13,26.15,26.0,0.0,0.15,56,55
2012-08-27 07:00:00,7,1304.1,1377.0,27.33,27.23,0.0,0.1,31.11,30.88,0.0,0.23,56,55
2012-08-27 08:00:00,8,1415.6,1495.0,30.14,29.9,0.0,0.24,37.59,37.18,0.0,0.41,61,59
2012-08-27 09:00:00,9,1513.9,1598.0,36.72,36.46,0.0,0.26,42.22,41.75,0.0,0.47,66,59
2012-08-27 10:00:00,10,1620.5,1685.0,42.3,41.93,0.0,0.37,39.39,39.08,0.0,0.31,71,61
2012-08-27 11:00:00,11,1682.1,1747.0,47.56,47.13,0.0,0.43,49.75,49.4,0.0,0.35,77,61
2012-08-27 12:00:00,12,1731.5,1795.0,51.0,50.54,0.0,0.46,53.72,53.32,0.0,0.4,80,60
2012-08-27 13:00:00,13,1774.3,1855.0,53.57,53.21,0.0,0.36,73.67,73.06,0.0,0.61,84,58
2012-08-27 14:00:00,14,1792.5,1889.0,55.44,56.02,-0.86,0.28,123.32,122.74,0.0,0.58,85,59
2012-08-27 15:00:00,15,1783.6,1901.0,61.26,61.54,-0.49,0.21,73.82,73.58,0.0,0.24,85,60
2012-08-27 16:00:00,16,1783.4,1902.0,61.86,62.14,-0.46,0.18,55.3,55.11,0.0,0.19,85,64
2012-08-27 17:00:00,17,1757.3,1879.0,52.73,53.47,-0.9,0.16,38.01,37.85,0.0,0.16,83,62
2012-08-27 18:00:00,18,1690.3,1850.0,46.75,46.43,0.0,0.32,41.05,40.81,0.0,0.24,81,63
2012-08-27 19:00:00,19,1660.5,1852.0,45.74,45.44,0.0,0.3,43.71,43.39,0.0,0.32,78,64
2012-08-27 20:00:00,20,1647.9,1834.0,46.75,46.44,0.0,0.31,43.28,43.0,0.0,0.28,76,65
2012-08-27 21:00:00,21,1546.9,1702.0,40.34,40.23,0.0,0.11,38.59,38.56,0.0,0.03,75,64
2012-08-27 22:00:00,22,1350.9,1520.0,29.92,29.86,0.0,0.06,33.46,33.52,0.0,-0.06,74,65
2012-08-27 23:00:00,23,1166.3,1365.0,27.95,27.83,0.0,0.12,32.24,32.3,0.0,-0.06,73,66
2012-08-28 00:00:00,0,1108.2,1262.0,27.75,27.73,0.0,0.02,33.4,33.47,0.0,-0.07,73,66
2012-08-28 01:00:00,1,1046.1,1200.0,25.64,25.6,0.0,0.04,25.1,25.13,0.0,-0.03,72,66
2012-08-28 02:00:00,2,1030.2,1165.0,22.98,22.92,0.0,0.06,23.78,23.8,0.0,-0.02,73,66
2012-08-28 03:00:00,3,989.7,1151.0,23.24,23.2,0.0,0.04,24.14,24.15,0.0,-0.01,71,67
2012-08-28 04:00:00,4,1009.8,1173.0,23.32,23.26,0.0,0.06,27.72,27.75,0.0,-0.03,70,68
2012-08-28 05:00:00,5,1140.1,1272.0,25.57,25.39,0.0,0.18,49.25,49.35,0.0,-0.1,69,67
2012-08-28 06:00:00,6,1257.8,1437.0,30.0,29.91,0.0,0.09,55.55,55.6,0.0,-0.05,69,68
2012-08-28 07:00:00,7,1397.9,1563.0,31.42,31.37,0.0,0.05,41.28,41.19,0.0,0.09,70,68
2012-08-28 08:00:00,8,1478.4,1635.0,34.99,34.93,0.0,0.06,39.07,38.94,0.0,0.13,68,66
2012-08-28 09:00:00,9,1545.7,1689.0,42.15,41.96,0.0,0.19,37.3,37.19,0.0,0.11,68,67
2012-08-28 10:00:00,10,1606.5,1771.0,48.1,47.88,0.0,0.22,36.87,36.73,0.0,0.14,72,68
2012-08-28 11:00:00,11,1639.2,1844.0,50.28,50.07,0.0,0.21,43.15,42.98,0.0,0.17,76,67
2012-08-28 12:00:00,12,1615.6,1891.0,54.04,53.92,0.0,0.12,57.34,57.19,0.0,0.15,78,67
2012-08-28 13:00:00,13,1633.7,1927.0,56.06,56.29,-0.27,0.04,236.52,235.8,0.0,0.72,81,66
2012-08-28 14:00:00,14,1629.6,1941.0,61.32,61.91,-0.48,-0.11,46.01,46.04,0.0,-0.03,84,63
2012-08-28 15:00:00,15,1639.0,1919.0,62.39,62.68,-0.16,-0.13,164.42,164.92,0.0,-0.5,75,64
2012-08-28 16:00:00,16,1629.0,1896.0,61.59,62.39,-0.66,-0.14,66.22,66.49,0.0,-0.27,79,64
2012-08-28 17:00:00,17,1613.1,1872.0,53.17,54.55,-1.16,-0.22,45.22,45.43,0.0,-0.21,80,62
2012-08-28 18:00:00,18,1605.6,1815.0,46.28,46.48,-0.16,-0.04,46.0,46.14,0.0,-0.14,79,60
2012-08-28 19:00:00,19,1566.7,1791.0,44.35,44.32,0.0,0.03,42.34,42.43,0.0,-0.09,75,61
2012-08-28 20:00:00,20,1542.9,1760.0,42.56,42.56,0.0,0.0,39.45,39.52,0.0,-0.07,72,56
2012-08-28 21:00:00,21,1445.7,1611.0,37.71,37.96,0.0,-0.25,31.87,32.07,0.0,-0.2,70,57
2012-08-28 22:00:00,22,1219.4,1415.0,30.64,30.93,0.0,-0.29,27.22,27.44,0.0,-0.22,69,55
2012-08-28 23:00:00,23,1062.0,1246.0,27.18,27.26,0.0,-0.08,22.36,22.53,0.0,-0.17,66,54
2012-08-29 00:00:00,0,980.4,1132.0,24.36,24.5,0.0,-0.14,27.73,27.97,0.0,-0.24,63,53
2012-08-29 01:00:00,1,913.5,1059.0,22.79,22.93,0.0,-0.14,24.4,24.66,0.0,-0.26,60,52
2012-08-29 02:00:00,2,890.8,1017.0,21.84,21.95,0.0,-0.11,21.67,21.88,0.0,-0.21,59,51
2012-08-29 03:00:00,3,881.2,994.0,21.5,21.55,0.0,-0.05,21.08,21.27,0.0,-0.19,58,49
2012-08-29 04:00:00,4,906.1,1015.0,21.68,21.73,0.0,-0.05,20.97,21.13,0.0,-0.16,55,50
2012-08-29 05:00:00,5,981.6,1109.0,22.52,22.59,0.0,-0.07,24.09,24.22,0.0,-0.13,51,48
2012-08-29 06:00:00,6,1132.5,1244.0,24.8,24.72,0.0,0.08,25.74,25.82,0.0,-0.08,54,46
2012-08-29 07:00:00,7,1258.8,1353.0,27.71,27.59,0.0,0.12,28.42,28.47,0.0,-0.05,54,46
2012-08-29 08:00:00,8,1299.8,1424.0,28.81,28.83,0.0,-0.02,32.66,32.65,0.0,0.01,59,46
2012-08-29 09:00:00,9,1371.6,1474.0,27.3,27.27,0.0,0.03,27.37,27.33,0.0,0.04,62,44
2012-08-29 10:00:00,10,1435.4,1517.0,30.0,29.98,0.0,0.02,27.15,27.2,0.0,-0.05,65,43
2012-08-29 11:00:00,11,1453.0,1544.0,30.75,30.73,0.0,0.02,26.15,26.19,0.0,-0.04,67,43
2012-08-29 12:00:00,12,1463.0,1555.0,35.26,35.31,0.0,-0.05,27.02,27.1,0.0,-0.08,71,44
2012-08-29 13:00:00,13,1485.9,1581.0,39.47,39.55,0.0,-0.08,28.0,28.12,0.0,-0.12,71,45
2012-08-29 14:00:00,14,1482.0,1592.0,40.81,40.94,0.0,-0.13,28.09,28.26,0.0,-0.17,73,44
2012-08-29 15:00:00,15,1496.8,1599.0,42.21,42.34,0.0,-0.13,28.67,28.87,0.0,-0.2,75,47
2012-08-29 16:00:00,16,1492.1,1608.0,43.28,43.45,0.0,-0.17,36.1,36.39,0.05,-0.34,76,47
2012-08-29 17:00:00,17,1471.5,1607.0,38.05,38.13,0.0,-0.08,29.78,29.97,0.01,-0.2,75,46
2012-08-29 18:00:00,18,1450.4,1579.0,30.59,30.61,0.0,-0.02,28.0,28.12,0.0,-0.12,74,46
2012-08-29 19:00:00,19,1461.4,1575.0,32.29,32.33,0.0,-0.04,26.99,27.05,0.0,-0.06,72,48
2012-08-29 20:00:00,20,1424.0,1562.0,33.86,33.95,0.0,-0.09,26.63,26.7,0.0,-0.07,64,50
2012-08-29 21:00:00,21,1325.4,1433.0,27.42,27.47,0.0,-0.05,23.7,23.84,0.0,-0.14,60,52
2012-08-29 22:00:00,22,1171.0,1268.0,27.81,27.89,0.0,-0.08,22.43,22.65,0.0,-0.22,55,53
2012-08-29 23:00:00,23,1007.2,1120.0,23.32,23.39,0.0,-0.07,20.0,20.17,0.0,-0.17,53,51
2012-08-30 00:00:00,0,969.2,1027.0,21.86,21.93,0.0,-0.07,19.08,19.21,0.0,-0.13,53,51
2012-08-30 01:00:00,1,911.6,978.0,21.24,21.28,0.0,-0.04,19.94,20.07,0.0,-0.13,52,50
2012-08-30 02:00:00,2,882.7,942.0,18.63,18.68,0.0,-0.05,18.45,18.53,0.0,-0.08,49,48
2012-08-30 03:00:00,3,872.1,935.0,10.92,10.93,0.0,-0.01,18.56,18.61,0.0,-0.05,48,47
2012-08-30 04:00:00,4,889.4,960.0,17.78,17.8,0.0,-0.02,19.81,19.83,0.0,-0.02,48,47
2012-08-30 05:00:00,5,966.0,1061.0,21.05,21.02,0.0,0.03,22.19,22.19,0.0,0.0,47,46
2012-08-30 06:00:00,6,1093.2,1205.0,23.15,23.13,0.0,0.02,22.57,22.63,0.0,-0.06,46,44
2012-08-30 07:00:00,7,1238.6,1318.0,26.09,26.0,0.0,0.09,22.52,22.61,0.0,-0.09,47,46
2012-08-30 08:00:00,8,1329.3,1392.0,26.57,26.62,0.0,-0.05,23.77,23.87,0.0,-0.1,55,52
2012-08-30 09:00:00,9,1394.0,1462.0,30.09,30.1,0.0,-0.01,24.6,24.64,0.0,-0.04,62,51
2012-08-30 10:00:00,10,1469.7,1525.0,35.47,35.5,0.0,-0.03,26.98,27.04,0.0,-0.06,68,51
2012-08-30 11:00:00,11,1518.6,1571.0,44.17,44.19,0.0,-0.02,30.5,30.56,0.0,-0.06,73,51
2012-08-30 12:00:00,12,1539.3,1596.0,52.59,52.7,0.0,-0.11,33.42,33.5,0.0,-0.08,76,52
2012-08-30 13:00:00,13,1570.5,1628.0,57.05,57.2,0.0,-0.15,33.46,33.58,0.0,-0.12,78,50
2012-08-30 14:00:00,14,1577.5,1642.0,56.12,56.33,0.0,-0.21,28.43,28.54,0.0,-0.11,79,52
2012-08-30 15:00:00,15,1581.0,1648.0,58.0,58.56,-0.29,-0.27,27.8,27.93,0.0,-0.13,81,52
2012-08-30 16:00:00,16,1568.8,1651.0,61.37,61.7,-0.03,-0.3,33.88,34.08,0.0,-0.2,81,52
2012-08-30 17:00:00,17,1544.7,1639.0,56.62,57.34,-0.22,-0.5,29.76,29.88,0.0,-0.12,81,52
2012-08-30 18:00:00,18,1521.4,1606.0,49.75,49.86,0.0,-0.11,28.86,28.89,0.0,-0.03,79,54
2012-08-30 19:00:00,19,1550.4,1618.0,48.25,48.27,0.0,-0.02,33.74,33.76,0.0,-0.02,76,54
2012-08-30 20:00:00,20,1529.7,1614.0,50.83,50.87,0.0,-0.04,32.28,32.33,0.0,-0.05,71,54
2012-08-30 21:00:00,21,1405.2,1498.0,35.17,35.35,0.0,-0.18,24.96,25.03,0.0,-0.07,70,53
2012-08-30 22:00:00,22,1248.4,1333.0,28.76,28.92,0.0,-0.16,23.65,23.73,0.0,-0.08,66,54
2012-08-30 23:00:00,23,1086.5,1188.0,27.66,27.68,0.0,-0.02,21.91,22.02,0.0,-0.11,65,54
2012-08-31 00:00:00,0,1043.7,1088.0,25.75,25.8,0.0,-0.05,22.08,22.16,0.0,-0.08,62,54
2012-08-31 01:00:00,1,980.0,1025.0,24.03,24.04,0.0,-0.01,2.15,2.15,0.0,0.0,62,54
2012-08-31 02:00:00,2,946.2,991.0,23.84,23.83,0.0,0.01,0.0,0.0,0.0,0.0,57,53
2012-08-31 03:00:00,3,926.3,975.0,22.04,22.04,0.0,0.0,0.0,0.0,0.0,0.0,53,52
2012-08-31 04:00:00,4,939.9,999.0,19.35,19.35,0.0,0.0,0.0,0.0,0.0,0.0,53,52
2012-08-31 05:00:00,5,1003.1,1084.0,21.96,21.97,0.0,-0.01,0.0,0.0,0.0,0.0,53,52
2012-08-31 06:00:00,6,1124.3,1210.0,25.89,25.87,0.0,0.02,22.8,22.76,0.0,0.04,54,51
2012-08-31 07:00:00,7,1285.7,1333.0,29.3,29.12,0.0,0.18,20.34,20.25,0.0,0.09,62,52
2012-08-31 08:00:00,8,1399.3,1441.0,32.47,32.16,0.0,0.31,14.76,14.65,0.0,0.11,64,56
2012-08-31 09:00:00,9,1488.1,1540.0,35.31,35.09,0.0,0.22,26.76,26.57,0.0,0.19,72,55
2012-08-31 10:00:00,10,1625.8,1612.0,41.71,41.53,0.0,0.18,37.02,36.81,0.0,0.21,79,53
2012-08-31 11:00:00,11,1735.0,1666.0,45.82,45.6,-0.11,0.33,40.86,40.7,0.0,0.16,80,52
2012-08-31 12:00:00,12,1792.6,1703.0,50.77,51.1,-0.87,0.54,38.85,38.74,0.0,0.11,81,53
2012-08-31 13:00:00,13,1843.7,1737.0,59.4,59.81,-0.95,0.54,38.81,38.77,0.0,0.04,81,54
2012-08-31 14:00:00,14,1864.0,1730.0,67.71,68.92,-1.52,0.31,35.2,35.27,0.0,-0.07,82,57
2012-08-31 15:00:00,15,1884.9,1709.0,75.95,77.03,-1.47,0.39,38.85,39.05,0.0,-0.2,83,58
2012-08-31 16:00:00,16,1867.2,1723.0,76.0,77.21,-1.53,0.32,44.34,44.94,-0.36,-0.24,85,59
2012-08-31 17:00:00,17,1836.1,1726.0,62.47,63.67,-1.51,0.31,47.29,47.99,-0.5,-0.2,86,59
2012-08-31 18:00:00,18,1769.1,1692.0,50.7,50.96,-0.66,0.4,39.95,40.49,-0.43,-0.11,85,59
2012-08-31 19:00:00,19,1717.7,1693.0,49.22,48.85,0.0,0.37,37.93,38.47,-0.58,0.04,81,59
2012-08-31 20:00:00,20,1717.6,1678.0,47.22,46.63,0.12,0.47,34.38,35.18,-0.86,0.06,77,60
2012-08-31 21:00:00,21,1600.0,1576.0,39.71,39.56,0.0,0.15,26.18,26.18,0.0,0.0,73,61
2012-08-31 22:00:00,22,1433.9,1434.0,34.2,34.07,0.0,0.13,25.28,25.28,0.0,0.0,73,61
2012-08-31 23:00:00,23,1242.7,1290.0,31.21,31.19,0.0,0.02,25.59,25.63,0.0,-0.04,73,61
2012-09-01 00:00:00,0,1054.9,1176.0,27.84,27.74,0.0,0.1,23.31,23.33,0.0,-0.02,73,62
2012-09-01 01:00:00,1,992.2,1103.0,24.45,24.34,0.0,0.11,24.33,24.34,0.0,-0.01,69,63
2012-09-01 02:00:00,2,957.3,1058.0,23.66,23.57,0.0,0.09,23.34,23.38,0.0,-0.04,71,64
2012-09-01 03:00:00,3,916.5,1032.0,22.62,22.54,0.0,0.08,24.29,24.34,0.0,-0.05,68,63
2012-09-01 04:00:00,4,926.2,1023.0,22.62,22.53,0.0,0.09,25.12,25.16,0.0,-0.04,64,62
2012-09-01 05:00:00,5,957.7,1045.0,22.67,22.56,0.0,0.11,30.63,30.63,0.0,0.0,62,61
2012-09-01 06:00:00,6,1021.1,1078.0,22.94,22.8,0.0,0.14,23.52,23.5,0.0,0.02,60,59
2012-09-01 07:00:00,7,1116.1,1183.0,24.11,24.77,-0.82,0.16,27.26,27.21,0.0,0.05,61,59
2012-09-01 08:00:00,8,1229.8,1318.0,27.07,26.99,0.0,0.08,35.38,35.33,0.0,0.05,67,64
2012-09-01 09:00:00,9,1313.3,1418.0,28.12,28.04,0.0,0.08,38.32,38.36,0.0,-0.04,71,64
2012-09-01 10:00:00,10,1335.4,1474.0,25.81,25.67,0.0,0.14,38.87,38.96,0.0,-0.09,72,61
2012-09-01 11:00:00,11,1363.4,1496.0,26.82,26.73,0.0,0.09,42.96,43.21,0.0,-0.25,74,60
2012-09-01 12:00:00,12,1380.5,1501.0,30.27,30.21,0.0,0.06,43.1,43.8,-0.35,-0.35,75,60
2012-09-01 13:00:00,13,1382.6,1495.0,34.69,34.71,0.0,-0.02,42.38,42.93,-0.13,-0.42,76,60
2012-09-01 14:00:00,14,1375.2,1493.0,33.62,33.72,0.0,-0.1,53.32,54.32,-0.4,-0.6,78,61
2012-09-01 15:00:00,15,1367.8,1493.0,38.85,39.0,0.0,-0.15,45.04,46.81,-1.28,-0.49,79,60
2012-09-01 16:00:00,16,1386.2,1488.0,34.13,34.19,0.0,-0.06,36.91,39.25,-2.0,-0.34,77,59
2012-09-01 17:00:00,17,1371.3,1478.0,30.9,30.91,0.0,-0.01,36.6,38.82,-1.97,-0.25,77,57
2012-09-01 18:00:00,18,1336.7,1447.0,26.8,26.79,0.0,0.01,36.85,38.09,-1.04,-0.2,72,56
2012-09-01 19:00:00,19,1327.8,1444.0,26.98,26.95,0.0,0.03,33.68,33.82,0.0,-0.14,70,56
2012-09-01 20:00:00,20,1302.8,1433.0,27.35,27.35,0.0,0.0,35.18,35.31,0.0,-0.13,66,54
2012-09-01 21:00:00,21,1215.0,1339.0,27.99,28.14,0.0,-0.15,32.51,32.71,0.0,-0.2,62,52
2012-09-01 22:00:00,22,1057.9,1215.0,25.13,25.22,0.0,-0.09,35.5,35.63,0.0,-0.13,61,52
2012-09-01 23:00:00,23,930.7,1098.0,23.74,23.84,0.0,-0.1,29.03,29.21,0.0,-0.18,58,53
2012-09-02 00:00:00,0,883.9,1006.0,23.11,23.2,0.0,-0.09,24.74,24.94,0.0,-0.2,58,53
2012-09-02 01:00:00,1,821.9,952.0,22.7,22.8,0.0,-0.1,26.0,26.22,0.0,-0.22,56,53
2012-09-02 02:00:00,2,790.2,924.0,22.49,22.52,0.0,-0.03,30.27,30.49,0.0,-0.22,57,54
2012-09-02 03:00:00,3,743.8,908.0,21.01,21.05,0.0,-0.04,25.68,25.85,0.0,-0.17,57,54
2012-09-02 04:00:00,4,742.4,911.0,20.07,20.09,0.0,-0.02,23.06,23.18,0.0,-0.12,57,55
2012-09-02 05:00:00,5,717.3,929.0,19.27,19.31,0.0,-0.04,23.57,23.65,0.0,-0.08,57,55
2012-09-02 06:00:00,6,734.0,954.0,19.29,19.33,0.0,-0.04,23.65,23.71,0.0,-0.06,59,55
2012-09-02 07:00:00,7,825.1,1028.0,21.04,21.07,0.0,-0.03,23.57,23.61,0.0,-0.04,60,55
2012-09-02 08:00:00,8,955.0,1143.0,22.86,22.97,0.0,-0.11,24.56,24.59,0.0,-0.03,61,53
2012-09-02 09:00:00,9,1069.1,1237.0,23.44,23.51,0.0,-0.07,30.13,30.2,0.0,-0.07,63,54
2012-09-02 10:00:00,10,1143.1,1292.0,24.31,24.33,0.0,-0.02,36.58,36.67,0.0,-0.09,63,56
2012-09-02 11:00:00,11,1179.1,1320.0,25.71,28.54,-2.76,-0.07,34.4,34.53,0.0,-0.13,67,54
2012-09-02 12:00:00,12,1168.3,1327.0,24.89,25.04,-0.11,-0.04,32.74,32.9,0.0,-0.16,67,54
2012-09-02 13:00:00,13,1175.3,1327.0,26.12,26.53,-0.33,-0.08,32.04,32.29,0.0,-0.25,72,53
2012-09-02 14:00:00,14,1210.1,1315.0,26.69,27.17,-0.37,-0.11,28.59,28.92,0.0,-0.33,75,55
2012-09-02 15:00:00,15,1215.4,1306.0,26.7,27.92,-1.1,-0.12,28.37,28.71,0.0,-0.34,73,55
2012-09-02 16:00:00,16,1229.4,1321.0,30.85,32.28,-1.28,-0.15,27.11,27.38,0.0,-0.27,76,53
2012-09-02 17:00:00,17,1212.8,1339.0,30.99,31.84,-0.74,-0.11,32.21,32.45,0.0,-0.24,74,54
2012-09-02 18:00:00,18,1202.3,1328.0,28.69,28.87,-0.11,-0.07,32.53,32.75,0.0,-0.22,70,58
2012-09-02 19:00:00,19,1193.2,1340.0,33.41,33.54,0.0,-0.13,28.64,28.76,0.0,-0.12,67,59
2012-09-02 20:00:00,20,1187.5,1327.0,30.11,30.2,0.0,-0.09,32.24,32.4,0.0,-0.16,64,59
2012-09-02 21:00:00,21,1106.5,1241.0,27.67,28.99,-1.13,-0.19,34.66,34.93,0.0,-0.27,62,58
2012-09-02 22:00:00,22,1000.3,1139.0,24.93,25.05,0.0,-0.12,28.76,28.9,0.0,-0.14,60,58
2012-09-02 23:00:00,23,865.8,1036.0,23.06,23.22,0.0,-0.16,22.24,22.33,0.0,-0.09,59,58
2012-09-03 00:00:00,0,846.5,962.0,22.26,22.4,0.0,-0.14,23.55,23.7,0.0,-0.15,60,58
2012-09-03 01:00:00,1,804.8,913.0,22.2,22.94,-0.71,-0.03,28.32,28.49,0.0,-0.17,60,57
2012-09-03 02:00:00,2,777.9,887.0,21.65,21.65,0.0,0.0,26.63,26.78,0.0,-0.15,60,56
2012-09-03 03:00:00,3,763.6,875.0,21.05,21.04,0.0,0.01,22.93,23.06,0.0,-0.13,60,56
2012-09-03 04:00:00,4,782.6,884.0,21.07,21.05,0.0,0.02,22.98,23.09,0.0,-0.11,60,56
2012-09-03 05:00:00,5,815.2,916.0,21.09,21.07,0.0,0.02,27.99,28.08,0.0,-0.09,59,56
2012-09-03 06:00:00,6,904.9,949.0,21.5,21.45,0.0,0.05,32.77,32.91,0.0,-0.14,59,55
2012-09-03 07:00:00,7,1016.6,1026.0,22.56,22.45,0.0,0.11,22.65,22.69,0.0,-0.04,59,56
2012-09-03 08:00:00,8,1133.8,1143.0,23.59,23.51,0.0,0.08,20.44,20.42,0.0,0.02,61,55
2012-09-03 09:00:00,9,1215.2,1253.0,24.74,24.67,0.0,0.07,21.92,21.82,0.0,0.1,62,54
2012-09-03 10:00:00,10,1285.3,1320.0,27.39,27.3,0.0,0.09,23.28,23.22,0.0,0.06,65,55
2012-09-03 11:00:00,11,1313.8,1356.0,29.19,29.06,0.0,0.13,23.81,23.74,0.0,0.07,68,56
2012-09-03 12:00:00,12,1339.8,1370.0,27.77,27.59,0.0,0.18,25.99,25.94,0.0,0.05,70,55
2012-09-03 13:00:00,13,1349.7,1379.0,31.17,31.06,0.0,0.11,27.13,27.13,0.0,0.0,72,56
2012-09-03 14:00:00,14,1347.5,1386.0,30.4,30.36,0.0,0.04,28.5,28.57,0.0,-0.07,74,56
2012-09-03 15:00:00,15,1355.9,1401.0,31.3,31.76,-0.45,-0.01,31.75,31.84,0.0,-0.09,76,55
2012-09-03 16:00:00,16,1372.8,1433.0,37.51,37.75,-0.28,0.04,34.13,34.12,0.0,0.01,77,53
2012-09-03 17:00:00,17,1386.4,1462.0,32.07,31.94,0.0,0.13,32.94,32.87,0.0,0.07,77,54
2012-09-03 18:00:00,18,1351.9,1458.0,29.93,29.77,0.0,0.16,26.63,26.54,0.0,0.09,75,55
2012-09-03 19:00:00,19,1348.9,1486.0,32.35,32.21,0.0,0.14,35.69,35.56,0.0,0.13,71,57
2012-09-03 20:00:00,20,1330.8,1469.0,28.8,28.66,0.0,0.14,33.83,33.78,0.0,0.05,67,58
2012-09-03 21:00:00,21,1231.5,1340.0,25.84,25.85,0.0,-0.01,28.06,28.16,0.0,-0.1,65,58
2012-09-03 22:00:00,22,1081.5,1182.0,26.82,27.8,-0.93,-0.05,27.88,27.98,0.0,-0.1,63,58
2012-09-03 23:00:00,23,941.9,1060.0,22.96,23.06,0.0,-0.1,21.76,21.85,0.0,-0.09,62,57
2012-09-04 00:00:00,0,931.1,985.0,23.38,23.44,0.0,-0.06,22.05,22.17,0.0,-0.12,59,56
2012-09-04 01:00:00,1,873.0,946.0,22.61,22.66,0.0,-0.05,22.09,22.18,0.0,-0.09,59,57
2012-09-04 02:00:00,2,838.6,924.0,21.26,23.87,-2.6,-0.01,22.12,22.21,0.0,-0.09,61,57
2012-09-04 03:00:00,3,846.8,923.0,19.53,21.63,-2.09,-0.01,21.58,21.66,0.0,-0.08,60,56
2012-09-04 04:00:00,4,860.0,957.0,20.15,22.5,-2.36,0.01,22.31,22.36,0.0,-0.05,61,57
2012-09-04 05:00:00,5,942.7,1069.0,23.37,23.44,0.0,-0.07,23.67,23.63,0.0,0.04,61,57
2012-09-04 06:00:00,6,1151.5,1243.0,27.76,27.5,0.0,0.26,29.06,28.93,0.0,0.13,61,58
2012-09-04 07:00:00,7,1269.0,1366.0,31.58,31.21,0.0,0.37,30.52,30.39,0.0,0.13,59,59
2012-09-04 08:00:00,8,1335.9,1433.0,31.49,31.35,0.0,0.14,30.01,29.96,0.0,0.05,60,59
2012-09-04 09:00:00,9,1391.1,1480.0,35.33,35.27,0.0,0.06,34.8,34.78,0.0,0.02,61,60
2012-09-04 10:00:00,10,1466.0,1522.0,41.37,41.28,0.0,0.09,38.46,38.43,0.0,0.03,61,60
2012-09-04 11:00:00,11,1483.4,1541.0,46.44,46.31,0.0,0.13,45.18,45.24,0.0,-0.06,62,61
2012-09-04 12:00:00,12,1477.3,1540.0,47.77,47.68,0.0,0.09,53.92,54.04,0.0,-0.12,63,62
2012-09-04 13:00:00,13,1492.1,1546.0,47.97,49.91,-1.91,-0.03,61.36,61.52,0.0,-0.16,64,63
2012-09-04 14:00:00,14,1441.1,1532.0,41.89,44.92,-2.84,-0.19,53.4,53.66,0.0,-0.26,65,63
2012-09-04 15:00:00,15,1431.2,1523.0,40.05,44.26,-4.01,-0.2,42.57,42.88,0.0,-0.31,65,64
2012-09-04 16:00:00,16,1422.0,1531.0,39.93,44.92,-4.78,-0.21,48.91,49.29,0.0,-0.38,65,64
2012-09-04 17:00:00,17,1410.3,1555.0,48.32,48.47,0.0,-0.15,54.83,55.07,0.0,-0.24,65,65
2012-09-04 18:00:00,18,1398.5,1568.0,41.85,41.93,0.0,-0.08,52.57,52.63,0.0,-0.06,65,64
2012-09-04 19:00:00,19,1462.1,1582.0,45.69,45.63,0.0,0.06,57.14,57.24,0.0,-0.1,65,64
2012-09-04 20:00:00,20,1411.4,1528.0,43.02,43.04,0.0,-0.02,52.28,52.45,0.0,-0.17,65,61
2012-09-04 21:00:00,21,1277.1,1407.0,31.57,31.7,0.0,-0.13,46.12,46.54,0.0,-0.42,64,64
2012-09-04 22:00:00,22,1128.7,1257.0,31.56,31.43,0.0,0.13,39.72,39.94,0.0,-0.22,64,64
2012-09-04 23:00:00,23,984.9,1139.0,26.3,26.36,0.0,-0.06,35.44,35.64,0.0,-0.2,64,64
2012-09-05 00:00:00,0,1008.0,1058.0,32.28,32.45,0.0,-0.17,39.3,39.66,0.0,-0.36,65,64
2012-09-05 01:00:00,1,949.2,1017.0,30.25,30.39,0.0,-0.14,62.8,63.34,0.0,-0.54,65,64
2012-09-05 02:00:00,2,923.9,997.0,27.01,27.07,0.0,-0.06,93.45,94.44,0.0,-0.99,64,64
2012-09-05 03:00:00,3,922.3,1003.0,25.9,25.93,0.0,-0.03,28.11,28.32,0.0,-0.21,65,65
2012-09-05 04:00:00,4,937.1,1047.0,26.34,26.35,0.0,-0.01,40.08,40.32,0.0,-0.24,68,68
2012-09-05 05:00:00,5,1069.2,1167.0,29.5,29.46,0.0,0.04,47.7,47.88,0.0,-0.18,70,70
2012-09-05 06:00:00,6,1228.1,1366.0,32.45,32.18,0.0,0.27,93.68,93.67,0.0,0.01,71,71
2012-09-05 07:00:00,7,1356.1,1503.0,29.88,29.61,0.0,0.27,65.92,66.08,0.0,-0.16,72,71
2012-09-05 08:00:00,8,1388.6,1582.0,31.16,30.97,0.0,0.19,55.22,55.26,0.0,-0.04,73,71
2012-09-05 09:00:00,9,1424.5,1644.0,38.56,38.41,0.0,0.15,126.48,126.83,0.0,-0.35,74,71
2012-09-05 10:00:00,10,1473.7,1695.0,45.14,44.95,0.0,0.19,139.62,140.09,0.0,-0.47,71,66
2012-09-05 11:00:00,11,1503.5,1724.0,45.83,45.65,0.0,0.18,56.0,54.19,1.59,0.22,77,65
2012-09-05 12:00:00,12,1477.4,1736.0,45.8,45.76,0.0,0.04,40.78,39.96,0.7,0.12,80,65
2012-09-05 13:00:00,13,1505.4,1741.0,45.7,45.96,-0.15,-0.11,49.48,47.74,1.79,-0.05,77,65
2012-09-05 14:00:00,14,1490.6,1720.0,41.7,42.02,-0.21,-0.11,56.77,54.56,2.33,-0.12,78,63
2012-09-05 15:00:00,15,1477.8,1716.0,45.37,46.32,-0.78,-0.17,48.12,47.1,1.18,-0.16,77,64
2012-09-05 16:00:00,16,1465.9,1728.0,45.53,46.85,-1.08,-0.24,60.3,58.57,1.98,-0.25,76,65
2012-09-05 17:00:00,17,1441.9,1731.0,45.29,46.12,-0.62,-0.21,56.87,55.2,1.85,-0.18,77,63
2012-09-05 18:00:00,18,1428.9,1711.0,44.66,44.76,0.0,-0.1,58.43,56.85,1.73,-0.15,79,64
2012-09-05 19:00:00,19,1497.8,1740.0,49.45,49.39,0.0,0.06,141.71,134.12,8.15,-0.56,75,62
2012-09-05 20:00:00,20,1466.4,1702.0,47.57,47.56,0.0,0.01,44.06,42.99,1.01,0.06,72,62
2012-09-05 21:00:00,21,1295.9,1565.0,32.95,33.01,0.0,-0.06,30.0,29.57,0.46,-0.03,68,64
2012-09-05 22:00:00,22,1150.8,1393.0,31.09,31.08,0.0,0.01,25.95,26.05,0.0,-0.1,69,65
2012-09-05 23:00:00,23,1001.4,1249.0,27.94,28.0,0.0,-0.06,26.9,26.87,0.08,-0.05,69,65
2012-09-06 00:00:00,0,1014.2,1145.0,28.85,28.91,0.0,-0.06,26.01,26.03,0.0,-0.02,68,64
2012-09-06 01:00:00,1,957.8,1083.0,25.97,25.98,0.0,-0.01,25.78,25.75,0.0,0.03,67,64
2012-09-06 02:00:00,2,926.2,1053.0,24.94,24.87,0.0,0.07,24.47,24.4,0.0,0.07,67,64
2012-09-06 03:00:00,3,915.3,1042.0,22.67,22.62,0.0,0.05,22.58,22.53,0.0,0.05,66,64
2012-09-06 04:00:00,4,930.7,1068.0,23.82,23.74,0.0,0.08,23.93,23.85,0.0,0.08,65,64
2012-09-06 05:00:00,5,1050.2,1175.0,26.12,26.02,0.0,0.1,29.97,29.81,0.0,0.16,65,64
2012-09-06 06:00:00,6,1218.6,1346.0,32.11,31.91,0.0,0.2,33.98,33.75,0.0,0.23,65,64
2012-09-06 07:00:00,7,1324.1,1464.0,32.64,32.49,0.0,0.15,33.03,32.86,0.0,0.17,65,64
2012-09-06 08:00:00,8,1332.7,1524.0,32.74,32.76,0.0,-0.02,31.54,31.41,0.0,0.13,66,64
2012-09-06 09:00:00,9,1436.8,1578.0,38.96,38.93,0.0,0.03,29.33,29.2,0.0,0.13,67,65
2012-09-06 10:00:00,10,1501.3,1635.0,44.37,44.29,0.0,0.08,28.58,28.44,0.0,0.14,70,65
2012-09-06 11:00:00,11,1563.5,1665.0,49.4,49.27,0.0,0.13,31.88,31.75,0.0,0.13,71,65
2012-09-06 12:00:00,12,1573.9,1682.0,54.97,54.88,0.0,0.09,33.05,32.92,0.0,0.13,72,64
2012-09-06 13:00:00,13,1590.3,1707.0,62.23,62.26,0.0,-0.03,39.84,39.86,0.0,-0.02,74,64
2012-09-06 14:00:00,14,1610.1,1720.0,65.39,65.44,0.0,-0.05,46.01,46.07,0.0,-0.06,75,64
2012-09-06 15:00:00,15,1604.3,1727.0,65.7,70.82,-4.86,-0.26,42.19,42.33,0.0,-0.14,76,64
2012-09-06 16:00:00,16,1584.5,1724.0,66.13,70.25,-3.71,-0.41,48.0,48.15,0.0,-0.15,77,64
2012-09-06 17:00:00,17,1562.1,1709.0,61.36,61.57,0.0,-0.21,42.52,42.68,0.0,-0.16,76,65
2012-09-06 18:00:00,18,1544.1,1697.0,48.19,48.58,-0.28,-0.11,34.95,34.97,0.0,-0.02,76,66
2012-09-06 19:00:00,19,1570.4,1738.0,57.32,57.25,0.0,0.07,49.76,49.64,0.0,0.12,73,66
2012-09-06 20:00:00,20,1551.8,1710.0,55.35,56.07,-0.75,0.03,43.22,43.15,0.0,0.07,70,66
2012-09-06 21:00:00,21,1401.7,1577.0,36.26,36.49,0.0,-0.23,29.88,29.94,0.03,-0.09,69,66
2012-09-06 22:00:00,22,1217.1,1404.0,32.93,33.15,0.0,-0.22,26.9,26.95,0.0,-0.05,69,66
2012-09-06 23:00:00,23,1064.2,1261.0,33.18,33.41,-0.23,0.0,28.55,28.5,0.0,0.05,67,65
2012-09-07 00:00:00,0,937.3,1153.0,28.12,32.13,-4.02,0.01,34.53,34.52,0.0,0.01,66,64
2012-09-07 01:00:00,1,884.2,1091.0,27.17,28.54,-1.39,0.02,33.04,32.98,0.0,0.06,65,64
2012-09-07 02:00:00,2,855.0,1055.0,26.43,27.27,-0.96,0.12,26.29,26.26,0.0,0.03,63,62
2012-09-07 03:00:00,3,856.5,1048.0,26.25,26.56,-0.35,0.04,26.21,26.14,0.0,0.07,62,61
2012-09-07 04:00:00,4,888.8,1069.0,26.28,27.3,-1.04,0.02,26.33,26.24,0.0,0.09,61,60
2012-09-07 05:00:00,5,974.0,1168.0,26.53,28.83,-2.38,0.08,27.46,27.32,0.0,0.14,61,60
2012-09-07 06:00:00,6,1158.9,1326.0,29.01,56.11,-27.44,0.34,27.67,27.49,0.0,0.18,61,61
2012-09-07 07:00:00,7,1250.9,1430.0,33.04,42.69,-9.88,0.23,33.03,32.94,0.0,0.09,61,60
2012-09-07 08:00:00,8,1287.2,1518.0,35.41,35.45,-0.02,-0.02,43.85,43.82,0.0,0.03,62,62
2012-09-07 09:00:00,9,1351.6,1609.0,39.7,44.92,-5.18,-0.04,43.24,43.24,0.0,0.0,67,65
2012-09-07 10:00:00,10,1412.0,1686.0,45.43,49.94,-4.53,0.02,45.11,45.25,0.0,-0.14,74,64
2012-09-07 11:00:00,11,1454.7,1745.0,48.44,57.32,-8.83,-0.05,48.34,49.43,-0.85,-0.24,76,65
2012-09-07 12:00:00,12,1474.9,1774.0,49.86,72.96,-22.89,-0.21,48.7,49.56,-0.62,-0.24,82,65
2012-09-07 13:00:00,13,1492.5,1804.0,51.61,90.25,-38.47,-0.17,125.85,120.32,6.05,-0.52,82,60
2012-09-07 14:00:00,14,1497.9,1816.0,52.75,91.75,-38.64,-0.36,227.96,220.65,8.52,-1.21,84,56
2012-09-07 15:00:00,15,1483.1,1820.0,55.08,92.93,-37.3,-0.55,252.08,244.41,9.15,-1.48,85,59
2012-09-07 16:00:00,16,1484.5,1807.0,54.5,91.72,-36.74,-0.48,232.29,221.49,12.08,-1.28,84,55
2012-09-07 17:00:00,17,1484.5,1767.0,48.94,57.23,-8.07,-0.22,45.34,45.42,0.15,-0.23,83,57
2012-09-07 18:00:00,18,1469.0,1722.0,46.84,50.68,-3.71,-0.13,39.35,38.91,0.61,-0.17,80,64
2012-09-07 19:00:00,19,1508.4,1736.0,49.22,53.78,-4.49,-0.07,50.0,49.24,0.99,-0.23,75,67
2012-09-07 20:00:00,20,1459.9,1694.0,45.63,48.59,-2.97,0.01,48.21,46.96,1.4,-0.15,70,65
2012-09-07 21:00:00,21,1309.5,1580.0,41.24,41.39,0.0,-0.15,44.32,43.19,1.32,-0.19,69,66
2012-09-07 22:00:00,22,1168.4,1431.0,32.43,34.93,-2.38,-0.12,44.23,43.87,0.46,-0.1,67,65
2012-09-07 23:00:00,23,1010.2,1286.0,28.74,28.89,-0.09,-0.06,46.89,46.95,0.0,-0.06,67,65
2012-09-08 00:00:00,0,1175.8,1177.0,29.0,28.78,0.15,0.07,31.54,31.63,0.0,-0.09,67,65
2012-09-08 01:00:00,1,1122.6,1112.0,25.98,25.83,0.04,0.11,31.39,31.24,0.2,-0.05,66,65
2012-09-08 02:00:00,2,1074.5,1072.0,24.42,24.31,0.0,0.11,53.85,52.18,1.9,-0.23,67,65
2012-09-08 03:00:00,3,1054.0,1058.0,23.43,23.35,0.0,0.08,30.72,30.83,0.0,-0.11,66,65
2012-09-08 04:00:00,4,1049.9,1066.0,23.61,23.51,0.0,0.1,26.0,26.04,0.0,-0.04,68,68
2012-09-08 05:00:00,5,1073.1,1107.0,23.4,23.29,0.0,0.11,53.99,54.13,0.0,-0.14,70,69
2012-09-08 06:00:00,6,1124.8,1177.0,24.62,24.44,0.0,0.18,42.73,42.74,0.0,-0.01,70,69
2012-09-08 07:00:00,7,1206.2,1268.0,29.42,29.13,0.0,0.29,36.86,36.55,0.0,0.31,70,68
2012-09-08 08:00:00,8,1303.1,1389.0,32.14,31.69,0.0,0.45,44.2,43.82,0.0,0.38,71,67
2012-09-08 09:00:00,9,1405.6,1494.0,38.2,38.58,-0.84,0.46,51.11,50.82,0.0,0.29,72,67
2012-09-08 10:00:00,10,1477.0,1572.0,41.58,41.78,-0.61,0.41,68.29,68.04,0.0,0.25,74,67
2012-09-08 11:00:00,11,1503.5,1625.0,45.56,45.25,0.0,0.31,81.02,80.75,0.0,0.27,78,67
2012-09-08 12:00:00,12,1535.4,1656.0,47.81,48.54,-0.96,0.23,83.88,82.12,1.53,0.23,80,66
2012-09-08 13:00:00,13,1500.5,1659.0,50.21,49.08,1.03,0.1,43.25,42.44,0.72,0.09,83,64
2012-09-08 14:00:00,14,1513.0,1649.0,51.53,50.33,1.18,0.02,52.45,50.75,1.71,-0.01,82,64
2012-09-08 15:00:00,15,1517.1,1631.0,51.91,51.17,0.73,0.01,114.36,112.86,1.62,-0.12,81,63
2012-09-08 16:00:00,16,1509.5,1632.0,51.91,51.16,0.75,0.0,200.21,198.76,1.52,-0.07,81,65
2012-09-08 17:00:00,17,1498.0,1637.0,49.78,49.91,-0.21,0.08,188.3,186.67,1.49,0.14,76,68
2012-09-08 18:00:00,18,1471.0,1640.0,44.44,44.21,0.0,0.23,46.21,44.79,1.19,0.23,75,70
2012-09-08 19:00:00,19,1541.6,1656.0,49.93,49.58,0.0,0.35,184.57,178.11,5.63,0.83,75,70
2012-09-08 20:00:00,20,1479.1,1585.0,47.81,48.23,-0.75,0.33,54.02,51.96,1.77,0.29,69,62
2012-09-08 21:00:00,21,1352.6,1453.0,35.12,36.55,-1.69,0.26,36.14,35.18,0.81,0.15,63,61
2012-09-08 22:00:00,22,1231.4,1305.0,31.61,33.19,-1.87,0.29,37.13,36.99,0.0,0.14,63,61
2012-09-08 23:00:00,23,1078.6,1175.0,29.48,29.06,0.3,0.12,33.24,32.75,0.36,0.13,62,60
2012-09-09 00:00:00,0,1030.5,1074.0,27.17,26.96,0.0,0.21,25.64,25.59,0.0,0.05,62,59
2012-09-09 01:00:00,1,997.8,1011.0,25.35,25.18,0.0,0.17,24.65,24.65,0.0,0.0,61,59
2012-09-09 02:00:00,2,952.5,971.0,23.93,23.74,0.0,0.19,23.01,22.99,0.0,0.02,61,58
2012-09-09 03:00:00,3,943.3,946.0,22.63,22.45,0.0,0.18,22.67,22.61,0.0,0.06,60,58
2012-09-09 04:00:00,4,942.0,937.0,22.33,22.16,0.0,0.17,21.66,21.59,0.0,0.07,60,58
2012-09-09 05:00:00,5,908.7,955.0,22.14,22.0,0.0,0.14,22.58,22.51,0.0,0.07,59,58
2012-09-09 06:00:00,6,940.3,984.0,22.78,22.58,0.0,0.2,22.93,22.83,0.0,0.1,59,57
2012-09-09 07:00:00,7,990.8,1055.0,24.34,24.1,0.0,0.24,22.88,22.75,0.0,0.13,58,56
2012-09-09 08:00:00,8,1100.2,1157.0,24.96,25.35,-0.6,0.21,24.59,24.4,0.0,0.19,59,56
2012-09-09 09:00:00,9,1178.2,1233.0,25.35,26.89,-1.75,0.21,27.76,27.57,0.0,0.19,59,55
2012-09-09 10:00:00,10,1229.6,1278.0,27.35,30.09,-3.02,0.28,36.74,36.49,0.0,0.25,61,52
2012-09-09 11:00:00,11,1258.7,1305.0,29.97,31.67,-1.95,0.25,32.11,31.9,0.0,0.21,62,51
2012-09-09 12:00:00,12,1268.7,1323.0,31.52,34.73,-3.4,0.19,33.74,33.54,0.0,0.2,62,52
2012-09-09 13:00:00,13,1261.1,1326.0,32.09,35.21,-3.25,0.13,34.21,34.05,0.0,0.16,68,52
2012-09-09 14:00:00,14,1265.3,1328.0,32.69,35.71,-3.11,0.09,38.08,37.94,0.0,0.14,70,51
2012-09-09 15:00:00,15,1263.0,1339.0,34.28,36.95,-2.72,0.05,38.26,38.16,0.0,0.1,73,51
2012-09-09 16:00:00,16,1273.9,1364.0,38.92,40.45,-1.59,0.06,40.07,39.97,0.0,0.1,74,48
2012-09-09 17:00:00,17,1291.9,1393.0,39.02,40.45,-1.57,0.14,40.89,40.72,0.0,0.17,73,50
2012-09-09 18:00:00,18,1339.8,1390.0,40.16,41.18,-1.33,0.31,41.42,41.21,0.0,0.21,72,50
2012-09-09 19:00:00,19,1348.8,1423.0,37.74,39.33,-1.94,0.35,42.24,41.93,0.0,0.31,67,52
2012-09-09 20:00:00,20,1323.0,1381.0,33.64,36.24,-2.89,0.29,43.84,43.63,0.0,0.21,59,53
2012-09-09 21:00:00,21,1188.1,1261.0,28.3,32.3,-4.14,0.14,34.03,33.96,0.0,0.07,59,54
2012-09-09 22:00:00,22,1093.5,1123.0,26.23,26.23,-0.08,0.08,26.52,26.52,0.0,0.0,54,52
2012-09-09 23:00:00,23,1001.4,1013.0,26.14,26.01,0.0,0.13,23.94,23.91,0.0,0.03,54,53
2012-09-10 00:00:00,0,935.6,943.0,22.63,22.58,0.0,0.05,23.42,23.45,0.0,-0.03,52,51
2012-09-10 01:00:00,1,892.9,905.0,21.93,21.88,0.0,0.05,22.84,22.88,0.0,-0.04,53,51
2012-09-10 02:00:00,2,871.9,885.0,21.48,21.35,0.0,0.13,21.11,21.12,0.0,-0.01,54,52
2012-09-10 03:00:00,3,872.6,890.0,20.06,19.93,0.0,0.13,21.51,21.49,0.0,0.02,55,51
2012-09-10 04:00:00,4,910.8,923.0,21.55,21.38,0.0,0.17,21.95,21.92,0.0,0.03,56,50
2012-09-10 05:00:00,5,993.7,1028.0,22.85,22.64,0.0,0.21,29.18,29.07,0.0,0.11,54,48
2012-09-10 06:00:00,6,1189.4,1190.0,26.77,28.59,-2.21,0.39,32.8,32.52,0.0,0.28,52,47
2012-09-10 07:00:00,7,1281.5,1293.0,25.36,26.81,-1.83,0.38,27.27,27.02,0.0,0.25,51,47
2012-09-10 08:00:00,8,1321.7,1353.0,26.69,26.56,-0.22,0.35,27.09,26.88,0.0,0.21,55,48
2012-09-10 09:00:00,9,1378.7,1408.0,27.42,27.49,-0.49,0.42,29.7,29.47,0.0,0.23,59,48
2012-09-10 10:00:00,10,1415.3,1450.0,34.04,33.52,0.0,0.52,36.51,36.22,0.02,0.27,63,48
2012-09-10 11:00:00,11,1440.3,1462.0,37.51,36.95,0.0,0.56,36.2,35.91,0.02,0.27,61,48
2012-09-10 12:00:00,12,1458.6,1453.0,38.01,37.51,0.0,0.5,27.47,27.3,0.0,0.17,65,48
2012-09-10 13:00:00,13,1463.8,1451.0,38.02,37.61,0.0,0.41,24.15,23.99,0.0,0.16,63,47
2012-09-10 14:00:00,14,1498.4,1432.0,37.54,36.96,0.0,0.58,23.64,23.53,0.0,0.11,64,46
2012-09-10 15:00:00,15,1488.6,1402.0,39.25,39.35,-0.48,0.38,25.47,25.37,0.0,0.1,62,44
2012-09-10 16:00:00,16,1500.9,1414.0,37.28,37.53,-0.64,0.39,24.83,24.75,0.0,0.08,65,42
2012-09-10 17:00:00,17,1485.4,1428.0,37.57,37.15,0.0,0.42,26.39,26.27,0.0,0.12,62,42
2012-09-10 18:00:00,18,1483.5,1438.0,36.79,36.32,0.0,0.47,26.99,26.78,0.0,0.21,62,43
2012-09-10 19:00:00,19,1545.1,1471.0,40.92,40.91,-0.68,0.69,37.07,36.83,0.0,0.24,59,44
2012-09-10 20:00:00,20,1452.4,1422.0,30.96,30.64,-0.27,0.59,26.47,26.33,0.0,0.14,56,43
2012-09-10 21:00:00,21,1336.9,1291.0,26.82,27.55,-1.06,0.33,22.48,22.37,0.0,0.11,55,43
2012-09-10 22:00:00,22,1206.8,1136.0,25.24,25.48,-0.45,0.21,21.75,21.76,0.0,-0.01,55,44
2012-09-10 23:00:00,23,1024.7,1019.0,26.36,26.17,0.0,0.19,21.15,21.09,0.0,0.06,54,43
2012-09-11 00:00:00,0,952.7,945.0,23.64,23.42,0.0,0.22,20.4,20.34,0.0,0.06,52,43
2012-09-11 01:00:00,1,907.3,903.0,22.94,22.67,0.0,0.27,12.77,12.72,0.0,0.05,52,42
2012-09-11 02:00:00,2,885.3,881.0,19.05,18.84,0.0,0.21,1.35,1.34,0.0,0.01,51,42
2012-09-11 03:00:00,3,885.8,878.0,18.93,18.72,0.0,0.21,0.0,0.0,0.0,0.0,49,42
2012-09-11 04:00:00,4,921.7,911.0,20.23,19.98,0.0,0.25,0.0,0.0,0.0,0.0,44,40
2012-09-11 05:00:00,5,1042.3,1021.0,24.03,23.84,-0.15,0.34,20.7,20.56,0.0,0.14,43,40
2012-09-11 06:00:00,6,1235.2,1194.0,28.31,28.14,-0.28,0.45,26.69,26.47,0.0,0.22,40,38
2012-09-11 07:00:00,7,1346.7,1287.0,29.88,29.59,-0.17,0.46,24.47,24.25,0.0,0.22,41,39
2012-09-11 08:00:00,8,1318.0,1334.0,29.29,29.28,-0.89,0.9,24.25,24.06,0.0,0.19,51,44
2012-09-11 09:00:00,9,1358.4,1370.0,31.15,31.94,-1.23,0.44,26.81,26.63,0.0,0.18,57,43
2012-09-11 10:00:00,10,1391.7,1405.0,32.65,32.65,-0.41,0.41,26.7,26.52,0.0,0.18,61,43
2012-09-11 11:00:00,11,1416.7,1424.0,34.22,34.89,-0.69,0.02,27.82,27.58,0.0,0.24,64,43
2012-09-11 12:00:00,12,1435.1,1433.0,35.58,35.61,-0.46,0.43,27.9,27.67,0.0,0.23,67,41
2012-09-11 13:00:00,13,1439.2,1448.0,35.66,35.76,-0.5,0.4,30.01,29.74,0.0,0.27,70,37
2012-09-11 14:00:00,14,1471.2,1442.0,35.05,35.41,-0.61,0.25,27.6,27.34,0.0,0.26,71,40
2012-09-11 15:00:00,15,1462.1,1440.0,37.48,37.31,-0.25,0.42,27.31,27.05,0.0,0.26,72,37
2012-09-11 16:00:00,16,1468.0,1441.0,35.63,35.57,-0.32,0.38,27.95,27.67,0.0,0.28,73,40
2012-09-11 17:00:00,17,1476.3,1446.0,37.79,37.43,-0.07,0.43,28.38,28.09,0.0,0.29,72,39
2012-09-11 18:00:00,18,1448.4,1441.0,35.17,35.22,-0.42,0.37,28.8,28.54,0.0,0.26,71,40
2012-09-11 19:00:00,19,1473.5,1486.0,40.69,40.77,-0.5,0.42,33.98,33.7,0.0,0.28,63,49
2012-09-11 20:00:00,20,1429.8,1441.0,33.36,33.15,-0.21,0.42,31.0,30.74,0.0,0.26,57,49
2012-09-11 21:00:00,21,1317.2,1312.0,29.87,29.53,0.0,0.34,27.1,26.94,0.0,0.16,54,50
2012-09-11 22:00:00,22,1188.4,1154.0,28.48,28.24,0.0,0.24,27.31,27.19,0.0,0.12,51,48
2012-09-11 23:00:00,23,1046.2,1028.0,26.9,26.7,0.0,0.2,22.78,22.72,0.0,0.06,50,47
2012-09-12 00:00:00,0,987.5,947.0,24.47,24.37,0.01,0.09,26.07,25.98,0.0,0.09,47,45
2012-09-12 01:00:00,1,946.0,908.0,22.21,22.12,0.0,0.09,25.15,25.05,0.0,0.1,46,45
2012-09-12 02:00:00,2,938.3,885.0,19.38,19.27,0.01,0.1,25.88,25.74,0.0,0.14,46,44
2012-09-12 03:00:00,3,917.4,883.0,18.14,18.06,0.0,0.08,25.84,25.7,0.0,0.14,45,43
2012-09-12 04:00:00,4,945.2,913.0,19.82,19.73,0.0,0.09,25.12,24.98,0.0,0.14,43,42
2012-09-12 05:00:00,5,1029.6,1020.0,24.81,24.62,0.0,0.19,28.53,28.25,0.0,0.28,42,41
2012-09-12 06:00:00,6,1185.6,1194.0,29.22,29.81,-0.95,0.36,35.45,35.06,0.0,0.39,42,41
2012-09-12 07:00:00,7,1324.4,1284.0,31.11,31.1,-0.5,0.51,39.08,38.5,0.0,0.58,42,40
2012-09-12 08:00:00,8,1388.3,1323.0,31.8,32.14,-0.82,0.48,28.48,28.11,0.0,0.37,46,45
2012-09-12 09:00:00,9,1445.1,1365.0,34.54,34.35,-0.28,0.47,27.58,27.2,0.0,0.38,53,48
2012-09-12 10:00:00,10,1514.7,1420.0,41.05,38.75,1.72,0.58,35.12,34.6,0.0,0.52,60,48
2012-09-12 11:00:00,11,1542.6,1457.0,45.41,40.4,4.56,0.45,41.31,40.76,0.0,0.55,66,50
2012-09-12 12:00:00,12,1565.6,1477.0,51.02,44.98,5.53,0.51,40.4,39.9,0.0,0.5,71,48
2012-09-12 13:00:00,13,1601.6,1497.0,50.43,48.28,1.65,0.5,38.28,37.78,0.0,0.5,75,51
2012-09-12 14:00:00,14,1619.9,1499.0,52.28,49.68,2.04,0.56,33.77,33.43,0.0,0.34,76,48
2012-09-12 15:00:00,15,1628.0,1499.0,53.32,51.57,1.25,0.5,35.16,34.86,0.0,0.3,77,48
2012-09-12 16:00:00,16,1633.5,1505.0,52.81,51.25,1.1,0.46,40.59,40.31,0.0,0.28,77,48
2012-09-12 17:00:00,17,1620.5,1503.0,49.0,44.49,4.04,0.47,39.84,39.59,0.0,0.25,76,48
2012-09-12 18:00:00,18,1607.4,1494.0,43.42,40.38,2.6,0.44,38.29,38.02,0.0,0.27,75,50
2012-09-12 19:00:00,19,1609.0,1537.0,52.2,46.27,5.33,0.6,49.19,48.9,0.0,0.29,68,55
2012-09-12 20:00:00,20,1553.3,1489.0,42.71,39.11,3.09,0.51,38.63,38.37,0.0,0.26,62,55
2012-09-12 21:00:00,21,1465.6,1353.0,35.02,33.89,0.53,0.6,29.05,28.84,0.0,0.21,61,54
2012-09-12 22:00:00,22,1299.2,1197.0,31.33,30.86,0.0,0.47,25.69,25.5,0.0,0.19,58,53
2012-09-12 23:00:00,23,1141.6,1068.0,28.09,28.64,-0.9,0.35,23.84,23.73,0.0,0.11,56,53
2012-09-13 00:00:00,0,1057.8,983.0,26.88,26.48,0.0,0.4,24.61,24.44,0.0,0.17,54,52
2012-09-13 01:00:00,1,1011.4,936.0,24.65,24.31,0.0,0.34,22.6,22.45,0.0,0.15,52,50
2012-09-13 02:00:00,2,979.7,913.0,20.23,19.96,0.0,0.27,19.82,19.66,0.0,0.16,51,49
2012-09-13 03:00:00,3,968.0,909.0,19.09,18.84,0.0,0.25,23.55,23.35,0.0,0.2,49,47
2012-09-13 04:00:00,4,993.0,938.0,23.11,22.77,0.0,0.34,20.29,20.1,0.0,0.19,48,47
2012-09-13 05:00:00,5,1070.2,1045.0,26.93,26.54,0.0,0.39,26.29,25.96,0.0,0.33,47,45
2012-09-13 06:00:00,6,1238.6,1210.0,28.92,29.31,-0.81,0.42,32.7,32.27,0.0,0.43,47,45
2012-09-13 07:00:00,7,1362.5,1304.0,31.16,31.42,-0.74,0.48,31.29,30.93,0.0,0.36,47,45
2012-09-13 08:00:00,8,1413.3,1360.0,32.27,32.65,-0.84,0.46,34.45,34.06,0.0,0.39,51,51
2012-09-13 09:00:00,9,1470.9,1415.0,33.48,33.39,-0.42,0.51,37.23,36.9,0.0,0.33,54,54
2012-09-13 10:00:00,10,1538.0,1479.0,37.53,37.13,0.0,0.4,35.61,35.33,0.0,0.28,63,55
2012-09-13 11:00:00,11,1580.4,1530.0,43.57,43.14,0.0,0.43,40.94,40.62,0.0,0.32,71,56
2012-09-13 12:00:00,12,1614.3,1561.0,47.17,49.1,-2.4,0.47,39.22,38.93,0.0,0.29,76,58
2012-09-13 13:00:00,13,1637.8,1601.0,47.78,51.76,-4.47,0.49,44.15,43.81,0.0,0.34,80,59
2012-09-13 14:00:00,14,1674.5,1610.0,48.21,51.96,-4.23,0.48,48.62,48.32,0.0,0.3,81,55
2012-09-13 15:00:00,15,1676.8,1618.0,51.26,55.07,-4.23,0.42,49.5,49.17,0.0,0.33,82,55
2012-09-13 16:00:00,16,1690.6,1622.0,52.78,52.81,-0.46,0.43,53.45,53.24,0.0,0.21,82,58
2012-09-13 17:00:00,17,1659.5,1609.0,39.78,40.33,-0.76,0.21,47.18,47.01,0.0,0.17,83,54
2012-09-13 18:00:00,18,1601.3,1585.0,32.21,32.14,-0.18,0.25,42.19,42.02,0.0,0.17,80,57
2012-09-13 19:00:00,19,1670.0,1619.0,44.9,44.51,0.0,0.39,67.76,67.4,0.0,0.36,74,58
2012-09-13 20:00:00,20,1612.6,1569.0,34.09,33.75,0.0,0.34,47.12,46.83,0.0,0.29,68,60
2012-09-13 21:00:00,21,1482.2,1430.0,29.76,29.54,-0.03,0.25,38.84,38.69,0.0,0.15,65,58
2012-09-13 22:00:00,22,1331.4,1265.0,28.08,28.0,-0.1,0.18,33.21,33.14,0.0,0.07,62,58
2012-09-13 23:00:00,23,1182.0,1123.0,27.71,27.78,-0.28,0.21,26.97,26.91,0.0,0.06,58,57
2012-09-14 00:00:00,0,1061.5,1028.0,25.62,25.48,0.0,0.14,25.4,25.39,0.0,0.01,59,57
2012-09-14 01:00:00,1,1007.5,974.0,24.89,24.7,0.0,0.19,25.06,25.01,0.0,0.05,56,54
2012-09-14 02:00:00,2,985.9,943.0,23.4,23.03,0.14,0.23,25.12,25.05,0.0,0.07,54,53
2012-09-14 03:00:00,3,984.2,935.0,23.04,22.65,0.12,0.27,24.85,24.75,0.0,0.1,53,52
2012-09-14 04:00:00,4,1027.4,960.0,23.63,23.14,0.19,0.3,23.94,23.78,0.0,0.16,52,51
2012-09-14 05:00:00,5,1109.9,1062.0,25.34,25.05,0.0,0.29,27.61,27.39,0.0,0.22,52,51
2012-09-14 06:00:00,6,1365.5,1223.0,27.47,27.6,-0.51,0.38,35.42,35.11,0.0,0.31,51,50
2012-09-14 07:00:00,7,1406.9,1323.0,27.32,27.89,-0.66,0.09,38.74,38.5,0.0,0.24,50,50
2012-09-14 08:00:00,8,1460.3,1389.0,28.15,28.86,-0.8,0.09,37.84,37.83,0.0,0.01,55,55
2012-09-14 09:00:00,9,1522.1,1450.0,30.92,30.86,0.0,0.06,31.85,31.86,0.0,-0.01,59,57
2012-09-14 10:00:00,10,1581.7,1514.0,35.29,35.1,0.0,0.19,35.71,35.68,0.0,0.03,67,58
2012-09-14 11:00:00,11,1645.4,1563.0,37.96,37.72,0.0,0.24,41.29,41.24,0.0,0.05,73,59
2012-09-14 12:00:00,12,1671.8,1598.0,38.68,38.74,-0.3,0.24,41.71,41.62,0.0,0.09,77,60
2012-09-14 13:00:00,13,1681.3,1636.0,41.11,41.17,-0.25,0.19,46.62,46.57,0.0,0.05,80,59
2012-09-14 14:00:00,14,1674.0,1646.0,39.82,40.15,-0.44,0.11,45.95,45.91,0.0,0.04,81,58
2012-09-14 15:00:00,15,1673.0,1647.0,42.09,42.52,-0.54,0.11,63.65,63.53,0.0,0.12,82,58
2012-09-14 16:00:00,16,1682.6,1638.0,39.75,40.88,-1.21,0.08,36.35,36.27,0.0,0.08,82,58
2012-09-14 17:00:00,17,1643.6,1602.0,38.89,39.17,-0.3,0.02,35.78,35.75,0.0,0.03,81,58
2012-09-14 18:00:00,18,1633.2,1565.0,31.93,32.1,-0.46,0.29,30.24,30.12,0.0,0.12,78,58
2012-09-14 19:00:00,19,1714.9,1591.0,40.07,39.89,-0.11,0.29,30.32,30.14,0.0,0.18,73,54
2012-09-14 20:00:00,20,1604.1,1554.0,32.57,32.42,-0.15,0.3,34.27,33.99,0.0,0.28,67,55
2012-09-14 21:00:00,21,1480.2,1470.0,30.64,30.35,-0.02,0.31,46.76,46.43,0.0,0.33,65,57
2012-09-14 22:00:00,22,1308.0,1327.0,28.2,28.14,-0.13,0.19,35.88,35.71,0.0,0.17,64,57
2012-09-14 23:00:00,23,1169.1,1194.0,28.05,28.03,-0.18,0.2,31.71,31.43,0.0,0.28,63,58
2012-09-15 00:00:00,0,1060.7,1089.0,27.09,26.85,0.0,0.24,46.5,46.1,0.0,0.4,62,58
2012-09-15 01:00:00,1,1008.1,1032.0,25.9,25.65,0.0,0.25,43.48,43.0,0.0,0.48,61,59
2012-09-15 02:00:00,2,948.7,991.0,25.08,24.83,0.0,0.25,33.93,33.48,0.0,0.45,60,58
2012-09-15 03:00:00,3,956.2,973.0,23.56,23.33,0.0,0.23,49.64,49.02,0.0,0.62,59,58
2012-09-15 04:00:00,4,940.3,978.0,23.32,23.1,0.0,0.22,37.01,36.46,0.0,0.55,58,57
2012-09-15 05:00:00,5,971.2,1016.0,22.92,22.73,0.0,0.19,54.9,54.25,0.0,0.65,58,57
2012-09-15 06:00:00,6,1035.8,1080.0,24.86,24.6,0.0,0.26,44.18,43.63,0.0,0.55,60,58
2012-09-15 07:00:00,7,1118.0,1162.0,24.75,25.47,-0.98,0.26,26.85,26.54,0.0,0.31,59,58
2012-09-15 08:00:00,8,1222.0,1266.0,24.84,25.91,-1.36,0.29,25.44,25.16,0.0,0.28,61,57
2012-09-15 09:00:00,9,1291.5,1337.0,28.24,29.91,-1.97,0.3,28.07,27.78,0.0,0.29,63,52
2012-09-15 10:00:00,10,1324.0,1366.0,32.16,33.46,-1.56,0.26,33.69,33.42,0.0,0.27,66,51
2012-09-15 11:00:00,11,1301.4,1370.0,32.8,34.07,-1.5,0.23,37.47,37.08,0.0,0.39,67,47
2012-09-15 12:00:00,12,1283.6,1358.0,27.54,29.24,-1.94,0.24,33.99,33.63,0.0,0.36,67,46
2012-09-15 13:00:00,13,1275.1,1337.0,27.01,28.72,-1.92,0.21,25.74,25.42,0.0,0.32,68,45
2012-09-15 14:00:00,14,1247.7,1326.0,28.22,29.68,-1.65,0.19,25.2,24.93,0.0,0.27,69,45
2012-09-15 15:00:00,15,1249.8,1316.0,27.92,29.72,-1.97,0.17,25.94,25.7,0.0,0.24,72,44
2012-09-15 16:00:00,16,1269.2,1318.0,29.82,31.72,-2.07,0.17,26.38,26.14,0.0,0.24,69,44
2012-09-15 17:00:00,17,1238.5,1327.0,27.59,29.89,-2.44,0.14,27.06,26.85,0.0,0.21,68,44
2012-09-15 18:00:00,18,1239.8,1327.0,25.76,29.0,-3.36,0.12,29.25,28.97,0.0,0.28,65,40
2012-09-15 19:00:00,19,1327.2,1368.0,33.79,37.16,-3.59,0.22,37.13,36.74,0.0,0.39,62,43
2012-09-15 20:00:00,20,1257.0,1329.0,25.98,29.15,-3.34,0.17,31.04,30.69,0.0,0.35,57,44
2012-09-15 21:00:00,21,1166.0,1233.0,26.41,27.61,-1.36,0.16,32.41,32.1,0.0,0.31,55,44
2012-09-15 22:00:00,22,1034.2,1110.0,26.03,25.93,-0.02,0.12,27.47,27.2,0.0,0.27,55,45
2012-09-15 23:00:00,23,927.9,1009.0,25.36,25.24,0.0,0.12,26.34,26.09,0.0,0.25,48,46
2012-09-16 00:00:00,0,958.6,933.0,26.92,26.42,0.0,0.5,27.4,27.11,0.0,0.29,46,44
2012-09-16 01:00:00,1,908.8,886.0,25.12,24.65,0.0,0.47,24.41,24.14,0.0,0.27,46,45
2012-09-16 02:00:00,2,890.8,861.0,22.46,22.01,0.0,0.45,22.22,21.96,0.0,0.26,43,42
2012-09-16 03:00:00,3,877.8,840.0,21.62,20.83,0.34,0.45,17.18,16.95,0.0,0.23,42,41
2012-09-16 04:00:00,4,878.6,847.0,21.15,20.46,0.24,0.45,19.31,19.06,0.0,0.25,41,40
2012-09-16 05:00:00,5,903.5,874.0,21.72,20.9,0.36,0.46,21.89,21.6,0.0,0.29,39,38
2012-09-16 06:00:00,6,953.9,912.0,22.69,22.96,-0.79,0.52,22.73,22.44,0.0,0.29,40,38
2012-09-16 07:00:00,7,1019.6,986.0,23.89,24.92,-1.59,0.56,23.57,23.21,0.0,0.36,38,37
2012-09-16 08:00:00,8,1096.8,1099.0,25.04,28.05,-3.56,0.55,24.64,24.29,0.0,0.35,48,46
2012-09-16 09:00:00,9,1160.9,1179.0,29.11,29.62,-1.07,0.56,25.44,25.1,0.0,0.34,54,44
2012-09-16 10:00:00,10,1232.4,1214.0,31.07,31.16,-0.71,0.62,25.98,25.66,0.0,0.32,56,42
2012-09-16 11:00:00,11,1248.6,1232.0,32.75,32.85,-0.73,0.63,28.33,27.99,0.0,0.34,60,41
2012-09-16 12:00:00,12,1261.8,1242.0,35.06,35.05,-0.6,0.61,27.8,27.46,0.0,0.34,62,39
2012-09-16 13:00:00,13,1221.7,1242.0,35.29,35.13,-0.38,0.54,26.56,26.25,0.0,0.31,65,36
2012-09-16 14:00:00,14,1217.1,1233.0,32.09,32.15,-0.59,0.53,27.0,26.7,0.0,0.3,65,37
2012-09-16 15:00:00,15,1218.3,1235.0,32.03,32.11,-0.61,0.53,26.78,26.47,0.0,0.31,67,36
2012-09-16 16:00:00,16,1248.7,1261.0,37.79,37.91,-0.75,0.63,31.67,31.3,0.0,0.37,68,36
2012-09-16 17:00:00,17,1266.7,1301.0,33.56,34.1,-1.04,0.5,33.94,33.6,0.0,0.34,68,34
2012-09-16 18:00:00,18,1305.3,1319.0,33.04,33.71,-1.24,0.57,36.57,36.19,0.0,0.38,66,33
2012-09-16 19:00:00,19,1360.9,1370.0,40.34,40.46,-0.99,0.87,48.6,48.08,0.0,0.52,60,34
2012-09-16 20:00:00,20,1322.6,1309.0,33.64,34.3,-1.33,0.67,34.92,34.54,0.0,0.38,51,39
2012-09-16 21:00:00,21,1211.0,1190.0,30.09,29.48,0.0,0.61,28.41,28.12,0.0,0.29,46,43
2012-09-16 22:00:00,22,1098.4,1055.0,27.22,26.78,0.0,0.44,25.41,25.2,0.0,0.21,46,42
2012-09-16 23:00:00,23,997.8,958.0,27.38,26.84,0.0,0.54,24.43,24.21,0.0,0.22,43,41
2012-09-17 00:00:00,0,913.5,900.0,23.38,24.43,-1.3,0.25,22.81,22.65,0.0,0.16,41,40
2012-09-17 01:00:00,1,881.0,860.0,21.98,21.73,0.0,0.25,21.42,21.26,0.0,0.16,41,39
2012-09-17 02:00:00,2,899.5,851.0,19.27,18.98,0.0,0.29,20.91,20.69,0.0,0.22,38,37
2012-09-17 03:00:00,3,904.3,854.0,18.7,18.41,0.0,0.29,20.66,20.45,0.0,0.21,37,36
2012-09-17 04:00:00,4,931.1,887.0,20.68,20.31,0.03,0.34,20.18,19.97,0.0,0.21,35,34
2012-09-17 05:00:00,5,1016.1,1004.0,28.1,26.89,0.88,0.33,23.87,23.37,0.22,0.28,36,35
2012-09-17 06:00:00,6,1243.0,1185.0,28.01,28.86,-1.46,0.61,30.58,30.02,0.06,0.5,36,34
2012-09-17 07:00:00,7,1325.0,1288.0,25.78,27.33,-2.13,0.58,33.11,32.52,0.0,0.59,36,35
2012-09-17 08:00:00,8,1375.4,1331.0,25.34,26.14,-1.34,0.54,27.71,27.21,0.0,0.5,39,38
2012-09-17 09:00:00,9,1412.9,1365.0,28.62,29.61,-1.65,0.66,25.58,25.12,0.0,0.46,46,43
2012-09-17 10:00:00,10,1487.0,1404.0,30.5,32.81,-3.08,0.77,27.01,26.54,0.0,0.47,54,44
2012-09-17 11:00:00,11,1510.1,1431.0,34.71,36.83,-2.96,0.84,33.01,32.45,0.0,0.56,61,45
2012-09-17 12:00:00,12,1519.5,1442.0,34.87,37.79,-3.81,0.89,36.14,35.55,0.0,0.59,66,44
2012-09-17 13:00:00,13,1489.5,1459.0,34.81,38.85,-4.85,0.81,35.51,34.94,0.0,0.57,70,48
2012-09-17 14:00:00,14,1495.6,1462.0,35.42,42.76,-8.22,0.88,38.3,37.74,0.0,0.56,72,48
2012-09-17 15:00:00,15,1490.8,1462.0,34.83,44.29,-10.38,0.92,37.47,36.98,0.0,0.49,74,49
2012-09-17 16:00:00,16,1498.7,1466.0,35.14,39.46,-5.07,0.75,32.7,32.29,0.0,0.41,76,50
2012-09-17 17:00:00,17,1491.8,1479.0,34.31,39.98,-6.32,0.65,29.77,29.45,0.0,0.32,74,51
2012-09-17 18:00:00,18,1513.9,1494.0,33.72,38.37,-5.29,0.64,29.58,29.22,0.0,0.36,72,53
2012-09-17 19:00:00,19,1607.0,1544.0,40.24,49.32,-10.29,1.21,43.46,42.85,0.0,0.61,66,53
2012-09-17 20:00:00,20,1512.1,1473.0,34.52,37.52,-3.82,0.82,27.55,27.12,0.0,0.43,63,53
2012-09-17 21:00:00,21,1407.6,1336.0,26.13,28.44,-2.93,0.62,23.18,22.91,0.0,0.27,62,53
2012-09-17 22:00:00,22,1263.1,1179.0,25.87,25.85,-0.44,0.46,22.26,22.05,0.0,0.21,59,52
2012-09-17 23:00:00,23,1109.5,1052.0,28.07,27.56,0.0,0.51,21.85,21.63,0.0,0.22,58,53
2012-09-18 00:00:00,0,990.1,971.0,30.56,29.45,0.71,0.4,22.06,21.84,0.0,0.22,53,51
2012-09-18 01:00:00,1,949.5,930.0,29.22,28.03,0.73,0.46,26.08,25.77,0.0,0.31,51,50
2012-09-18 02:00:00,2,930.7,905.0,27.99,26.54,1.03,0.42,24.01,23.73,0.0,0.28,52,50
2012-09-18 03:00:00,3,925.8,903.0,27.98,26.29,1.26,0.43,25.68,25.36,0.0,0.32,50,48
2012-09-18 04:00:00,4,955.7,933.0,28.22,26.74,1.04,0.44,25.71,25.42,0.0,0.29,51,49
2012-09-18 05:00:00,5,1059.5,1034.0,31.71,30.44,0.79,0.48,25.78,25.47,0.0,0.31,50,49
2012-09-18 06:00:00,6,1364.6,1220.0,34.85,35.01,-0.93,0.77,37.59,37.07,0.0,0.52,50,48
2012-09-18 07:00:00,7,1419.6,1320.0,35.6,35.74,-0.89,0.75,38.7,38.19,0.0,0.51,50,49
2012-09-18 08:00:00,8,1416.8,1366.0,35.29,35.47,-0.94,0.76,35.23,34.76,0.0,0.47,54,53
2012-09-18 09:00:00,9,1473.8,1410.0,40.06,40.03,-0.77,0.8,34.85,34.44,0.0,0.41,59,56
2012-09-18 10:00:00,10,1502.0,1456.0,45.87,45.38,-0.32,0.81,46.48,46.13,0.0,0.35,62,57
2012-09-18 11:00:00,11,1553.7,1483.0,46.45,46.03,-0.4,0.82,42.64,42.32,0.0,0.32,65,58
2012-09-18 12:00:00,12,1563.7,1481.0,47.54,47.64,-0.91,0.81,37.48,37.27,0.0,0.21,65,59
2012-09-18 13:00:00,13,1511.8,1491.0,46.63,47.52,-1.58,0.69,36.16,35.94,0.0,0.22,65,61
2012-09-18 14:00:00,14,1509.4,1488.0,47.09,47.69,-1.3,0.7,35.93,35.69,0.0,0.24,66,61
2012-09-18 15:00:00,15,1507.6,1488.0,45.21,46.36,-1.91,0.76,38.09,37.84,0.0,0.25,66,62
2012-09-18 16:00:00,16,1511.7,1513.0,46.24,48.06,-2.54,0.72,45.93,45.7,0.0,0.23,66,64
2012-09-18 17:00:00,17,1482.1,1554.0,46.04,46.13,-0.74,0.65,52.71,53.87,-1.46,0.3,67,64
2012-09-18 18:00:00,18,1537.9,1570.0,45.63,45.85,-0.95,0.73,67.03,66.57,-0.12,0.58,68,65
2012-09-18 19:00:00,19,1638.0,1579.0,51.21,52.54,-2.38,1.05,59.4,58.92,0.0,0.48,68,66
2012-09-18 20:00:00,20,1521.0,1505.0,46.53,46.39,-0.69,0.83,52.85,52.47,0.0,0.38,70,66
2012-09-18 21:00:00,21,1390.5,1372.0,36.78,36.55,-0.41,0.64,37.35,37.13,0.0,0.22,71,65
2012-09-18 22:00:00,22,1251.0,1217.0,34.33,33.92,0.0,0.41,28.25,28.08,0.0,0.17,69,67
2012-09-18 23:00:00,23,1097.3,1111.0,34.19,34.77,-1.03,0.45,27.88,27.55,0.13,0.2,69,67
2012-09-19 00:00:00,0,1080.5,1032.0,29.93,29.65,0.0,0.28,25.73,25.57,0.0,0.16,69,68
2012-09-19 01:00:00,1,1037.2,990.0,29.75,28.46,0.97,0.32,26.4,26.3,0.0,0.1,69,68
2012-09-19 02:00:00,2,1015.3,961.0,29.5,27.51,1.66,0.33,29.06,28.95,0.0,0.11,68,66
2012-09-19 03:00:00,3,1006.8,955.0,28.63,27.1,1.21,0.32,26.76,26.64,0.0,0.12,67,64
2012-09-19 04:00:00,4,1012.1,971.0,29.31,28.44,0.52,0.35,25.8,25.67,0.0,0.13,66,65
2012-09-19 05:00:00,5,1114.7,1072.0,29.45,28.96,0.06,0.43,24.61,24.48,0.0,0.13,63,59
2012-09-19 06:00:00,6,1341.9,1261.0,34.29,33.7,0.0,0.59,27.96,27.74,0.0,0.22,61,54
2012-09-19 07:00:00,7,1451.5,1357.0,34.4,33.46,0.22,0.72,28.62,28.33,0.0,0.29,60,50
2012-09-19 08:00:00,8,1423.2,1386.0,34.35,33.85,-0.2,0.7,31.16,30.1,0.7,0.36,58,48
2012-09-19 09:00:00,9,1440.1,1400.0,38.19,37.57,-0.11,0.73,32.01,31.6,0.05,0.36,58,48
2012-09-19 10:00:00,10,1460.9,1438.0,39.59,38.93,0.0,0.66,31.55,31.28,0.0,0.27,60,47
2012-09-19 11:00:00,11,1478.1,1455.0,40.15,39.49,0.0,0.66,31.2,30.98,0.0,0.22,63,45
2012-09-19 12:00:00,12,1476.3,1453.0,40.43,39.81,0.0,0.62,31.31,31.12,0.0,0.19,65,44
2012-09-19 13:00:00,13,1475.9,1460.0,40.64,40.1,0.0,0.54,33.56,33.42,0.0,0.14,67,41
2012-09-19 14:00:00,14,1473.3,1447.0,39.93,39.32,0.0,0.61,30.82,30.66,0.0,0.16,68,40
2012-09-19 15:00:00,15,1439.6,1436.0,39.55,38.15,0.84,0.56,29.35,29.15,0.0,0.2,68,41
2012-09-19 16:00:00,16,1452.9,1434.0,37.28,35.42,1.31,0.55,27.6,27.37,0.0,0.23,68,37
2012-09-19 17:00:00,17,1413.4,1430.0,36.83,36.08,0.19,0.56,29.06,28.83,0.0,0.23,67,35
2012-09-19 18:00:00,18,1426.6,1432.0,35.46,34.7,0.21,0.55,27.2,26.98,0.0,0.22,64,37
2012-09-19 19:00:00,19,1529.2,1486.0,43.4,42.74,0.0,0.66,33.04,32.84,0.0,0.2,59,40
2012-09-19 20:00:00,20,1437.0,1428.0,37.72,37.09,0.0,0.63,30.44,30.18,0.0,0.26,55,40
2012-09-19 21:00:00,21,1299.1,1299.0,29.77,30.02,-0.68,0.43,24.74,24.61,0.0,0.13,50,42
2012-09-19 22:00:00,22,1114.2,1147.0,29.97,29.99,-0.37,0.35,14.48,14.4,0.0,0.08,47,41
2012-09-19 23:00:00,23,1002.5,1026.0,30.21,29.88,-0.02,0.35,26.23,26.07,0.0,0.16,44,40
2012-09-20 00:00:00,0,956.1,948.0,28.16,28.65,-0.56,0.07,24.78,24.63,0.0,0.15,41,40
2012-09-20 01:00:00,1,920.5,905.0,26.96,26.75,0.08,0.13,26.98,26.92,0.0,0.06,40,38
2012-09-20 02:00:00,2,902.8,883.0,26.02,25.48,0.37,0.17,25.96,25.88,0.0,0.08,39,37
2012-09-20 03:00:00,3,903.5,877.0,25.98,25.41,0.4,0.17,25.77,25.65,0.0,0.12,38,37
2012-09-20 04:00:00,4,928.2,916.0,26.23,25.92,0.1,0.21,26.3,25.51,0.63,0.16,38,36
2012-09-20 05:00:00,5,1024.9,1020.0,28.21,27.99,0.0,0.22,24.53,24.19,0.14,0.2,37,35
2012-09-20 06:00:00,6,1284.8,1208.0,31.78,31.24,0.0,0.54,30.73,30.39,0.0,0.34,36,35
2012-09-20 07:00:00,7,1324.7,1301.0,32.65,32.31,-0.06,0.4,29.19,28.88,0.0,0.31,38,37
2012-09-20 08:00:00,8,1345.7,1330.0,33.09,32.87,-0.24,0.46,27.07,26.74,0.0,0.33,41,41
2012-09-20 09:00:00,9,1371.3,1358.0,33.11,32.85,-0.2,0.46,26.98,26.64,0.0,0.34,47,42
2012-09-20 10:00:00,10,1395.9,1385.0,36.28,35.88,-0.06,0.46,29.87,29.49,0.0,0.38,54,42
2012-09-20 11:00:00,11,1407.9,1397.0,38.21,37.75,0.0,0.46,32.12,31.77,0.0,0.35,58,37
2012-09-20 12:00:00,12,1411.0,1395.0,38.41,38.01,0.0,0.4,27.83,27.52,0.0,0.31,60,37
2012-09-20 13:00:00,13,1407.0,1402.0,39.25,38.85,0.0,0.4,29.39,29.07,0.0,0.32,62,38
2012-09-20 14:00:00,14,1376.8,1387.0,39.03,38.66,0.0,0.37,34.01,33.72,0.0,0.29,64,40
2012-09-20 15:00:00,15,1370.5,1377.0,38.77,38.61,-0.18,0.34,34.61,34.4,0.0,0.21,65,39
2012-09-20 16:00:00,16,1379.7,1374.0,38.58,38.33,-0.15,0.4,32.76,32.58,0.0,0.18,65,41
2012-09-20 17:00:00,17,1340.5,1379.0,38.29,38.11,-0.04,0.22,32.42,32.25,0.0,0.17,65,42
2012-09-20 18:00:00,18,1432.4,1399.0,40.13,39.79,0.0,0.34,31.49,31.27,0.0,0.22,62,44
2012-09-20 19:00:00,19,1509.3,1463.0,44.93,44.38,0.0,0.55,39.97,39.78,0.0,0.19,56,44
2012-09-20 20:00:00,20,1389.5,1411.0,38.59,38.19,-0.03,0.43,33.11,32.93,0.0,0.18,52,43
2012-09-20 21:00:00,21,1282.0,1292.0,31.81,31.46,0.0,0.35,26.65,26.54,0.0,0.11,50,43
2012-09-20 22:00:00,22,1106.2,1137.0,30.22,30.17,-0.04,0.09,24.53,24.51,0.0,0.02,48,43
2012-09-20 23:00:00,23,958.6,1019.0,30.03,29.92,0.0,0.11,26.46,26.43,0.0,0.03,44,42
2012-09-21 00:00:00,0,964.1,940.0,26.29,26.91,-0.84,0.22,24.95,24.88,0.0,0.07,43,41
2012-09-21 01:00:00,1,928.8,900.0,24.74,24.48,0.0,0.26,21.56,21.45,0.0,0.11,42,40
2012-09-21 02:00:00,2,908.9,879.0,24.15,23.88,0.0,0.27,19.94,19.8,0.0,0.14,41,39
2012-09-21 03:00:00,3,907.2,877.0,24.13,23.86,0.0,0.27,21.38,21.22,0.0,0.16,42,41
2012-09-21 04:00:00,4,931.3,907.0,24.38,24.1,0.0,0.28,22.05,21.86,0.0,0.19,41,40
2012-09-21 05:00:00,5,1046.9,1015.0,26.53,26.62,-0.42,0.33,23.98,23.74,0.0,0.24,41,40
2012-09-21 06:00:00,6,1238.8,1197.0,29.57,29.6,-0.45,0.42,34.97,34.64,0.0,0.33,41,40
2012-09-21 07:00:00,7,1316.6,1293.0,29.76,29.8,-0.47,0.43,32.11,31.78,0.0,0.33,42,41
2012-09-21 08:00:00,8,1344.1,1330.0,31.82,31.53,-0.2,0.49,32.54,32.22,0.0,0.32,45,43
2012-09-21 09:00:00,9,1366.9,1356.0,31.81,31.71,-0.4,0.5,32.55,32.17,0.0,0.38,47,44
2012-09-21 10:00:00,10,1405.9,1376.0,31.91,31.75,-0.4,0.56,31.2,30.79,0.0,0.41,51,46
2012-09-21 11:00:00,11,1415.7,1395.0,35.43,35.05,-0.17,0.55,31.13,30.75,0.0,0.38,53,46
2012-09-21 12:00:00,12,1423.1,1391.0,36.23,35.79,-0.09,0.53,32.07,31.81,0.0,0.26,58,46
2012-09-21 13:00:00,13,1422.8,1381.0,36.91,36.51,-0.12,0.52,32.07,31.83,0.0,0.24,63,46
2012-09-21 14:00:00,14,1418.6,1372.0,35.43,35.27,-0.29,0.45,31.73,31.57,0.0,0.16,65,48
2012-09-21 15:00:00,15,1415.1,1358.0,37.68,37.55,-0.36,0.49,31.54,31.38,0.0,0.16,67,49
2012-09-21 16:00:00,16,1412.8,1358.0,37.92,37.82,-0.37,0.47,31.02,30.86,0.0,0.16,66,50
2012-09-21 17:00:00,17,1359.4,1357.0,36.75,36.66,-0.29,0.38,28.09,27.94,0.0,0.15,64,50
2012-09-21 18:00:00,18,1424.4,1369.0,36.48,36.24,-0.24,0.48,28.74,28.55,0.0,0.19,62,51
2012-09-21 19:00:00,19,1487.1,1421.0,42.51,42.24,-0.31,0.58,31.88,31.64,0.0,0.24,57,50
2012-09-21 20:00:00,20,1366.3,1367.0,34.34,34.23,-0.35,0.46,28.06,27.87,0.0,0.19,54,50
2012-09-21 21:00:00,21,1268.5,1271.0,31.0,30.68,0.0,0.32,25.32,25.23,0.0,0.09,53,50
2012-09-21 22:00:00,22,1119.8,1149.0,29.0,29.16,-0.36,0.2,25.77,25.71,0.0,0.06,50,48
2012-09-21 23:00:00,23,959.3,1027.0,28.05,28.1,-0.17,0.12,28.5,28.38,0.0,0.12,50,49
2012-09-22 00:00:00,0,972.1,939.0,25.16,25.18,-0.24,0.22,26.2,26.08,0.0,0.12,46,44
2012-09-22 01:00:00,1,918.5,891.0,25.33,25.05,0.0,0.28,24.3,24.19,0.0,0.11,44,42
2012-09-22 02:00:00,2,897.8,864.0,25.08,25.65,-0.85,0.28,24.24,24.13,0.0,0.11,44,44
2012-09-22 03:00:00,3,882.9,853.0,24.37,24.66,-0.55,0.26,23.85,23.74,0.0,0.11,45,45
2012-09-22 04:00:00,4,890.5,862.0,24.99,25.66,-0.92,0.25,24.39,24.29,0.0,0.1,46,45
2012-09-22 05:00:00,5,922.6,904.0,25.08,24.78,0.0,0.3,24.61,24.47,0.0,0.14,46,46
2012-09-22 06:00:00,6,999.5,972.0,26.42,26.36,-0.27,0.33,26.14,26.03,0.0,0.11,47,47
2012-09-22 07:00:00,7,1072.7,1066.0,26.81,26.95,-0.38,0.24,19.36,19.3,0.0,0.06,47,47
2012-09-22 08:00:00,8,1150.6,1177.0,29.0,29.06,-0.24,0.18,21.48,21.38,0.0,0.1,50,49
2012-09-22 09:00:00,9,1264.5,1250.0,29.66,29.65,-0.34,0.35,23.69,23.57,0.0,0.12,52,50
2012-09-22 10:00:00,10,1301.5,1271.0,35.42,35.07,0.0,0.35,23.45,23.33,0.0,0.12,55,51
2012-09-22 11:00:00,11,1320.0,1272.0,36.56,36.18,0.0,0.38,24.75,24.62,0.0,0.13,58,52
2012-09-22 12:00:00,12,1328.9,1266.0,38.28,37.98,0.0,0.3,24.04,23.93,0.0,0.11,61,53
2012-09-22 13:00:00,13,1323.7,1253.0,37.43,37.13,0.0,0.3,24.5,24.41,0.0,0.09,67,55
2012-09-22 14:00:00,14,1315.4,1245.0,38.61,38.38,0.0,0.23,25.51,25.46,0.0,0.05,70,56
2012-09-22 15:00:00,15,1322.3,1247.0,39.53,39.26,0.02,0.25,25.22,25.19,0.0,0.03,71,56
2012-09-22 16:00:00,16,1338.6,1258.0,40.4,40.19,-0.06,0.27,27.78,27.73,0.0,0.05,72,57
2012-09-22 17:00:00,17,1344.0,1283.0,37.67,37.4,0.0,0.27,28.56,28.53,0.0,0.03,70,57
2012-09-22 18:00:00,18,1385.7,1314.0,37.77,37.49,0.0,0.28,28.16,28.11,0.0,0.05,69,58
2012-09-22 19:00:00,19,1416.0,1361.0,42.67,42.36,0.0,0.31,33.09,33.05,0.0,0.04,65,59
2012-09-22 20:00:00,20,1304.1,1316.0,38.07,37.94,0.0,0.13,34.02,33.97,0.0,0.05,64,59
2012-09-22 21:00:00,21,1216.3,1231.0,31.17,31.0,0.0,0.17,25.19,25.08,0.0,0.11,63,59
2012-09-22 22:00:00,22,1109.5,1119.0,29.19,29.11,0.0,0.08,24.52,24.43,0.0,0.09,63,59
2012-09-22 23:00:00,23,1006.2,1019.0,27.97,27.8,-0.09,0.26,24.0,23.82,0.0,0.18,63,60
2012-09-23 00:00:00,0,984.6,942.0,26.41,26.09,0.0,0.32,30.66,30.52,0.0,0.14,64,59
2012-09-23 01:00:00,1,935.4,894.0,25.36,25.03,0.0,0.33,26.94,26.76,0.0,0.18,62,59
2012-09-23 02:00:00,2,878.1,865.0,22.85,22.51,0.0,0.34,23.3,23.14,0.0,0.16,60,59
2012-09-23 03:00:00,3,864.6,856.0,22.47,22.16,0.0,0.31,23.37,23.2,0.0,0.17,60,59
2012-09-23 04:00:00,4,866.8,860.0,21.81,21.5,0.0,0.31,23.15,23.0,0.0,0.15,60,59
2012-09-23 05:00:00,5,882.6,886.0,22.32,21.97,0.0,0.35,23.52,23.37,0.0,0.15,58,57
2012-09-23 06:00:00,6,939.3,913.0,13.55,14.14,-0.81,0.22,22.98,22.86,0.0,0.12,57,56
2012-09-23 07:00:00,7,999.7,988.0,19.11,19.82,-0.93,0.22,23.28,23.13,0.0,0.15,56,54
2012-09-23 08:00:00,8,1076.4,1098.0,24.59,24.58,-0.2,0.21,22.55,22.36,0.0,0.19,57,53
2012-09-23 09:00:00,9,1193.8,1184.0,28.82,28.78,-0.27,0.31,22.26,22.03,0.0,0.23,59,50
2012-09-23 10:00:00,10,1239.0,1220.0,28.82,28.55,-0.09,0.36,22.58,22.34,0.0,0.24,59,45
2012-09-23 11:00:00,11,1273.4,1237.0,29.02,28.63,0.0,0.39,22.8,22.56,0.0,0.24,62,45
2012-09-23 12:00:00,12,1216.7,1241.0,28.72,28.41,0.0,0.31,13.97,13.85,0.0,0.12,65,44
2012-09-23 13:00:00,13,1209.9,1231.0,28.74,28.46,0.0,0.28,23.01,22.81,0.0,0.2,66,41
2012-09-23 14:00:00,14,1200.0,1223.0,28.7,28.45,0.0,0.25,23.67,23.52,0.0,0.15,66,39
2012-09-23 15:00:00,15,1204.3,1220.0,28.74,28.47,0.0,0.27,22.37,22.2,0.0,0.17,67,38
2012-09-23 16:00:00,16,1207.7,1253.0,28.69,28.41,0.0,0.28,24.27,24.05,0.0,0.22,66,38
2012-09-23 17:00:00,17,1235.0,1292.0,28.73,28.68,-0.22,0.27,28.22,28.0,0.0,0.22,65,38
2012-09-23 18:00:00,18,1356.2,1323.0,32.13,32.66,-0.91,0.38,34.79,34.47,0.0,0.32,63,41
2012-09-23 19:00:00,19,1388.2,1372.0,38.45,38.77,-0.65,0.33,43.41,43.01,0.0,0.4,58,41
2012-09-23 20:00:00,20,1286.9,1303.0,27.98,28.91,-1.16,0.23,32.08,31.83,0.0,0.25,56,42
2012-09-23 21:00:00,21,1180.9,1183.0,29.23,29.01,0.0,0.22,25.09,24.95,0.0,0.14,51,43
2012-09-23 22:00:00,22,1043.3,1070.0,26.72,27.74,-1.16,0.14,23.32,23.27,0.0,0.05,44,42
2012-09-23 23:00:00,23,946.7,970.0,25.71,25.5,0.0,0.21,24.04,23.91,0.0,0.13,45,42
2012-09-24 00:00:00,0,874.2,894.0,23.2,23.08,0.0,0.12,22.89,22.75,0.0,0.14,42,40
2012-09-24 01:00:00,1,841.3,849.0,22.21,22.0,0.0,0.21,15.08,14.99,0.0,0.09,41,40
2012-09-24 02:00:00,2,844.8,837.0,20.02,19.82,0.0,0.2,18.65,18.47,0.0,0.18,39,37
2012-09-24 03:00:00,3,836.2,841.0,21.28,21.04,0.0,0.24,22.54,22.34,0.0,0.2,38,37
2012-09-24 04:00:00,4,867.3,878.0,21.94,21.66,0.0,0.28,23.3,23.08,0.0,0.22,38,36
2012-09-24 05:00:00,5,978.3,980.0,24.47,24.09,0.0,0.38,23.45,23.18,0.0,0.27,35,34
2012-09-24 06:00:00,6,1205.4,1174.0,29.28,28.73,-0.04,0.59,31.43,30.94,0.0,0.49,36,34
2012-09-24 07:00:00,7,1306.7,1278.0,30.11,30.09,-0.26,0.28,28.7,28.26,0.0,0.44,35,34
2012-09-24 08:00:00,8,1349.2,1326.0,30.99,30.91,-0.21,0.29,29.42,28.92,0.0,0.5,41,39
2012-09-24 09:00:00,9,1385.5,1355.0,35.18,34.91,-0.05,0.32,37.97,37.35,0.0,0.62,48,42
2012-09-24 10:00:00,10,1415.6,1392.0,37.57,37.25,-0.03,0.35,30.43,29.89,0.0,0.54,53,41
2012-09-24 11:00:00,11,1417.7,1397.0,36.08,35.67,0.0,0.41,29.56,29.09,0.0,0.47,58,40
2012-09-24 12:00:00,12,1421.6,1408.0,36.98,36.45,0.0,0.53,29.39,28.93,0.0,0.46,60,42
2012-09-24 13:00:00,13,1417.0,1429.0,35.79,35.31,0.0,0.48,29.49,29.03,0.0,0.46,59,39
2012-09-24 14:00:00,14,1398.3,1390.0,34.3,33.84,0.0,0.46,28.65,28.23,0.0,0.42,63,36
2012-09-24 15:00:00,15,1387.7,1375.0,36.4,35.9,0.0,0.5,28.55,28.14,0.0,0.41,61,37
2012-09-24 16:00:00,16,1372.1,1372.0,34.3,33.84,0.0,0.46,30.12,29.66,0.0,0.46,61,39
2012-09-24 17:00:00,17,1384.5,1401.0,31.77,31.36,0.0,0.41,29.88,29.46,0.0,0.42,62,37
2012-09-24 18:00:00,18,1490.7,1439.0,40.39,39.84,0.0,0.55,33.84,33.35,0.0,0.49,62,37
2012-09-24 19:00:00,19,1525.4,1489.0,46.27,45.61,0.0,0.66,37.87,37.34,0.0,0.53,52,43
2012-09-24 20:00:00,20,1441.1,1408.0,34.06,33.95,-0.35,0.46,26.35,26.0,0.0,0.35,48,44
2012-09-24 21:00:00,21,1319.9,1281.0,31.22,30.71,0.0,0.51,27.73,27.29,0.0,0.44,43,42
2012-09-24 22:00:00,22,1127.5,1125.0,28.83,28.47,-0.05,0.41,22.69,22.42,0.0,0.27,42,40
2012-09-24 23:00:00,23,972.4,1010.0,26.04,25.73,0.0,0.31,20.62,20.35,0.0,0.27,41,39
2012-09-25 00:00:00,0,966.2,935.0,23.12,22.82,0.0,0.3,18.96,18.75,0.0,0.21,37,36
2012-09-25 01:00:00,1,928.8,891.0,19.89,19.58,0.0,0.31,17.21,17.01,0.0,0.2,38,36
2012-09-25 02:00:00,2,911.8,873.0,18.21,17.92,0.0,0.29,15.0,14.81,0.0,0.19,36,35
2012-09-25 03:00:00,3,918.2,876.0,15.48,15.22,0.0,0.26,9.88,9.75,0.0,0.13,36,35
2012-09-25 04:00:00,4,940.0,909.0,18.23,17.91,0.0,0.32,12.71,12.52,0.0,0.19,33,32
2012-09-25 05:00:00,5,1043.7,1030.0,23.32,22.88,0.0,0.44,16.62,16.34,0.0,0.28,33,31
2012-09-25 06:00:00,6,1270.9,1217.0,26.47,25.84,0.0,0.63,28.64,28.13,0.0,0.51,34,33
2012-09-25 07:00:00,7,1325.2,1313.0,27.32,26.87,-0.09,0.54,33.51,32.94,0.0,0.57,33,32
2012-09-25 08:00:00,8,1352.2,1344.0,29.68,29.19,0.0,0.49,29.73,29.24,0.0,0.49,38,36
2012-09-25 09:00:00,9,1386.2,1363.0,29.58,29.03,0.0,0.55,32.03,31.52,0.0,0.51,48,43
2012-09-25 10:00:00,10,1417.7,1390.0,30.02,29.46,0.0,0.56,30.78,30.25,0.0,0.53,56,43
2012-09-25 11:00:00,11,1430.8,1403.0,29.09,28.48,0.0,0.61,27.45,26.96,0.0,0.49,62,42
2012-09-25 12:00:00,12,1440.0,1400.0,29.68,29.12,0.0,0.56,27.54,27.08,0.0,0.46,65,42
2012-09-25 13:00:00,13,1445.6,1407.0,31.98,31.39,0.0,0.59,29.49,29.07,0.0,0.42,69,38
2012-09-25 14:00:00,14,1443.7,1394.0,29.5,28.93,0.0,0.57,29.32,28.8,0.13,0.39,71,39
2012-09-25 15:00:00,15,1440.9,1390.0,30.96,30.52,-0.14,0.58,28.32,27.83,0.12,0.37,71,37
2012-09-25 16:00:00,16,1455.7,1397.0,32.16,31.66,-0.07,0.57,29.4,28.78,0.25,0.37,70,40
2012-09-25 17:00:00,17,1458.2,1413.0,32.08,31.56,0.0,0.52,29.91,29.24,0.33,0.34,70,41
2012-09-25 18:00:00,18,1497.8,1455.0,33.05,32.85,-0.31,0.51,30.15,29.66,0.17,0.32,67,42
2012-09-25 19:00:00,19,1533.2,1506.0,42.55,41.94,0.0,0.61,32.87,32.55,0.0,0.32,59,45
2012-09-25 20:00:00,20,1460.4,1426.0,31.92,31.37,0.0,0.55,28.96,28.64,0.0,0.32,53,46
2012-09-25 21:00:00,21,1342.6,1296.0,28.87,28.33,-0.02,0.56,26.36,26.01,0.06,0.29,53,45
2012-09-25 22:00:00,22,1200.5,1145.0,25.84,26.89,-1.5,0.45,23.94,23.67,0.0,0.27,54,45
2012-09-25 23:00:00,23,1049.7,1028.0,25.33,24.94,0.0,0.39,25.67,25.36,0.0,0.31,56,47
2012-09-26 00:00:00,0,982.4,949.0,24.52,25.84,-1.75,0.43,23.46,23.21,0.0,0.25,57,48
2012-09-26 01:00:00,1,943.6,909.0,22.57,23.17,-1.02,0.42,17.92,17.74,0.0,0.18,56,49
2012-09-26 02:00:00,2,923.0,889.0,20.95,21.28,-0.73,0.4,20.53,20.3,0.0,0.23,57,51
2012-09-26 03:00:00,3,921.0,885.0,20.06,20.11,-0.41,0.36,20.26,20.02,0.0,0.24,56,51
2012-09-26 04:00:00,4,947.3,918.0,20.7,20.98,-0.69,0.41,21.57,21.32,0.0,0.25,56,52
2012-09-26 05:00:00,5,1051.8,1028.0,24.72,25.45,-1.29,0.56,21.88,21.61,0.0,0.27,55,52
2012-09-26 06:00:00,6,1329.4,1224.0,29.68,28.94,-0.07,0.81,23.62,23.27,0.0,0.35,55,53
2012-09-26 07:00:00,7,1411.8,1342.0,31.25,30.69,-0.34,0.9,28.13,27.59,0.0,0.54,56,54
2012-09-26 08:00:00,8,1428.3,1379.0,32.68,31.89,0.0,0.79,30.41,29.91,0.0,0.5,57,55
2012-09-26 09:00:00,9,1485.1,1408.0,34.1,33.28,0.0,0.82,34.17,33.69,0.0,0.48,58,56
2012-09-26 10:00:00,10,1523.7,1441.0,35.19,34.29,0.0,0.9,34.88,34.42,0.0,0.46,60,57
2012-09-26 11:00:00,11,1487.6,1464.0,35.99,35.17,0.0,0.82,38.12,37.62,0.05,0.45,64,58
2012-09-26 12:00:00,12,1498.0,1463.0,37.06,36.23,0.0,0.83,36.55,36.18,0.0,0.37,68,58
2012-09-26 13:00:00,13,1465.0,1466.0,38.34,37.19,0.34,0.81,29.24,28.88,0.0,0.36,70,58
2012-09-26 14:00:00,14,1464.8,1450.0,39.14,38.37,0.09,0.68,34.77,34.41,0.03,0.33,70,57
2012-09-26 15:00:00,15,1459.4,1440.0,38.09,37.46,0.0,0.63,31.5,31.13,0.11,0.26,70,58
2012-09-26 16:00:00,16,1476.9,1455.0,38.04,37.5,-0.16,0.7,31.74,31.49,0.0,0.25,69,58
2012-09-26 17:00:00,17,1477.8,1492.0,37.18,36.51,0.0,0.67,37.03,36.73,0.0,0.3,68,59
2012-09-26 18:00:00,18,1581.1,1534.0,39.27,38.46,0.05,0.76,35.09,34.76,0.0,0.33,67,59
2012-09-26 19:00:00,19,1623.0,1543.0,44.19,43.33,0.0,0.86,29.4,29.14,0.0,0.26,66,58
2012-09-26 20:00:00,20,1465.7,1462.0,36.77,36.04,0.0,0.73,34.72,34.45,0.0,0.27,65,58
2012-09-26 21:00:00,21,1339.4,1336.0,31.04,30.39,-0.07,0.72,26.45,26.21,0.0,0.24,64,58
2012-09-26 22:00:00,22,1198.2,1179.0,28.97,28.51,-0.14,0.6,22.5,22.39,0.0,0.11,62,58
2012-09-26 23:00:00,23,1065.0,1062.0,27.39,26.83,0.0,0.56,22.23,22.11,0.0,0.12,59,57
2012-09-27 00:00:00,0,1028.1,982.0,26.01,25.7,0.0,0.31,24.11,24.0,0.0,0.11,58,57
2012-09-27 01:00:00,1,980.8,937.0,25.36,24.87,0.14,0.35,24.53,24.37,0.0,0.16,57,56
2012-09-27 02:00:00,2,960.3,909.0,24.23,23.48,0.47,0.28,23.99,23.85,0.0,0.14,58,58
2012-09-27 03:00:00,3,958.4,909.0,24.23,23.48,0.47,0.28,23.96,23.82,0.0,0.14,59,59
2012-09-27 04:00:00,4,983.1,934.0,24.3,23.97,0.0,0.33,23.83,23.67,0.0,0.16,59,58
2012-09-27 05:00:00,5,1084.5,1043.0,26.06,25.64,0.0,0.42,26.38,26.19,0.0,0.19,58,56
2012-09-27 06:00:00,6,1282.2,1229.0,30.53,30.0,0.0,0.53,41.19,40.96,0.0,0.23,54,49
2012-09-27 07:00:00,7,1353.2,1315.0,31.3,30.77,0.0,0.53,34.59,34.32,0.0,0.27,52,49
2012-09-27 08:00:00,8,1380.4,1347.0,32.39,32.03,-0.23,0.59,34.68,34.36,0.0,0.32,55,45
2012-09-27 09:00:00,9,1408.1,1376.0,33.11,32.65,-0.19,0.65,35.64,35.32,0.0,0.32,57,44
2012-09-27 10:00:00,10,1433.3,1401.0,34.89,34.37,-0.17,0.69,34.93,34.69,0.0,0.24,59,41
2012-09-27 11:00:00,11,1411.3,1409.0,34.71,34.32,-0.27,0.66,36.02,35.8,0.0,0.22,61,41
2012-09-27 12:00:00,12,1416.1,1403.0,34.44,34.07,-0.25,0.62,36.65,36.41,0.0,0.24,63,40
2012-09-27 13:00:00,13,1413.6,1405.0,35.18,34.8,-0.21,0.59,40.01,39.93,-0.19,0.27,64,39
2012-09-27 14:00:00,14,1405.8,1387.0,34.89,34.53,-0.21,0.57,36.78,36.89,-0.37,0.26,64,40
2012-09-27 15:00:00,15,1386.1,1377.0,33.02,32.79,-0.27,0.5,41.32,41.77,-0.62,0.17,64,39
2012-09-27 16:00:00,16,1411.6,1376.0,32.71,32.7,-0.51,0.52,37.51,37.83,-0.42,0.1,65,40
2012-09-27 17:00:00,17,1378.4,1382.0,32.51,32.37,-0.31,0.45,34.91,35.1,-0.29,0.1,63,40
2012-09-27 18:00:00,18,1425.7,1421.0,33.68,33.57,-0.25,0.36,35.92,35.92,-0.19,0.19,61,39
2012-09-27 19:00:00,19,1463.5,1471.0,36.34,36.38,-0.41,0.37,37.5,37.5,-0.19,0.19,55,40
2012-09-27 20:00:00,20,1388.4,1403.0,33.37,33.15,-0.17,0.39,33.4,33.75,-0.54,0.19,49,43
2012-09-27 21:00:00,21,1275.8,1285.0,29.84,29.62,-0.12,0.34,29.62,29.5,0.0,0.12,46,43
2012-09-27 22:00:00,22,1105.0,1142.0,28.17,27.92,0.0,0.25,27.95,27.85,0.0,0.1,45,41
2012-09-27 23:00:00,23,980.5,1020.0,26.91,26.73,0.0,0.18,37.82,37.73,0.0,0.09,43,41
2012-09-28 00:00:00,0,1009.7,941.0,27.63,27.43,0.0,0.2,25.17,25.14,0.0,0.03,42,40
2012-09-28 01:00:00,1,967.6,897.0,25.92,25.64,0.0,0.28,25.06,24.97,0.0,0.09,40,38
2012-09-28 02:00:00,2,944.0,876.0,24.07,23.83,0.0,0.24,24.92,24.83,0.0,0.09,39,37
2012-09-28 03:00:00,3,944.6,873.0,24.29,23.94,0.0,0.35,24.29,24.18,0.0,0.11,38,37
2012-09-28 04:00:00,4,969.0,903.0,24.03,23.76,0.0,0.27,24.53,24.4,0.0,0.13,38,37
2012-09-28 05:00:00,5,1066.1,1008.0,26.03,25.67,0.0,0.36,25.54,25.33,0.0,0.21,42,40
2012-09-28 06:00:00,6,1259.5,1192.0,30.9,31.22,-0.92,0.6,40.14,39.67,0.0,0.47,43,41
2012-09-28 07:00:00,7,1363.4,1303.0,31.88,32.08,-0.8,0.6,35.63,34.5,0.8,0.33,44,42
2012-09-28 08:00:00,8,1382.5,1350.0,31.78,31.9,-0.52,0.4,39.54,39.34,0.0,0.2,45,43
2012-09-28 09:00:00,9,1436.1,1382.0,35.13,34.95,-0.27,0.45,42.57,42.34,0.0,0.23,46,44
2012-09-28 10:00:00,10,1459.6,1408.0,35.92,35.71,-0.28,0.49,41.87,41.63,0.0,0.24,47,45
2012-09-28 11:00:00,11,1430.4,1417.0,34.6,34.56,-0.37,0.41,41.68,41.4,0.0,0.28,48,46
2012-09-28 12:00:00,12,1413.0,1410.0,33.91,33.91,-0.42,0.42,41.19,40.96,0.0,0.23,49,47
2012-09-28 13:00:00,13,1403.7,1409.0,34.73,34.76,-0.36,0.33,39.42,39.15,0.0,0.27,50,48
2012-09-28 14:00:00,14,1394.1,1393.0,33.54,33.58,-0.39,0.35,35.05,34.8,0.0,0.25,51,50
2012-09-28 15:00:00,15,1350.4,1389.0,31.4,31.64,-0.51,0.27,38.88,38.62,0.0,0.26,51,50
2012-09-28 16:00:00,16,1365.6,1410.0,31.87,32.84,-1.23,0.26,35.53,35.28,0.0,0.25,52,50
2012-09-28 17:00:00,17,1328.5,1433.0,31.57,32.41,-1.07,0.23,34.87,34.62,0.0,0.25,51,50
2012-09-28 18:00:00,18,1412.0,1454.0,34.8,34.82,-0.3,0.28,41.4,41.14,0.0,0.26,51,50
2012-09-28 19:00:00,19,1431.2,1439.0,37.03,37.3,-0.55,0.28,32.16,31.97,0.0,0.19,51,50
2012-09-28 20:00:00,20,1343.8,1370.0,32.49,32.87,-0.63,0.25,33.57,33.35,0.0,0.22,51,50
2012-09-28 21:00:00,21,1220.1,1271.0,29.28,29.14,0.0,0.14,35.32,35.23,0.0,0.09,51,50
2012-09-28 22:00:00,22,1094.2,1152.0,28.22,28.06,-0.12,0.28,53.0,52.93,0.0,0.07,51,50
2012-09-28 23:00:00,23,963.1,1031.0,25.93,25.97,-0.22,0.18,31.71,31.59,0.0,0.12,51,50
2012-09-29 00:00:00,0,1000.6,941.0,29.01,28.86,0.0,0.15,32.11,32.07,0.0,0.04,51,50
2012-09-29 01:00:00,1,962.2,893.0,25.97,25.77,0.0,0.2,25.64,25.59,0.0,0.05,51,50
2012-09-29 02:00:00,2,939.8,863.0,25.98,25.8,0.0,0.18,36.34,36.26,0.0,0.08,51,50
2012-09-29 03:00:00,3,901.8,852.0,25.25,25.04,0.0,0.21,40.98,40.87,0.0,0.11,51,50
2012-09-29 04:00:00,4,910.3,860.0,25.14,24.94,0.0,0.2,24.92,24.83,0.0,0.09,50,49
2012-09-29 05:00:00,5,916.2,902.0,24.81,24.59,0.0,0.22,29.46,29.36,0.0,0.1,50,48
2012-09-29 06:00:00,6,997.4,981.0,25.32,25.15,0.0,0.17,43.95,43.72,0.0,0.23,50,49
2012-09-29 07:00:00,7,1067.6,1074.0,26.51,26.31,0.0,0.2,24.87,24.69,0.0,0.18,49,48
2012-09-29 08:00:00,8,1208.8,1189.0,29.44,29.03,0.0,0.41,25.07,24.88,0.0,0.19,50,49
2012-09-29 09:00:00,9,1302.8,1261.0,33.08,33.45,-0.77,0.4,28.8,28.6,0.0,0.2,50,49
2012-09-29 10:00:00,10,1339.4,1290.0,34.78,35.01,-0.65,0.42,25.69,25.5,0.0,0.19,51,50
2012-09-29 11:00:00,11,1270.6,1291.0,31.44,32.3,-1.19,0.33,25.06,24.85,0.0,0.21,52,51
2012-09-29 12:00:00,12,1242.0,1274.0,28.75,28.47,0.0,0.28,24.94,24.72,0.0,0.22,53,51
2012-09-29 13:00:00,13,1191.6,1251.0,26.92,26.9,-0.22,0.24,24.68,24.45,0.0,0.23,54,51
2012-09-29 14:00:00,14,1210.6,1229.0,25.39,25.26,-0.11,0.24,23.89,23.68,0.0,0.21,55,51
2012-09-29 15:00:00,15,1206.1,1221.0,25.51,25.69,-0.41,0.23,20.29,20.1,0.0,0.19,56,52
2012-09-29 16:00:00,16,1237.8,1237.0,26.15,27.02,-1.11,0.24,22.3,22.1,0.0,0.2,57,52
2012-09-29 17:00:00,17,1217.8,1277.0,30.09,31.09,-1.19,0.19,25.03,24.83,0.0,0.2,58,52
2012-09-29 18:00:00,18,1310.2,1319.0,34.53,34.37,-0.07,0.23,26.55,26.37,0.02,0.16,56,52
2012-09-29 19:00:00,19,1340.1,1329.0,41.37,41.34,-0.25,0.28,31.57,31.38,0.08,0.11,55,52
2012-09-29 20:00:00,20,1234.5,1274.0,32.15,32.01,0.0,0.14,28.68,28.56,0.05,0.07,54,51
2012-09-29 21:00:00,21,1148.2,1190.0,28.08,27.98,0.0,0.1,27.7,27.64,0.0,0.06,54,51
2012-09-29 22:00:00,22,1046.6,1084.0,28.24,28.12,0.02,0.1,25.65,25.59,0.0,0.06,54,51
2012-09-29 23:00:00,23,945.1,979.0,27.59,27.44,0.0,0.15,24.15,24.08,0.0,0.07,53,52
2012-09-30 00:00:00,0,928.9,903.0,26.75,26.67,0.0,0.08,24.52,24.43,0.0,0.09,54,51
2012-09-30 01:00:00,1,880.6,856.0,25.81,25.71,0.0,0.1,24.74,24.68,0.0,0.06,54,51
2012-09-30 02:00:00,2,860.5,827.0,24.85,24.73,0.0,0.12,22.9,22.82,0.0,0.08,54,51
2012-09-30 03:00:00,3,838.4,816.0,24.62,24.44,0.0,0.18,21.36,21.28,0.0,0.08,53,52
2012-09-30 04:00:00,4,823.1,821.0,23.43,23.27,0.0,0.16,23.39,23.29,0.0,0.1,53,51
2012-09-30 05:00:00,5,810.2,850.0,23.38,23.21,0.0,0.17,24.5,24.37,0.0,0.13,53,51
2012-09-30 06:00:00,6,867.3,904.0,25.13,24.99,0.0,0.14,26.6,26.48,0.0,0.12,53,52
2012-09-30 07:00:00,7,926.2,978.0,25.92,25.77,0.0,0.15,23.28,23.16,0.0,0.12,52,51
2012-09-30 08:00:00,8,1032.6,1095.0,28.23,27.94,0.0,0.29,25.24,25.02,0.0,0.22,53,52
2012-09-30 09:00:00,9,1127.9,1190.0,28.74,28.38,0.0,0.36,27.61,27.33,0.0,0.28,54,52
2012-09-30 10:00:00,10,1165.5,1239.0,32.13,31.8,0.0,0.33,31.5,31.18,0.0,0.32,54,51
2012-09-30 11:00:00,11,1178.3,1283.0,30.53,30.19,0.0,0.34,31.52,31.14,0.0,0.38,55,53
2012-09-30 12:00:00,12,1195.2,1294.0,32.22,31.87,0.0,0.35,30.01,29.74,0.0,0.27,55,53
2012-09-30 13:00:00,13,1191.1,1273.0,30.43,30.38,-0.16,0.21,31.06,30.88,0.0,0.18,55,54
2012-09-30 14:00:00,14,1115.9,1258.0,25.75,25.62,0.0,0.13,30.02,29.86,0.0,0.16,57,53
2012-09-30 15:00:00,15,1119.0,1249.0,26.04,26.22,-0.29,0.11,25.38,25.23,0.0,0.15,58,52
2012-09-30 16:00:00,16,1163.5,1266.0,29.25,29.4,-0.27,0.12,26.04,25.89,0.0,0.15,57,53
2012-09-30 17:00:00,17,1196.0,1309.0,30.83,31.39,-0.7,0.14,29.5,29.33,0.0,0.17,57,53
2012-09-30 18:00:00,18,1296.8,1367.0,38.94,38.67,0.0,0.27,34.76,34.58,0.0,0.18,56,52
2012-09-30 19:00:00,19,1291.9,1385.0,41.54,41.25,0.0,0.29,36.17,36.06,0.0,0.11,55,54
2012-09-30 20:00:00,20,1216.4,1307.0,35.09,34.92,0.0,0.17,28.21,28.18,0.0,0.03,52,52
2012-09-30 21:00:00,21,1118.5,1188.0,30.39,30.23,0.0,0.16,25.59,25.54,0.0,0.05,53,51
2012-09-30 22:00:00,22,1012.7,1057.0,27.77,27.48,0.0,0.29,24.35,24.25,0.0,0.1,50,49
2012-09-30 23:00:00,23,921.9,959.0,27.53,27.36,0.0,0.17,21.43,21.4,0.0,0.03,49,48
2012-10-01 00:00:00,0,846.2,896.0,24.88,24.73,0.0,0.15,16.73,16.69,0.0,0.04,48,48
2012-10-01 01:00:00,1,815.9,858.0,21.18,21.0,0.0,0.18,15.11,15.04,0.0,0.07,50,50
2012-10-01 02:00:00,2,806.4,843.0,15.4,15.22,0.0,0.18,15.15,15.05,0.0,0.1,50,49
2012-10-01 03:00:00,3,809.6,843.0,15.61,15.47,0.0,0.14,15.12,15.03,0.0,0.09,49,48
2012-10-01 04:00:00,4,840.1,885.0,20.94,20.75,0.0,0.19,16.65,16.54,0.0,0.11,47,46
2012-10-01 05:00:00,5,940.4,1004.0,25.89,26.32,-0.72,0.29,24.61,24.39,0.0,0.22,48,47
2012-10-01 06:00:00,6,1146.1,1192.0,29.89,29.48,0.0,0.41,26.51,26.3,0.0,0.21,49,48
2012-10-01 07:00:00,7,1245.6,1297.0,31.8,31.36,0.0,0.44,26.51,26.31,0.0,0.2,50,49
2012-10-01 08:00:00,8,1286.4,1335.0,32.77,32.46,0.0,0.31,28.13,27.97,0.0,0.16,51,49
2012-10-01 09:00:00,9,1359.6,1360.0,36.09,35.7,0.0,0.39,25.48,25.36,0.0,0.12,53,49
2012-10-01 10:00:00,10,1393.4,1386.0,31.85,31.41,0.0,0.44,26.79,26.7,-0.07,0.16,55,50
2012-10-01 11:00:00,11,1354.4,1403.0,29.56,30.51,-1.32,0.37,28.5,28.31,0.0,0.19,58,50
2012-10-01 12:00:00,12,1360.7,1405.0,28.64,29.73,-1.54,0.45,30.04,29.8,0.0,0.24,60,50
2012-10-01 13:00:00,13,1361.1,1406.0,29.95,29.96,-0.4,0.39,30.63,30.38,0.0,0.25,60,51
2012-10-01 14:00:00,14,1352.4,1388.0,29.44,29.55,-0.45,0.34,28.91,28.69,0.0,0.22,62,51
2012-10-01 15:00:00,15,1347.4,1381.0,29.41,29.49,-0.45,0.37,26.57,26.37,0.0,0.2,61,52
2012-10-01 16:00:00,16,1336.4,1399.0,31.21,31.32,-0.46,0.35,31.53,31.3,0.0,0.23,61,52
2012-10-01 17:00:00,17,1355.9,1441.0,32.25,32.26,-0.38,0.37,33.33,33.15,0.0,0.18,61,52
2012-10-01 18:00:00,18,1448.6,1508.0,35.1,35.03,-0.33,0.4,34.16,33.94,0.0,0.22,60,53
2012-10-01 19:00:00,19,1472.1,1517.0,39.81,39.48,-0.1,0.43,34.29,34.11,0.0,0.18,60,53
2012-10-01 20:00:00,20,1374.2,1439.0,33.81,34.22,-0.78,0.37,32.86,32.75,0.0,0.11,59,53
2012-10-01 21:00:00,21,1258.6,1309.0,29.31,28.97,0.0,0.34,24.79,24.77,0.0,0.02,57,54
2012-10-01 22:00:00,22,1116.8,1160.0,27.04,26.64,0.0,0.4,23.8,23.74,0.0,0.06,56,54
2012-10-01 23:00:00,23,939.4,1035.0,26.02,24.95,0.82,0.25,14.5,14.44,0.0,0.06,56,53
2012-10-02 00:00:00,0,900.3,950.0,25.99,26.87,-1.19,0.31,23.06,22.91,0.0,0.15,54,52
2012-10-02 01:00:00,1,857.3,907.0,25.86,25.94,-0.34,0.26,24.11,23.98,0.0,0.13,50,49
2012-10-02 02:00:00,2,841.9,886.0,23.16,22.94,0.0,0.22,22.43,22.32,0.0,0.11,49,48
2012-10-02 03:00:00,3,839.7,882.0,22.97,22.76,0.0,0.21,22.29,22.17,0.0,0.12,52,51
2012-10-02 04:00:00,4,868.8,919.0,25.23,24.97,-0.03,0.29,23.12,22.97,0.0,0.15,50,49
2012-10-02 05:00:00,5,973.3,1025.0,27.17,27.38,-0.62,0.41,25.01,24.76,0.0,0.25,50,49
2012-10-02 06:00:00,6,1219.4,1221.0,34.22,33.45,0.0,0.77,36.44,36.13,0.0,0.31,51,50
2012-10-02 07:00:00,7,1327.7,1320.0,35.01,34.42,0.0,0.59,35.91,35.69,0.0,0.22,51,50
2012-10-02 08:00:00,8,1357.7,1352.0,34.94,34.39,0.0,0.55,29.03,28.76,0.0,0.27,54,52
2012-10-02 09:00:00,9,1402.4,1380.0,34.42,33.84,0.0,0.58,34.54,34.3,0.0,0.24,58,53
2012-10-02 10:00:00,10,1446.5,1416.0,37.34,36.69,0.0,0.65,36.14,35.76,0.0,0.38,62,53
2012-10-02 11:00:00,11,1420.1,1434.0,37.44,37.01,-0.23,0.66,43.4,42.92,0.0,0.48,63,54
2012-10-02 12:00:00,12,1421.7,1430.0,35.29,34.97,-0.3,0.62,41.9,41.41,0.0,0.49,66,54
2012-10-02 13:00:00,13,1398.6,1431.0,35.5,35.21,-0.28,0.57,40.05,39.6,0.0,0.45,68,52
2012-10-02 14:00:00,14,1397.0,1417.0,35.01,34.71,-0.25,0.55,37.87,37.46,0.0,0.41,67,52
2012-10-02 15:00:00,15,1398.5,1409.0,36.06,35.65,-0.17,0.58,38.08,37.63,0.0,0.45,66,54
2012-10-02 16:00:00,16,1413.7,1424.0,37.28,36.81,-0.12,0.59,40.93,40.52,0.0,0.41,64,56
2012-10-02 17:00:00,17,1426.0,1463.0,37.34,36.9,-0.18,0.62,46.16,45.7,0.0,0.46,62,55
2012-10-02 18:00:00,18,1542.7,1518.0,40.39,39.87,-0.19,0.71,55.85,55.22,0.0,0.63,62,55
2012-10-02 19:00:00,19,1539.3,1522.0,41.78,41.21,-0.09,0.66,31.75,31.3,0.0,0.45,59,57
2012-10-02 20:00:00,20,1406.0,1443.0,37.28,37.15,-0.4,0.53,36.49,36.12,0.0,0.37,58,57
2012-10-02 21:00:00,21,1287.9,1319.0,33.42,32.81,0.0,0.61,49.38,49.05,0.0,0.33,59,58
2012-10-02 22:00:00,22,1145.7,1173.0,31.05,30.38,0.0,0.67,50.18,49.85,0.0,0.33,59,58
2012-10-02 23:00:00,23,989.5,1048.0,29.88,29.37,0.0,0.51,26.32,26.15,0.0,0.17,59,58
2012-10-03 00:00:00,0,936.8,969.0,26.5,31.92,-5.95,0.53,26.32,26.1,0.0,0.22,59,58
2012-10-03 01:00:00,1,895.3,925.0,25.86,29.94,-4.56,0.48,25.55,25.31,0.0,0.24,59,58
2012-10-03 02:00:00,2,875.5,903.0,25.12,29.34,-4.69,0.47,26.53,26.3,0.0,0.23,58,58
2012-10-03 03:00:00,3,872.2,898.0,25.15,28.0,-3.3,0.45,26.04,25.79,0.0,0.25,59,58
2012-10-03 04:00:00,4,900.5,937.0,24.53,24.12,0.0,0.41,26.67,26.3,0.0,0.37,59,58
2012-10-03 05:00:00,5,1003.1,1042.0,26.15,25.77,0.0,0.38,24.41,24.08,0.0,0.33,59,58
2012-10-03 06:00:00,6,1301.8,1245.0,34.95,34.31,0.0,0.64,29.43,28.98,0.0,0.45,58,58
2012-10-03 07:00:00,7,1376.9,1366.0,39.53,38.82,0.0,0.71,42.73,42.14,0.0,0.59,58,58
2012-10-03 08:00:00,8,1406.5,1400.0,40.79,40.26,0.0,0.53,34.19,33.86,0.0,0.33,59,58
2012-10-03 09:00:00,9,1436.8,1427.0,42.72,42.08,0.0,0.64,45.56,45.29,0.0,0.27,60,59
2012-10-03 10:00:00,10,1475.0,1453.0,44.72,44.04,-0.01,0.69,44.57,44.27,0.0,0.3,60,59
2012-10-03 11:00:00,11,1474.6,1463.0,44.7,44.13,-0.07,0.64,41.7,41.4,0.0,0.3,61,60
2012-10-03 12:00:00,12,1486.0,1456.0,43.41,42.75,-0.07,0.73,38.36,38.06,0.0,0.3,61,60
2012-10-03 13:00:00,13,1523.5,1454.0,43.95,43.19,-0.04,0.8,41.35,41.04,0.0,0.31,62,60
2012-10-03 14:00:00,14,1521.3,1434.0,43.91,43.25,-0.09,0.75,43.02,42.73,0.0,0.29,63,61
2012-10-03 15:00:00,15,1454.8,1429.0,44.44,43.87,-0.1,0.67,41.37,41.08,0.0,0.29,63,61
2012-10-03 16:00:00,16,1475.6,1447.0,44.86,44.32,-0.14,0.68,40.63,40.34,0.0,0.29,63,60
2012-10-03 17:00:00,17,1498.8,1491.0,44.09,43.58,-0.15,0.66,46.16,45.87,0.02,0.27,62,61
2012-10-03 18:00:00,18,1597.0,1542.0,47.46,46.72,-0.03,0.77,45.62,45.24,0.05,0.33,62,61
2012-10-03 19:00:00,19,1599.1,1531.0,49.65,48.95,-0.09,0.79,35.32,35.1,0.0,0.22,61,60
2012-10-03 20:00:00,20,1430.7,1457.0,43.26,42.84,-0.06,0.48,42.95,42.85,0.0,0.1,61,59
2012-10-03 21:00:00,21,1314.7,1327.0,35.45,35.51,-0.43,0.37,31.86,31.7,0.0,0.16,60,59
2012-10-03 22:00:00,22,1157.5,1180.0,33.1,32.56,0.0,0.54,29.35,29.17,0.0,0.18,60,59
2012-10-03 23:00:00,23,1031.2,1058.0,29.13,28.72,0.0,0.41,27.01,26.85,0.0,0.16,59,58
2012-10-04 00:00:00,0,994.6,971.0,27.38,27.02,0.0,0.36,27.1,26.92,0.0,0.18,60,59
2012-10-04 01:00:00,1,952.0,921.0,26.94,26.63,0.0,0.31,25.91,25.75,0.0,0.16,59,58
2012-10-04 02:00:00,2,930.7,900.0,26.93,26.62,0.0,0.31,26.56,26.37,0.0,0.19,59,58
2012-10-04 03:00:00,3,926.6,896.0,26.6,26.23,0.0,0.37,26.51,26.35,0.0,0.16,59,58
2012-10-04 04:00:00,4,957.8,935.0,26.97,26.64,0.0,0.33,26.56,26.4,0.0,0.16,59,58
2012-10-04 05:00:00,5,1058.1,1040.0,28.24,27.75,0.0,0.49,27.16,26.88,0.0,0.28,58,58
2012-10-04 06:00:00,6,1324.5,1240.0,35.69,35.07,-0.22,0.84,32.91,32.39,0.0,0.52,58,58
2012-10-04 07:00:00,7,1377.0,1358.0,38.01,37.26,0.03,0.72,41.66,40.93,0.06,0.67,58,58
2012-10-04 08:00:00,8,1390.7,1399.0,39.07,38.72,-0.3,0.65,42.19,41.56,0.09,0.54,59,58
2012-10-04 09:00:00,9,1435.0,1425.0,42.15,41.84,-0.32,0.63,44.21,43.57,0.12,0.52,59,58
2012-10-04 10:00:00,10,1472.7,1443.0,44.41,43.66,0.08,0.67,42.85,42.37,0.01,0.47,60,58
2012-10-04 11:00:00,11,1418.1,1458.0,44.16,43.52,0.08,0.56,41.53,41.07,0.0,0.46,60,58
2012-10-04 12:00:00,12,1423.7,1450.0,41.73,41.0,0.06,0.67,45.48,45.03,0.0,0.45,60,58
2012-10-04 13:00:00,13,1452.3,1451.0,43.11,42.25,0.07,0.79,42.14,41.85,0.0,0.29,60,59
2012-10-04 14:00:00,14,1441.6,1433.0,40.86,40.1,0.05,0.71,33.71,33.43,0.0,0.28,60,58
2012-10-04 15:00:00,15,1376.4,1420.0,39.14,38.79,-0.29,0.64,30.74,30.44,0.0,0.3,60,59
2012-10-04 16:00:00,16,1402.5,1435.0,39.79,39.51,-0.27,0.55,33.08,32.84,0.0,0.24,61,59
2012-10-04 17:00:00,17,1420.2,1466.0,40.16,39.68,-0.05,0.53,36.08,35.83,0.0,0.25,61,59
2012-10-04 18:00:00,18,1523.3,1521.0,42.37,41.73,0.0,0.64,37.64,37.28,0.02,0.34,60,60
2012-10-04 19:00:00,19,1522.4,1515.0,40.26,39.68,0.0,0.58,31.69,31.44,0.0,0.25,59,59
2012-10-04 20:00:00,20,1370.9,1441.0,34.12,35.1,-1.52,0.54,32.92,32.66,0.0,0.26,59,59
2012-10-04 21:00:00,21,1262.5,1325.0,32.74,33.34,-1.15,0.55,29.04,28.88,0.0,0.16,59,59
2012-10-04 22:00:00,22,1117.7,1185.0,28.89,28.37,0.0,0.52,32.71,32.49,0.0,0.22,59,59
2012-10-04 23:00:00,23,1009.0,1063.0,27.36,26.98,0.0,0.38,28.28,28.08,0.0,0.2,59,59
2012-10-05 00:00:00,0,929.5,977.0,26.75,26.37,0.0,0.38,26.77,26.62,0.0,0.15,59,59
2012-10-05 01:00:00,1,883.9,929.0,26.11,25.72,0.0,0.39,25.42,25.32,0.0,0.1,59,59
2012-10-05 02:00:00,2,862.4,901.0,24.53,24.13,0.0,0.4,23.76,23.61,0.0,0.15,59,59
2012-10-05 03:00:00,3,859.0,895.0,24.57,24.18,0.0,0.39,24.86,24.67,0.0,0.19,58,58
2012-10-05 04:00:00,4,886.1,925.0,24.91,24.5,0.0,0.41,25.68,25.44,0.0,0.24,58,58
2012-10-05 05:00:00,5,972.2,1030.0,27.37,26.96,0.0,0.41,27.04,26.71,0.0,0.33,58,57
2012-10-05 06:00:00,6,1168.9,1207.0,32.57,31.95,0.0,0.62,31.73,31.32,0.0,0.41,57,57
2012-10-05 07:00:00,7,1257.4,1310.0,32.85,32.4,0.0,0.45,34.23,33.88,0.0,0.35,57,56
2012-10-05 08:00:00,8,1291.9,1354.0,32.96,32.48,0.0,0.48,36.98,36.54,0.0,0.44,57,56
2012-10-05 09:00:00,9,1318.9,1389.0,33.52,33.21,0.0,0.31,35.2,34.9,0.0,0.3,57,56
2012-10-05 10:00:00,10,1446.9,1424.0,32.73,32.8,-0.45,0.38,33.08,32.84,0.0,0.24,60,57
2012-10-05 11:00:00,11,1455.7,1447.0,36.82,36.43,0.0,0.39,38.21,38.0,0.0,0.21,64,57
2012-10-05 12:00:00,12,1459.4,1453.0,39.61,39.23,0.0,0.38,41.19,40.98,0.0,0.21,68,58
2012-10-05 13:00:00,13,1465.0,1461.0,39.09,38.68,0.0,0.41,41.37,41.13,0.0,0.24,73,57
2012-10-05 14:00:00,14,1475.1,1447.0,40.54,40.11,0.0,0.43,40.58,40.37,0.0,0.21,75,55
2012-10-05 15:00:00,15,1412.9,1430.0,39.6,39.6,-0.38,0.38,40.84,40.7,0.0,0.14,75,54
2012-10-05 16:00:00,16,1412.7,1415.0,38.27,38.47,-0.44,0.24,37.58,37.53,0.0,0.05,76,53
2012-10-05 17:00:00,17,1423.0,1405.0,33.44,34.1,-0.87,0.21,34.73,34.72,0.0,0.01,76,54
2012-10-05 18:00:00,18,1466.6,1462.0,38.95,38.69,0.0,0.26,37.57,37.49,0.0,0.08,70,58
2012-10-05 19:00:00,19,1448.7,1479.0,40.71,40.56,-0.03,0.18,40.34,40.3,0.0,0.04,66,56
2012-10-05 20:00:00,20,1367.2,1414.0,34.06,33.92,0.0,0.14,38.92,38.99,0.0,-0.07,61,58
2012-10-05 21:00:00,21,1268.1,1318.0,32.33,32.94,-0.8,0.19,46.05,46.05,0.0,0.0,58,56
2012-10-05 22:00:00,22,1144.5,1192.0,30.07,29.74,0.0,0.33,41.96,41.74,0.0,0.22,58,56
2012-10-05 23:00:00,23,998.6,1063.0,28.41,28.07,0.03,0.31,28.7,28.5,0.0,0.2,59,56
2012-10-06 00:00:00,0,928.6,968.0,27.69,27.19,0.16,0.34,27.33,27.12,0.0,0.21,57,55
2012-10-06 01:00:00,1,872.0,912.0,27.05,27.04,-0.36,0.37,27.46,27.26,0.0,0.2,57,56
2012-10-06 02:00:00,2,845.2,880.0,26.59,26.75,-0.48,0.32,27.3,27.1,0.0,0.2,58,56
2012-10-06 03:00:00,3,832.5,866.0,26.08,26.26,-0.53,0.35,27.61,27.41,0.0,0.2,57,56
2012-10-06 04:00:00,4,838.2,872.0,26.02,26.14,-0.44,0.32,27.1,26.89,0.0,0.21,55,55
2012-10-06 05:00:00,5,876.7,907.0,26.22,26.12,-0.29,0.39,27.53,27.31,0.0,0.22,56,54
2012-10-06 06:00:00,6,959.0,981.0,27.9,27.37,0.15,0.38,26.62,26.39,0.0,0.23,55,54
2012-10-06 07:00:00,7,1037.0,1070.0,28.78,28.02,0.3,0.46,25.82,25.52,0.0,0.3,55,54
2012-10-06 08:00:00,8,1148.7,1186.0,30.85,30.74,-0.64,0.75,28.16,27.76,0.0,0.4,57,56
2012-10-06 09:00:00,9,1215.8,1264.0,32.59,33.5,-1.44,0.53,33.43,33.11,0.0,0.32,61,57
2012-10-06 10:00:00,10,1250.7,1298.0,35.87,38.38,-3.03,0.52,41.77,41.47,0.0,0.3,64,58
2012-10-06 11:00:00,11,1255.4,1308.0,35.36,39.04,-4.23,0.55,40.26,39.99,0.0,0.27,70,59
2012-10-06 12:00:00,12,1250.0,1299.0,33.59,37.19,-4.16,0.56,34.45,34.18,0.0,0.27,74,59
2012-10-06 13:00:00,13,1206.6,1289.0,31.39,34.83,-3.98,0.54,34.39,34.18,0.0,0.21,73,57
2012-10-06 14:00:00,14,1191.9,1285.0,30.29,33.97,-4.24,0.56,32.93,32.68,0.0,0.25,78,56
2012-10-06 15:00:00,15,1177.7,1288.0,29.7,33.4,-4.22,0.52,30.66,30.38,0.0,0.28,74,55
2012-10-06 16:00:00,16,1202.8,1320.0,32.33,35.36,-3.49,0.46,34.03,33.78,0.0,0.25,66,61
2012-10-06 17:00:00,17,1246.8,1348.0,38.49,40.68,-2.6,0.41,41.84,41.56,0.0,0.28,63,56
2012-10-06 18:00:00,18,1283.8,1374.0,39.74,41.36,-2.07,0.45,39.53,39.2,0.0,0.33,59,50
2012-10-06 19:00:00,19,1287.9,1359.0,39.99,41.79,-2.2,0.4,38.26,38.03,0.0,0.23,58,47
2012-10-06 20:00:00,20,1218.2,1293.0,37.03,39.93,-3.12,0.22,33.1,32.94,0.0,0.16,54,46
2012-10-06 21:00:00,21,1136.2,1206.0,32.36,33.99,-1.89,0.26,28.01,27.85,0.0,0.16,53,45
2012-10-06 22:00:00,22,1033.2,1095.0,31.13,31.31,-0.3,0.12,29.2,29.11,0.0,0.09,52,45
2012-10-06 23:00:00,23,931.7,986.0,29.22,29.3,-0.27,0.19,25.12,25.04,0.0,0.08,49,43
2012-10-07 00:00:00,0,900.2,907.0,28.65,28.95,-0.56,0.26,24.74,24.68,0.0,0.06,45,42
2012-10-07 01:00:00,1,852.6,857.0,27.97,27.7,0.0,0.27,23.35,23.32,0.0,0.03,48,39
2012-10-07 02:00:00,2,834.2,831.0,27.8,27.46,0.0,0.34,24.47,24.42,0.0,0.05,45,39
2012-10-07 03:00:00,3,792.4,819.0,27.21,26.91,0.0,0.3,26.43,26.36,0.0,0.07,42,37
2012-10-07 04:00:00,4,791.7,825.0,27.2,26.91,0.0,0.29,25.9,25.84,0.0,0.06,38,37
2012-10-07 05:00:00,5,824.6,853.0,27.61,27.29,0.0,0.32,26.32,26.26,0.0,0.06,38,37
2012-10-07 06:00:00,6,878.7,909.0,27.91,27.56,0.0,0.35,27.08,26.95,0.0,0.13,37,36
2012-10-07 07:00:00,7,968.2,993.0,28.31,27.92,0.0,0.39,19.4,19.27,0.0,0.13,35,34
2012-10-07 08:00:00,8,1053.2,1105.0,30.06,29.6,0.0,0.46,22.16,21.94,0.0,0.22,42,40
2012-10-07 09:00:00,9,1159.4,1182.0,33.24,32.79,0.0,0.45,28.15,27.8,0.0,0.35,49,41
2012-10-07 10:00:00,10,1193.6,1211.0,32.98,32.56,0.0,0.42,28.47,28.18,0.0,0.29,54,38
2012-10-07 11:00:00,11,1182.7,1217.0,33.41,33.01,0.0,0.4,28.92,28.68,0.0,0.24,54,38
2012-10-07 12:00:00,12,1177.6,1220.0,33.1,32.7,0.0,0.4,28.25,27.99,0.0,0.26,55,36
2012-10-07 13:00:00,13,1168.7,1215.0,31.97,31.56,0.0,0.41,28.3,28.03,0.0,0.27,54,36
2012-10-07 14:00:00,14,1154.4,1208.0,30.4,30.03,0.0,0.37,29.28,29.03,0.0,0.25,54,37
2012-10-07 15:00:00,15,1154.4,1216.0,29.18,28.8,0.0,0.38,28.34,28.08,0.0,0.26,55,36
2012-10-07 16:00:00,16,1198.9,1242.0,32.23,31.79,0.0,0.44,30.89,30.63,0.0,0.26,54,37
2012-10-07 17:00:00,17,1258.4,1281.0,35.76,35.33,0.0,0.43,32.17,31.87,0.0,0.3,54,36
2012-10-07 18:00:00,18,1365.2,1368.0,43.4,42.74,0.0,0.66,41.89,41.46,0.0,0.43,52,39
2012-10-07 19:00:00,19,1294.3,1363.0,43.3,42.82,0.0,0.48,36.32,35.95,0.0,0.37,49,43
2012-10-07 20:00:00,20,1251.1,1299.0,36.2,35.85,0.0,0.35,40.96,40.69,0.0,0.27,48,44
2012-10-07 21:00:00,21,1155.3,1195.0,32.21,31.84,0.0,0.37,32.2,32.01,0.0,0.19,49,42
2012-10-07 22:00:00,22,1048.0,1082.0,29.83,29.51,0.0,0.32,27.74,27.53,0.0,0.21,48,45
2012-10-07 23:00:00,23,926.2,979.0,28.1,27.84,0.0,0.26,25.58,25.39,0.0,0.19,47,45
2012-10-08 00:00:00,0,892.9,910.0,27.49,28.13,-0.89,0.25,24.3,24.22,0.0,0.08,46,45
2012-10-08 01:00:00,1,850.6,871.0,26.99,27.39,-0.59,0.19,24.47,24.43,0.0,0.04,45,43
2012-10-08 02:00:00,2,835.1,852.0,25.91,25.74,0.0,0.17,23.78,23.72,0.0,0.06,44,43
2012-10-08 03:00:00,3,826.6,851.0,25.37,25.18,0.0,0.19,24.4,24.33,0.0,0.07,43,42
2012-10-08 04:00:00,4,844.2,879.0,25.84,26.05,-0.4,0.19,23.19,23.16,0.0,0.03,39,38
2012-10-08 05:00:00,5,880.8,959.0,27.21,27.83,-0.81,0.19,23.29,23.22,0.0,0.07,39,38
2012-10-08 06:00:00,6,947.6,1102.0,30.05,29.94,0.0,0.11,28.14,28.0,0.0,0.14,41,41
2012-10-08 07:00:00,7,1086.2,1222.0,30.92,30.82,0.0,0.1,27.58,27.47,0.0,0.11,41,40
2012-10-08 08:00:00,8,1227.0,1314.0,32.65,33.96,-1.41,0.1,28.25,28.03,0.0,0.22,40,40
2012-10-08 09:00:00,9,1309.6,1371.0,34.53,34.32,0.0,0.21,29.88,29.68,0.0,0.2,44,43
2012-10-08 10:00:00,10,1381.5,1403.0,35.92,35.75,0.0,0.17,36.73,36.61,0.0,0.12,48,42
2012-10-08 11:00:00,11,1370.4,1406.0,35.57,35.37,0.0,0.2,38.33,38.31,0.0,0.02,50,40
2012-10-08 12:00:00,12,1360.8,1388.0,33.78,33.56,0.0,0.22,34.73,34.66,0.0,0.07,50,39
2012-10-08 13:00:00,13,1358.3,1371.0,32.85,32.62,0.0,0.23,32.82,32.76,0.0,0.06,51,39
2012-10-08 14:00:00,14,1342.0,1351.0,31.74,31.53,0.0,0.21,32.87,32.84,0.0,0.03,52,38
2012-10-08 15:00:00,15,1324.3,1339.0,31.56,31.36,0.0,0.2,30.94,30.88,0.0,0.06,55,36
2012-10-08 16:00:00,16,1353.2,1350.0,32.1,31.88,-0.01,0.23,35.62,35.6,0.0,0.02,55,36
2012-10-08 17:00:00,17,1377.7,1398.0,34.79,34.55,0.0,0.24,39.52,39.53,0.0,-0.01,54,37
2012-10-08 18:00:00,18,1454.6,1501.0,39.46,39.35,-0.02,0.13,40.82,40.76,0.0,0.06,51,41
2012-10-08 19:00:00,19,1418.6,1507.0,39.18,39.5,-0.41,0.09,39.08,39.03,0.0,0.05,48,42
2012-10-08 20:00:00,20,1362.9,1423.0,37.16,37.08,0.0,0.08,36.88,36.85,0.0,0.03,45,42
2012-10-08 21:00:00,21,1256.6,1297.0,34.45,35.75,-1.51,0.21,31.48,31.42,0.0,0.06,44,41
2012-10-08 22:00:00,22,1125.4,1145.0,30.06,29.86,0.0,0.2,27.73,27.7,0.0,0.03,42,40
2012-10-08 23:00:00,23,987.2,1026.0,28.35,28.84,-0.58,0.09,27.19,27.15,0.0,0.04,39,38
2012-10-09 00:00:00,0,921.6,946.0,27.65,27.96,-0.5,0.19,26.13,26.07,0.0,0.06,40,39
2012-10-09 01:00:00,1,880.2,904.0,26.27,26.77,-0.63,0.13,26.05,25.97,0.0,0.08,39,38
2012-10-09 02:00:00,2,864.2,884.0,26.2,26.44,-0.35,0.11,26.02,25.93,0.0,0.09,37,36
2012-10-09 03:00:00,3,865.4,884.0,26.16,26.41,-0.37,0.12,25.83,25.73,0.0,0.1,39,39
2012-10-09 04:00:00,4,952.8,917.0,26.48,26.59,-0.32,0.21,25.78,25.66,0.0,0.12,39,38
2012-10-09 05:00:00,5,1045.8,1037.0,28.4,28.11,0.0,0.29,25.92,25.77,0.0,0.15,40,39
2012-10-09 06:00:00,6,1248.9,1245.0,34.22,33.88,0.0,0.34,34.95,34.73,0.0,0.22,41,40
2012-10-09 07:00:00,7,1293.9,1355.0,35.15,34.9,0.0,0.25,40.38,40.2,0.0,0.18,41,40
2012-10-09 08:00:00,8,1324.1,1383.0,33.2,33.87,-1.0,0.33,36.45,36.31,0.0,0.14,42,41
2012-10-09 09:00:00,9,1343.0,1409.0,33.85,34.6,-1.04,0.29,38.11,38.1,0.0,0.01,44,42
2012-10-09 10:00:00,10,1367.1,1424.0,37.11,36.86,0.0,0.25,37.54,37.61,0.0,-0.07,46,43
2012-10-09 11:00:00,11,1403.6,1428.0,36.32,36.06,0.0,0.26,35.65,35.77,0.0,-0.12,52,45
2012-10-09 12:00:00,12,1410.8,1418.0,36.04,35.75,0.0,0.29,32.47,32.51,0.0,-0.04,54,45
2012-10-09 13:00:00,13,1410.4,1417.0,36.02,35.73,0.0,0.29,31.43,31.46,0.0,-0.03,56,44
2012-10-09 14:00:00,14,1356.5,1401.0,33.6,33.36,0.0,0.24,30.81,30.82,0.0,-0.01,55,44
2012-10-09 15:00:00,15,1347.2,1392.0,32.78,32.72,-0.17,0.23,31.0,31.0,0.0,0.0,56,45
2012-10-09 16:00:00,16,1375.0,1405.0,34.01,33.86,-0.13,0.28,32.15,32.14,0.0,0.01,55,44
2012-10-09 17:00:00,17,1405.7,1457.0,35.84,35.71,-0.11,0.24,36.85,36.87,0.0,-0.02,54,44
2012-10-09 18:00:00,18,1489.9,1539.0,43.86,43.51,0.0,0.35,52.56,52.4,0.0,0.16,52,46
2012-10-09 19:00:00,19,1460.6,1532.0,43.67,43.41,0.0,0.26,34.29,34.16,0.0,0.13,52,45
2012-10-09 20:00:00,20,1388.0,1448.0,37.62,37.5,-0.06,0.18,34.98,34.99,0.0,-0.01,50,45
2012-10-09 21:00:00,21,1269.7,1325.0,32.86,32.62,0.0,0.24,30.94,30.95,0.0,-0.01,50,45
2012-10-09 22:00:00,22,1125.7,1169.0,30.85,30.54,0.0,0.31,31.84,31.72,0.0,0.12,50,44
2012-10-09 23:00:00,23,994.6,1044.0,28.41,28.25,0.0,0.16,26.71,26.62,0.0,0.09,49,44
2012-10-10 00:00:00,0,920.0,962.0,26.94,26.66,0.0,0.28,26.46,26.36,0.0,0.1,48,43
2012-10-10 01:00:00,1,879.4,921.0,26.89,26.63,0.0,0.26,26.53,26.43,0.0,0.1,48,43
2012-10-10 02:00:00,2,852.5,897.0,26.65,26.43,0.0,0.22,26.75,26.64,0.0,0.11,48,42
2012-10-10 03:00:00,3,851.6,900.0,26.62,26.42,0.0,0.2,26.43,26.32,0.0,0.11,47,43
2012-10-10 04:00:00,4,882.4,935.0,26.93,26.73,0.0,0.2,26.75,26.58,0.0,0.17,47,43
2012-10-10 05:00:00,5,986.7,1045.0,27.67,27.37,0.0,0.3,27.09,26.86,0.0,0.23,47,42
2012-10-10 06:00:00,6,1175.0,1249.0,35.18,34.72,0.0,0.46,38.13,37.8,0.0,0.33,47,43
2012-10-10 07:00:00,7,1283.1,1362.0,34.96,34.68,0.0,0.28,41.26,41.08,0.0,0.18,48,43
2012-10-10 08:00:00,8,1348.0,1387.0,37.52,37.3,0.0,0.22,38.65,38.57,0.0,0.08,48,44
2012-10-10 09:00:00,9,1367.6,1406.0,37.95,37.73,0.0,0.22,41.3,41.25,0.0,0.05,49,46
2012-10-10 10:00:00,10,1396.2,1426.0,37.97,37.82,-0.09,0.24,43.11,43.07,0.0,0.04,49,48
2012-10-10 11:00:00,11,1403.2,1433.0,36.99,36.73,0.0,0.26,44.28,44.19,0.0,0.09,51,49
2012-10-10 12:00:00,12,1343.0,1429.0,37.03,36.9,0.0,0.13,46.75,46.69,0.0,0.06,53,51
2012-10-10 13:00:00,13,1344.2,1430.0,36.8,36.64,0.0,0.16,43.0,42.98,0.0,0.02,54,51
2012-10-10 14:00:00,14,1336.6,1418.0,35.68,35.48,0.0,0.2,43.83,43.82,0.0,0.01,54,52
2012-10-10 15:00:00,15,1329.9,1416.0,34.88,34.72,-0.02,0.18,43.03,42.99,0.0,0.04,54,52
2012-10-10 16:00:00,16,1351.1,1441.0,35.72,35.55,0.0,0.17,44.45,44.32,0.0,0.13,54,53
2012-10-10 17:00:00,17,1372.8,1494.0,36.95,36.74,0.0,0.21,44.36,44.12,0.0,0.24,54,53
2012-10-10 18:00:00,18,1455.5,1547.0,41.22,41.0,0.0,0.22,54.08,53.75,0.0,0.33,54,53
2012-10-10 19:00:00,19,1434.4,1526.0,41.6,41.43,0.0,0.17,35.47,35.27,0.0,0.2,53,52
2012-10-10 20:00:00,20,1367.1,1447.0,37.49,37.35,0.0,0.14,35.09,34.98,0.0,0.11,53,52
2012-10-10 21:00:00,21,1246.7,1319.0,33.83,33.5,0.0,0.33,38.08,38.11,0.0,-0.03,53,52
2012-10-10 22:00:00,22,1112.7,1169.0,31.06,30.67,0.0,0.39,33.22,33.19,0.0,0.03,50,50
2012-10-10 23:00:00,23,985.2,1041.0,28.2,27.94,0.0,0.26,26.68,26.61,0.0,0.07,52,49
2012-10-11 00:00:00,0,935.2,963.0,27.27,27.51,-0.39,0.15,27.23,27.18,0.0,0.05,50,44
2012-10-11 01:00:00,1,891.1,918.0,27.14,26.95,0.0,0.19,26.66,26.62,0.0,0.04,50,40
2012-10-11 02:00:00,2,875.0,896.0,26.91,26.69,0.0,0.22,23.59,23.55,0.0,0.04,48,38
2012-10-11 03:00:00,3,875.3,898.0,26.74,26.52,0.0,0.22,24.08,24.06,0.0,0.02,46,38
2012-10-11 04:00:00,4,906.5,931.0,27.16,26.98,0.0,0.18,26.55,26.5,0.0,0.05,46,36
2012-10-11 05:00:00,5,1016.0,1053.0,27.59,27.74,-0.36,0.21,26.67,26.54,0.0,0.13,45,36
2012-10-11 06:00:00,6,1208.2,1252.0,34.79,34.42,0.0,0.37,29.48,29.26,0.0,0.22,45,34
2012-10-11 07:00:00,7,1302.3,1350.0,37.15,36.69,0.0,0.46,33.17,33.04,0.0,0.13,44,34
2012-10-11 08:00:00,8,1322.6,1370.0,33.89,33.61,0.0,0.28,36.52,36.52,0.0,0.0,46,34
2012-10-11 09:00:00,9,1305.2,1379.0,34.27,34.08,0.0,0.19,35.08,35.1,0.0,-0.02,48,34
2012-10-11 10:00:00,10,1321.5,1394.0,34.99,34.8,0.0,0.19,32.1,31.99,0.0,0.11,50,33
2012-10-11 11:00:00,11,1331.0,1398.0,33.9,33.67,0.0,0.23,34.95,34.89,0.0,0.06,52,33
2012-10-11 12:00:00,12,1333.5,1382.0,33.11,32.87,0.0,0.24,34.7,34.66,0.0,0.04,55,30
2012-10-11 13:00:00,13,1330.7,1380.0,34.11,33.93,0.0,0.18,33.63,33.58,0.0,0.05,53,28
2012-10-11 14:00:00,14,1318.7,1352.0,33.18,32.93,0.0,0.25,33.95,33.91,0.0,0.04,56,29
2012-10-11 15:00:00,15,1306.2,1341.0,33.39,33.26,-0.1,0.23,32.53,32.45,0.0,0.08,56,29
2012-10-11 16:00:00,16,1326.4,1344.0,33.97,33.85,-0.1,0.22,36.67,36.67,0.0,0.0,56,31
2012-10-11 17:00:00,17,1357.1,1384.0,34.89,34.67,-0.06,0.28,40.36,40.35,0.0,0.01,54,29
2012-10-11 18:00:00,18,1420.4,1487.0,40.27,40.14,-0.11,0.24,58.12,57.99,0.0,0.13,51,32
2012-10-11 19:00:00,19,1408.2,1509.0,38.69,38.7,-0.17,0.16,38.57,38.4,0.0,0.17,46,33
2012-10-11 20:00:00,20,1356.9,1447.0,36.88,36.65,0.0,0.23,32.78,32.58,0.0,0.2,44,33
2012-10-11 21:00:00,21,1240.0,1328.0,33.04,32.82,0.0,0.22,33.38,33.3,0.0,0.08,42,34
2012-10-11 22:00:00,22,1105.6,1187.0,30.37,30.09,0.0,0.28,29.68,29.53,0.0,0.15,41,34
2012-10-11 23:00:00,23,982.3,1061.0,28.37,28.18,0.0,0.19,27.25,27.17,0.0,0.08,41,35
2012-10-12 00:00:00,0,951.7,975.0,32.38,32.01,0.0,0.37,31.93,31.74,0.0,0.19,38,35
2012-10-12 01:00:00,1,907.4,931.0,31.33,30.98,0.0,0.35,29.56,29.38,0.0,0.18,38,34
2012-10-12 02:00:00,2,891.4,910.0,30.79,30.44,0.0,0.35,29.96,29.75,0.0,0.21,40,35
2012-10-12 03:00:00,3,890.6,908.0,30.77,30.41,0.0,0.36,29.6,29.4,0.0,0.2,39,35
2012-10-12 04:00:00,4,919.1,936.0,30.72,30.35,0.0,0.37,28.05,27.9,0.0,0.15,40,35
2012-10-12 05:00:00,5,1017.9,1046.0,32.26,31.75,0.0,0.51,28.31,28.13,0.0,0.18,41,36
2012-10-12 06:00:00,6,1189.3,1249.0,37.85,37.42,0.0,0.43,35.75,35.52,0.0,0.23,41,37
2012-10-12 07:00:00,7,1299.1,1351.0,41.25,40.8,0.0,0.45,45.9,45.7,0.0,0.2,41,36
2012-10-12 08:00:00,8,1316.6,1382.0,41.82,41.6,0.0,0.22,46.18,46.02,0.0,0.16,44,37
2012-10-12 09:00:00,9,1306.5,1418.0,42.34,42.04,0.0,0.3,54.22,54.12,0.0,0.1,44,40
2012-10-12 10:00:00,10,1322.7,1440.0,41.97,41.65,0.0,0.32,55.15,54.98,0.0,0.17,44,37
2012-10-12 11:00:00,11,1325.8,1431.0,41.75,41.46,0.0,0.29,42.22,42.04,0.0,0.18,46,35
2012-10-12 12:00:00,12,1323.1,1408.0,41.17,40.84,0.0,0.33,37.49,37.29,0.0,0.2,47,33
2012-10-12 13:00:00,13,1312.2,1389.0,40.94,40.6,0.0,0.34,46.81,46.66,0.0,0.15,51,33
2012-10-12 14:00:00,14,1263.5,1359.0,40.67,40.38,0.0,0.29,38.86,38.85,0.0,0.01,48,27
2012-10-12 15:00:00,15,1250.5,1338.0,39.87,39.62,0.0,0.25,36.09,36.04,0.0,0.05,51,25
2012-10-12 16:00:00,16,1263.2,1345.0,41.35,41.17,0.0,0.18,35.8,35.74,0.0,0.06,50,23
2012-10-12 17:00:00,17,1285.4,1381.0,42.5,42.29,0.0,0.21,38.28,38.25,0.0,0.03,46,24
2012-10-12 18:00:00,18,1368.5,1472.0,46.84,46.54,0.0,0.3,46.26,46.11,0.0,0.15,45,25
2012-10-12 19:00:00,19,1358.2,1478.0,44.93,45.03,-0.35,0.25,40.86,40.79,0.0,0.07,42,23
2012-10-12 20:00:00,20,1322.2,1423.0,41.97,41.73,0.0,0.24,42.42,42.44,0.0,-0.02,40,22
2012-10-12 21:00:00,21,1238.9,1338.0,39.33,39.09,0.0,0.24,36.86,36.86,0.0,0.0,38,21
2012-10-12 22:00:00,22,1145.4,1216.0,37.01,36.47,0.0,0.54,34.67,34.54,0.0,0.13,36,22
2012-10-12 23:00:00,23,1011.2,1097.0,34.65,34.21,0.0,0.44,32.82,32.66,0.0,0.16,35,22
2012-10-13 00:00:00,0,977.5,1010.0,34.01,33.62,0.0,0.39,30.78,30.69,0.0,0.09,34,23
2012-10-13 01:00:00,1,934.2,964.0,30.23,29.92,0.0,0.31,29.93,29.85,0.0,0.08,33,23
2012-10-13 02:00:00,2,919.5,940.0,29.76,29.46,0.0,0.3,28.88,28.8,0.0,0.08,28,23
2012-10-13 03:00:00,3,909.4,929.0,29.23,28.9,0.0,0.33,27.81,27.77,0.0,0.04,28,23
2012-10-13 04:00:00,4,919.3,937.0,30.17,29.83,0.0,0.34,28.67,28.6,0.0,0.07,25,23
2012-10-13 05:00:00,5,955.3,991.0,31.32,30.92,0.0,0.4,28.14,28.06,0.0,0.08,25,23
2012-10-13 06:00:00,6,1040.0,1079.0,33.11,32.69,0.08,0.34,33.06,32.97,0.0,0.09,24,22
2012-10-13 07:00:00,7,1126.5,1178.0,37.96,37.65,0.0,0.31,43.39,43.28,0.0,0.11,23,20
2012-10-13 08:00:00,8,1190.5,1272.0,41.14,40.72,0.0,0.42,74.45,74.16,0.0,0.29,27,25
2012-10-13 09:00:00,9,1212.5,1314.0,48.47,48.12,0.0,0.35,54.15,53.98,0.0,0.17,35,26
2012-10-13 10:00:00,10,1194.5,1316.0,48.74,48.51,0.0,0.23,37.52,37.49,0.0,0.03,40,25
2012-10-13 11:00:00,11,1194.2,1293.0,41.72,41.42,0.0,0.3,32.77,32.79,0.0,-0.02,45,23
2012-10-13 12:00:00,12,1145.8,1262.0,39.87,39.58,0.0,0.29,31.55,31.58,0.0,-0.03,47,22
2012-10-13 13:00:00,13,1120.2,1228.0,38.21,37.98,0.0,0.23,30.18,30.22,0.0,-0.04,49,21
2012-10-13 14:00:00,14,1104.4,1202.0,37.38,37.12,0.0,0.26,27.41,27.42,0.0,-0.01,51,21
2012-10-13 15:00:00,15,1088.4,1192.0,37.12,36.91,0.0,0.21,27.43,27.43,0.0,0.0,52,21
2012-10-13 16:00:00,16,1119.9,1214.0,37.95,37.76,0.0,0.19,28.96,28.98,0.0,-0.02,52,20
2012-10-13 17:00:00,17,1198.0,1269.0,41.67,41.44,0.0,0.23,33.76,33.81,0.0,-0.05,51,20
2012-10-13 18:00:00,18,1263.7,1370.0,49.14,48.77,0.0,0.37,47.4,47.33,0.0,0.07,47,22
2012-10-13 19:00:00,19,1230.6,1367.0,46.16,46.41,-0.49,0.24,45.58,45.54,0.0,0.04,39,29
2012-10-13 20:00:00,20,1213.8,1316.0,45.82,45.6,0.0,0.22,46.84,46.86,0.0,-0.02,37,29
2012-10-13 21:00:00,21,1131.1,1236.0,40.26,39.94,0.0,0.32,45.01,45.05,0.0,-0.04,39,30
2012-10-13 22:00:00,22,1039.3,1129.0,36.68,36.27,0.0,0.41,37.65,37.51,0.0,0.14,40,30
2012-10-13 23:00:00,23,938.6,1025.0,34.07,33.83,0.0,0.24,29.16,29.07,0.0,0.09,42,29
2012-10-14 00:00:00,0,862.9,946.0,29.95,29.76,0.0,0.19,28.95,28.9,0.0,0.05,42,30
2012-10-14 01:00:00,1,821.0,897.0,30.18,30.0,0.0,0.18,27.74,27.69,0.0,0.05,42,30
2012-10-14 02:00:00,2,803.8,875.0,28.78,28.61,0.0,0.17,28.4,28.38,0.0,0.02,41,33
2012-10-14 03:00:00,3,795.3,865.0,28.44,28.29,0.0,0.15,27.55,27.54,0.0,0.01,39,35
2012-10-14 04:00:00,4,794.8,871.0,28.45,28.29,0.0,0.16,27.62,27.58,0.0,0.04,39,37
2012-10-14 05:00:00,5,817.7,904.0,28.79,28.59,0.0,0.2,28.52,28.44,0.0,0.08,40,38
2012-10-14 06:00:00,6,881.7,967.0,29.08,28.8,0.0,0.28,28.36,28.25,0.0,0.11,40,39
2012-10-14 07:00:00,7,950.2,1046.0,30.43,30.09,0.0,0.34,27.96,27.76,0.0,0.2,41,40
2012-10-14 08:00:00,8,1068.6,1159.0,34.61,34.1,0.0,0.51,30.39,30.1,0.0,0.29,42,41
2012-10-14 09:00:00,9,1122.4,1246.0,34.26,35.27,-1.44,0.43,39.1,38.77,0.0,0.33,43,43
2012-10-14 10:00:00,10,1149.1,1290.0,36.86,38.31,-1.93,0.48,48.1,47.78,0.0,0.32,45,44
2012-10-14 11:00:00,11,1163.0,1308.0,36.94,38.31,-1.79,0.42,48.83,48.51,0.0,0.32,48,46
2012-10-14 12:00:00,12,1168.5,1317.0,37.35,38.48,-1.51,0.38,47.33,47.05,0.0,0.28,50,47
2012-10-14 13:00:00,13,1157.0,1307.0,37.01,36.68,0.0,0.33,38.87,38.6,0.0,0.27,53,49
2012-10-14 14:00:00,14,1147.1,1293.0,36.98,36.63,0.0,0.35,31.21,30.89,0.0,0.32,53,50
2012-10-14 15:00:00,15,1148.0,1289.0,36.89,36.57,0.0,0.32,33.83,33.54,0.0,0.29,54,51
2012-10-14 16:00:00,16,1201.4,1307.0,38.26,37.91,0.0,0.35,39.83,39.57,0.0,0.26,56,51
2012-10-14 17:00:00,17,1204.8,1348.0,39.73,39.46,0.0,0.27,48.31,47.99,0.0,0.32,57,51
2012-10-14 18:00:00,18,1289.5,1425.0,48.5,48.09,0.0,0.41,61.09,60.53,0.0,0.56,55,52
2012-10-14 19:00:00,19,1223.9,1414.0,45.96,45.76,0.0,0.2,48.25,47.96,0.0,0.29,51,50
2012-10-14 20:00:00,20,1238.2,1340.0,40.65,40.39,0.0,0.26,49.91,49.67,0.0,0.24,50,49
2012-10-14 21:00:00,21,1133.3,1214.0,35.14,36.74,-1.86,0.26,37.84,37.69,0.0,0.15,48,48
2012-10-14 22:00:00,22,1027.9,1090.0,34.68,34.38,0.0,0.3,31.77,31.64,0.0,0.13,46,46
2012-10-14 23:00:00,23,923.0,985.0,29.13,29.56,-0.63,0.2,30.98,30.87,0.0,0.11,46,46
2012-10-15 00:00:00,0,875.1,914.0,31.17,31.45,-0.44,0.16,29.87,29.79,0.0,0.08,46,45
2012-10-15 01:00:00,1,839.2,881.0,28.44,28.8,-0.53,0.17,29.0,28.93,0.0,0.07,50,49
2012-10-15 02:00:00,2,825.7,870.0,28.78,28.61,0.0,0.17,32.83,32.79,0.0,0.04,51,50
2012-10-15 03:00:00,3,827.4,874.0,27.95,27.79,0.0,0.16,33.19,33.13,0.0,0.06,50,49
2012-10-15 04:00:00,4,867.9,914.0,28.91,29.16,-0.45,0.2,31.46,31.36,0.0,0.1,47,47
2012-10-15 05:00:00,5,961.3,1027.0,30.31,30.49,-0.48,0.3,33.33,33.06,0.0,0.27,52,51
2012-10-15 06:00:00,6,1134.7,1239.0,34.68,34.18,0.0,0.5,62.93,62.34,0.0,0.59,53,53
2012-10-15 07:00:00,7,1254.6,1351.0,38.36,38.0,0.0,0.36,70.02,69.57,0.0,0.45,55,54
2012-10-15 08:00:00,8,1280.5,1388.0,47.42,47.21,0.0,0.21,74.49,74.21,0.0,0.28,57,55
2012-10-15 09:00:00,9,1320.5,1426.0,53.12,52.89,0.0,0.23,82.73,81.94,0.0,0.79,58,57
2012-10-15 10:00:00,10,1353.1,1451.0,50.58,50.44,0.0,0.14,52.63,52.32,0.0,0.31,60,57
2012-10-15 11:00:00,11,1364.1,1454.0,50.67,50.45,0.0,0.22,53.2,52.9,0.0,0.3,63,59
2012-10-15 12:00:00,12,1363.9,1449.0,50.78,50.59,0.0,0.19,54.83,54.58,0.0,0.25,65,59
2012-10-15 13:00:00,13,1361.9,1452.0,50.68,50.48,0.0,0.2,58.54,58.3,0.0,0.24,67,60
2012-10-15 14:00:00,14,1350.3,1437.0,50.55,50.34,0.0,0.21,70.43,70.14,0.0,0.29,69,59
2012-10-15 15:00:00,15,1331.4,1426.0,50.27,50.12,0.0,0.15,64.76,64.45,0.0,0.31,71,58
2012-10-15 16:00:00,16,1358.8,1433.0,50.57,50.31,0.0,0.26,66.21,65.8,0.0,0.41,71,58
2012-10-15 17:00:00,17,1388.7,1491.0,50.58,50.36,0.0,0.22,102.16,101.59,0.0,0.57,70,58
2012-10-15 18:00:00,18,1417.0,1577.0,53.15,52.91,0.0,0.24,189.04,184.32,3.37,1.35,68,58
2012-10-15 19:00:00,19,1415.5,1546.0,51.55,51.35,0.0,0.2,56.35,55.89,0.01,0.45,66,59
2012-10-15 20:00:00,20,1377.7,1463.0,50.27,50.09,0.0,0.18,55.61,55.25,0.01,0.35,63,61
2012-10-15 21:00:00,21,1263.9,1330.0,41.93,41.64,0.0,0.29,42.51,42.32,0.0,0.19,60,58
2012-10-15 22:00:00,22,1129.7,1175.0,35.78,35.46,0.0,0.32,31.89,31.71,0.0,0.18,59,58
2012-10-15 23:00:00,23,990.3,1051.0,31.85,31.68,0.0,0.17,33.22,33.13,0.0,0.09,59,58
2012-10-16 00:00:00,0,909.1,968.0,37.09,36.88,0.0,0.21,36.37,36.28,0.03,0.06,58,58
2012-10-16 01:00:00,1,851.8,924.0,39.44,40.4,-1.15,0.19,36.08,36.06,0.0,0.02,58,57
2012-10-16 02:00:00,2,841.4,899.0,37.72,38.01,-0.51,0.22,32.44,32.37,0.0,0.07,58,57
2012-10-16 03:00:00,3,830.6,892.0,37.62,37.76,-0.35,0.21,29.8,29.69,0.0,0.11,57,52
2012-10-16 04:00:00,4,864.6,920.0,37.82,38.78,-1.1,0.14,29.36,29.2,0.0,0.16,55,51
2012-10-16 05:00:00,5,973.0,1035.0,35.98,35.65,0.0,0.33,31.82,31.63,0.0,0.19,54,46
2012-10-16 06:00:00,6,1153.4,1232.0,38.94,41.55,-2.61,0.0,34.49,34.36,0.01,0.12,53,43
2012-10-16 07:00:00,7,1262.5,1341.0,45.0,45.83,-1.05,0.22,40.83,40.44,0.15,0.24,51,42
2012-10-16 08:00:00,8,1281.9,1358.0,44.56,45.96,-1.48,0.08,35.05,34.82,0.0,0.23,50,39
2012-10-16 09:00:00,9,1305.5,1378.0,47.16,47.06,0.0,0.1,35.3,35.12,0.0,0.18,49,36
2012-10-16 10:00:00,10,1323.2,1399.0,44.58,44.52,0.0,0.06,37.16,37.02,0.01,0.13,49,35
2012-10-16 11:00:00,11,1329.1,1402.0,45.76,45.58,0.11,0.07,45.61,45.25,0.25,0.11,50,36
2012-10-16 12:00:00,12,1331.9,1394.0,45.54,45.26,0.13,0.15,38.23,38.03,0.04,0.16,48,34
2012-10-16 13:00:00,13,1327.9,1380.0,45.8,45.62,0.07,0.11,36.64,36.42,0.02,0.2,52,33
2012-10-16 14:00:00,14,1316.9,1363.0,42.72,42.47,0.14,0.11,34.69,34.53,0.03,0.13,52,31
2012-10-16 15:00:00,15,1304.3,1349.0,42.71,42.46,0.14,0.11,31.43,31.3,0.01,0.12,52,31
2012-10-16 16:00:00,16,1328.3,1361.0,42.85,42.52,0.15,0.18,35.49,34.59,0.77,0.13,52,32
2012-10-16 17:00:00,17,1355.5,1417.0,50.87,50.32,0.42,0.13,33.88,33.25,0.59,0.04,51,33
2012-10-16 18:00:00,18,1434.8,1525.0,58.73,58.2,0.38,0.15,39.48,39.41,0.14,-0.07,47,33
2012-10-16 19:00:00,19,1394.3,1520.0,56.28,55.64,0.62,0.02,35.8,35.83,0.08,-0.11,46,33
2012-10-16 20:00:00,20,1347.4,1449.0,52.75,52.0,0.5,0.25,32.41,32.33,0.09,-0.01,45,33
2012-10-16 21:00:00,21,1242.1,1330.0,44.07,43.87,0.0,0.2,31.31,31.28,0.0,0.03,42,33
2012-10-16 22:00:00,22,1096.5,1191.0,48.12,47.81,0.01,0.3,38.98,38.85,0.18,-0.05,37,32
2012-10-16 23:00:00,23,973.9,1076.0,37.93,37.78,0.0,0.15,33.67,33.49,0.19,-0.01,36,32
2012-10-17 00:00:00,0,904.7,981.0,30.33,30.29,-0.1,0.14,32.85,32.7,0.0,0.15,37,32
2012-10-17 01:00:00,1,864.9,939.0,30.49,31.68,-1.35,0.16,29.83,29.78,0.0,0.05,32,30
2012-10-17 02:00:00,2,852.0,923.0,29.88,30.49,-0.75,0.14,27.53,27.5,0.0,0.03,31,30
2012-10-17 03:00:00,3,854.0,927.0,29.88,30.16,-0.42,0.14,27.85,27.82,0.0,0.03,31,29
2012-10-17 04:00:00,4,884.9,970.0,30.34,30.86,-0.69,0.17,29.39,29.36,0.0,0.03,29,27
2012-10-17 05:00:00,5,985.4,1082.0,33.01,32.84,0.0,0.17,30.24,30.16,0.0,0.08,33,31
2012-10-17 06:00:00,6,1212.5,1298.0,40.75,40.3,0.0,0.45,57.31,57.02,0.0,0.29,34,31
2012-10-17 07:00:00,7,1324.4,1389.0,39.44,39.08,0.0,0.36,37.97,37.86,0.0,0.11,29,28
2012-10-17 08:00:00,8,1331.8,1396.0,38.54,38.26,0.0,0.28,34.93,34.84,0.0,0.09,34,32
2012-10-17 09:00:00,9,1343.3,1401.0,44.68,44.38,0.0,0.3,33.89,33.8,0.0,0.09,43,34
2012-10-17 10:00:00,10,1350.7,1406.0,48.5,48.26,0.0,0.24,36.39,36.34,0.0,0.05,45,33
2012-10-17 11:00:00,11,1350.1,1400.0,48.02,47.76,0.0,0.26,37.94,37.95,0.0,-0.01,49,33
2012-10-17 12:00:00,12,1351.1,1389.0,46.99,46.62,0.0,0.37,37.24,37.17,0.0,0.07,54,31
2012-10-17 13:00:00,13,1307.8,1383.0,46.73,46.38,0.0,0.35,36.76,36.7,0.0,0.06,57,31
2012-10-17 14:00:00,14,1305.7,1365.0,43.81,43.49,0.0,0.32,35.5,35.42,0.0,0.08,60,29
2012-10-17 15:00:00,15,1294.8,1352.0,40.03,40.5,-0.74,0.27,33.29,33.19,0.0,0.1,61,29
2012-10-17 16:00:00,16,1317.7,1358.0,42.64,43.03,-0.71,0.32,35.29,35.18,0.0,0.11,62,30
2012-10-17 17:00:00,17,1396.7,1405.0,45.04,44.68,0.0,0.36,33.78,33.68,0.0,0.1,61,31
2012-10-17 18:00:00,18,1440.5,1516.0,53.54,53.11,0.0,0.43,144.08,144.67,-0.91,0.32,56,35
2012-10-17 19:00:00,19,1392.5,1512.0,48.5,48.29,0.0,0.21,42.03,41.93,0.0,0.1,49,38
2012-10-17 20:00:00,20,1355.1,1440.0,43.71,43.44,0.0,0.27,37.07,37.14,0.0,-0.07,44,38
2012-10-17 21:00:00,21,1233.8,1319.0,41.39,40.92,0.0,0.47,35.82,35.81,0.0,0.01,41,38
2012-10-17 22:00:00,22,1094.6,1168.0,36.52,36.04,0.0,0.48,32.09,31.91,0.0,0.18,38,37
2012-10-17 23:00:00,23,966.2,1046.0,34.84,34.52,0.0,0.32,30.39,30.24,0.0,0.15,40,38
2012-10-18 00:00:00,0,895.8,967.0,29.26,28.94,0.0,0.32,27.98,27.88,0.0,0.1,41,39
2012-10-18 01:00:00,1,852.7,928.0,28.74,28.44,0.0,0.3,27.48,27.4,0.0,0.08,41,39
2012-10-18 02:00:00,2,838.0,907.0,28.3,27.99,0.0,0.31,26.94,26.85,0.0,0.09,42,39
2012-10-18 03:00:00,3,839.9,909.0,28.12,27.81,0.0,0.31,26.51,26.43,0.0,0.08,40,38
2012-10-18 04:00:00,4,871.5,949.0,29.02,28.62,0.0,0.4,28.86,28.69,0.0,0.17,38,38
2012-10-18 05:00:00,5,973.8,1062.0,30.15,30.22,-0.49,0.42,29.09,28.86,0.0,0.23,37,37
2012-10-18 06:00:00,6,1157.7,1280.0,37.34,36.83,0.0,0.51,41.89,41.52,0.0,0.37,37,36
2012-10-18 07:00:00,7,1275.4,1375.0,36.93,36.66,0.0,0.27,46.39,46.18,0.0,0.21,36,35
2012-10-18 08:00:00,8,1280.3,1385.0,36.65,36.57,-0.1,0.18,44.16,44.06,0.0,0.1,37,37
2012-10-18 09:00:00,9,1310.8,1392.0,35.95,36.57,-0.82,0.2,34.05,33.88,0.0,0.17,44,40
2012-10-18 10:00:00,10,1339.2,1401.0,34.23,35.08,-1.12,0.27,38.72,38.55,0.0,0.17,49,41
2012-10-18 11:00:00,11,1340.7,1404.0,34.38,35.36,-1.23,0.25,38.39,38.28,0.0,0.11,56,39
2012-10-18 12:00:00,12,1331.3,1390.0,38.31,38.83,-0.85,0.33,38.2,38.02,0.0,0.18,60,40
2012-10-18 13:00:00,13,1326.8,1385.0,38.83,39.3,-0.8,0.33,37.75,37.59,0.0,0.16,63,38
2012-10-18 14:00:00,14,1321.3,1368.0,36.14,36.76,-0.96,0.34,35.0,34.86,0.0,0.14,63,36
2012-10-18 15:00:00,15,1303.0,1352.0,36.05,36.87,-1.07,0.25,33.3,33.13,0.0,0.17,65,36
2012-10-18 16:00:00,16,1302.0,1359.0,38.43,38.81,-0.6,0.22,32.73,32.61,0.0,0.12,64,37
2012-10-18 17:00:00,17,1335.1,1403.0,39.23,39.79,-0.74,0.18,33.13,33.05,0.0,0.08,63,39
2012-10-18 18:00:00,18,1425.5,1506.0,49.84,49.38,0.0,0.46,55.24,54.94,0.0,0.3,57,45
2012-10-18 19:00:00,19,1379.4,1502.0,46.64,46.47,0.0,0.17,51.7,51.46,0.0,0.24,53,46
2012-10-18 20:00:00,20,1351.7,1431.0,39.5,39.41,-0.03,0.12,40.07,40.01,0.0,0.06,51,45
2012-10-18 21:00:00,21,1241.5,1315.0,36.16,35.81,0.0,0.35,32.04,31.95,0.0,0.09,49,45
2012-10-18 22:00:00,22,1098.0,1168.0,34.05,33.7,0.0,0.35,29.68,29.56,0.0,0.12,47,44
2012-10-18 23:00:00,23,971.5,1047.0,29.96,29.71,0.0,0.25,28.25,28.18,0.0,0.07,44,43
2012-10-19 00:00:00,0,898.4,963.0,28.95,28.79,0.0,0.16,27.02,27.0,0.0,0.02,44,43
2012-10-19 01:00:00,1,854.2,923.0,28.03,27.76,0.0,0.27,27.57,27.46,0.0,0.11,48,46
2012-10-19 02:00:00,2,834.8,900.0,27.17,27.01,0.0,0.16,26.99,26.87,0.0,0.12,48,47
2012-10-19 03:00:00,3,845.4,898.0,27.02,26.83,0.0,0.19,26.93,26.8,0.0,0.13,49,47
2012-10-19 04:00:00,4,867.4,927.0,28.03,27.76,0.0,0.27,25.82,25.72,0.0,0.1,50,48
2012-10-19 05:00:00,5,961.5,1035.0,29.72,29.44,0.0,0.28,25.98,25.84,0.0,0.14,51,49
2012-10-19 06:00:00,6,1254.7,1236.0,38.21,37.84,0.0,0.37,32.2,32.09,0.0,0.11,50,48
2012-10-19 07:00:00,7,1374.5,1355.0,44.0,43.69,0.0,0.31,38.13,38.12,0.0,0.01,53,52
2012-10-19 08:00:00,8,1376.0,1390.0,43.69,43.45,0.0,0.24,40.05,40.04,0.0,0.01,53,52
2012-10-19 09:00:00,9,1417.8,1425.0,45.63,45.34,0.0,0.29,47.63,47.68,0.0,-0.05,54,53
2012-10-19 10:00:00,10,1453.2,1449.0,46.34,47.04,-0.97,0.27,49.66,49.77,0.0,-0.11,55,53
2012-10-19 11:00:00,11,1445.9,1455.0,44.64,44.63,-0.26,0.27,41.73,41.92,0.0,-0.19,57,54
2012-10-19 12:00:00,12,1422.2,1437.0,45.03,44.68,0.0,0.35,42.08,42.22,0.0,-0.14,60,55
2012-10-19 13:00:00,13,1409.6,1429.0,45.07,44.61,0.0,0.46,43.85,43.97,0.0,-0.12,59,55
2012-10-19 14:00:00,14,1376.8,1420.0,42.64,42.32,0.0,0.32,37.15,37.23,0.0,-0.08,62,54
2012-10-19 15:00:00,15,1360.0,1419.0,41.16,40.9,0.0,0.26,38.75,38.79,0.0,-0.04,61,57
2012-10-19 16:00:00,16,1384.7,1434.0,43.82,43.48,0.0,0.34,45.53,45.57,0.0,-0.04,60,58
2012-10-19 17:00:00,17,1446.0,1478.0,45.13,44.87,0.0,0.26,53.97,54.09,0.0,-0.12,59,57
2012-10-19 18:00:00,18,1437.2,1512.0,52.91,53.52,-0.81,0.2,56.16,56.44,0.0,-0.28,59,58
2012-10-19 19:00:00,19,1343.3,1467.0,45.15,45.23,0.0,-0.08,38.2,38.47,0.0,-0.27,59,58
2012-10-19 20:00:00,20,1305.7,1401.0,40.17,40.24,0.0,-0.07,33.37,33.56,0.0,-0.19,59,59
2012-10-19 21:00:00,21,1209.5,1308.0,35.25,35.19,0.0,0.06,33.56,33.74,0.0,-0.18,60,59
2012-10-19 22:00:00,22,1089.5,1182.0,34.04,33.66,0.0,0.38,31.81,31.81,0.0,0.0,60,60
2012-10-19 23:00:00,23,962.9,1056.0,30.98,30.72,0.0,0.26,26.55,26.55,0.0,0.0,61,61
2012-10-20 00:00:00,0,918.8,972.0,39.16,39.09,0.0,0.07,33.72,33.71,0.0,0.01,60,60
2012-10-20 01:00:00,1,929.7,920.0,35.75,35.65,0.0,0.1,28.72,28.76,0.0,-0.04,62,62
2012-10-20 02:00:00,2,913.0,890.0,32.38,32.25,0.0,0.13,27.34,27.36,0.0,-0.02,64,63
2012-10-20 03:00:00,3,910.2,881.0,31.12,30.99,0.0,0.13,27.56,27.64,0.0,-0.08,64,63
2012-10-20 04:00:00,4,918.7,894.0,30.26,30.1,0.0,0.16,27.78,27.83,0.0,-0.05,64,63
2012-10-20 05:00:00,5,933.3,929.0,30.06,29.92,0.0,0.14,28.79,28.79,0.0,0.0,64,63
2012-10-20 06:00:00,6,1000.5,1013.0,32.9,32.68,0.0,0.22,29.35,29.32,0.0,0.03,64,63
2012-10-20 07:00:00,7,1057.2,1111.0,32.76,32.71,0.0,0.05,29.19,29.18,0.0,0.01,63,63
2012-10-20 08:00:00,8,1114.1,1215.0,46.44,46.5,0.0,-0.06,36.83,36.84,0.0,-0.01,63,63
2012-10-20 09:00:00,9,1173.3,1296.0,54.96,55.1,0.0,-0.14,58.94,59.01,0.0,-0.07,64,63
2012-10-20 10:00:00,10,1209.7,1326.0,55.89,56.04,0.0,-0.15,50.16,50.29,0.0,-0.13,65,64
2012-10-20 11:00:00,11,1184.8,1329.0,54.78,54.93,0.0,-0.15,46.32,46.34,0.0,-0.02,68,63
2012-10-20 12:00:00,12,1173.9,1311.0,54.97,54.94,0.0,0.03,56.49,56.51,0.0,-0.02,69,61
2012-10-20 13:00:00,13,1152.3,1290.0,46.8,46.75,0.0,0.05,42.21,42.24,0.0,-0.03,73,56
2012-10-20 14:00:00,14,1125.6,1265.0,42.57,42.58,0.0,-0.01,34.25,34.26,0.0,-0.01,72,55
2012-10-20 15:00:00,15,1123.2,1246.0,41.13,41.12,0.0,0.01,28.61,28.62,0.0,-0.01,74,46
2012-10-20 16:00:00,16,1151.6,1249.0,41.94,41.85,0.0,0.09,31.96,31.97,0.0,-0.01,73,45
2012-10-20 17:00:00,17,1226.1,1288.0,47.27,47.24,0.0,0.03,31.32,31.37,0.0,-0.05,70,47
2012-10-20 18:00:00,18,1281.1,1379.0,57.6,57.71,0.0,-0.11,33.87,33.94,0.0,-0.07,66,48
2012-10-20 19:00:00,19,1157.5,1353.0,53.66,54.05,0.0,-0.39,43.74,43.96,0.0,-0.22,58,49
2012-10-20 20:00:00,20,1176.4,1293.0,53.37,53.77,0.0,-0.4,45.85,46.17,0.0,-0.32,55,50
2012-10-20 21:00:00,21,1090.9,1215.0,46.43,46.72,0.0,-0.29,40.47,40.74,0.0,-0.27,55,50
2012-10-20 22:00:00,22,997.5,1113.0,44.24,44.61,0.0,-0.37,29.19,29.38,0.0,-0.19,57,48
2012-10-20 23:00:00,23,903.1,1011.0,33.01,33.12,0.0,-0.11,27.39,27.51,0.0,-0.12,54,45
2012-10-21 00:00:00,0,838.8,936.0,32.32,32.53,0.0,-0.21,26.66,26.77,0.0,-0.11,52,43
2012-10-21 01:00:00,1,795.8,888.0,29.82,29.98,0.0,-0.16,21.91,21.96,0.0,-0.05,50,41
2012-10-21 02:00:00,2,774.5,867.0,27.69,27.8,0.0,-0.11,18.13,18.16,0.0,-0.03,48,41
2012-10-21 03:00:00,3,761.6,856.0,27.75,27.82,0.0,-0.07,17.65,17.71,0.0,-0.06,46,40
2012-10-21 04:00:00,4,764.9,862.0,27.71,27.81,0.0,-0.1,24.8,24.84,0.0,-0.04,45,39
2012-10-21 05:00:00,5,791.9,886.0,27.72,27.81,0.0,-0.09,26.83,26.87,0.0,-0.04,38,37
2012-10-21 06:00:00,6,858.3,945.0,29.97,30.0,0.0,-0.03,26.34,26.44,0.0,-0.1,39,37
2012-10-21 07:00:00,7,943.6,1026.0,27.54,27.57,0.0,-0.03,26.61,26.7,0.0,-0.09,35,35
2012-10-21 08:00:00,8,1006.1,1126.0,32.51,32.62,0.0,-0.11,25.07,25.17,0.0,-0.1,41,38
2012-10-21 09:00:00,9,1074.7,1207.0,33.02,32.99,0.0,0.03,26.93,26.89,0.0,0.04,49,40
2012-10-21 10:00:00,10,1102.4,1239.0,33.06,33.0,0.0,0.06,25.97,25.89,0.0,0.08,54,41
2012-10-21 11:00:00,11,1106.4,1255.0,35.42,35.24,0.0,0.18,24.26,24.2,0.0,0.06,55,40
2012-10-21 12:00:00,12,1121.5,1256.0,33.82,33.63,0.0,0.19,25.5,25.47,0.0,0.03,59,39
2012-10-21 13:00:00,13,1067.0,1247.0,33.67,33.55,0.0,0.12,25.99,25.92,0.0,0.07,60,39
2012-10-21 14:00:00,14,1066.3,1235.0,30.32,30.14,0.0,0.18,23.11,23.02,0.0,0.09,61,37
2012-10-21 15:00:00,15,1065.9,1247.0,32.15,32.0,0.0,0.15,22.24,22.17,0.0,0.07,61,36
2012-10-21 16:00:00,16,1085.7,1277.0,33.02,32.97,0.0,0.05,27.95,27.9,0.0,0.05,60,37
2012-10-21 17:00:00,17,1202.2,1344.0,37.21,37.1,0.0,0.11,28.22,28.22,0.0,0.0,58,39
2012-10-21 18:00:00,18,1282.9,1434.0,49.81,49.66,0.0,0.15,41.79,41.87,0.0,-0.08,56,40
2012-10-21 19:00:00,19,1211.1,1389.0,42.97,42.95,0.0,0.02,29.08,29.13,0.0,-0.05,54,40
2012-10-21 20:00:00,20,1216.8,1331.0,39.19,39.12,0.0,0.07,28.24,28.32,0.0,-0.08,53,41
2012-10-21 21:00:00,21,1103.8,1208.0,36.13,36.11,0.0,0.02,25.9,26.0,0.0,-0.1,54,42
2012-10-21 22:00:00,22,1006.7,1082.0,33.86,33.77,0.0,0.09,24.68,24.7,0.0,-0.02,53,42
2012-10-21 23:00:00,23,855.8,983.0,31.83,31.97,0.0,-0.14,26.07,26.17,0.0,-0.1,48,42
2012-10-22 00:00:00,0,854.5,918.0,27.7,27.72,0.0,-0.02,24.84,24.95,0.0,-0.11,48,42
2012-10-22 01:00:00,1,818.6,884.0,27.3,27.28,0.0,0.02,22.86,22.99,0.0,-0.13,47,41
2012-10-22 02:00:00,2,807.6,870.0,27.05,27.02,0.0,0.03,22.65,22.76,0.0,-0.11,52,41
2012-10-22 03:00:00,3,809.8,875.0,26.85,26.81,0.0,0.04,22.6,22.71,0.0,-0.11,50,40
2012-10-22 04:00:00,4,851.6,911.0,27.26,27.19,0.0,0.07,23.36,23.46,0.0,-0.1,47,38
2012-10-22 05:00:00,5,951.2,1029.0,30.65,30.55,0.0,0.1,26.24,26.31,0.0,-0.07,43,38
2012-10-22 06:00:00,6,1168.2,1243.0,44.44,44.19,0.0,0.25,32.48,32.52,0.0,-0.04,39,36
2012-10-22 07:00:00,7,1258.0,1341.0,46.03,45.76,0.0,0.27,34.08,34.09,0.0,-0.01,38,35
2012-10-22 08:00:00,8,1270.2,1360.0,47.66,47.42,0.0,0.24,32.26,32.25,0.0,0.01,39,37
2012-10-22 09:00:00,9,1305.0,1382.0,45.09,44.87,0.0,0.22,33.41,33.43,0.0,-0.02,51,40
2012-10-22 10:00:00,10,1319.1,1405.0,44.47,44.26,0.0,0.21,34.75,34.76,0.0,-0.01,55,39
2012-10-22 11:00:00,11,1320.9,1412.0,45.47,45.28,0.0,0.19,36.28,36.35,0.0,-0.07,59,39
2012-10-22 12:00:00,12,1333.7,1401.0,41.36,41.17,0.0,0.19,33.33,33.37,0.0,-0.04,59,38
2012-10-22 13:00:00,13,1296.5,1397.0,40.19,40.01,0.0,0.18,30.84,30.82,0.0,0.02,61,37
2012-10-22 14:00:00,14,1287.1,1377.0,37.94,37.82,0.0,0.12,27.71,27.74,0.0,-0.03,62,37
2012-10-22 15:00:00,15,1276.5,1367.0,37.25,37.1,-0.02,0.17,27.39,27.39,0.0,0.0,64,37
2012-10-22 16:00:00,16,1306.8,1376.0,39.17,39.01,0.0,0.16,27.74,27.78,0.0,-0.04,63,36
2012-10-22 17:00:00,17,1388.2,1428.0,45.59,45.29,0.0,0.3,28.72,28.76,0.0,-0.04,63,37
2012-10-22 18:00:00,18,1451.2,1536.0,64.07,63.65,0.0,0.42,34.74,34.82,0.0,-0.08,59,37
2012-10-22 19:00:00,19,1418.4,1513.0,55.86,55.62,0.0,0.24,40.55,40.72,0.0,-0.17,55,38
2012-10-22 20:00:00,20,1378.7,1427.0,43.36,43.16,0.0,0.2,31.77,31.85,0.0,-0.08,53,38
2012-10-22 21:00:00,21,1258.5,1303.0,35.88,35.6,0.0,0.28,28.31,28.35,0.0,-0.04,53,37
2012-10-22 22:00:00,22,1112.3,1162.0,34.25,33.92,0.0,0.33,28.78,28.85,0.0,-0.07,51,38
2012-10-22 23:00:00,23,973.5,1044.0,33.25,33.11,0.0,0.14,25.45,25.55,0.0,-0.1,51,39
2012-10-23 00:00:00,0,919.4,963.0,28.38,28.27,0.0,0.11,30.59,30.68,0.0,-0.09,51,39
2012-10-23 01:00:00,1,875.1,916.0,28.03,27.96,0.0,0.07,25.63,25.68,0.0,-0.05,48,39
2012-10-23 02:00:00,2,859.4,900.0,27.76,27.59,0.0,0.17,25.77,25.81,0.0,-0.04,44,38
2012-10-23 03:00:00,3,858.3,898.0,27.86,27.7,0.0,0.16,27.53,27.56,0.0,-0.03,42,38
2012-10-23 04:00:00,4,897.2,928.0,28.01,27.78,0.0,0.23,25.84,25.84,0.0,0.0,40,37
2012-10-23 05:00:00,5,998.7,1049.0,30.44,30.22,0.0,0.22,31.07,31.02,0.0,0.05,39,36
2012-10-23 06:00:00,6,1266.8,1254.0,38.57,38.27,0.0,0.3,36.2,36.17,0.0,0.03,41,38
2012-10-23 07:00:00,7,1351.0,1353.0,42.37,42.01,0.0,0.36,46.56,46.56,0.0,0.0,42,39
2012-10-23 08:00:00,8,1328.9,1365.0,39.88,39.59,0.0,0.29,43.04,42.99,0.0,0.05,44,40
2012-10-23 09:00:00,9,1352.0,1375.0,41.42,41.14,0.0,0.28,44.47,44.45,0.0,0.02,49,42
2012-10-23 10:00:00,10,1363.2,1394.0,43.11,42.88,0.0,0.23,40.93,40.91,0.0,0.02,52,41
2012-10-23 11:00:00,11,1361.4,1392.0,43.0,42.81,0.0,0.19,48.16,48.2,0.0,-0.04,55,39
2012-10-23 12:00:00,12,1368.9,1384.0,42.88,42.67,0.0,0.21,47.59,47.67,0.0,-0.08,56,39
2012-10-23 13:00:00,13,1369.6,1380.0,41.78,41.54,0.0,0.24,43.45,43.5,0.0,-0.05,60,38
2012-10-23 14:00:00,14,1360.4,1363.0,39.65,39.43,0.0,0.22,34.33,34.32,0.0,0.01,62,37
2012-10-23 15:00:00,15,1348.5,1352.0,39.43,39.22,0.0,0.21,33.38,33.3,0.0,0.08,62,37
2012-10-23 16:00:00,16,1378.1,1363.0,40.77,40.5,0.0,0.27,40.21,40.24,0.0,-0.03,59,37
2012-10-23 17:00:00,17,1416.3,1423.0,46.68,46.37,0.0,0.31,46.02,46.06,0.0,-0.04,56,38
2012-10-23 18:00:00,18,1442.7,1532.0,60.12,59.84,0.0,0.28,60.84,60.69,0.0,0.15,53,38
2012-10-23 19:00:00,19,1445.1,1511.0,53.9,53.67,0.0,0.23,33.28,33.14,0.0,0.14,50,38
2012-10-23 20:00:00,20,1399.6,1430.0,42.28,42.1,0.0,0.18,35.25,35.25,0.0,0.0,48,39
2012-10-23 21:00:00,21,1281.8,1310.0,35.34,35.22,0.0,0.12,34.29,34.29,0.0,0.0,42,38
2012-10-23 22:00:00,22,1140.4,1160.0,34.74,34.51,0.0,0.23,28.4,28.38,0.0,0.02,41,38
2012-10-23 23:00:00,23,997.5,1040.0,32.17,32.16,0.0,0.01,25.68,25.67,0.0,0.01,38,36
2012-10-24 00:00:00,0,902.7,965.0,28.39,28.3,0.0,0.09,27.97,27.96,0.0,0.01,37,35
2012-10-24 01:00:00,1,857.9,924.0,28.11,27.92,0.0,0.19,27.69,27.65,0.0,0.04,35,33
2012-10-24 02:00:00,2,843.9,905.0,28.03,27.81,0.0,0.22,27.55,27.43,0.0,0.12,34,33
2012-10-24 03:00:00,3,843.6,909.0,27.84,27.6,0.0,0.24,27.13,27.01,0.0,0.12,32,31
2012-10-24 04:00:00,4,880.4,953.0,28.15,27.92,0.0,0.23,28.07,27.93,0.0,0.14,32,30
2012-10-24 05:00:00,5,983.4,1068.0,30.57,30.3,0.0,0.27,28.63,28.43,0.0,0.2,30,29
2012-10-24 06:00:00,6,1170.0,1280.0,40.14,39.57,0.0,0.57,37.14,36.82,0.0,0.32,29,28
2012-10-24 07:00:00,7,1290.6,1382.0,37.71,37.37,0.0,0.34,46.38,46.15,0.0,0.23,30,29
2012-10-24 08:00:00,8,1302.2,1390.0,37.48,37.2,0.0,0.28,45.97,45.8,0.0,0.17,29,29
2012-10-24 09:00:00,9,1320.9,1398.0,37.91,37.67,0.0,0.24,42.42,42.29,0.0,0.13,35,34
2012-10-24 10:00:00,10,1332.2,1405.0,39.51,39.31,0.0,0.2,38.2,38.11,0.0,0.09,43,34
2012-10-24 11:00:00,11,1327.4,1402.0,40.84,40.62,0.0,0.22,45.37,45.22,0.0,0.15,50,31
2012-10-24 12:00:00,12,1350.0,1383.0,42.01,41.73,0.0,0.28,44.86,44.71,0.0,0.15,55,27
2012-10-24 13:00:00,13,1353.5,1379.0,40.0,39.68,0.0,0.32,44.94,44.72,0.0,0.22,58,29
2012-10-24 14:00:00,14,1315.6,1359.0,39.22,38.96,0.0,0.26,37.65,37.5,0.0,0.15,59,28
2012-10-24 15:00:00,15,1305.8,1350.0,37.1,36.88,0.0,0.22,35.28,35.13,0.0,0.15,61,26
2012-10-24 16:00:00,16,1334.3,1363.0,39.25,39.03,0.0,0.22,38.65,38.57,0.0,0.08,61,24
2012-10-24 17:00:00,17,1379.7,1429.0,41.08,40.87,0.0,0.21,43.26,43.14,0.0,0.12,60,27
2012-10-24 18:00:00,18,1402.5,1529.0,55.61,55.36,0.0,0.25,51.23,50.97,0.0,0.26,53,29
2012-10-24 19:00:00,19,1409.1,1508.0,50.14,49.91,0.0,0.23,37.14,36.93,0.0,0.21,50,34
2012-10-24 20:00:00,20,1363.6,1431.0,43.24,43.05,0.0,0.19,37.15,37.03,0.0,0.12,43,35
2012-10-24 21:00:00,21,1218.0,1314.0,34.99,34.8,0.0,0.19,37.45,37.3,0.0,0.15,40,36
2012-10-24 22:00:00,22,1080.1,1165.0,33.82,33.67,0.0,0.15,42.16,41.92,0.0,0.24,39,34
2012-10-24 23:00:00,23,939.9,1047.0,31.51,31.51,0.0,0.0,33.69,33.64,0.0,0.05,38,34
2012-10-25 00:00:00,0,930.2,967.0,32.2,32.08,0.0,0.12,31.61,31.58,0.0,0.03,36,34
2012-10-25 01:00:00,1,886.4,927.0,30.17,29.97,0.0,0.2,29.64,29.54,0.0,0.1,36,34
2012-10-25 02:00:00,2,869.3,909.0,30.21,29.88,0.0,0.33,29.91,29.8,0.0,0.11,36,34
2012-10-25 03:00:00,3,878.8,909.0,30.14,29.8,0.0,0.34,30.36,30.25,0.0,0.11,34,33
2012-10-25 04:00:00,4,915.0,943.0,29.83,29.54,0.0,0.29,29.24,29.12,0.0,0.12,38,36
2012-10-25 05:00:00,5,1011.8,1065.0,32.54,32.19,0.0,0.35,28.72,28.57,0.0,0.15,39,36
2012-10-25 06:00:00,6,1259.9,1280.0,36.31,35.85,0.0,0.46,35.6,35.29,0.0,0.31,39,36
2012-10-25 07:00:00,7,1317.2,1376.0,42.19,41.71,0.0,0.48,48.16,47.82,0.0,0.34,40,37
2012-10-25 08:00:00,8,1325.5,1373.0,40.78,40.34,0.0,0.44,43.84,43.51,0.0,0.33,41,37
2012-10-25 09:00:00,9,1345.1,1388.0,42.52,42.12,0.0,0.4,38.87,38.64,0.0,0.23,46,38
2012-10-25 10:00:00,10,1379.6,1401.0,43.95,43.65,0.0,0.3,39.87,39.69,0.0,0.18,52,39
2012-10-25 11:00:00,11,1420.2,1400.0,45.44,45.1,0.0,0.34,44.98,44.87,0.0,0.11,56,41
2012-10-25 12:00:00,12,1420.5,1389.0,44.68,44.34,0.0,0.34,37.78,37.7,0.0,0.08,59,41
2012-10-25 13:00:00,13,1414.0,1385.0,44.93,44.53,0.0,0.4,39.52,39.39,0.0,0.13,60,39
2012-10-25 14:00:00,14,1350.8,1366.0,41.76,41.45,0.0,0.31,40.68,40.67,0.0,0.01,62,38
2012-10-25 15:00:00,15,1339.0,1352.0,38.94,38.66,0.0,0.28,38.63,38.67,0.0,-0.04,61,37
2012-10-25 16:00:00,16,1372.2,1360.0,40.51,40.27,0.0,0.24,35.72,35.64,0.0,0.08,62,36
2012-10-25 17:00:00,17,1391.3,1418.0,46.07,45.72,0.0,0.35,42.0,41.88,0.0,0.12,62,36
2012-10-25 18:00:00,18,1439.6,1525.0,53.23,52.9,0.0,0.33,51.23,51.0,0.0,0.23,55,45
2012-10-25 19:00:00,19,1437.4,1513.0,48.22,47.95,0.0,0.27,49.51,49.37,0.0,0.14,52,45
2012-10-25 20:00:00,20,1385.0,1441.0,39.31,39.12,0.0,0.19,41.79,41.67,0.0,0.12,50,45
2012-10-25 21:00:00,21,1241.4,1324.0,34.59,34.43,0.0,0.16,37.05,36.98,0.0,0.07,50,46
2012-10-25 22:00:00,22,1096.3,1178.0,34.56,34.17,0.0,0.39,31.14,30.97,0.0,0.17,49,45
2012-10-25 23:00:00,23,956.3,1068.0,33.17,32.93,0.0,0.24,31.38,31.3,0.0,0.08,48,45
2012-10-26 00:00:00,0,869.7,990.0,30.83,31.25,-0.49,0.07,29.27,29.25,0.0,0.02,46,44
2012-10-26 01:00:00,1,835.4,949.0,29.45,29.41,0.0,0.04,28.55,28.5,0.0,0.05,43,42
2012-10-26 02:00:00,2,824.3,929.0,28.86,28.7,0.0,0.16,28.28,28.25,0.0,0.03,43,42
2012-10-26 03:00:00,3,840.9,926.0,28.85,28.67,0.0,0.18,28.56,28.52,0.0,0.04,42,41
2012-10-26 04:00:00,4,905.9,965.0,29.11,28.95,0.0,0.16,28.69,28.6,0.0,0.09,41,40
2012-10-26 05:00:00,5,1049.4,1068.0,32.29,32.05,-0.04,0.28,28.9,28.73,0.0,0.17,40,40
2012-10-26 06:00:00,6,1257.0,1279.0,39.5,38.9,0.0,0.6,38.39,38.12,0.0,0.27,42,41
2012-10-26 07:00:00,7,1333.8,1381.0,40.06,39.89,0.0,0.17,38.38,38.26,0.0,0.12,44,43
2012-10-26 08:00:00,8,1248.2,1398.0,36.81,36.74,0.0,0.07,37.17,37.07,0.0,0.1,45,43
2012-10-26 09:00:00,9,1289.6,1417.0,38.04,37.97,0.0,0.07,39.59,39.52,0.0,0.07,46,44
2012-10-26 10:00:00,10,1293.3,1431.0,39.71,39.71,0.0,0.0,40.59,40.54,0.0,0.05,49,44
2012-10-26 11:00:00,11,1309.6,1426.0,40.64,40.63,0.0,0.01,38.92,38.9,0.0,0.02,52,46
2012-10-26 12:00:00,12,1288.3,1411.0,41.63,41.67,0.0,-0.04,38.78,38.83,0.0,-0.05,55,48
2012-10-26 13:00:00,13,1296.8,1401.0,39.21,39.2,0.0,0.01,36.3,36.27,0.0,0.03,59,49
2012-10-26 14:00:00,14,1280.0,1382.0,37.61,37.62,0.0,-0.01,38.08,38.09,0.0,-0.01,61,50
2012-10-26 15:00:00,15,1295.9,1366.0,36.76,36.74,0.0,0.02,36.3,36.34,0.0,-0.04,63,50
2012-10-26 16:00:00,16,1262.0,1366.0,37.79,37.87,0.0,-0.08,34.75,34.74,0.0,0.01,64,50
2012-10-26 17:00:00,17,1365.8,1403.0,40.42,40.34,0.0,0.08,36.52,36.5,0.0,0.02,64,51
2012-10-26 18:00:00,18,1392.3,1483.0,48.07,47.88,0.0,0.19,40.87,40.8,0.0,0.07,60,51
2012-10-26 19:00:00,19,1235.1,1451.0,45.22,45.39,0.0,-0.17,38.48,38.46,0.0,0.02,53,50
2012-10-26 20:00:00,20,1182.3,1382.0,37.84,38.0,0.0,-0.16,38.13,38.17,0.0,-0.04,52,50
2012-10-26 21:00:00,21,1073.4,1294.0,34.95,35.1,0.0,-0.15,35.76,35.74,0.0,0.02,51,49
2012-10-26 22:00:00,22,942.3,1176.0,34.86,34.78,0.0,0.08,35.01,34.99,0.0,0.02,47,47
2012-10-26 23:00:00,23,900.2,1059.0,31.83,31.76,0.0,0.07,30.47,30.5,0.0,-0.03,47,46
2012-10-27 00:00:00,0,883.6,970.0,30.33,30.29,0.0,0.04,27.93,27.94,0.0,-0.01,45,44
2012-10-27 01:00:00,1,828.4,918.0,27.62,27.59,0.0,0.03,27.16,27.17,0.0,-0.01,45,44
2012-10-27 02:00:00,2,804.3,895.0,27.34,27.22,0.0,0.12,26.76,26.72,0.0,0.04,44,44
2012-10-27 03:00:00,3,793.2,885.0,26.74,26.64,0.0,0.1,25.59,25.56,0.0,0.03,44,44
2012-10-27 04:00:00,4,800.1,898.0,26.92,26.8,0.0,0.12,26.98,26.92,0.0,0.06,44,44
2012-10-27 05:00:00,5,840.0,938.0,28.06,27.97,0.0,0.09,30.25,30.21,0.0,0.04,46,45
2012-10-27 06:00:00,6,938.8,1025.0,29.15,28.99,0.0,0.16,32.62,32.61,0.0,0.01,45,45
2012-10-27 07:00:00,7,1019.0,1120.0,30.55,30.53,0.0,0.02,30.04,29.98,0.0,0.06,45,44
2012-10-27 08:00:00,8,1115.3,1218.0,30.64,30.52,0.0,0.12,32.17,32.14,0.0,0.03,45,45
2012-10-27 09:00:00,9,1167.2,1277.0,31.68,31.55,0.0,0.13,38.51,38.51,0.0,0.0,45,45
2012-10-27 10:00:00,10,1171.3,1297.0,35.13,35.07,0.0,0.06,44.81,44.9,0.0,-0.09,47,47
2012-10-27 11:00:00,11,1174.5,1293.0,35.54,35.51,0.0,0.03,44.62,44.72,0.0,-0.1,49,48
2012-10-27 12:00:00,12,1172.2,1278.0,32.46,32.4,0.0,0.06,38.08,38.13,0.0,-0.05,59,50
2012-10-27 13:00:00,13,1152.0,1260.0,31.77,31.73,0.0,0.04,30.9,30.95,0.0,-0.05,63,50
2012-10-27 14:00:00,14,1133.2,1239.0,32.29,32.24,0.0,0.05,30.13,30.19,0.0,-0.06,65,51
2012-10-27 15:00:00,15,1127.6,1232.0,31.74,31.7,0.0,0.04,30.07,30.13,0.0,-0.06,65,51
2012-10-27 16:00:00,16,1121.5,1250.0,32.29,32.35,0.0,-0.06,30.86,30.97,0.0,-0.11,65,52
2012-10-27 17:00:00,17,1226.8,1323.0,39.08,39.25,0.0,-0.17,36.44,36.52,0.0,-0.08,63,52
2012-10-27 18:00:00,18,1284.1,1399.0,47.84,47.66,0.0,0.18,40.89,49.21,-8.38,0.06,60,52
2012-10-27 19:00:00,19,1155.2,1356.0,41.18,41.27,0.0,-0.09,33.35,33.39,0.0,-0.04,58,51
2012-10-27 20:00:00,20,1149.3,1298.0,38.9,38.88,0.0,0.02,30.57,30.64,0.0,-0.07,57,50
2012-10-27 21:00:00,21,1099.9,1215.0,33.54,33.62,0.0,-0.08,33.14,33.29,0.0,-0.15,56,49
2012-10-27 22:00:00,22,999.2,1113.0,32.14,32.12,0.0,0.02,29.01,29.09,0.0,-0.08,55,49
2012-10-27 23:00:00,23,861.0,1015.0,31.05,31.09,0.0,-0.04,30.75,30.83,0.0,-0.08,55,44
2012-10-28 00:00:00,0,842.6,938.0,30.47,30.53,0.0,-0.06,28.86,28.96,0.0,-0.1,54,42
2012-10-28 01:00:00,1,798.2,891.0,28.7,28.77,0.0,-0.07,27.75,27.87,0.0,-0.12,54,39
2012-10-28 02:00:00,2,768.0,863.0,27.91,27.93,0.0,-0.02,27.61,27.73,0.0,-0.12,54,39
2012-10-28 03:00:00,3,756.6,851.0,27.62,27.64,0.0,-0.02,27.56,27.67,0.0,-0.11,54,36
2012-10-28 04:00:00,4,759.7,857.0,27.59,27.61,0.0,-0.02,27.66,27.75,0.0,-0.09,52,36
2012-10-28 05:00:00,5,783.7,889.0,27.59,27.6,0.0,-0.01,27.56,27.66,0.0,-0.1,50,37
2012-10-28 06:00:00,6,854.2,938.0,28.77,28.76,0.0,0.01,27.38,27.46,0.0,-0.08,50,40
2012-10-28 07:00:00,7,929.3,1025.0,30.94,30.87,0.0,0.07,28.03,28.11,0.0,-0.08,50,42
2012-10-28 08:00:00,8,1047.5,1135.0,32.09,32.17,0.0,-0.08,27.88,27.95,0.0,-0.07,50,43
2012-10-28 09:00:00,9,1147.8,1223.0,34.75,34.67,0.0,0.08,33.93,33.97,0.0,-0.04,51,45
2012-10-28 10:00:00,10,1178.6,1270.0,38.54,38.46,0.0,0.08,44.86,44.96,0.0,-0.1,52,46
2012-10-28 11:00:00,11,1173.0,1296.0,40.93,40.89,0.0,0.04,46.21,46.33,0.0,-0.12,53,45
2012-10-28 12:00:00,12,1138.4,1310.0,40.08,40.13,0.0,-0.05,47.54,47.67,0.0,-0.13,53,46
2012-10-28 13:00:00,13,1125.0,1310.0,39.07,39.11,0.0,-0.04,47.59,47.78,0.0,-0.19,54,45
2012-10-28 14:00:00,14,1135.6,1300.0,38.14,38.18,0.0,-0.04,46.18,46.34,0.0,-0.16,53,47
2012-10-28 15:00:00,15,1119.3,1302.0,38.31,38.37,0.0,-0.06,35.09,35.21,0.0,-0.12,53,47
2012-10-28 16:00:00,16,1173.2,1340.0,41.26,41.27,0.0,-0.01,32.98,33.04,0.0,-0.06,53,46
2012-10-28 17:00:00,17,1281.7,1420.0,44.82,44.6,0.0,0.22,34.79,34.87,0.0,-0.08,52,45
2012-10-28 18:00:00,18,1328.9,1481.0,50.67,50.5,0.0,0.17,33.61,33.67,0.0,-0.06,51,45
2012-10-28 19:00:00,19,1207.1,1438.0,44.1,44.17,0.0,-0.07,39.3,39.45,0.0,-0.15,50,44
2012-10-28 20:00:00,20,1183.1,1365.0,40.49,40.42,0.0,0.07,37.53,37.62,0.0,-0.09,50,44
2012-10-28 21:00:00,21,1093.2,1255.0,33.53,33.64,0.0,-0.11,29.81,29.94,0.0,-0.13,50,44
2012-10-28 22:00:00,22,988.0,1135.0,31.66,31.75,0.0,-0.09,27.31,27.48,0.0,-0.17,50,44
2012-10-28 23:00:00,23,866.1,1035.0,30.49,30.69,0.0,-0.2,28.12,28.26,0.0,-0.14,50,45
2012-10-29 00:00:00,0,841.3,964.0,27.03,26.93,0.0,0.1,27.51,27.59,0.0,-0.08,49,47
2012-10-29 01:00:00,1,801.0,921.0,24.76,24.67,0.0,0.09,26.17,26.23,0.0,-0.06,49,47
2012-10-29 02:00:00,2,791.5,899.0,22.2,22.11,0.0,0.09,13.97,14.0,0.0,-0.03,49,48
2012-10-29 03:00:00,3,801.1,897.0,19.4,19.32,0.0,0.08,9.32,9.33,0.0,-0.01,50,48
2012-10-29 04:00:00,4,831.1,934.0,25.46,25.33,0.0,0.13,15.77,15.77,0.0,0.0,50,48
2012-10-29 05:00:00,5,921.8,1030.0,27.78,27.69,0.0,0.09,29.86,29.84,0.0,0.02,51,48
2012-10-29 06:00:00,6,1130.6,1197.0,32.25,32.05,0.0,0.2,27.67,27.65,0.0,0.02,51,48
2012-10-29 07:00:00,7,1259.0,1335.0,36.53,36.37,0.0,0.16,28.15,28.09,0.0,0.06,51,49
2012-10-29 08:00:00,8,1328.1,1411.0,33.24,32.99,0.0,0.25,27.96,27.85,0.0,0.11,52,49
2012-10-29 09:00:00,9,1366.2,1472.0,32.54,32.23,0.0,0.31,29.8,29.66,0.0,0.14,52,50
2012-10-29 10:00:00,10,1390.1,1514.0,33.73,33.4,0.0,0.33,31.57,31.43,0.0,0.14,53,51
2012-10-29 11:00:00,11,1385.7,1531.0,32.95,32.65,0.0,0.3,37.37,37.22,0.0,0.15,54,52
2012-10-29 12:00:00,12,1368.6,1529.0,35.91,35.67,0.0,0.24,41.74,41.65,0.0,0.09,55,53
2012-10-29 13:00:00,13,1370.2,1502.0,33.88,33.6,0.0,0.28,37.32,37.25,0.0,0.07,56,54
2012-10-29 14:00:00,14,1329.8,1439.0,32.0,31.78,0.0,0.22,44.16,43.94,0.0,0.22,57,54
2012-10-29 15:00:00,15,1314.2,1359.0,32.23,32.07,0.0,0.16,28.13,27.98,0.0,0.15,57,54
2012-10-29 16:00:00,16,1366.1,1321.0,32.43,32.21,0.0,0.22,28.1,27.95,0.0,0.15,57,54
2012-10-29 17:00:00,17,1353.1,1324.0,40.54,40.32,0.0,0.22,28.44,28.24,0.0,0.2,57,54
2012-10-29 18:00:00,18,1432.0,1260.0,48.64,48.28,0.0,0.36,25.58,25.38,0.0,0.2,57,53
2012-10-29 19:00:00,19,1349.8,1146.0,40.65,40.46,0.0,0.19,19.11,18.92,0.0,0.19,58,54
2012-10-29 20:00:00,20,1310.1,1039.0,33.23,33.07,0.0,0.16,6.25,6.19,0.0,0.06,59,54
2012-10-29 21:00:00,21,1173.3,950.0,30.74,30.72,0.0,0.02,0.0,0.0,0.0,0.0,59,55
2012-10-29 22:00:00,22,1047.9,855.0,27.83,29.51,-1.7,0.02,0.0,0.0,0.0,0.0,61,55
2012-10-29 23:00:00,23,924.7,785.0,28.77,28.83,0.0,-0.06,0.0,0.0,0.0,0.0,60,44
2012-10-30 00:00:00,0,756.9,751.0,24.11,24.15,0.0,-0.04,0.0,0.0,0.0,0.0,60,48
2012-10-30 01:00:00,1,734.4,729.0,15.25,15.26,0.0,-0.01,0.0,0.0,0.0,0.0,60,52
2012-10-30 02:00:00,2,718.0,700.0,15.21,15.21,0.0,0.0,0.0,0.0,0.0,0.0,59,58
2012-10-30 03:00:00,3,719.1,688.0,15.22,15.21,0.0,0.01,0.0,0.0,0.0,0.0,60,58
2012-10-30 04:00:00,4,754.4,724.0,15.18,15.19,0.0,-0.01,0.0,0.0,0.0,0.0,59,58
2012-10-30 05:00:00,5,839.6,802.0,27.61,27.63,0.0,-0.02,0.0,0.0,0.0,0.0,60,57
2012-10-30 06:00:00,6,1029.7,929.0,30.39,30.13,0.0,0.26,0.0,0.0,0.0,0.0,61,58
2012-10-30 07:00:00,7,1203.3,1073.0,29.78,29.65,0.0,0.13,39.9,39.58,0.0,0.32,60,57
2012-10-30 08:00:00,8,1221.5,1167.0,32.39,32.26,0.0,0.13,45.82,45.52,0.0,0.3,59,57
2012-10-30 09:00:00,9,1252.6,1222.0,32.4,32.4,0.0,0.0,47.99,47.74,0.0,0.25,58,56
2012-10-30 10:00:00,10,1269.7,1240.0,34.91,34.91,0.0,0.0,49.25,48.82,0.3,0.13,59,56
2012-10-30 11:00:00,11,1258.0,1250.0,34.87,34.91,0.0,-0.04,49.54,48.97,0.48,0.09,62,62
2012-10-30 12:00:00,12,1256.5,1259.0,34.8,34.89,0.0,-0.09,49.79,49.22,0.51,0.06,63,59
2012-10-30 13:00:00,13,1250.9,1262.0,33.05,33.07,0.0,-0.02,50.27,49.65,0.48,0.14,65,58
2012-10-30 14:00:00,14,1240.4,1265.0,32.5,32.49,0.0,0.01,47.48,47.05,0.35,0.08,66,55
2012-10-30 15:00:00,15,1233.1,1264.0,32.14,32.14,0.0,0.0,38.81,38.75,0.05,0.01,62,57
2012-10-30 16:00:00,16,1279.8,1281.0,33.35,33.33,0.0,0.02,45.54,45.47,0.07,0.0,63,58
2012-10-30 17:00:00,17,1279.7,1356.0,34.18,34.18,0.0,0.0,83.89,83.97,0.0,-0.08,62,57
2012-10-30 18:00:00,18,1336.3,1410.0,37.86,37.83,0.0,0.03,243.54,243.51,0.0,0.03,61,57
2012-10-30 19:00:00,19,1280.1,1380.0,32.86,32.89,0.0,-0.03,46.7,46.69,0.0,0.01,59,58
2012-10-30 20:00:00,20,1209.0,1308.0,30.04,30.09,0.0,-0.05,37.95,37.99,0.0,-0.04,58,58
2012-10-30 21:00:00,21,1090.7,1186.0,29.58,29.51,0.0,0.07,31.19,31.1,0.0,0.09,59,58
2012-10-30 22:00:00,22,967.0,1061.0,28.52,28.65,0.0,-0.13,29.07,29.03,0.0,0.04,55,54
2012-10-30 23:00:00,23,853.3,960.0,28.42,28.53,0.0,-0.11,33.02,33.1,0.0,-0.08,53,51
2012-10-31 00:00:00,0,787.7,888.0,28.58,28.59,0.0,-0.01,27.15,27.25,0.0,-0.1,51,51
2012-10-31 01:00:00,1,749.2,847.0,22.46,22.49,0.0,-0.03,22.59,22.67,0.0,-0.08,50,50
2012-10-31 02:00:00,2,754.6,828.0,19.0,19.03,0.0,-0.03,20.23,20.3,0.0,-0.07,49,49
2012-10-31 03:00:00,3,753.8,827.0,18.31,18.33,0.0,-0.02,25.04,25.15,0.0,-0.11,49,49
2012-10-31 04:00:00,4,786.1,862.0,19.92,19.95,0.0,-0.03,24.31,24.45,0.0,-0.14,50,50
2012-10-31 05:00:00,5,866.4,965.0,28.85,28.8,0.0,0.05,58.46,58.78,0.0,-0.32,50,50
2012-10-31 06:00:00,6,1082.9,1153.0,31.64,31.4,0.0,0.24,47.08,47.12,0.0,-0.04,51,51
2012-10-31 07:00:00,7,1226.6,1271.0,32.96,32.86,0.0,0.1,51.13,51.24,0.0,-0.11,55,55
2012-10-31 08:00:00,8,1223.1,1298.0,33.29,33.24,0.0,0.05,35.58,35.83,0.0,-0.25,56,55
2012-10-31 09:00:00,9,1245.2,1313.0,36.7,36.68,0.0,0.02,38.42,38.84,0.0,-0.42,56,54
2012-10-31 10:00:00,10,1270.0,1340.0,38.05,38.0,0.0,0.05,42.36,42.78,0.0,-0.42,57,51
2012-10-31 11:00:00,11,1265.4,1351.0,37.93,37.96,0.0,-0.03,33.9,34.23,0.0,-0.33,56,48
2012-10-31 12:00:00,12,1273.2,1342.0,37.16,37.21,0.0,-0.05,29.16,29.45,0.0,-0.29,55,47
2012-10-31 13:00:00,13,1264.0,1336.0,35.53,35.52,0.0,0.01,29.17,29.46,0.0,-0.29,55,47
2012-10-31 14:00:00,14,1258.4,1317.0,33.63,33.65,0.0,-0.02,27.17,27.44,0.0,-0.27,53,45
2012-10-31 15:00:00,15,1230.2,1320.0,32.81,32.78,0.0,0.03,26.12,26.32,0.0,-0.2,55,43
2012-10-31 16:00:00,16,1267.4,1348.0,35.24,35.17,0.0,0.07,25.82,26.01,0.0,-0.19,54,43
2012-10-31 17:00:00,17,1264.5,1396.0,40.37,40.36,0.0,0.01,28.07,28.31,0.0,-0.24,51,45
2012-10-31 18:00:00,18,1293.5,1418.0,42.09,42.06,0.0,0.03,29.22,29.54,0.0,-0.32,49,45
2012-10-31 19:00:00,19,1269.8,1391.0,37.89,37.94,0.0,-0.05,27.71,27.94,0.0,-0.23,50,44
2012-10-31 20:00:00,20,1260.9,1345.0,32.63,32.54,0.0,0.09,28.06,28.31,0.0,-0.25,50,43
2012-10-31 21:00:00,21,1138.7,1241.0,31.37,31.21,0.0,0.16,27.25,27.48,0.0,-0.23,49,42
2012-10-31 22:00:00,22,1013.8,1108.0,28.85,28.67,0.0,0.18,27.41,27.63,0.0,-0.22,47,42
2012-10-31 23:00:00,23,859.7,996.0,28.71,28.61,0.0,0.1,26.69,26.86,0.0,-0.17,47,42
2012-11-01 00:00:00,0,876.8,921.0,31.68,31.89,0.0,-0.21,27.21,27.39,0.0,-0.18,47,42
2012-11-01 01:00:00,1,831.7,886.0,29.76,29.96,0.0,-0.2,26.51,26.69,0.0,-0.18,47,40
2012-11-01 02:00:00,2,822.2,865.0,28.39,28.59,0.0,-0.2,27.93,28.12,0.0,-0.19,46,41
2012-11-01 03:00:00,3,815.3,864.0,28.33,28.53,0.0,-0.2,26.33,26.53,0.0,-0.2,45,41
2012-11-01 04:00:00,4,857.7,898.0,28.42,28.6,0.0,-0.18,18.48,18.58,0.0,-0.1,45,40
2012-11-01 05:00:00,5,952.1,1011.0,31.89,31.98,0.0,-0.09,27.26,27.34,0.0,-0.08,45,39
2012-11-01 06:00:00,6,1216.6,1219.0,36.93,37.03,0.0,-0.1,30.89,30.91,0.0,-0.02,42,38
2012-11-01 07:00:00,7,1255.5,1333.0,43.37,43.49,0.0,-0.12,32.48,32.49,0.0,-0.01,44,39
2012-11-01 08:00:00,8,1272.0,1340.0,43.34,43.4,0.0,-0.06,31.63,31.64,0.0,-0.01,44,40
2012-11-01 09:00:00,9,1313.8,1349.0,44.12,44.16,0.0,-0.04,32.25,32.36,0.0,-0.11,45,39
2012-11-01 10:00:00,10,1378.0,1366.0,46.0,45.99,0.0,0.01,32.19,32.29,0.0,-0.1,47,36
2012-11-01 11:00:00,11,1347.8,1365.0,45.58,45.62,0.0,-0.04,31.97,31.97,0.0,0.0,49,36
2012-11-01 12:00:00,12,1305.1,1358.0,42.81,42.92,0.0,-0.11,31.35,31.34,0.0,0.01,49,36
2012-11-01 13:00:00,13,1301.8,1358.0,42.33,42.42,0.0,-0.09,28.11,28.11,0.0,0.0,49,37
2012-11-01 14:00:00,14,1277.0,1334.0,39.33,39.45,0.0,-0.12,16.56,16.55,0.0,0.01,51,37
2012-11-01 15:00:00,15,1267.4,1330.0,39.42,39.54,0.0,-0.12,23.22,23.22,0.0,0.0,50,37
2012-11-01 16:00:00,16,1298.7,1362.0,42.04,42.08,0.0,-0.04,31.3,31.34,0.0,-0.04,50,37
2012-11-01 17:00:00,17,1363.3,1461.0,50.05,50.04,0.0,0.01,33.94,34.01,0.0,-0.07,49,38
2012-11-01 18:00:00,18,1372.6,1523.0,63.38,63.42,0.0,-0.04,33.68,33.79,0.0,-0.11,48,38
2012-11-01 19:00:00,19,1366.3,1486.0,54.58,54.68,0.0,-0.1,32.78,32.88,0.0,-0.1,46,40
2012-11-01 20:00:00,20,1321.3,1416.0,39.88,40.02,0.0,-0.14,33.38,33.53,0.0,-0.15,45,40
2012-11-01 21:00:00,21,1163.4,1297.0,37.64,37.83,0.0,-0.19,28.98,29.16,0.0,-0.18,45,41
2012-11-01 22:00:00,22,1036.2,1153.0,33.54,33.82,0.0,-0.28,29.73,29.91,0.0,-0.18,45,40
2012-11-01 23:00:00,23,918.6,1032.0,31.77,32.07,0.0,-0.3,27.57,27.78,0.0,-0.21,45,41
2012-11-02 00:00:00,0,907.4,948.0,30.26,30.43,0.0,-0.17,17.63,17.74,0.0,-0.11,44,41
2012-11-02 01:00:00,1,845.2,904.0,28.68,28.88,0.0,-0.2,25.87,26.08,0.0,-0.21,43,41
2012-11-02 02:00:00,2,819.4,882.0,27.99,28.17,0.0,-0.18,25.76,25.99,0.0,-0.23,42,40
2012-11-02 03:00:00,3,818.4,881.0,26.9,27.08,0.0,-0.18,28.33,28.57,0.0,-0.24,42,40
2012-11-02 04:00:00,4,864.0,913.0,26.82,27.0,0.0,-0.18,26.26,26.44,0.0,-0.18,44,41
2012-11-02 05:00:00,5,979.6,1026.0,30.45,30.48,0.0,-0.03,27.93,28.05,0.0,-0.12,43,39
2012-11-02 06:00:00,6,1231.1,1232.0,35.19,35.05,0.0,0.14,41.87,41.92,0.0,-0.05,43,38
2012-11-02 07:00:00,7,1310.3,1346.0,40.83,40.79,0.0,0.04,41.82,41.95,0.0,-0.13,41,38
2012-11-02 08:00:00,8,1283.4,1354.0,38.61,38.72,0.0,-0.11,38.58,38.76,0.0,-0.18,39,37
2012-11-02 09:00:00,9,1289.1,1368.0,39.55,39.63,0.0,-0.08,32.15,32.25,0.0,-0.1,40,38
2012-11-02 10:00:00,10,1336.0,1379.0,40.75,40.77,0.0,-0.02,31.48,31.55,0.0,-0.07,46,36
2012-11-02 11:00:00,11,1322.1,1381.0,39.83,39.92,0.0,-0.09,35.65,35.71,0.0,-0.06,48,36
2012-11-02 12:00:00,12,1285.1,1359.0,38.39,38.59,0.0,-0.2,58.11,58.22,0.0,-0.11,50,34
2012-11-02 13:00:00,13,1271.8,1354.0,36.4,36.53,0.0,-0.13,39.3,39.31,0.0,-0.01,50,33
2012-11-02 14:00:00,14,1263.2,1333.0,35.0,35.13,0.0,-0.13,39.81,39.86,0.0,-0.05,51,34
2012-11-02 15:00:00,15,1243.8,1331.0,33.71,33.79,0.0,-0.08,38.01,38.07,0.0,-0.06,50,33
2012-11-02 16:00:00,16,1270.7,1353.0,36.38,36.58,0.0,-0.2,45.09,45.09,0.0,0.0,49,32
2012-11-02 17:00:00,17,1302.6,1421.0,38.09,38.2,0.0,-0.11,53.94,53.88,0.0,0.06,48,32
2012-11-02 18:00:00,18,1366.9,1465.0,46.04,46.08,0.0,-0.04,40.21,40.12,0.0,0.09,47,34
2012-11-02 19:00:00,19,1341.2,1425.0,37.79,37.85,0.0,-0.06,51.74,51.76,0.0,-0.02,46,33
2012-11-02 20:00:00,20,1279.0,1366.0,37.24,37.46,0.0,-0.22,56.35,56.44,0.0,-0.09,45,33
2012-11-02 21:00:00,21,1195.9,1277.0,34.74,34.99,0.0,-0.25,54.66,54.75,0.0,-0.09,45,33
2012-11-02 22:00:00,22,1072.5,1157.0,33.96,34.19,0.0,-0.23,32.4,32.44,0.0,-0.04,44,33
2012-11-02 23:00:00,23,948.4,1035.0,31.46,31.71,0.0,-0.25,41.47,41.64,0.0,-0.17,44,34
2012-11-03 00:00:00,0,911.0,949.0,38.1,38.19,0.0,-0.09,33.42,33.59,0.0,-0.17,43,33
2012-11-03 01:00:00,1,869.3,900.0,33.29,33.36,0.0,-0.07,32.86,33.03,0.0,-0.17,42,33
2012-11-03 02:00:00,2,824.0,872.0,32.87,32.97,0.0,-0.1,32.45,32.57,0.0,-0.12,42,33
2012-11-03 03:00:00,3,816.5,869.0,32.48,32.49,0.0,-0.01,32.43,32.52,0.0,-0.09,42,33
2012-11-03 04:00:00,4,823.9,879.0,32.53,32.56,0.0,-0.03,32.46,32.56,0.0,-0.1,43,33
2012-11-03 05:00:00,5,886.1,927.0,32.92,33.01,0.0,-0.09,32.2,32.26,0.0,-0.06,43,34
2012-11-03 06:00:00,6,922.8,1018.0,46.03,46.11,0.0,-0.08,33.11,33.13,0.0,-0.02,42,34
2012-11-03 07:00:00,7,1007.2,1118.0,48.18,48.28,0.0,-0.1,33.31,33.3,0.0,0.01,43,33
2012-11-03 08:00:00,8,1091.3,1211.0,54.27,54.38,0.0,-0.11,39.63,39.6,0.0,0.03,43,33
2012-11-03 09:00:00,9,1198.6,1279.0,53.94,53.81,0.0,0.13,41.99,41.9,0.0,0.09,44,33
2012-11-03 10:00:00,10,1204.3,1297.0,56.05,56.02,0.0,0.03,36.92,36.96,0.0,-0.04,46,32
2012-11-03 11:00:00,11,1189.1,1294.0,51.3,51.29,0.0,0.01,41.89,41.9,0.0,-0.01,45,31
2012-11-03 12:00:00,12,1184.4,1270.0,49.2,49.25,0.0,-0.05,37.25,37.3,0.0,-0.05,48,31
2012-11-03 13:00:00,13,1119.2,1245.0,45.62,45.72,0.0,-0.1,31.2,31.23,0.0,-0.03,51,31
2012-11-03 14:00:00,14,1134.2,1220.0,43.64,43.66,0.0,-0.02,26.64,26.63,0.0,0.01,49,30
2012-11-03 15:00:00,15,1059.9,1211.0,43.07,43.23,0.0,-0.16,30.74,30.73,0.0,0.01,48,30
2012-11-03 16:00:00,16,1071.9,1244.0,45.33,45.55,0.0,-0.22,34.69,34.7,0.0,-0.01,46,30
2012-11-03 17:00:00,17,1109.3,1329.0,53.61,53.93,0.0,-0.32,49.73,49.75,0.0,-0.02,45,30
2012-11-03 18:00:00,18,1124.1,1392.0,64.3,64.65,0.0,-0.35,45.66,45.62,0.0,0.04,43,30
2012-11-03 19:00:00,19,1092.2,1354.0,57.44,57.81,0.0,-0.37,41.64,41.61,0.0,0.03,43,30
2012-11-03 20:00:00,20,1049.2,1299.0,56.17,56.57,0.0,-0.4,42.55,42.64,0.0,-0.09,42,30
2012-11-03 21:00:00,21,969.8,1219.0,50.87,51.26,0.0,-0.39,44.77,44.92,0.0,-0.15,42,30
2012-11-03 22:00:00,22,911.3,1117.0,48.99,49.26,0.0,-0.27,31.98,32.06,0.0,-0.08,42,31
2012-11-03 23:00:00,23,810.8,1017.0,43.24,43.54,0.0,-0.3,24.2,24.25,0.0,-0.05,41,31
2012-11-04 00:00:00,0,883.0,938.0,39.38,39.55,0.0,-0.17,34.3,34.48,0.0,-0.18,41,31
2012-11-04 01:00:00,1,1654.4,1740.0,72.55,72.69,0.0,-0.14,68.13,68.56,0.0,-0.43,40,31
2012-11-04 02:00:00,2,795.6,848.0,34.79,34.8,0.0,-0.01,31.2,31.38,0.0,-0.18,41,32
2012-11-04 03:00:00,3,821.4,847.0,33.36,33.37,0.0,-0.01,29.35,29.46,0.0,-0.11,41,32
2012-11-04 04:00:00,4,827.2,864.0,33.03,32.98,0.0,0.05,23.0,23.09,0.0,-0.09,41,32
2012-11-04 05:00:00,5,865.7,912.0,35.03,34.96,0.0,0.07,33.85,33.95,0.0,-0.1,40,32
2012-11-04 06:00:00,6,927.4,983.0,37.82,37.77,0.0,0.05,39.02,39.1,0.0,-0.08,40,32
2012-11-04 07:00:00,7,1011.8,1084.0,41.91,41.81,0.0,0.1,37.72,37.7,0.0,0.02,40,32
2012-11-04 08:00:00,8,1128.8,1177.0,43.49,43.27,0.0,0.22,39.66,39.65,0.0,0.01,40,32
2012-11-04 09:00:00,9,1174.4,1221.0,44.47,44.23,0.0,0.24,45.1,45.08,0.0,0.02,44,31
2012-11-04 10:00:00,10,1140.1,1227.0,45.61,45.52,0.0,0.09,40.15,40.15,0.0,0.0,46,31
2012-11-04 11:00:00,11,1125.2,1226.0,45.2,45.2,0.0,0.0,38.35,38.33,0.0,0.02,48,30
2012-11-04 12:00:00,12,1100.8,1220.0,45.14,45.22,0.0,-0.08,37.19,37.19,0.0,0.0,47,29
2012-11-04 13:00:00,13,1090.4,1213.0,43.27,43.35,0.0,-0.08,36.8,36.72,0.0,0.08,47,30
2012-11-04 14:00:00,14,1094.4,1213.0,41.71,41.72,0.0,-0.01,37.23,37.14,0.0,0.09,44,29
2012-11-04 15:00:00,15,1129.9,1240.0,42.11,42.03,0.0,0.08,38.79,38.74,0.0,0.05,46,29
2012-11-04 16:00:00,16,1239.1,1353.0,53.77,53.57,0.0,0.2,54.1,53.91,0.0,0.19,43,28
2012-11-04 17:00:00,17,1271.8,1473.0,69.05,69.05,0.0,0.0,63.57,63.26,0.0,0.31,42,28
2012-11-04 18:00:00,18,1261.6,1444.0,66.67,66.57,0.0,0.1,45.78,45.6,0.0,0.18,40,27
2012-11-04 19:00:00,19,1225.6,1384.0,56.91,56.86,0.0,0.05,41.54,41.36,0.0,0.18,38,26
2012-11-04 20:00:00,20,1164.0,1300.0,53.81,53.77,0.0,0.04,46.14,45.89,0.0,0.25,39,27
2012-11-04 21:00:00,21,1087.3,1183.0,45.48,45.42,0.0,0.06,43.77,43.71,0.0,0.06,37,26
2012-11-04 22:00:00,22,969.4,1062.0,41.43,41.49,0.0,-0.06,31.94,32.02,0.0,-0.08,36,25
2012-11-04 23:00:00,23,940.6,976.0,37.36,37.11,0.2,0.05,28.43,28.56,0.0,-0.13,36,25
2012-11-05 00:00:00,0,985.1,921.0,34.84,34.54,0.36,-0.06,30.73,30.86,0.0,-0.13,36,24
2012-11-05 01:00:00,1,947.6,896.0,33.73,33.43,0.36,-0.06,18.95,19.03,0.0,-0.08,36,23
2012-11-05 02:00:00,2,936.9,888.0,33.33,33.01,0.36,-0.04,21.22,21.3,0.0,-0.08,36,23
2012-11-05 03:00:00,3,943.2,899.0,33.46,33.13,0.36,-0.03,33.5,33.64,0.0,-0.14,36,23
2012-11-05 04:00:00,4,985.5,951.0,34.98,34.57,0.38,0.03,35.86,35.95,0.0,-0.09,35,22
2012-11-05 05:00:00,5,1099.0,1084.0,37.61,36.93,0.43,0.25,40.99,40.93,0.0,0.06,36,21
2012-11-05 06:00:00,6,1324.6,1291.0,46.93,45.85,0.37,0.71,54.77,54.32,0.0,0.45,35,22
2012-11-05 07:00:00,7,1390.6,1391.0,39.61,38.69,0.37,0.55,62.61,62.11,0.0,0.5,35,21
2012-11-05 08:00:00,8,1394.9,1410.0,38.48,37.53,0.34,0.61,55.72,55.44,0.0,0.28,35,19
2012-11-05 09:00:00,9,1392.0,1427.0,38.17,37.28,0.33,0.56,43.16,42.83,0.0,0.33,36,20
2012-11-05 10:00:00,10,1409.2,1439.0,40.05,39.01,0.35,0.69,39.8,39.45,0.0,0.35,37,19
2012-11-05 11:00:00,11,1399.0,1440.0,39.91,38.96,0.34,0.61,40.63,40.3,0.0,0.33,38,19
2012-11-05 12:00:00,12,1392.0,1422.0,39.37,38.42,0.33,0.62,45.88,45.63,0.0,0.25,39,20
2012-11-05 13:00:00,13,1386.6,1412.0,38.88,37.95,0.32,0.61,47.15,46.96,0.0,0.19,39,21
2012-11-05 14:00:00,14,1375.3,1408.0,38.19,37.33,0.31,0.55,36.27,36.02,0.0,0.25,38,21
2012-11-05 15:00:00,15,1371.8,1421.0,38.1,37.24,0.32,0.54,39.04,38.77,0.0,0.27,37,21
2012-11-05 16:00:00,16,1492.2,1512.0,45.21,44.57,0.0,0.64,77.31,77.0,0.0,0.31,36,19
2012-11-05 17:00:00,17,1567.1,1634.0,73.04,71.94,0.07,1.03,191.95,190.99,0.0,0.96,34,15
2012-11-05 18:00:00,18,1587.0,1624.0,62.96,62.0,0.02,0.94,73.38,73.05,0.0,0.33,34,15
2012-11-05 19:00:00,19,1477.9,1566.0,43.22,42.65,0.0,0.57,43.46,43.22,0.0,0.24,32,16
2012-11-05 20:00:00,20,1412.1,1481.0,43.46,42.61,0.37,0.48,52.51,52.19,0.0,0.32,31,17
2012-11-05 21:00:00,21,1311.4,1362.0,40.64,39.75,0.41,0.48,65.78,65.35,0.0,0.43,30,17
2012-11-05 22:00:00,22,1176.3,1219.0,35.81,35.25,0.35,0.21,51.45,51.24,0.0,0.21,28,16
2012-11-05 23:00:00,23,1056.2,1104.0,39.87,39.16,0.4,0.31,38.13,38.15,0.0,-0.02,27,16
2012-11-06 00:00:00,0,1035.9,1033.0,41.81,41.33,0.21,0.27,46.77,46.78,0.0,-0.01,23,16
2012-11-06 01:00:00,1,966.7,1005.0,40.78,40.39,0.21,0.18,50.36,50.4,0.0,-0.04,23,17
2012-11-06 02:00:00,2,960.4,988.0,39.92,39.54,0.2,0.18,41.44,41.42,0.0,0.02,21,18
2012-11-06 03:00:00,3,958.0,997.0,39.94,39.54,0.2,0.2,41.19,41.17,0.0,0.02,20,17
2012-11-06 04:00:00,4,1001.5,1047.0,40.05,39.83,0.0,0.22,45.53,45.48,0.0,0.05,18,15
2012-11-06 05:00:00,5,1083.4,1174.0,49.2,48.86,0.0,0.34,59.56,59.41,0.0,0.15,18,16
2012-11-06 06:00:00,6,1330.3,1350.0,60.34,59.9,0.0,0.44,67.62,67.37,0.0,0.25,17,15
2012-11-06 07:00:00,7,1378.5,1428.0,65.37,64.98,0.0,0.39,108.85,108.51,0.0,0.34,17,15
2012-11-06 08:00:00,8,1410.4,1441.0,62.71,62.21,0.0,0.5,51.65,51.44,0.0,0.21,27,21
2012-11-06 09:00:00,9,1445.1,1443.0,59.97,59.46,0.0,0.51,52.48,52.28,0.0,0.2,31,19
2012-11-06 10:00:00,10,1412.6,1441.0,62.36,61.79,0.0,0.57,58.61,58.38,0.0,0.23,35,16
2012-11-06 11:00:00,11,1395.1,1429.0,62.24,61.78,0.0,0.46,52.76,52.55,0.0,0.21,37,12
2012-11-06 12:00:00,12,1352.6,1409.0,60.76,60.19,0.0,0.57,59.16,58.82,0.0,0.34,39,11
2012-11-06 13:00:00,13,1364.5,1396.0,57.31,56.82,0.0,0.49,53.63,53.28,0.0,0.35,40,11
2012-11-06 14:00:00,14,1366.9,1380.0,54.59,54.02,0.0,0.57,46.64,46.24,0.0,0.4,40,10
2012-11-06 15:00:00,15,1361.5,1387.0,54.07,53.52,0.0,0.55,95.97,95.01,0.0,0.96,40,11
2012-11-06 16:00:00,16,1503.7,1482.0,60.95,60.5,0.01,0.44,160.15,158.66,0.0,1.49,39,11
2012-11-06 17:00:00,17,1547.5,1615.0,83.52,82.97,0.02,0.53,186.17,184.34,0.0,1.83,34,13
2012-11-06 18:00:00,18,1477.1,1624.0,73.82,73.63,0.01,0.18,158.22,156.33,0.06,1.83,27,13
2012-11-06 19:00:00,19,1433.3,1584.0,64.5,64.3,0.0,0.2,153.87,152.4,0.07,1.4,27,14
2012-11-06 20:00:00,20,1394.5,1516.0,56.52,56.3,0.0,0.22,74.07,73.55,0.0,0.52,24,17
2012-11-06 21:00:00,21,1321.4,1397.0,50.98,50.64,0.0,0.34,54.49,54.15,0.0,0.34,22,17
2012-11-06 22:00:00,22,1172.4,1262.0,48.32,48.17,0.0,0.15,78.61,78.6,0.0,0.01,21,16
2012-11-06 23:00:00,23,1007.8,1147.0,40.98,40.93,0.21,-0.16,70.06,70.26,0.0,-0.2,20,18
2012-11-07 00:00:00,0,970.8,1074.0,49.69,49.48,0.3,-0.09,54.95,55.04,0.0,-0.09,19,16
2012-11-07 01:00:00,1,928.3,1032.0,48.72,48.41,0.31,0.0,58.34,58.38,0.0,-0.04,19,16
2012-11-07 02:00:00,2,914.7,1010.0,47.45,47.19,0.3,-0.04,54.09,54.13,0.0,-0.04,22,18
2012-11-07 03:00:00,3,915.0,1010.0,47.26,46.99,0.3,-0.03,47.66,47.67,0.0,-0.01,24,19
2012-11-07 04:00:00,4,950.6,1057.0,47.77,47.75,0.0,0.02,54.37,54.37,0.0,0.0,27,18
2012-11-07 05:00:00,5,1086.5,1183.0,58.62,58.45,0.0,0.17,57.35,57.15,0.0,0.2,28,17
2012-11-07 06:00:00,6,1273.6,1387.0,73.21,73.6,0.0,-0.39,223.35,222.46,0.0,0.89,28,17
2012-11-07 07:00:00,7,1355.9,1478.0,77.42,77.68,0.0,-0.26,161.11,160.52,0.0,0.59,29,17
2012-11-07 08:00:00,8,1336.9,1501.0,76.09,76.47,0.0,-0.38,93.87,93.62,0.0,0.25,30,16
2012-11-07 09:00:00,9,1403.2,1512.0,78.87,78.84,0.0,0.03,112.2,111.83,0.0,0.37,31,16
2012-11-07 10:00:00,10,1410.9,1524.0,78.1,78.03,0.0,0.07,79.9,79.59,0.0,0.31,32,16
2012-11-07 11:00:00,11,1414.7,1535.0,77.59,77.48,0.0,0.11,132.98,132.46,0.0,0.52,33,15
2012-11-07 12:00:00,12,1390.1,1522.0,74.86,74.7,0.0,0.16,93.1,92.53,0.0,0.57,33,15
2012-11-07 13:00:00,13,1384.6,1525.0,76.44,76.31,0.0,0.13,111.84,111.25,0.0,0.59,33,14
2012-11-07 14:00:00,14,1366.5,1514.0,80.21,80.27,0.0,-0.06,90.39,89.96,0.0,0.43,34,14
2012-11-07 15:00:00,15,1376.5,1533.0,78.29,78.1,0.0,0.19,105.48,104.79,0.0,0.69,34,13
2012-11-07 16:00:00,16,1511.9,1626.0,83.55,83.13,0.0,0.42,171.65,170.15,0.0,1.5,35,12
2012-11-07 17:00:00,17,1580.4,1710.0,102.21,102.57,0.0,-0.36,221.48,219.89,0.0,1.59,35,11
2012-11-07 18:00:00,18,1522.7,1687.0,94.71,94.68,0.03,0.0,93.94,93.47,0.0,0.47,36,9
2012-11-07 19:00:00,19,1427.3,1620.0,83.08,83.2,0.02,-0.14,75.57,75.34,0.0,0.23,36,9
2012-11-07 20:00:00,20,1363.5,1526.0,81.62,81.87,0.0,-0.25,78.99,79.01,0.0,-0.02,37,11
2012-11-07 21:00:00,21,1260.8,1391.0,69.33,69.46,0.16,-0.29,71.0,71.08,0.0,-0.08,37,12
2012-11-07 22:00:00,22,1139.1,1243.0,57.25,57.56,0.06,-0.37,44.25,44.34,0.0,-0.09,37,13
2012-11-07 23:00:00,23,1042.7,1122.0,51.38,51.37,0.24,-0.23,36.42,36.57,0.0,-0.15,36,18
2012-11-08 00:00:00,0,999.6,1055.0,50.72,50.31,0.12,0.29,52.84,52.85,0.0,-0.01,34,24
2012-11-08 01:00:00,1,951.5,1022.0,43.32,43.02,0.08,0.22,45.19,45.27,0.0,-0.08,31,28
2012-11-08 02:00:00,2,934.6,1006.0,43.15,42.82,0.11,0.22,38.94,39.01,0.0,-0.07,32,29
2012-11-08 03:00:00,3,942.3,1008.0,40.29,39.98,0.08,0.23,40.7,40.79,0.0,-0.09,32,29
2012-11-08 04:00:00,4,988.6,1046.0,39.8,39.51,0.06,0.23,45.41,45.5,0.0,-0.09,32,29
2012-11-08 05:00:00,5,1079.6,1170.0,54.74,54.09,0.05,0.6,57.61,57.56,0.0,0.05,33,30
2012-11-08 06:00:00,6,1328.1,1360.0,70.11,69.63,0.0,0.48,67.17,66.95,0.0,0.22,33,31
2012-11-08 07:00:00,7,1410.2,1439.0,68.94,68.18,0.01,0.75,63.19,62.87,0.0,0.32,34,31
2012-11-08 08:00:00,8,1378.6,1475.0,69.08,68.37,0.01,0.7,60.34,60.01,0.0,0.33,35,32
2012-11-08 09:00:00,9,1446.2,1501.0,71.3,70.56,0.01,0.73,61.65,61.21,0.0,0.44,36,32
2012-11-08 10:00:00,10,1464.2,1520.0,76.71,75.68,0.25,0.78,72.87,72.72,0.0,0.15,37,32
2012-11-08 11:00:00,11,1446.2,1525.0,68.23,67.66,0.17,0.4,70.88,70.72,0.0,0.16,35,34
2012-11-08 12:00:00,12,1404.8,1506.0,63.6,63.05,0.13,0.42,67.73,67.58,0.0,0.15,36,34
2012-11-08 13:00:00,13,1393.8,1501.0,62.35,61.6,0.12,0.63,66.94,66.73,0.0,0.21,37,35
2012-11-08 14:00:00,14,1381.8,1485.0,58.98,58.24,0.08,0.66,65.03,64.77,0.0,0.26,37,35
2012-11-08 15:00:00,15,1406.0,1499.0,62.67,62.04,0.12,0.51,67.82,67.59,0.0,0.23,37,34
2012-11-08 16:00:00,16,1518.1,1588.0,76.26,75.62,0.25,0.39,81.15,80.87,0.0,0.28,36,34
2012-11-08 17:00:00,17,1600.2,1662.0,103.52,102.94,0.39,0.19,91.65,91.57,0.0,0.08,36,34
2012-11-08 18:00:00,18,1540.4,1642.0,74.78,74.35,0.24,0.19,79.72,79.74,0.0,-0.02,36,33
2012-11-08 19:00:00,19,1491.4,1586.0,68.22,67.94,0.18,0.1,72.61,72.63,0.0,-0.02,36,32
2012-11-08 20:00:00,20,1450.9,1498.0,67.96,67.68,0.17,0.11,69.16,69.14,0.0,0.02,37,31
2012-11-08 21:00:00,21,1338.4,1371.0,69.68,69.05,0.19,0.44,63.47,63.42,0.0,0.05,37,31
2012-11-08 22:00:00,22,1201.4,1221.0,57.9,57.28,0.08,0.54,49.28,49.36,0.0,-0.08,38,30
2012-11-08 23:00:00,23,1087.8,1099.0,48.32,47.93,0.12,0.27,44.73,44.91,0.0,-0.18,38,30
2012-11-09 00:00:00,0,1026.4,1022.0,46.02,45.92,0.0,0.1,40.36,40.53,0.0,-0.17,37,30
2012-11-09 01:00:00,1,995.2,986.0,40.91,40.82,0.0,0.09,38.35,38.55,0.0,-0.2,37,29
2012-11-09 02:00:00,2,993.6,968.0,39.72,39.59,0.0,0.13,36.55,36.75,0.0,-0.2,37,29
2012-11-09 03:00:00,3,993.5,972.0,39.66,39.54,0.0,0.12,36.45,36.61,0.0,-0.16,37,28
2012-11-09 04:00:00,4,1026.2,1010.0,39.83,39.71,0.0,0.12,36.46,36.57,0.0,-0.11,36,28
2012-11-09 05:00:00,5,1155.6,1127.0,47.78,47.42,0.0,0.36,37.46,37.43,0.0,0.03,35,28
2012-11-09 06:00:00,6,1330.3,1310.0,67.91,68.52,-1.46,0.85,41.92,41.67,0.0,0.25,35,28
2012-11-09 07:00:00,7,1402.7,1393.0,58.44,58.73,-1.21,0.92,45.66,45.17,0.0,0.49,36,27
2012-11-09 08:00:00,8,1428.9,1411.0,62.29,62.35,-1.18,1.12,46.57,46.06,0.0,0.51,39,28
2012-11-09 09:00:00,9,1438.7,1415.0,60.51,59.39,0.0,1.12,46.76,46.28,0.0,0.48,41,28
2012-11-09 10:00:00,10,1356.9,1418.0,50.42,49.97,-0.31,0.76,48.83,48.38,0.0,0.45,43,28
2012-11-09 11:00:00,11,1351.6,1404.0,49.18,48.46,0.0,0.72,46.68,46.26,0.0,0.42,46,27
2012-11-09 12:00:00,12,1333.4,1379.0,47.44,46.68,0.0,0.76,44.27,43.81,0.0,0.46,47,24
2012-11-09 13:00:00,13,1320.0,1369.0,46.15,45.4,0.0,0.75,41.0,40.59,0.0,0.41,49,21
2012-11-09 14:00:00,14,1310.9,1348.0,43.14,42.4,0.0,0.74,39.84,39.5,0.0,0.34,50,20
2012-11-09 15:00:00,15,1298.4,1348.0,43.44,42.71,0.0,0.73,39.35,39.02,0.0,0.33,50,19
2012-11-09 16:00:00,16,1346.2,1435.0,58.64,57.8,0.0,0.84,54.48,53.96,0.0,0.52,48,17
2012-11-09 17:00:00,17,1397.7,1537.0,68.92,68.22,-0.05,0.75,126.78,125.91,0.0,0.87,45,22
2012-11-09 18:00:00,18,1418.4,1517.0,63.56,62.94,-0.12,0.74,50.66,50.35,0.0,0.31,44,27
2012-11-09 19:00:00,19,1382.9,1467.0,60.46,59.77,0.0,0.69,50.8,50.5,0.0,0.3,43,28
2012-11-09 20:00:00,20,1328.4,1396.0,52.59,51.91,0.0,0.68,48.3,48.02,0.0,0.28,42,28
2012-11-09 21:00:00,21,1246.9,1301.0,47.68,47.21,0.01,0.46,46.39,46.24,0.0,0.15,43,28
2012-11-09 22:00:00,22,1146.2,1185.0,43.94,43.62,0.0,0.32,41.39,41.4,0.0,-0.01,36,29
2012-11-09 23:00:00,23,1026.1,1069.0,40.09,39.99,0.0,0.1,37.87,38.03,0.0,-0.16,35,29
2012-11-10 00:00:00,0,1002.3,984.0,36.82,36.74,0.05,0.03,32.24,32.37,0.0,-0.13,34,30
2012-11-10 01:00:00,1,956.7,942.0,33.17,33.02,0.05,0.1,32.25,32.34,0.0,-0.09,43,31
2012-11-10 02:00:00,2,931.2,918.0,32.23,32.04,0.07,0.12,32.12,32.23,0.0,-0.11,43,32
2012-11-10 03:00:00,3,922.2,911.0,32.27,32.09,0.08,0.1,32.42,32.55,0.0,-0.13,41,31
2012-11-10 04:00:00,4,933.3,929.0,32.8,32.64,0.06,0.1,31.79,31.95,0.0,-0.16,41,31
2012-11-10 05:00:00,5,935.2,981.0,34.12,34.09,0.05,-0.02,32.78,32.89,0.0,-0.11,38,31
2012-11-10 06:00:00,6,1011.1,1061.0,36.53,36.49,0.0,0.04,32.12,32.13,0.0,-0.01,38,31
2012-11-10 07:00:00,7,1106.7,1155.0,39.08,38.84,0.0,0.24,35.03,34.91,0.0,0.12,38,30
2012-11-10 08:00:00,8,1175.3,1239.0,42.5,42.0,0.01,0.49,39.55,39.38,0.0,0.17,43,31
2012-11-10 09:00:00,9,1210.8,1277.0,51.72,51.06,0.01,0.65,37.93,37.73,0.0,0.2,44,29
2012-11-10 10:00:00,10,1227.3,1281.0,49.53,48.82,0.0,0.71,33.05,32.8,0.0,0.25,47,27
2012-11-10 11:00:00,11,1203.7,1265.0,49.49,48.73,0.0,0.76,32.65,32.4,0.0,0.25,48,26
2012-11-10 12:00:00,12,1194.1,1234.0,41.06,40.45,0.0,0.61,32.55,32.35,0.0,0.2,50,26
2012-11-10 13:00:00,13,1166.7,1208.0,36.99,36.5,0.0,0.49,32.17,32.03,0.0,0.14,51,26
2012-11-10 14:00:00,14,1156.7,1192.0,33.59,33.19,0.0,0.4,31.51,31.38,0.0,0.13,52,24
2012-11-10 15:00:00,15,1144.0,1199.0,35.99,35.53,0.0,0.46,31.9,31.76,0.0,0.14,51,23
2012-11-10 16:00:00,16,1249.4,1312.0,48.85,48.02,0.0,0.83,46.68,46.24,0.0,0.44,49,22
2012-11-10 17:00:00,17,1312.1,1428.0,62.14,61.31,0.0,0.83,39.43,39.04,0.0,0.39,42,24
2012-11-10 18:00:00,18,1267.8,1408.0,57.45,56.75,0.0,0.7,41.05,40.61,0.0,0.44,36,26
2012-11-10 19:00:00,19,1237.6,1362.0,47.65,47.21,0.0,0.44,42.07,41.75,0.0,0.32,33,26
2012-11-10 20:00:00,20,1159.7,1302.0,48.54,48.05,0.0,0.49,34.94,34.68,0.0,0.26,32,25
2012-11-10 21:00:00,21,1116.9,1227.0,39.37,39.02,0.0,0.35,35.36,35.11,0.0,0.25,30,24
2012-11-10 22:00:00,22,1023.8,1129.0,35.55,37.13,-1.66,0.08,33.76,33.63,0.0,0.13,29,26
2012-11-10 23:00:00,23,925.9,1033.0,34.98,34.93,0.08,-0.03,33.15,33.07,0.0,0.08,30,26
2012-11-11 00:00:00,0,901.4,958.0,32.21,32.1,0.13,-0.02,33.46,33.51,0.0,-0.05,30,27
2012-11-11 01:00:00,1,858.7,916.0,32.47,32.38,0.14,-0.05,33.05,33.11,0.0,-0.06,30,26
2012-11-11 02:00:00,2,840.1,891.0,30.89,30.8,0.12,-0.03,32.34,32.4,0.0,-0.06,32,29
2012-11-11 03:00:00,3,841.8,882.0,30.76,30.68,0.12,-0.04,32.45,32.53,0.0,-0.08,33,28
2012-11-11 04:00:00,4,866.8,890.0,31.47,31.42,0.09,-0.04,33.23,33.34,0.0,-0.11,35,29
2012-11-11 05:00:00,5,890.4,919.0,32.39,32.3,0.14,-0.05,33.07,33.24,0.0,-0.17,35,29
2012-11-11 06:00:00,6,1014.5,976.0,32.6,32.54,0.0,0.06,32.09,32.19,0.0,-0.1,36,29
2012-11-11 07:00:00,7,1114.6,1066.0,36.37,36.12,0.0,0.25,40.53,40.51,0.0,0.02,36,30
2012-11-11 08:00:00,8,1139.6,1168.0,37.02,36.74,0.0,0.28,49.39,49.18,0.0,0.21,40,33
2012-11-11 09:00:00,9,1139.4,1235.0,39.63,39.27,0.0,0.36,53.84,53.5,0.0,0.34,42,35
2012-11-11 10:00:00,10,1156.8,1254.0,37.71,37.35,0.0,0.36,48.31,47.92,0.0,0.39,44,37
2012-11-11 11:00:00,11,1157.1,1253.0,37.44,37.04,0.0,0.4,34.2,33.95,0.0,0.25,46,38
2012-11-11 12:00:00,12,1161.9,1243.0,35.91,35.51,0.0,0.4,32.89,32.62,0.0,0.27,49,39
2012-11-11 13:00:00,13,1141.2,1216.0,36.7,36.32,0.0,0.38,33.88,33.67,0.0,0.21,54,41
2012-11-11 14:00:00,14,1143.1,1193.0,33.42,33.11,0.0,0.31,32.12,31.95,0.0,0.17,57,41
2012-11-11 15:00:00,15,1162.4,1198.0,33.75,33.32,0.0,0.43,31.67,31.49,0.0,0.18,59,42
2012-11-11 16:00:00,16,1261.5,1314.0,55.81,54.84,0.0,0.97,40.49,40.15,0.0,0.34,58,41
2012-11-11 17:00:00,17,1335.8,1437.0,59.44,58.64,0.0,0.8,35.75,35.49,0.0,0.26,53,41
2012-11-11 18:00:00,18,1310.0,1411.0,56.77,56.07,0.0,0.7,40.73,40.5,0.0,0.23,49,41
2012-11-11 19:00:00,19,1278.0,1349.0,50.57,50.0,0.01,0.56,37.05,36.9,0.0,0.15,43,39
2012-11-11 20:00:00,20,1210.8,1277.0,48.5,47.99,0.0,0.51,41.39,41.17,0.0,0.22,41,38
2012-11-11 21:00:00,21,1121.9,1179.0,38.51,38.26,0.0,0.25,33.93,33.81,0.0,0.12,39,38
2012-11-11 22:00:00,22,1003.3,1075.0,34.92,34.75,0.13,0.04,35.47,35.45,0.0,0.02,37,36
2012-11-11 23:00:00,23,892.6,986.0,34.43,34.39,0.16,-0.12,30.02,30.09,0.0,-0.07,36,36
2012-11-12 00:00:00,0,842.8,924.0,32.77,32.73,0.06,-0.02,35.46,35.62,0.0,-0.16,34,34
2012-11-12 01:00:00,1,808.0,890.0,31.89,31.74,0.1,0.05,31.08,31.19,0.0,-0.11,35,34
2012-11-12 02:00:00,2,797.3,877.0,31.81,31.64,0.12,0.05,28.72,28.83,0.0,-0.11,35,34
2012-11-12 03:00:00,3,798.7,883.0,31.92,31.78,0.11,0.03,28.31,28.42,0.0,-0.11,34,33
2012-11-12 04:00:00,4,836.6,924.0,32.18,32.02,0.11,0.05,31.39,31.53,0.0,-0.14,33,33
2012-11-12 05:00:00,5,929.8,1028.0,32.86,32.69,0.03,0.14,33.18,33.23,0.0,-0.05,33,32
2012-11-12 06:00:00,6,1167.7,1171.0,34.7,34.37,0.0,0.33,31.56,31.55,0.0,0.01,31,30
2012-11-12 07:00:00,7,1261.2,1281.0,39.1,38.57,0.0,0.53,32.38,32.26,0.0,0.12,31,30
2012-11-12 08:00:00,8,1284.6,1347.0,38.71,38.16,0.0,0.55,32.23,32.03,0.0,0.2,37,35
2012-11-12 09:00:00,9,1305.3,1390.0,40.8,40.16,0.0,0.64,34.65,34.39,0.0,0.26,47,41
2012-11-12 10:00:00,10,1322.3,1409.0,44.13,43.55,0.0,0.58,43.38,43.13,0.0,0.25,55,44
2012-11-12 11:00:00,11,1322.2,1405.0,41.42,40.83,0.0,0.59,53.78,53.48,0.0,0.3,59,44
2012-11-12 12:00:00,12,1322.7,1393.0,38.97,38.38,0.0,0.59,39.63,39.34,0.0,0.29,63,44
2012-11-12 13:00:00,13,1312.8,1381.0,38.48,37.92,0.0,0.56,32.88,32.61,0.0,0.27,66,43
2012-11-12 14:00:00,14,1297.0,1361.0,38.3,37.79,0.0,0.51,33.81,33.57,0.0,0.24,66,46
2012-11-12 15:00:00,15,1299.7,1354.0,38.33,37.81,0.0,0.52,33.69,33.52,0.0,0.17,65,48
2012-11-12 16:00:00,16,1383.9,1455.0,56.3,55.42,0.0,0.88,91.36,90.78,0.0,0.58,63,46
2012-11-12 17:00:00,17,1480.1,1578.0,73.76,72.6,0.22,0.94,158.95,158.19,0.0,0.76,60,47
2012-11-12 18:00:00,18,1440.6,1555.0,53.87,53.29,0.02,0.56,35.89,35.72,0.0,0.17,59,49
2012-11-12 19:00:00,19,1400.5,1493.0,51.87,51.4,0.02,0.45,36.19,36.13,0.0,0.06,58,50
2012-11-12 20:00:00,20,1338.3,1405.0,44.23,43.75,0.0,0.48,38.76,38.72,0.0,0.04,58,51
2012-11-12 21:00:00,21,1227.9,1276.0,39.54,39.33,0.0,0.21,33.14,33.24,0.0,-0.1,58,53
2012-11-12 22:00:00,22,1103.3,1141.0,33.96,34.07,0.0,-0.11,30.3,30.53,0.0,-0.23,58,53
2012-11-12 23:00:00,23,978.1,1023.0,31.85,31.96,0.0,-0.11,30.84,31.06,0.0,-0.22,58,53
2012-11-13 00:00:00,0,879.5,949.0,32.34,32.45,0.0,-0.11,31.54,31.79,0.0,-0.25,59,55
2012-11-13 01:00:00,1,840.0,908.0,30.19,30.28,0.0,-0.09,28.69,28.93,0.0,-0.24,59,56
2012-11-13 02:00:00,2,812.6,887.0,31.05,31.16,0.0,-0.11,27.46,27.67,0.0,-0.21,59,56
2012-11-13 03:00:00,3,812.7,888.0,30.21,30.31,0.0,-0.1,9.68,9.76,0.0,-0.08,60,57
2012-11-13 04:00:00,4,849.4,926.0,32.32,32.4,0.0,-0.08,28.31,28.51,0.0,-0.2,60,58
2012-11-13 05:00:00,5,948.8,1042.0,36.49,36.5,0.0,-0.01,32.66,32.81,0.0,-0.15,60,58
2012-11-13 06:00:00,6,1156.4,1243.0,40.25,40.33,0.0,-0.08,34.31,34.35,0.0,-0.04,55,51
2012-11-13 07:00:00,7,1254.9,1339.0,41.26,40.98,0.0,0.28,35.79,35.75,0.0,0.04,50,48
2012-11-13 08:00:00,8,1280.7,1364.0,40.1,39.67,0.0,0.43,32.9,32.78,0.0,0.12,50,48
2012-11-13 09:00:00,9,1320.7,1390.0,45.12,44.67,0.0,0.45,35.05,34.92,0.0,0.13,49,48
2012-11-13 10:00:00,10,1344.3,1408.0,48.74,48.29,0.0,0.45,35.36,35.22,0.0,0.14,48,45
2012-11-13 11:00:00,11,1317.9,1422.0,47.27,46.93,0.0,0.34,37.66,37.51,0.0,0.15,46,42
2012-11-13 12:00:00,12,1317.1,1415.0,41.23,40.99,0.0,0.24,34.33,33.98,0.26,0.09,44,40
2012-11-13 13:00:00,13,1301.6,1416.0,40.77,40.54,0.01,0.22,35.88,35.81,0.0,0.07,43,37
2012-11-13 14:00:00,14,1289.4,1400.0,40.42,40.09,0.01,0.32,33.54,33.47,0.0,0.07,43,37
2012-11-13 15:00:00,15,1299.5,1417.0,41.37,40.98,0.01,0.38,34.92,34.85,0.0,0.07,43,36
2012-11-13 16:00:00,16,1459.1,1505.0,53.36,52.71,0.01,0.64,35.61,35.51,0.0,0.1,43,36
2012-11-13 17:00:00,17,1507.7,1609.0,73.45,72.77,0.01,0.67,53.59,53.56,0.0,0.03,41,34
2012-11-13 18:00:00,18,1423.3,1597.0,59.38,59.15,0.01,0.22,42.13,42.12,0.0,0.01,39,31
2012-11-13 19:00:00,19,1394.0,1548.0,54.55,54.43,0.01,0.11,46.46,46.53,0.0,-0.07,38,28
2012-11-13 20:00:00,20,1331.5,1471.0,47.48,47.38,0.0,0.1,38.26,38.37,0.0,-0.11,34,27
2012-11-13 21:00:00,21,1254.8,1354.0,41.52,41.38,0.0,0.14,34.51,34.7,0.0,-0.19,34,27
2012-11-13 22:00:00,22,1136.7,1208.0,39.47,39.59,0.0,-0.12,38.54,38.87,0.0,-0.33,29,27
2012-11-13 23:00:00,23,1017.6,1088.0,35.12,35.28,0.0,-0.16,32.0,32.29,0.0,-0.29,27,26
2012-11-14 00:00:00,0,1009.2,1017.0,39.81,40.08,0.0,-0.27,30.77,31.09,0.0,-0.32,26,25
2012-11-14 01:00:00,1,1014.0,981.0,39.53,39.73,0.0,-0.2,32.27,32.59,0.0,-0.32,25,24
2012-11-14 02:00:00,2,992.5,967.0,36.96,37.21,0.0,-0.25,37.04,37.46,0.0,-0.42,27,26
2012-11-14 03:00:00,3,963.5,977.0,36.56,36.86,0.0,-0.3,35.4,35.78,0.0,-0.38,29,28
2012-11-14 04:00:00,4,944.6,1024.0,40.46,40.73,0.0,-0.27,42.33,42.66,0.0,-0.33,31,28
2012-11-14 05:00:00,5,1092.8,1157.0,41.35,41.43,0.0,-0.08,52.27,52.42,0.0,-0.15,31,28
2012-11-14 06:00:00,6,1354.3,1352.0,64.89,64.73,0.0,0.16,95.72,95.57,0.0,0.15,28,27
2012-11-14 07:00:00,7,1349.3,1432.0,69.25,69.11,0.0,0.14,57.48,59.72,-2.48,0.24,27,24
2012-11-14 08:00:00,8,1340.3,1434.0,56.11,55.66,0.0,0.45,55.0,57.3,-2.58,0.28,31,29
2012-11-14 09:00:00,9,1336.4,1426.0,58.69,58.28,0.0,0.41,44.17,45.08,-1.12,0.21,35,27
2012-11-14 10:00:00,10,1347.6,1425.0,55.92,55.49,0.0,0.43,44.94,44.78,0.0,0.16,38,26
2012-11-14 11:00:00,11,1334.2,1423.0,55.92,55.59,0.0,0.33,43.86,43.73,0.0,0.13,41,26
2012-11-14 12:00:00,12,1313.4,1402.0,54.6,54.23,0.0,0.37,42.16,42.26,-0.19,0.09,44,23
2012-11-14 13:00:00,13,1294.2,1391.0,53.64,53.33,0.0,0.31,43.14,43.06,0.0,0.08,45,21
2012-11-14 14:00:00,14,1261.0,1377.0,50.09,49.79,0.0,0.3,42.74,42.61,0.0,0.13,46,21
2012-11-14 15:00:00,15,1267.9,1395.0,54.86,54.52,0.0,0.34,42.24,42.07,0.0,0.17,46,20
2012-11-14 16:00:00,16,1354.8,1502.0,71.77,71.32,0.0,0.45,55.87,55.46,0.0,0.41,44,19
2012-11-14 17:00:00,17,1379.5,1638.0,104.45,104.1,0.0,0.35,113.19,112.38,0.0,0.81,38,22
2012-11-14 18:00:00,18,1408.7,1628.0,77.59,77.33,0.0,0.26,82.56,81.95,0.0,0.61,35,22
2012-11-14 19:00:00,19,1391.4,1581.0,73.76,73.59,0.0,0.17,54.98,54.54,0.0,0.44,30,22
2012-11-14 20:00:00,20,1321.7,1511.0,66.75,66.45,0.0,0.3,53.22,52.75,0.0,0.47,29,25
2012-11-14 21:00:00,21,1267.0,1393.0,57.06,57.03,0.0,0.03,57.26,57.11,0.0,0.15,27,23
2012-11-14 22:00:00,22,1153.4,1251.0,47.29,47.39,0.0,-0.1,42.81,42.94,0.0,-0.13,25,22
2012-11-14 23:00:00,23,1033.4,1135.0,43.8,44.13,0.0,-0.33,39.04,39.39,0.0,-0.35,24,22
2012-11-15 00:00:00,0,1019.0,1061.0,44.27,44.57,0.0,-0.3,43.4,43.75,0.0,-0.35,23,21
2012-11-15 01:00:00,1,1024.0,1023.0,43.76,43.99,0.0,-0.23,47.46,47.74,0.0,-0.28,24,21
2012-11-15 02:00:00,2,1009.7,1007.0,42.97,43.18,0.0,-0.21,45.83,46.14,0.0,-0.31,21,18
2012-11-15 03:00:00,3,1000.6,1017.0,43.06,43.31,0.0,-0.25,45.81,46.12,0.0,-0.31,21,19
2012-11-15 04:00:00,4,992.0,1063.0,44.16,44.34,0.0,-0.18,46.73,46.95,0.0,-0.22,19,17
2012-11-15 05:00:00,5,1100.2,1194.0,46.94,46.82,0.0,0.12,46.4,46.4,0.0,0.0,20,18
2012-11-15 06:00:00,6,1373.3,1396.0,64.58,64.97,-0.48,0.09,62.67,62.59,0.0,0.08,19,16
2012-11-15 07:00:00,7,1377.5,1469.0,67.59,67.53,-0.17,0.23,56.58,56.4,0.0,0.18,19,17
2012-11-15 08:00:00,8,1391.2,1469.0,64.46,64.18,0.0,0.28,66.81,66.61,0.0,0.2,28,24
2012-11-15 09:00:00,9,1401.8,1466.0,63.19,62.76,0.0,0.43,61.3,60.97,0.0,0.33,32,26
2012-11-15 10:00:00,10,1407.8,1459.0,65.79,65.41,0.0,0.38,59.01,58.8,0.0,0.21,36,26
2012-11-15 11:00:00,11,1377.9,1442.0,60.37,59.92,0.0,0.45,54.93,54.63,0.0,0.3,41,25
2012-11-15 12:00:00,12,1359.3,1423.0,56.36,55.88,0.0,0.48,55.73,55.36,0.0,0.37,43,25
2012-11-15 13:00:00,13,1345.6,1413.0,53.69,53.37,-0.19,0.51,52.62,52.23,0.0,0.39,43,24
2012-11-15 14:00:00,14,1325.8,1397.0,48.62,48.85,-0.71,0.48,48.54,48.18,0.0,0.36,44,25
2012-11-15 15:00:00,15,1312.8,1418.0,53.36,53.07,-0.25,0.54,54.72,54.27,0.0,0.45,43,24
2012-11-15 16:00:00,16,1429.2,1538.0,73.73,75.42,-2.23,0.54,85.94,85.2,0.0,0.74,41,24
2012-11-15 17:00:00,17,1471.3,1638.0,95.83,104.42,-9.11,0.52,103.26,102.3,0.0,0.96,37,25
2012-11-15 18:00:00,18,1467.5,1632.0,74.98,78.56,-4.0,0.42,63.88,63.32,0.0,0.56,34,26
2012-11-15 19:00:00,19,1423.0,1590.0,67.41,70.17,-2.99,0.23,56.45,56.02,0.0,0.43,34,27
2012-11-15 20:00:00,20,1353.7,1516.0,65.39,65.67,-0.63,0.35,64.77,64.46,0.0,0.31,30,26
2012-11-15 21:00:00,21,1285.6,1400.0,55.29,56.48,-1.85,0.66,65.32,65.08,0.0,0.24,28,26
2012-11-15 22:00:00,22,1170.4,1257.0,50.18,50.33,-0.45,0.3,48.51,48.43,0.0,0.08,29,26
2012-11-15 23:00:00,23,1007.0,1141.0,45.47,46.27,-0.65,-0.15,41.75,41.87,0.0,-0.12,28,26
2012-11-16 00:00:00,0,1018.0,1069.0,41.53,41.72,0.01,-0.2,42.63,42.82,0.0,-0.19,27,25
2012-11-16 01:00:00,1,1024.7,1024.0,39.0,39.2,0.01,-0.21,40.33,40.55,0.0,-0.22,26,24
2012-11-16 02:00:00,2,1003.7,1008.0,38.52,38.72,0.01,-0.21,41.18,41.41,0.0,-0.23,26,24
2012-11-16 03:00:00,3,1004.8,1020.0,38.09,38.3,0.01,-0.22,50.05,50.37,0.0,-0.32,24,23
2012-11-16 04:00:00,4,991.8,1062.0,38.33,38.49,0.01,-0.17,56.98,57.36,0.0,-0.38,24,23
2012-11-16 05:00:00,5,1082.1,1182.0,44.53,44.56,0.01,-0.04,68.29,68.35,0.2,-0.26,23,21
2012-11-16 06:00:00,6,1289.6,1381.0,53.69,53.86,0.01,-0.18,109.46,109.57,0.0,-0.11,25,23
2012-11-16 07:00:00,7,1344.0,1472.0,56.56,56.75,0.0,-0.19,180.73,180.03,0.0,0.7,24,22
2012-11-16 08:00:00,8,1349.2,1487.0,54.86,54.92,0.0,-0.06,79.3,78.65,0.0,0.65,25,24
2012-11-16 09:00:00,9,1354.1,1479.0,53.2,53.3,0.0,-0.1,82.92,82.53,0.0,0.39,28,26
2012-11-16 10:00:00,10,1371.1,1464.0,53.06,53.05,0.0,0.01,69.97,69.47,0.0,0.5,34,27
2012-11-16 11:00:00,11,1360.3,1447.0,50.84,50.81,0.0,0.03,72.53,72.12,0.0,0.41,37,25
2012-11-16 12:00:00,12,1313.3,1421.0,48.89,48.81,0.0,0.08,59.29,58.91,0.0,0.38,39,26
2012-11-16 13:00:00,13,1279.7,1401.0,48.56,48.6,0.0,-0.04,51.3,51.0,0.0,0.3,41,26
2012-11-16 14:00:00,14,1231.0,1383.0,46.42,46.55,0.0,-0.13,48.37,48.17,0.0,0.2,43,25
2012-11-16 15:00:00,15,1235.3,1395.0,47.6,47.71,0.0,-0.11,48.87,55.64,-7.06,0.29,43,23
2012-11-16 16:00:00,16,1305.9,1503.0,59.93,60.11,0.0,-0.18,59.57,62.23,-3.02,0.36,42,24
2012-11-16 17:00:00,17,1376.2,1586.0,87.41,88.1,0.0,-0.69,75.25,75.04,0.0,0.21,40,23
2012-11-16 18:00:00,18,1393.4,1567.0,69.07,69.49,0.0,-0.42,81.1,81.07,0.0,0.03,35,23
2012-11-16 19:00:00,19,1349.1,1518.0,55.8,56.22,0.0,-0.42,65.81,65.92,0.0,-0.11,32,23
2012-11-16 20:00:00,20,1265.8,1456.0,52.55,52.73,0.0,-0.18,53.9,53.89,0.0,0.01,27,23
2012-11-16 21:00:00,21,1213.0,1369.0,50.58,50.42,0.0,0.16,49.34,49.27,0.0,0.07,31,24
2012-11-16 22:00:00,22,1114.0,1255.0,47.55,47.58,0.0,-0.03,47.27,47.46,0.0,-0.19,26,24
2012-11-16 23:00:00,23,974.1,1140.0,41.45,41.75,0.01,-0.31,43.52,43.87,0.0,-0.35,28,24
2012-11-17 00:00:00,0,959.4,1057.0,47.13,47.47,0.0,-0.34,40.63,40.94,0.0,-0.31,24,22
2012-11-17 01:00:00,1,973.1,1010.0,47.01,47.3,0.0,-0.29,41.01,41.35,0.0,-0.34,25,23
2012-11-17 02:00:00,2,952.3,988.0,46.74,46.92,0.0,-0.18,39.57,39.96,0.0,-0.39,24,21
2012-11-17 03:00:00,3,952.8,982.0,42.42,42.47,0.0,-0.05,38.81,39.24,0.0,-0.43,23,21
2012-11-17 04:00:00,4,897.5,1005.0,38.28,38.38,0.0,-0.1,46.45,46.98,0.0,-0.53,23,21
2012-11-17 05:00:00,5,938.4,1062.0,42.66,42.77,0.0,-0.11,46.25,46.75,0.0,-0.5,22,20
2012-11-17 06:00:00,6,1063.0,1147.0,45.51,45.56,0.01,-0.06,38.42,38.74,0.0,-0.32,20,18
2012-11-17 07:00:00,7,1143.0,1235.0,60.99,61.06,0.0,-0.07,42.26,42.48,0.0,-0.22,20,19
2012-11-17 08:00:00,8,1206.8,1313.0,64.67,64.9,0.0,-0.23,52.69,52.86,0.0,-0.17,26,24
2012-11-17 09:00:00,9,1232.8,1341.0,67.47,67.63,-0.06,-0.1,67.23,67.34,0.0,-0.11,33,29
2012-11-17 10:00:00,10,1229.0,1335.0,66.9,66.91,0.0,-0.01,72.12,72.16,0.0,-0.04,39,28
2012-11-17 11:00:00,11,1203.8,1315.0,59.84,59.89,0.0,-0.05,45.19,45.23,0.0,-0.04,42,27
2012-11-17 12:00:00,12,1177.6,1284.0,54.72,54.85,0.0,-0.13,40.27,40.32,0.0,-0.05,44,26
2012-11-17 13:00:00,13,1150.3,1257.0,45.94,46.05,0.0,-0.11,37.65,37.7,0.0,-0.05,46,24
2012-11-17 14:00:00,14,1104.7,1241.0,44.85,45.02,0.0,-0.17,37.25,37.35,0.0,-0.1,47,24
2012-11-17 15:00:00,15,1114.5,1258.0,42.47,42.52,0.0,-0.05,36.9,36.98,0.0,-0.08,48,24
2012-11-17 16:00:00,16,1292.1,1379.0,71.36,71.18,-0.34,0.52,39.06,38.91,0.0,0.15,45,23
2012-11-17 17:00:00,17,1319.5,1489.0,94.49,94.44,0.0,0.05,45.22,45.22,0.0,0.0,40,21
2012-11-17 18:00:00,18,1225.5,1467.0,76.97,76.94,0.0,0.03,45.55,45.52,0.0,0.03,32,23
2012-11-17 19:00:00,19,1205.6,1421.0,63.75,63.87,0.0,-0.12,47.57,47.56,0.0,0.01,29,23
2012-11-17 20:00:00,20,1211.5,1369.0,65.61,65.74,0.0,-0.13,46.94,46.95,0.0,-0.01,28,24
2012-11-17 21:00:00,21,1152.2,1292.0,53.96,54.16,0.0,-0.2,51.19,51.3,0.0,-0.11,25,23
2012-11-17 22:00:00,22,1069.4,1202.0,54.37,54.66,0.0,-0.29,39.06,39.11,0.0,-0.05,24,22
2012-11-17 23:00:00,23,934.2,1116.0,42.85,43.13,0.0,-0.28,49.46,49.56,0.0,-0.1,23,21
2012-11-18 00:00:00,0,984.6,1043.0,43.46,43.62,0.0,-0.16,49.84,50.01,0.0,-0.17,23,20
2012-11-18 01:00:00,1,983.1,1005.0,43.2,43.34,0.0,-0.14,41.04,41.22,0.0,-0.18,22,20
2012-11-18 02:00:00,2,952.6,988.0,41.21,41.4,0.0,-0.19,49.0,49.25,0.0,-0.25,21,19
2012-11-18 03:00:00,3,929.2,984.0,41.23,41.44,0.0,-0.21,78.33,78.91,0.0,-0.58,20,18
2012-11-18 04:00:00,4,889.4,997.0,41.51,41.79,0.0,-0.28,74.77,75.31,0.0,-0.54,19,17
2012-11-18 05:00:00,5,919.6,1036.0,41.15,41.41,0.0,-0.26,63.2,63.45,0.0,-0.25,20,16
2012-11-18 06:00:00,6,1031.0,1097.0,42.91,43.09,0.01,-0.19,56.34,56.6,-0.11,-0.15,19,16
2012-11-18 07:00:00,7,1126.1,1176.0,42.05,42.05,0.0,0.0,46.64,46.99,-0.31,-0.04,18,16
2012-11-18 08:00:00,8,1184.8,1259.0,45.53,45.51,0.0,0.02,54.08,54.08,0.0,0.0,24,22
2012-11-18 09:00:00,9,1193.3,1304.0,50.36,50.42,0.0,-0.06,49.73,49.61,0.0,0.12,31,25
2012-11-18 10:00:00,10,1209.8,1309.0,45.79,45.66,0.0,0.13,50.61,50.45,0.0,0.16,36,24
2012-11-18 11:00:00,11,1175.9,1307.0,45.62,45.57,0.0,0.05,45.08,44.98,0.0,0.1,41,24
2012-11-18 12:00:00,12,1164.7,1299.0,45.56,45.55,0.0,0.01,40.02,39.9,0.0,0.12,44,25
2012-11-18 13:00:00,13,1157.1,1279.0,44.85,44.89,0.0,-0.04,39.23,39.15,0.0,0.08,45,26
2012-11-18 14:00:00,14,1116.8,1261.0,40.18,40.19,0.0,-0.01,37.41,37.31,0.0,0.1,46,27
2012-11-18 15:00:00,15,1134.1,1292.0,41.41,41.4,0.0,0.01,38.95,38.84,0.0,0.11,46,25
2012-11-18 16:00:00,16,1291.3,1433.0,70.68,69.64,0.64,0.4,74.58,74.35,0.0,0.23,44,25
2012-11-18 17:00:00,17,1378.3,1552.0,85.37,86.67,-1.32,0.02,110.48,112.05,-1.75,0.18,38,24
2012-11-18 18:00:00,18,1336.9,1532.0,70.65,70.56,0.0,0.09,73.57,73.4,0.0,0.17,35,23
2012-11-18 19:00:00,19,1282.1,1480.0,65.04,65.04,0.0,0.0,60.03,59.91,0.0,0.12,31,21
2012-11-18 20:00:00,20,1220.4,1418.0,67.62,67.84,0.0,-0.22,63.81,63.85,0.0,-0.04,27,21
2012-11-18 21:00:00,21,1173.6,1311.0,49.55,49.77,0.0,-0.22,50.11,50.21,0.0,-0.1,24,20
2012-11-18 22:00:00,22,1085.6,1193.0,44.92,45.09,0.0,-0.17,37.99,38.09,0.0,-0.1,25,21
2012-11-18 23:00:00,23,944.4,1099.0,43.92,44.27,0.0,-0.35,42.66,42.81,0.0,-0.15,24,20
2012-11-19 00:00:00,0,974.7,1042.0,39.64,40.01,0.0,-0.37,48.44,48.76,0.0,-0.32,23,21
2012-11-19 01:00:00,1,947.5,1017.0,39.99,40.35,0.0,-0.36,41.64,41.89,0.0,-0.25,22,20
2012-11-19 02:00:00,2,924.1,1010.0,39.88,40.27,0.0,-0.39,39.77,39.99,0.0,-0.22,20,18
2012-11-19 03:00:00,3,913.7,1022.0,39.72,40.1,0.0,-0.38,39.53,39.71,0.0,-0.18,19,17
2012-11-19 04:00:00,4,951.8,1073.0,39.71,40.04,0.0,-0.33,47.5,47.67,0.0,-0.17,18,15
2012-11-19 05:00:00,5,1064.5,1198.0,40.29,40.45,0.0,-0.16,85.49,85.59,0.0,-0.1,19,17
2012-11-19 06:00:00,6,1314.2,1404.0,56.25,56.24,0.0,0.01,72.12,71.92,0.0,0.2,17,14
2012-11-19 07:00:00,7,1401.7,1491.0,57.65,57.8,0.0,-0.15,63.42,63.35,0.0,0.07,18,16
2012-11-19 08:00:00,8,1394.0,1501.0,55.73,59.19,-3.37,-0.09,94.43,94.44,0.0,-0.01,23,20
2012-11-19 09:00:00,9,1370.8,1497.0,51.06,55.56,-4.44,-0.06,70.75,70.72,0.0,0.03,28,24
2012-11-19 10:00:00,10,1391.7,1485.0,49.26,55.24,-6.0,0.02,83.08,83.2,0.0,-0.12,34,25
2012-11-19 11:00:00,11,1390.3,1473.0,46.28,52.22,-6.01,0.07,83.16,83.38,0.0,-0.22,38,24
2012-11-19 12:00:00,12,1351.8,1438.0,45.18,50.44,-5.25,-0.01,70.08,70.44,0.0,-0.36,44,27
2012-11-19 13:00:00,13,1338.0,1411.0,43.44,49.08,-5.57,-0.07,71.39,71.92,0.0,-0.53,45,30
2012-11-19 14:00:00,14,1323.2,1390.0,39.71,45.64,-5.87,-0.06,47.88,48.17,0.0,-0.29,46,29
2012-11-19 15:00:00,15,1302.4,1399.0,43.45,48.76,-5.23,-0.08,54.27,54.59,0.0,-0.32,47,26
2012-11-19 16:00:00,16,1456.9,1518.0,77.6,77.77,0.0,-0.17,203.83,204.9,0.0,-1.07,46,24
2012-11-19 17:00:00,17,1493.6,1639.0,98.67,99.36,0.0,-0.69,192.09,193.44,0.0,-1.35,37,26
2012-11-19 18:00:00,18,1463.6,1640.0,78.58,79.06,0.0,-0.48,65.15,65.5,0.0,-0.35,30,24
2012-11-19 19:00:00,19,1398.5,1598.0,72.76,73.27,0.0,-0.51,61.71,62.04,0.0,-0.33,28,25
2012-11-19 20:00:00,20,1352.9,1529.0,59.58,60.0,0.0,-0.42,81.44,81.81,0.0,-0.37,26,24
2012-11-19 21:00:00,21,1276.4,1410.0,49.95,50.15,0.0,-0.2,72.4,72.55,0.0,-0.15,26,23
2012-11-19 22:00:00,22,1160.3,1271.0,42.3,42.53,0.0,-0.23,49.53,49.7,0.0,-0.17,24,22
2012-11-19 23:00:00,23,1028.2,1150.0,39.66,40.02,0.0,-0.36,42.28,42.5,0.0,-0.22,22,21
2012-11-20 00:00:00,0,1034.5,1075.0,49.52,49.81,0.0,-0.29,49.55,49.66,0.0,-0.11,22,20
2012-11-20 01:00:00,1,1000.0,1039.0,47.17,47.47,0.0,-0.3,47.4,47.48,0.0,-0.08,21,19
2012-11-20 02:00:00,2,985.1,1029.0,47.3,47.53,0.0,-0.23,43.12,43.26,0.0,-0.14,21,19
2012-11-20 03:00:00,3,938.7,1033.0,45.17,45.47,0.0,-0.3,39.75,39.95,0.0,-0.2,20,17
2012-11-20 04:00:00,4,973.4,1083.0,46.92,47.2,0.0,-0.28,42.37,42.5,0.0,-0.13,20,18
2012-11-20 05:00:00,5,1120.5,1200.0,50.62,50.79,0.0,-0.17,42.62,42.66,0.0,-0.04,19,17
2012-11-20 06:00:00,6,1339.4,1400.0,59.79,59.48,0.0,0.31,48.31,48.31,0.0,0.0,18,15
2012-11-20 07:00:00,7,1425.3,1477.0,61.13,61.19,0.0,-0.06,62.74,62.99,0.0,-0.25,17,15
2012-11-20 08:00:00,8,1420.7,1480.0,56.28,56.19,0.0,0.09,58.64,58.88,0.0,-0.24,25,23
2012-11-20 09:00:00,9,1389.8,1470.0,57.31,57.33,0.0,-0.02,58.7,58.91,0.0,-0.21,29,26
2012-11-20 10:00:00,10,1436.7,1461.0,63.14,63.14,0.0,0.0,52.35,52.56,0.0,-0.21,33,26
2012-11-20 11:00:00,11,1423.6,1442.0,57.67,57.65,0.0,0.02,49.67,49.87,0.0,-0.2,39,25
2012-11-20 12:00:00,12,1344.1,1414.0,51.43,51.45,0.0,-0.02,43.68,43.78,0.0,-0.1,43,24
2012-11-20 13:00:00,13,1323.8,1412.0,49.79,49.89,0.0,-0.1,43.22,43.31,0.0,-0.09,46,24
2012-11-20 14:00:00,14,1303.1,1394.0,48.83,48.84,0.0,-0.01,42.84,42.92,0.0,-0.08,47,24
2012-11-20 15:00:00,15,1330.5,1404.0,49.75,49.69,0.0,0.06,44.29,44.31,0.0,-0.02,47,24
2012-11-20 16:00:00,16,1416.2,1520.0,75.6,75.92,0.0,-0.32,66.23,66.32,0.0,-0.09,43,25
2012-11-20 17:00:00,17,1487.1,1618.0,88.33,88.32,0.0,0.01,59.57,59.68,0.0,-0.11,36,25
2012-11-20 18:00:00,18,1465.8,1612.0,72.88,72.85,0.0,0.03,71.19,71.24,0.0,-0.05,31,25
2012-11-20 19:00:00,19,1449.9,1572.0,63.46,67.03,-3.63,0.06,57.04,57.15,0.0,-0.11,30,25
2012-11-20 20:00:00,20,1378.7,1497.0,59.5,60.51,-0.73,-0.28,51.23,51.43,0.0,-0.2,30,25
2012-11-20 21:00:00,21,1259.4,1386.0,56.02,56.02,0.0,0.0,53.16,53.46,0.0,-0.3,30,25
2012-11-20 22:00:00,22,1157.7,1241.0,48.3,48.43,0.0,-0.13,47.29,47.52,0.0,-0.23,30,25
2012-11-20 23:00:00,23,1008.3,1124.0,44.89,45.13,0.0,-0.24,43.72,43.94,0.0,-0.22,30,26
2012-11-21 00:00:00,0,982.4,1042.0,43.9,44.22,0.0,-0.32,43.28,43.58,0.0,-0.3,29,25
2012-11-21 01:00:00,1,948.3,999.0,41.48,41.75,0.0,-0.27,42.04,42.33,0.0,-0.29,28,25
2012-11-21 02:00:00,2,931.3,979.0,40.71,41.02,0.0,-0.31,39.98,40.25,0.0,-0.27,29,25
2012-11-21 03:00:00,3,933.2,979.0,39.64,39.92,0.0,-0.28,40.06,40.33,0.0,-0.27,28,25
2012-11-21 04:00:00,4,969.1,1020.0,41.5,41.69,0.0,-0.19,39.44,39.65,0.0,-0.21,29,25
2012-11-21 05:00:00,5,1075.1,1120.0,44.8,44.98,0.0,-0.18,42.97,43.16,0.0,-0.19,28,25
2012-11-21 06:00:00,6,1257.3,1286.0,51.49,51.74,-0.19,-0.06,53.87,54.08,0.0,-0.21,29,26
2012-11-21 07:00:00,7,1364.5,1397.0,55.04,55.12,0.0,-0.08,60.56,60.94,0.0,-0.38,30,26
2012-11-21 08:00:00,8,1339.9,1447.0,54.68,55.05,0.0,-0.37,62.93,63.3,0.0,-0.37,30,28
2012-11-21 09:00:00,9,1356.6,1469.0,61.13,61.6,0.0,-0.47,64.89,65.35,0.0,-0.46,35,27
2012-11-21 10:00:00,10,1461.5,1477.0,63.78,64.19,0.0,-0.41,59.09,59.51,0.0,-0.42,39,27
2012-11-21 11:00:00,11,1450.8,1462.0,62.31,62.69,0.0,-0.38,50.19,50.46,0.0,-0.27,43,28
2012-11-21 12:00:00,12,1421.3,1431.0,55.24,55.52,0.0,-0.28,48.33,48.42,0.0,-0.09,47,29
2012-11-21 13:00:00,13,1394.7,1418.0,54.44,54.77,0.0,-0.33,47.94,48.06,0.0,-0.12,47,31
2012-11-21 14:00:00,14,1382.0,1398.0,51.52,51.89,0.0,-0.37,44.51,44.6,0.0,-0.09,49,32
2012-11-21 15:00:00,15,1348.6,1390.0,52.12,52.45,0.0,-0.33,44.45,44.49,0.0,-0.04,48,34
2012-11-21 16:00:00,16,1410.8,1498.0,76.84,77.1,0.0,-0.26,62.36,62.43,0.0,-0.07,46,34
2012-11-21 17:00:00,17,1464.7,1586.0,84.53,85.54,0.0,-1.01,67.77,68.17,0.0,-0.4,37,33
2012-11-21 18:00:00,18,1442.1,1563.0,75.94,76.71,0.0,-0.77,60.14,60.51,0.0,-0.37,35,31
2012-11-21 19:00:00,19,1407.5,1516.0,62.73,63.31,0.0,-0.58,54.67,54.96,0.0,-0.29,31,31
2012-11-21 20:00:00,20,1337.4,1446.0,54.34,54.78,0.0,-0.44,48.97,49.25,0.0,-0.28,28,27
2012-11-21 21:00:00,21,1250.7,1350.0,54.82,55.08,0.0,-0.26,46.91,47.06,0.0,-0.15,27,26
2012-11-21 22:00:00,22,1185.2,1223.0,50.58,50.77,0.0,-0.19,48.49,48.73,0.0,-0.24,27,26
2012-11-21 23:00:00,23,1045.8,1098.0,44.74,45.01,0.0,-0.27,39.26,39.47,0.0,-0.21,26,25
2012-11-22 00:00:00,0,966.3,1006.0,47.88,48.14,0.0,-0.26,52.53,52.9,0.0,-0.37,25,24
2012-11-22 01:00:00,1,928.5,952.0,45.25,45.49,0.0,-0.24,47.77,48.12,0.0,-0.35,24,22
2012-11-22 02:00:00,2,918.4,926.0,43.22,43.32,0.1,-0.2,40.73,41.03,0.0,-0.3,24,22
2012-11-22 03:00:00,3,917.5,917.0,43.15,43.24,0.11,-0.2,40.39,40.69,0.0,-0.3,24,23
2012-11-22 04:00:00,4,924.8,934.0,43.59,43.72,0.08,-0.21,40.41,40.73,0.0,-0.32,24,22
2012-11-22 05:00:00,5,968.7,989.0,47.6,47.83,0.0,-0.23,39.69,39.99,0.0,-0.3,24,22
2012-11-22 06:00:00,6,1045.7,1058.0,47.89,48.02,0.0,-0.13,40.11,40.35,0.0,-0.24,23,21
2012-11-22 07:00:00,7,1153.0,1163.0,55.29,55.52,0.0,-0.23,48.85,49.02,0.0,-0.17,22,19
2012-11-22 08:00:00,8,1205.0,1276.0,54.84,54.98,0.0,-0.14,60.9,61.11,0.0,-0.21,25,25
2012-11-22 09:00:00,9,1241.3,1348.0,56.52,56.73,0.0,-0.21,64.95,65.4,0.0,-0.45,32,28
2012-11-22 10:00:00,10,1256.4,1371.0,64.59,64.98,0.0,-0.39,67.31,67.88,0.0,-0.57,37,31
2012-11-22 11:00:00,11,1237.6,1355.0,57.13,57.45,0.0,-0.32,60.47,60.98,0.0,-0.51,43,33
2012-11-22 12:00:00,12,1120.7,1286.0,51.88,52.07,0.0,-0.19,51.23,51.54,0.0,-0.31,48,35
2012-11-22 13:00:00,13,1083.2,1196.0,51.01,51.35,0.0,-0.34,47.09,47.42,0.0,-0.33,51,36
2012-11-22 14:00:00,14,1056.7,1125.0,43.07,43.32,0.0,-0.25,38.72,39.08,0.0,-0.36,52,36
2012-11-22 15:00:00,15,1030.1,1095.0,42.84,43.1,0.0,-0.26,18.28,18.45,0.0,-0.17,53,35
2012-11-22 16:00:00,16,1134.0,1146.0,51.93,52.15,0.0,-0.22,34.58,34.95,0.0,-0.37,50,34
2012-11-22 17:00:00,17,1187.3,1200.0,63.52,63.98,0.0,-0.46,41.08,41.5,0.0,-0.42,44,33
2012-11-22 18:00:00,18,1158.3,1204.0,61.07,61.34,0.0,-0.27,35.3,35.57,0.0,-0.27,37,31
2012-11-22 19:00:00,19,1163.6,1202.0,54.78,54.93,0.0,-0.15,36.84,37.13,0.0,-0.29,35,32
2012-11-22 20:00:00,20,1135.6,1191.0,52.68,52.93,0.0,-0.25,43.2,43.57,0.0,-0.37,31,30
2012-11-22 21:00:00,21,1052.1,1152.0,52.66,53.0,0.0,-0.34,45.65,46.08,0.0,-0.43,30,28
2012-11-22 22:00:00,22,971.0,1094.0,46.14,46.46,0.0,-0.32,46.68,47.08,0.0,-0.4,30,28
2012-11-22 23:00:00,23,853.7,1021.0,40.3,40.63,0.15,-0.48,53.44,53.95,0.0,-0.51,28,26
2012-11-23 00:00:00,0,942.9,959.0,40.09,40.41,0.07,-0.39,39.42,39.8,0.0,-0.38,27,26
2012-11-23 01:00:00,1,933.0,926.0,41.26,41.2,0.32,-0.26,34.58,34.92,0.0,-0.34,26,25
2012-11-23 02:00:00,2,917.7,912.0,39.56,39.58,0.26,-0.28,46.31,46.73,0.0,-0.42,27,25
2012-11-23 03:00:00,3,912.6,916.0,39.42,39.42,0.29,-0.29,39.99,40.36,0.0,-0.37,29,28
2012-11-23 04:00:00,4,935.9,947.0,39.01,39.29,0.0,-0.28,46.99,47.31,0.0,-0.32,29,29
2012-11-23 05:00:00,5,1029.5,1000.0,44.53,44.75,0.0,-0.22,51.43,51.72,0.0,-0.29,29,29
2012-11-23 06:00:00,6,1151.6,1081.0,60.56,60.43,0.0,0.13,51.27,51.52,0.0,-0.25,29,29
2012-11-23 07:00:00,7,1238.3,1154.0,55.69,55.78,0.0,-0.09,54.99,55.33,0.0,-0.34,28,28
2012-11-23 08:00:00,8,1248.0,1221.0,59.39,59.56,0.0,-0.17,53.13,53.4,0.0,-0.27,28,28
2012-11-23 09:00:00,9,1252.4,1261.0,62.25,62.51,0.0,-0.26,57.75,58.12,0.0,-0.37,29,29
2012-11-23 10:00:00,10,1275.4,1268.0,66.66,67.11,0.0,-0.45,58.02,58.64,0.0,-0.62,32,32
2012-11-23 11:00:00,11,1268.0,1253.0,67.94,68.27,0.0,-0.33,54.8,55.31,0.0,-0.51,33,33
2012-11-23 12:00:00,12,1196.2,1236.0,56.78,57.1,0.0,-0.32,51.8,52.0,0.0,-0.2,40,37
2012-11-23 13:00:00,13,1163.0,1217.0,54.71,55.12,0.0,-0.41,49.2,49.35,0.0,-0.15,54,37
2012-11-23 14:00:00,14,1145.4,1202.0,54.09,54.32,0.0,-0.23,47.04,47.19,0.0,-0.15,56,37
2012-11-23 15:00:00,15,1138.1,1222.0,54.68,55.14,0.0,-0.46,48.7,48.85,0.0,-0.15,57,36
2012-11-23 16:00:00,16,1369.8,1346.0,74.55,74.92,0.02,-0.39,66.5,66.91,0.0,-0.41,54,37
2012-11-23 17:00:00,17,1342.3,1434.0,83.84,84.45,0.02,-0.63,69.1,69.63,0.0,-0.53,51,37
2012-11-23 18:00:00,18,1311.6,1409.0,72.76,73.13,0.02,-0.39,69.85,70.24,0.0,-0.39,49,38
2012-11-23 19:00:00,19,1250.3,1362.0,67.37,67.64,0.02,-0.29,72.74,73.07,0.0,-0.33,46,38
2012-11-23 20:00:00,20,1211.7,1303.0,57.96,58.19,0.01,-0.24,57.1,57.32,0.0,-0.22,46,38
2012-11-23 21:00:00,21,1131.2,1225.0,60.29,60.38,0.42,-0.51,58.15,58.48,0.0,-0.33,46,39
2012-11-23 22:00:00,22,1023.4,1118.0,53.23,53.16,0.3,-0.23,50.66,50.92,0.0,-0.26,46,38
2012-11-23 23:00:00,23,933.9,1016.0,48.21,48.06,0.41,-0.26,54.71,55.02,0.0,-0.31,45,39
2012-11-24 00:00:00,0,920.8,936.0,54.67,54.54,0.54,-0.41,52.63,52.93,0.0,-0.3,45,40
2012-11-24 01:00:00,1,904.8,886.0,48.75,48.6,0.39,-0.24,51.78,52.02,0.0,-0.24,44,41
2012-11-24 02:00:00,2,891.2,863.0,47.37,47.21,0.35,-0.19,48.07,48.28,0.0,-0.21,44,41
2012-11-24 03:00:00,3,885.5,858.0,46.27,46.12,0.32,-0.17,45.62,45.81,0.0,-0.19,43,41
2012-11-24 04:00:00,4,888.8,871.0,47.28,47.11,0.35,-0.18,43.54,43.73,0.0,-0.19,41,40
2012-11-24 05:00:00,5,900.5,909.0,52.72,52.52,0.39,-0.19,40.12,40.22,0.0,-0.1,44,39
2012-11-24 06:00:00,6,872.5,989.0,54.17,54.4,0.0,-0.23,33.82,33.88,0.0,-0.06,43,30
2012-11-24 07:00:00,7,1003.5,1090.0,54.02,53.93,0.0,0.09,38.17,38.19,0.0,-0.02,42,26
2012-11-24 08:00:00,8,1131.0,1206.0,55.26,55.32,0.0,-0.06,51.52,51.52,0.0,0.0,41,23
2012-11-24 09:00:00,9,1184.6,1280.0,59.36,59.57,0.0,-0.21,61.76,61.89,0.0,-0.13,40,20
2012-11-24 10:00:00,10,1210.8,1301.0,60.66,61.05,0.0,-0.39,59.67,59.9,0.0,-0.23,41,20
2012-11-24 11:00:00,11,1223.6,1298.0,55.63,55.84,0.0,-0.21,57.08,57.35,0.0,-0.27,42,19
2012-11-24 12:00:00,12,1176.8,1283.0,54.72,54.95,0.0,-0.23,55.39,55.68,0.0,-0.29,42,17
2012-11-24 13:00:00,13,1150.2,1259.0,54.29,54.37,0.0,-0.08,51.6,51.83,0.0,-0.23,41,16
2012-11-24 14:00:00,14,1110.0,1259.0,51.87,51.92,0.01,-0.06,50.17,50.26,0.0,-0.09,40,17
2012-11-24 15:00:00,15,1108.4,1286.0,51.32,51.3,0.01,0.01,49.17,49.16,0.0,0.01,40,16
2012-11-24 16:00:00,16,1264.1,1423.0,68.87,68.94,0.01,-0.08,68.42,68.43,0.0,-0.01,39,16
2012-11-24 17:00:00,17,1326.2,1503.0,88.91,89.39,0.02,-0.5,81.94,82.33,0.0,-0.39,36,16
2012-11-24 18:00:00,18,1248.6,1482.0,72.2,72.61,0.01,-0.42,66.23,66.56,0.0,-0.33,35,16
2012-11-24 19:00:00,19,1250.1,1444.0,62.24,62.41,0.01,-0.18,57.96,58.15,0.0,-0.19,32,21
2012-11-24 20:00:00,20,1237.6,1401.0,64.8,64.93,0.01,-0.14,60.99,61.06,0.0,-0.07,31,19
2012-11-24 21:00:00,21,1213.4,1333.0,59.53,59.46,0.01,0.06,58.33,58.39,0.0,-0.06,31,16
2012-11-24 22:00:00,22,1113.2,1232.0,54.48,54.38,0.0,0.1,55.01,55.16,0.0,-0.15,31,18
2012-11-24 23:00:00,23,1002.3,1134.0,54.17,54.1,0.0,0.07,50.74,50.89,0.0,-0.15,30,17
2012-11-25 00:00:00,0,1003.3,1061.0,54.55,54.07,0.48,0.0,52.81,52.99,0.0,-0.18,30,18
2012-11-25 01:00:00,1,962.9,1013.0,54.26,53.65,0.55,0.06,45.98,46.1,0.0,-0.12,29,19
2012-11-25 02:00:00,2,944.1,995.0,54.25,53.62,0.56,0.07,48.85,48.92,0.0,-0.07,29,19
2012-11-25 03:00:00,3,941.6,988.0,54.24,53.53,0.65,0.06,53.07,53.17,0.0,-0.1,29,19
2012-11-25 04:00:00,4,932.1,1001.0,54.17,53.54,0.6,0.03,52.21,52.27,0.0,-0.06,28,17
2012-11-25 05:00:00,5,958.8,1036.0,54.19,53.68,0.49,0.02,49.66,49.67,0.0,-0.01,29,16
2012-11-25 06:00:00,6,995.8,1092.0,54.99,55.06,0.0,-0.07,43.82,43.79,0.0,0.03,29,15
2012-11-25 07:00:00,7,1152.4,1168.0,55.17,54.92,0.0,0.25,45.52,45.46,0.0,0.06,28,14
2012-11-25 08:00:00,8,1213.4,1274.0,55.39,55.18,0.0,0.21,52.93,52.7,0.0,0.23,29,14
2012-11-25 09:00:00,9,1284.6,1347.0,61.62,61.53,0.0,0.09,60.56,60.47,0.0,0.09,31,13
2012-11-25 10:00:00,10,1293.7,1375.0,64.3,64.37,0.01,-0.08,61.16,61.36,0.0,-0.2,32,12
2012-11-25 11:00:00,11,1244.3,1392.0,61.16,61.2,0.01,-0.05,68.43,68.77,0.0,-0.34,33,10
2012-11-25 12:00:00,12,1219.5,1402.0,55.51,55.47,0.01,0.03,64.55,64.74,0.0,-0.19,33,8
2012-11-25 13:00:00,13,1197.4,1391.0,54.73,54.61,0.01,0.11,56.69,56.76,0.0,-0.07,35,6
2012-11-25 14:00:00,14,1182.7,1385.0,54.44,54.26,0.01,0.17,60.51,60.59,0.0,-0.08,37,4
2012-11-25 15:00:00,15,1184.0,1415.0,54.47,54.25,0.0,0.22,65.01,65.1,0.0,-0.09,35,7
2012-11-25 16:00:00,16,1352.7,1554.0,72.8,72.61,0.01,0.18,103.88,103.92,0.0,-0.04,35,12
2012-11-25 17:00:00,17,1432.2,1648.0,89.64,89.57,0.02,0.05,145.71,145.76,0.0,-0.05,33,14
2012-11-25 18:00:00,18,1372.6,1628.0,77.07,77.1,0.01,-0.04,102.74,102.8,0.0,-0.06,32,18
2012-11-25 19:00:00,19,1353.1,1568.0,63.07,62.91,0.0,0.16,67.92,67.92,0.0,0.0,31,18
2012-11-25 20:00:00,20,1319.9,1485.0,58.06,57.92,0.0,0.14,52.95,53.0,0.0,-0.05,29,18
2012-11-25 21:00:00,21,1214.4,1370.0,54.62,54.5,0.0,0.12,44.61,44.72,0.0,-0.11,29,19
2012-11-25 22:00:00,22,1134.1,1238.0,55.16,55.31,0.0,-0.15,43.9,44.06,0.0,-0.16,29,18
2012-11-25 23:00:00,23,983.7,1131.0,54.54,54.79,0.0,-0.25,35.05,35.25,0.0,-0.2,30,19
2012-11-26 00:00:00,0,1024.6,1060.0,40.92,41.07,0.0,-0.15,44.39,44.56,0.0,-0.17,30,20
2012-11-26 01:00:00,1,995.0,1033.0,37.54,37.66,0.0,-0.12,41.31,41.48,0.0,-0.17,29,21
2012-11-26 02:00:00,2,995.6,1019.0,37.9,37.98,0.0,-0.08,35.93,36.07,0.0,-0.14,23,20
2012-11-26 03:00:00,3,991.4,1027.0,37.47,37.55,0.0,-0.08,15.78,15.84,0.0,-0.06,24,20
2012-11-26 04:00:00,4,1029.4,1075.0,41.16,41.16,0.0,0.0,46.93,46.92,0.0,0.01,23,19
2012-11-26 05:00:00,5,1116.7,1199.0,48.64,48.55,0.0,0.09,32.14,32.08,0.0,0.06,21,20
2012-11-26 06:00:00,6,1355.6,1405.0,62.22,61.46,0.0,0.76,56.9,56.64,0.0,0.26,27,24
2012-11-26 07:00:00,7,1428.2,1492.0,70.15,69.22,0.0,0.93,61.92,61.68,0.0,0.24,28,24
2012-11-26 08:00:00,8,1427.6,1503.0,73.42,72.57,0.0,0.85,60.25,59.9,0.0,0.35,31,25
2012-11-26 09:00:00,9,1443.4,1510.0,72.33,71.6,0.0,0.73,58.73,58.49,0.0,0.24,33,25
2012-11-26 10:00:00,10,1430.4,1508.0,62.44,61.78,0.0,0.66,59.27,59.25,0.0,0.02,39,25
2012-11-26 11:00:00,11,1422.8,1503.0,58.46,57.79,0.0,0.67,57.85,57.93,0.0,-0.08,41,25
2012-11-26 12:00:00,12,1408.4,1491.0,54.2,53.49,0.0,0.71,52.92,52.97,0.0,-0.05,43,21
2012-11-26 13:00:00,13,1397.6,1479.0,52.46,51.78,0.0,0.68,47.6,47.67,0.0,-0.07,41,18
2012-11-26 14:00:00,14,1377.8,1458.0,49.35,48.76,0.0,0.59,42.16,42.29,0.0,-0.13,41,18
2012-11-26 15:00:00,15,1368.0,1468.0,52.47,51.74,0.0,0.73,44.51,44.6,0.0,-0.09,38,21
2012-11-26 16:00:00,16,1518.2,1599.0,89.31,88.74,-0.16,0.73,63.19,63.32,0.0,-0.13,39,20
2012-11-26 17:00:00,17,1572.1,1720.0,100.34,99.57,0.0,0.77,61.67,61.86,0.0,-0.19,35,20
2012-11-26 18:00:00,18,1492.8,1722.0,88.15,87.62,0.0,0.53,91.51,92.08,0.0,-0.57,32,20
2012-11-26 19:00:00,19,1464.8,1681.0,81.11,80.62,0.0,0.49,62.41,62.77,0.0,-0.36,31,20
2012-11-26 20:00:00,20,1436.4,1602.0,63.8,63.28,0.0,0.52,61.79,62.09,0.0,-0.3,24,19
2012-11-26 21:00:00,21,1319.4,1482.0,59.25,58.71,0.0,0.54,59.87,60.05,0.0,-0.18,23,19
2012-11-26 22:00:00,22,1196.1,1329.0,54.01,55.75,-2.04,0.3,48.12,48.23,0.0,-0.11,22,19
2012-11-26 23:00:00,23,1053.3,1205.0,49.86,49.82,0.0,0.04,42.1,42.27,0.0,-0.17,23,19
2012-11-27 00:00:00,0,994.3,1128.0,70.28,70.09,0.0,0.19,55.26,55.41,0.0,-0.15,21,18
2012-11-27 01:00:00,1,958.6,1091.0,59.82,59.7,0.0,0.12,56.72,56.96,0.0,-0.24,21,18
2012-11-27 02:00:00,2,948.4,1072.0,49.87,49.72,0.0,0.15,47.95,48.19,0.0,-0.24,20,18
2012-11-27 03:00:00,3,950.4,1081.0,48.67,48.48,0.0,0.19,45.38,45.55,0.0,-0.17,18,16
2012-11-27 04:00:00,4,988.0,1126.0,51.04,50.74,0.0,0.3,36.82,36.92,0.0,-0.1,19,17
2012-11-27 05:00:00,5,1095.2,1241.0,70.15,69.25,0.0,0.9,47.7,47.65,0.0,0.05,21,19
2012-11-27 06:00:00,6,1239.4,1449.0,89.82,89.3,-0.54,1.06,93.33,93.11,0.0,0.22,22,20
2012-11-27 07:00:00,7,1368.5,1543.0,105.84,104.88,0.0,0.96,103.52,103.47,0.0,0.05,23,20
2012-11-27 08:00:00,8,1370.6,1556.0,116.89,116.23,-0.26,0.92,99.82,100.09,-0.35,0.08,24,21
2012-11-27 09:00:00,9,1376.4,1558.0,105.42,104.57,0.0,0.85,111.63,111.8,-0.27,0.1,26,23
2012-11-27 10:00:00,10,1402.0,1556.0,103.66,102.85,0.0,0.81,109.94,109.93,0.0,0.01,28,24
2012-11-27 11:00:00,11,1395.9,1546.0,98.24,97.33,0.0,0.91,114.98,115.88,-0.68,-0.22,30,24
2012-11-27 12:00:00,12,1369.6,1534.0,93.76,92.76,0.0,1.0,135.75,135.95,0.0,-0.2,32,24
2012-11-27 13:00:00,13,1333.5,1531.0,88.72,87.66,0.0,1.06,145.92,145.82,0.0,0.1,35,26
2012-11-27 14:00:00,14,1315.0,1513.0,83.26,82.16,0.0,1.1,121.24,121.07,0.0,0.17,34,28
2012-11-27 15:00:00,15,1302.4,1527.0,83.76,82.2,0.0,1.56,121.87,121.67,0.0,0.2,35,30
2012-11-27 16:00:00,16,1448.5,1645.0,107.33,105.9,-0.06,1.49,136.13,135.57,0.0,0.56,34,30
2012-11-27 17:00:00,17,1513.4,1739.0,157.43,156.85,0.0,0.58,143.69,142.78,0.0,0.91,33,31
2012-11-27 18:00:00,18,1467.7,1732.0,128.61,127.01,0.0,1.6,198.47,196.21,0.63,1.63,32,30
2012-11-27 19:00:00,19,1418.6,1686.0,117.42,115.71,0.0,1.71,130.64,129.82,0.0,0.82,33,31
2012-11-27 20:00:00,20,1369.1,1604.0,104.61,103.74,0.0,0.87,106.31,105.85,-0.03,0.49,31,29
2012-11-27 21:00:00,21,1275.7,1482.0,90.33,89.03,0.35,0.95,103.1,104.6,-2.01,0.51,29,28
2012-11-27 22:00:00,22,1165.5,1328.0,74.58,73.82,0.0,0.76,112.56,112.92,-0.29,-0.07,27,26
2012-11-27 23:00:00,23,998.3,1201.0,68.24,67.96,0.0,0.28,114.22,114.75,0.0,-0.53,26,26
2012-11-28 00:00:00,0,1000.6,1116.0,63.34,63.45,-0.04,-0.07,95.77,99.26,-3.52,0.03,25,24
2012-11-28 01:00:00,1,965.7,1080.0,61.18,61.29,0.0,-0.11,135.54,137.14,-1.39,-0.21,25,24
2012-11-28 02:00:00,2,955.0,1063.0,60.79,60.98,0.0,-0.19,91.32,91.46,0.0,-0.14,23,21
2012-11-28 03:00:00,3,959.0,1071.0,60.6,60.78,0.0,-0.18,86.58,86.54,0.0,0.04,21,19
2012-11-28 04:00:00,4,988.2,1114.0,62.59,62.39,0.0,0.2,150.51,150.71,-0.01,-0.19,19,16
2012-11-28 05:00:00,5,1106.3,1234.0,65.3,64.96,-0.04,0.38,59.46,59.12,0.0,0.34,24,22
2012-11-28 06:00:00,6,1303.4,1443.0,84.7,83.55,0.28,0.87,81.37,80.82,0.0,0.55,24,21
2012-11-28 07:00:00,7,1441.9,1548.0,84.44,83.57,-0.25,1.12,93.58,93.25,0.0,0.33,24,22
2012-11-28 08:00:00,8,1449.5,1551.0,84.34,83.55,-0.23,1.02,89.26,89.06,0.0,0.2,25,22
2012-11-28 09:00:00,9,1448.8,1557.0,86.61,86.01,-0.36,0.96,94.74,94.65,0.0,0.09,27,23
2012-11-28 10:00:00,10,1465.1,1550.0,87.84,87.13,-0.36,1.07,95.61,95.43,0.0,0.18,29,24
2012-11-28 11:00:00,11,1427.8,1527.0,85.34,84.74,-0.36,0.96,82.41,82.01,0.0,0.4,33,22
2012-11-28 12:00:00,12,1413.0,1491.0,72.05,72.48,-1.42,0.99,69.29,68.81,0.0,0.48,34,21
2012-11-28 13:00:00,13,1399.8,1488.0,71.77,71.96,-1.16,0.97,59.63,59.28,0.0,0.35,37,20
2012-11-28 14:00:00,14,1382.1,1476.0,69.66,68.81,0.0,0.85,67.23,66.86,0.0,0.37,37,19
2012-11-28 15:00:00,15,1371.0,1496.0,66.79,65.93,0.0,0.86,71.44,71.01,0.0,0.43,36,19
2012-11-28 16:00:00,16,1503.6,1627.0,94.42,93.0,-0.08,1.5,105.45,104.83,0.04,0.58,35,19
2012-11-28 17:00:00,17,1598.7,1730.0,112.86,112.62,-1.11,1.35,180.54,180.16,0.32,0.06,31,19
2012-11-28 18:00:00,18,1544.7,1724.0,85.3,85.74,-1.53,1.09,90.33,89.91,0.0,0.42,28,19
2012-11-28 19:00:00,19,1515.2,1684.0,92.6,91.91,-0.37,1.06,100.08,99.79,0.0,0.29,28,21
2012-11-28 20:00:00,20,1442.7,1612.0,90.38,89.92,-0.41,0.87,94.36,94.18,0.0,0.18,28,21
2012-11-28 21:00:00,21,1302.1,1497.0,85.17,84.32,-0.09,0.94,91.73,91.71,0.0,0.02,24,21
2012-11-28 22:00:00,22,1213.7,1343.0,76.98,77.73,-1.27,0.52,99.31,99.52,0.0,-0.21,24,19
2012-11-28 23:00:00,23,1041.9,1216.0,64.8,64.68,-0.04,0.16,186.58,187.87,0.0,-1.29,21,17
2012-11-29 00:00:00,0,1061.3,1133.0,64.24,64.1,0.14,0.0,96.12,96.67,0.0,-0.55,28,19
2012-11-29 01:00:00,1,1026.2,1095.0,63.91,63.76,0.18,-0.03,48.51,49.98,-1.4,-0.07,25,19
2012-11-29 02:00:00,2,1013.2,1078.0,64.42,64.28,0.19,-0.05,27.43,28.94,-1.51,0.0,22,18
2012-11-29 03:00:00,3,1006.9,1087.0,64.38,64.43,0.02,-0.07,53.32,53.73,-0.35,-0.06,29,22
2012-11-29 04:00:00,4,1049.0,1128.0,64.22,64.14,0.03,0.05,78.75,79.14,0.0,-0.39,29,21
2012-11-29 05:00:00,5,1161.1,1251.0,65.37,65.48,-0.26,0.15,68.29,68.35,0.0,-0.06,30,18
2012-11-29 06:00:00,6,1334.3,1460.0,93.3,92.6,-0.25,0.95,97.75,97.58,0.0,0.17,28,16
2012-11-29 07:00:00,7,1462.4,1547.0,95.82,94.83,-0.01,1.0,91.42,91.06,0.0,0.36,25,16
2012-11-29 08:00:00,8,1461.4,1542.0,74.41,73.55,0.04,0.82,69.55,69.04,0.28,0.23,30,17
2012-11-29 09:00:00,9,1454.5,1536.0,71.77,71.02,0.04,0.71,75.76,75.28,0.3,0.18,33,18
2012-11-29 10:00:00,10,1461.9,1535.0,70.25,69.51,0.04,0.7,89.47,89.12,0.32,0.03,35,16
2012-11-29 11:00:00,11,1419.0,1513.0,68.5,67.83,0.11,0.56,73.08,72.8,0.26,0.02,38,16
2012-11-29 12:00:00,12,1408.0,1483.0,68.47,67.92,0.08,0.47,65.31,65.16,0.16,-0.01,38,17
2012-11-29 13:00:00,13,1394.2,1473.0,68.35,67.85,0.08,0.42,65.32,65.23,0.1,-0.01,40,20
2012-11-29 14:00:00,14,1345.7,1452.0,66.59,66.27,0.06,0.26,53.01,52.98,0.03,0.0,42,19
2012-11-29 15:00:00,15,1334.6,1478.0,68.23,67.92,0.0,0.31,56.8,56.65,0.04,0.11,41,18
2012-11-29 16:00:00,16,1485.5,1602.0,87.39,86.26,0.02,1.11,80.03,79.96,0.0,0.07,40,15
2012-11-29 17:00:00,17,1573.7,1709.0,111.12,110.24,-0.19,1.07,88.77,89.04,0.0,-0.27,39,17
2012-11-29 18:00:00,18,1564.9,1704.0,90.73,89.65,0.02,1.06,100.91,100.95,0.0,-0.04,38,20
2012-11-29 19:00:00,19,1545.9,1662.0,90.03,88.94,0.05,1.04,94.06,93.93,0.08,0.05,38,21
2012-11-29 20:00:00,20,1497.2,1586.0,73.9,72.87,0.17,0.86,71.48,71.24,0.23,0.01,39,21
2012-11-29 21:00:00,21,1403.0,1463.0,67.81,71.17,-4.01,0.65,57.65,57.5,0.03,0.12,39,21
2012-11-29 22:00:00,22,1284.6,1311.0,65.48,65.19,-0.01,0.3,52.88,52.9,0.01,-0.03,39,21
2012-11-29 23:00:00,23,1113.2,1178.0,57.89,57.78,-0.01,0.12,66.31,66.37,0.12,-0.18,33,25
2012-11-30 00:00:00,0,1074.9,1100.0,62.28,61.89,0.19,0.2,48.99,49.13,0.0,-0.14,32,22
2012-11-30 01:00:00,1,1039.4,1072.0,56.36,56.18,0.13,0.05,52.77,52.99,0.0,-0.22,30,22
2012-11-30 02:00:00,2,1023.5,1057.0,53.0,52.83,0.1,0.07,41.79,41.89,0.0,-0.1,29,19
2012-11-30 03:00:00,3,1014.4,1068.0,52.63,52.48,0.09,0.06,37.91,37.94,0.0,-0.03,28,14
2012-11-30 04:00:00,4,1045.9,1117.0,56.43,56.2,0.12,0.11,55.4,55.45,0.0,-0.05,27,9
2012-11-30 05:00:00,5,1122.5,1242.0,64.53,64.22,-0.01,0.32,55.22,55.11,0.0,0.11,26,13
2012-11-30 06:00:00,6,1323.7,1459.0,79.3,79.3,-0.78,0.78,90.33,89.99,0.0,0.34,23,10
2012-11-30 07:00:00,7,1466.1,1547.0,84.75,83.84,-0.11,1.02,91.43,90.9,0.0,0.53,21,8
2012-11-30 08:00:00,8,1497.1,1567.0,75.78,74.66,0.0,1.12,85.73,85.24,0.0,0.49,21,6
2012-11-30 09:00:00,9,1503.8,1583.0,77.42,77.08,-0.27,0.61,70.32,69.95,0.0,0.37,21,4
2012-11-30 10:00:00,10,1514.4,1582.0,77.49,76.94,-0.23,0.78,65.88,65.42,0.03,0.43,24,4
2012-11-30 11:00:00,11,1496.3,1566.0,77.59,76.96,-0.14,0.77,67.92,67.3,0.06,0.56,26,1
2012-11-30 12:00:00,12,1483.8,1542.0,81.37,80.61,0.04,0.72,68.17,67.51,0.15,0.51,27,-2
2012-11-30 13:00:00,13,1463.9,1530.0,80.19,79.46,0.04,0.69,65.64,65.22,0.04,0.38,27,-4
2012-11-30 14:00:00,14,1433.6,1519.0,76.73,75.84,0.2,0.69,63.55,63.29,0.01,0.25,29,-1
2012-11-30 15:00:00,15,1425.1,1546.0,73.5,72.72,0.08,0.7,67.31,66.95,0.04,0.32,27,0
2012-11-30 16:00:00,16,1536.6,1675.0,88.9,88.44,0.0,0.46,89.99,89.56,0.0,0.43,27,1
2012-11-30 17:00:00,17,1597.7,1746.0,127.08,126.7,0.0,0.38,124.96,124.7,0.0,0.26,26,1
2012-11-30 18:00:00,18,1572.3,1725.0,94.44,93.68,0.0,0.76,81.66,81.3,0.0,0.36,26,-1
2012-11-30 19:00:00,19,1538.1,1674.0,82.62,82.04,0.0,0.58,67.44,67.01,0.0,0.43,25,0
2012-11-30 20:00:00,20,1480.9,1613.0,80.83,80.53,0.06,0.24,66.0,65.6,0.0,0.4,25,0
2012-11-30 21:00:00,21,1392.5,1520.0,79.01,80.44,-1.67,0.24,55.87,55.59,0.0,0.28,24,1
2012-11-30 22:00:00,22,1303.9,1386.0,71.91,71.49,0.08,0.34,57.54,57.34,0.03,0.17,24,1
2012-11-30 23:00:00,23,1118.5,1249.0,68.92,68.88,-0.02,0.06,59.38,59.26,0.01,0.11,24,2
2012-12-01 00:00:00,0,1090.3,1157.0,59.68,59.77,0.2,-0.29,46.71,46.77,0.02,-0.08,24,4
2012-12-01 01:00:00,1,1029.2,1112.0,74.5,69.45,5.77,-0.72,49.86,50.06,0.0,-0.2,24,5
2012-12-01 02:00:00,2,984.5,1077.0,66.15,62.4,4.41,-0.66,46.62,46.87,0.0,-0.25,24,7
2012-12-01 03:00:00,3,979.9,1070.0,65.35,61.77,4.21,-0.63,47.33,47.62,0.0,-0.29,23,12
2012-12-01 04:00:00,4,1002.4,1090.0,66.31,61.38,5.41,-0.48,44.1,44.24,0.0,-0.14,22,14
2012-12-01 05:00:00,5,1035.9,1142.0,66.61,63.11,4.01,-0.51,44.85,44.96,0.0,-0.11,22,15
2012-12-01 06:00:00,6,1126.6,1233.0,66.49,63.1,3.68,-0.29,45.21,45.21,0.0,0.0,23,15
2012-12-01 07:00:00,7,1301.0,1330.0,55.71,53.41,2.46,-0.16,54.79,54.93,0.0,-0.14,23,15
2012-12-01 08:00:00,8,1414.6,1425.0,66.44,64.92,1.44,0.08,57.59,57.61,0.0,-0.02,23,17
2012-12-01 09:00:00,9,1491.1,1501.0,65.66,65.61,0.0,0.05,66.53,66.73,0.0,-0.2,23,17
2012-12-01 10:00:00,10,1526.5,1520.0,66.82,66.68,0.0,0.14,69.05,69.27,0.0,-0.22,24,19
2012-12-01 11:00:00,11,1494.3,1515.0,66.63,66.49,0.0,0.14,68.31,68.55,0.0,-0.24,25,20
2012-12-01 12:00:00,12,1472.0,1503.0,65.46,65.35,0.0,0.11,52.48,52.57,0.0,-0.09,25,21
2012-12-01 13:00:00,13,1438.9,1487.0,63.85,63.18,0.69,-0.02,51.07,51.17,0.0,-0.1,25,21
2012-12-01 14:00:00,14,1354.5,1469.0,51.52,51.61,0.0,-0.09,51.14,51.24,0.0,-0.1,26,23
2012-12-01 15:00:00,15,1358.5,1493.0,52.46,52.57,0.0,-0.11,49.96,50.03,0.0,-0.07,26,23
2012-12-01 16:00:00,16,1472.1,1596.0,67.54,64.69,2.73,0.12,59.25,59.23,0.0,0.02,26,23
2012-12-01 17:00:00,17,1545.2,1642.0,96.2,92.55,3.81,-0.16,71.47,71.66,0.0,-0.19,26,23
2012-12-01 18:00:00,18,1501.0,1609.0,66.84,66.84,0.0,0.0,68.11,68.31,0.0,-0.2,25,23
2012-12-01 19:00:00,19,1463.3,1549.0,70.67,70.96,0.0,-0.29,51.03,51.22,0.0,-0.19,25,23
2012-12-01 20:00:00,20,1383.5,1490.0,66.2,66.47,0.0,-0.27,64.12,64.41,0.0,-0.29,25,24
2012-12-01 21:00:00,21,1303.7,1396.0,66.21,66.41,0.13,-0.33,56.47,56.71,0.0,-0.24,26,25
2012-12-01 22:00:00,22,1218.5,1274.0,57.99,58.41,0.06,-0.48,48.43,48.68,0.0,-0.25,26,25
2012-12-01 23:00:00,23,1047.4,1156.0,48.55,48.71,0.0,-0.16,42.99,43.14,0.0,-0.15,26,25
2012-12-02 00:00:00,0,956.2,1068.0,42.64,42.76,0.0,-0.12,51.75,51.97,0.0,-0.22,27,26
2012-12-02 01:00:00,1,896.8,1011.0,40.63,40.7,0.0,-0.07,45.3,45.53,0.0,-0.23,27,26
2012-12-02 02:00:00,2,884.3,983.0,36.31,36.37,0.0,-0.06,39.3,39.43,0.0,-0.13,27,26
2012-12-02 03:00:00,3,871.6,972.0,36.3,36.37,0.0,-0.07,37.65,37.79,0.0,-0.14,27,26
2012-12-02 04:00:00,4,873.8,981.0,39.59,39.63,0.0,-0.04,40.54,40.69,0.0,-0.15,28,27
2012-12-02 05:00:00,5,906.2,1008.0,40.06,40.04,0.0,0.02,41.91,42.08,0.0,-0.17,28,27
2012-12-02 06:00:00,6,938.2,1071.0,37.45,37.41,0.0,0.04,41.61,41.82,0.0,-0.21,28,27
2012-12-02 07:00:00,7,1027.5,1154.0,39.42,39.44,0.0,-0.02,41.64,41.88,0.0,-0.24,29,28
2012-12-02 08:00:00,8,1171.7,1273.0,42.23,41.98,0.0,0.25,45.24,45.44,0.0,-0.2,29,29
2012-12-02 09:00:00,9,1234.4,1351.0,43.47,43.37,0.0,0.1,46.58,46.86,0.0,-0.28,30,29
2012-12-02 10:00:00,10,1284.8,1382.0,44.78,44.61,0.01,0.16,49.58,49.92,0.0,-0.34,31,30
2012-12-02 11:00:00,11,1265.4,1395.0,47.32,47.12,0.01,0.19,54.83,55.2,0.0,-0.37,31,31
2012-12-02 12:00:00,12,1233.5,1387.0,45.36,45.21,0.0,0.15,53.77,54.1,0.0,-0.33,32,32
2012-12-02 13:00:00,13,1211.5,1373.0,42.6,42.46,0.0,0.14,48.64,48.89,0.0,-0.25,34,34
2012-12-02 14:00:00,14,1175.5,1363.0,42.26,42.09,0.0,0.17,44.31,44.45,0.0,-0.14,35,35
2012-12-02 15:00:00,15,1188.4,1408.0,43.53,43.46,0.0,0.07,42.57,42.65,0.0,-0.08,37,37
2012-12-02 16:00:00,16,1357.0,1549.0,54.95,54.78,0.0,0.17,51.9,51.96,0.0,-0.06,37,37
2012-12-02 17:00:00,17,1455.8,1607.0,74.29,74.08,0.01,0.2,67.55,67.88,0.0,-0.33,37,37
2012-12-02 18:00:00,18,1402.3,1577.0,55.55,55.28,0.0,0.27,64.11,64.43,0.0,-0.32,38,38
2012-12-02 19:00:00,19,1372.4,1516.0,51.43,51.19,0.0,0.24,50.22,50.46,0.0,-0.24,39,39
2012-12-02 20:00:00,20,1300.4,1431.0,47.29,47.13,0.0,0.16,42.18,42.27,0.0,-0.09,40,40
2012-12-02 21:00:00,21,1206.6,1312.0,45.35,44.98,0.0,0.37,39.37,39.39,0.0,-0.02,40,40
2012-12-02 22:00:00,22,1101.6,1169.0,39.78,39.65,0.0,0.13,28.63,28.67,0.0,-0.04,45,43
2012-12-02 23:00:00,23,989.0,1046.0,39.24,39.11,0.0,0.13,30.3,30.4,0.0,-0.1,46,44
2012-12-03 00:00:00,0,933.9,973.0,41.68,41.69,0.0,-0.01,64.14,64.5,0.0,-0.36,44,43
2012-12-03 01:00:00,1,936.9,938.0,38.74,38.75,0.0,-0.01,36.24,36.51,0.0,-0.27,43,43
2012-12-03 02:00:00,2,924.6,926.0,31.56,31.56,0.0,0.0,35.89,36.1,0.0,-0.21,41,41
2012-12-03 03:00:00,3,931.5,934.0,32.91,32.92,0.0,-0.01,36.63,36.83,0.0,-0.2,42,42
2012-12-03 04:00:00,4,974.5,977.0,37.3,37.24,0.0,0.06,36.11,36.29,0.0,-0.18,43,42
2012-12-03 05:00:00,5,1055.4,1096.0,42.53,42.29,0.0,0.24,38.13,38.2,0.0,-0.07,43,43
2012-12-03 06:00:00,6,1289.7,1311.0,47.17,47.07,-0.45,0.55,65.58,65.55,0.0,0.03,43,42
2012-12-03 07:00:00,7,1382.9,1398.0,51.63,51.47,0.0,0.16,65.8,66.09,0.0,-0.29,39,39
2012-12-03 08:00:00,8,1411.3,1410.0,47.33,47.22,-0.03,0.14,50.89,51.23,0.0,-0.34,38,38
2012-12-03 09:00:00,9,1425.5,1420.0,49.14,49.15,0.01,-0.02,43.13,43.37,0.0,-0.24,44,44
2012-12-03 10:00:00,10,1440.0,1424.0,48.77,48.69,0.01,0.07,44.59,44.79,0.0,-0.2,49,44
2012-12-03 11:00:00,11,1430.5,1421.0,48.49,48.31,0.01,0.17,45.11,45.28,0.0,-0.17,50,42
2012-12-03 12:00:00,12,1419.5,1400.0,46.1,46.06,-0.18,0.22,40.89,41.05,0.0,-0.16,52,40
2012-12-03 13:00:00,13,1373.1,1387.0,44.33,44.13,0.0,0.2,39.53,39.72,0.0,-0.19,53,38
2012-12-03 14:00:00,14,1359.5,1372.0,43.76,43.6,-0.01,0.17,39.11,39.38,0.0,-0.27,52,37
2012-12-03 15:00:00,15,1360.7,1392.0,43.75,43.7,-0.09,0.14,38.88,39.16,0.0,-0.28,51,37
2012-12-03 16:00:00,16,1517.3,1534.0,63.26,63.71,-0.27,-0.18,50.96,51.49,0.0,-0.53,46,36
2012-12-03 17:00:00,17,1607.2,1649.0,85.06,86.74,-1.35,-0.33,100.59,101.96,0.0,-1.37,44,36
2012-12-03 18:00:00,18,1538.1,1645.0,68.52,69.52,-0.83,-0.17,53.67,54.15,0.0,-0.48,42,35
2012-12-03 19:00:00,19,1510.3,1605.0,63.41,63.99,-0.4,-0.18,66.99,67.72,0.0,-0.73,39,34
2012-12-03 20:00:00,20,1439.7,1526.0,55.08,55.41,-0.07,-0.26,53.58,54.19,0.0,-0.61,33,31
2012-12-03 21:00:00,21,1324.3,1408.0,51.72,51.65,0.0,0.07,54.09,54.38,0.0,-0.29,31,30
2012-12-03 22:00:00,22,1186.4,1256.0,49.99,49.95,0.0,0.04,46.26,46.55,0.0,-0.29,30,29
2012-12-03 23:00:00,23,1057.4,1125.0,39.08,38.99,0.0,0.09,22.12,22.32,0.0,-0.2,27,27
2012-12-04 00:00:00,0,1071.4,1036.0,36.92,36.88,0.0,0.04,15.24,15.37,0.0,-0.13,26,25
2012-12-04 01:00:00,1,1038.3,998.0,33.98,33.92,0.0,0.06,20.4,20.47,0.0,-0.07,26,25
2012-12-04 02:00:00,2,1019.7,984.0,34.12,34.06,0.0,0.06,23.5,23.6,0.0,-0.1,26,26
2012-12-04 03:00:00,3,990.4,986.0,34.02,33.97,0.0,0.05,21.97,22.04,0.0,-0.07,27,26
2012-12-04 04:00:00,4,1034.4,1022.0,34.13,34.07,0.0,0.06,32.89,33.0,0.0,-0.11,26,26
2012-12-04 05:00:00,5,1145.7,1146.0,36.82,38.07,-1.38,0.13,32.66,32.82,0.0,-0.16,29,28
2012-12-04 06:00:00,6,1407.8,1356.0,41.04,41.87,-1.14,0.31,36.17,36.28,0.0,-0.11,30,30
2012-12-04 07:00:00,7,1439.0,1457.0,53.95,53.75,-0.04,0.24,48.76,49.0,0.0,-0.24,30,30
2012-12-04 08:00:00,8,1416.3,1468.0,44.39,44.37,0.01,0.01,40.24,40.48,0.0,-0.24,31,31
2012-12-04 09:00:00,9,1421.8,1492.0,45.59,45.48,0.01,0.1,37.42,37.63,0.0,-0.21,31,31
2012-12-04 10:00:00,10,1430.8,1501.0,46.5,46.36,0.01,0.13,36.37,36.69,0.0,-0.32,32,32
2012-12-04 11:00:00,11,1415.8,1503.0,46.88,46.87,0.0,0.01,37.05,37.47,0.0,-0.42,33,33
2012-12-04 12:00:00,12,1412.7,1490.0,44.05,43.89,0.0,0.16,37.24,37.62,0.0,-0.38,34,34
2012-12-04 13:00:00,13,1400.0,1487.0,42.65,42.52,0.0,0.13,36.44,36.78,0.0,-0.34,35,35
2012-12-04 14:00:00,14,1388.4,1473.0,38.84,38.65,0.0,0.19,35.75,36.08,0.0,-0.33,37,37
2012-12-04 15:00:00,15,1398.9,1495.0,39.12,38.95,0.0,0.17,37.72,38.11,0.0,-0.39,38,38
2012-12-04 16:00:00,16,1545.2,1616.0,57.96,58.08,-0.13,0.01,51.2,51.76,0.01,-0.57,39,39
2012-12-04 17:00:00,17,1576.1,1686.0,76.99,77.69,-0.58,-0.12,73.76,74.57,0.02,-0.83,40,40
2012-12-04 18:00:00,18,1514.8,1674.0,61.09,61.42,-0.21,-0.12,36.9,37.05,0.01,-0.16,41,41
2012-12-04 19:00:00,19,1516.4,1622.0,58.06,58.24,-0.13,-0.05,37.29,37.57,0.01,-0.29,38,38
2012-12-04 20:00:00,20,1439.9,1535.0,47.98,48.07,0.0,-0.09,35.52,35.91,0.0,-0.39,39,39
2012-12-04 21:00:00,21,1345.0,1405.0,37.92,37.82,0.0,0.1,31.44,31.7,0.0,-0.26,40,40
2012-12-04 22:00:00,22,1208.7,1240.0,36.52,36.41,0.0,0.11,30.57,30.81,0.0,-0.24,39,39
2012-12-04 23:00:00,23,1067.7,1100.0,32.78,32.83,0.0,-0.05,2.53,2.55,0.0,-0.02,40,39
2012-12-05 00:00:00,0,998.7,1008.0,25.39,25.45,0.06,-0.12,0.0,0.0,0.0,0.0,50,50
2012-12-05 01:00:00,1,941.4,964.0,29.93,30.0,0.11,-0.18,0.0,0.0,0.0,0.0,51,51
2012-12-05 02:00:00,2,931.2,939.0,22.78,22.84,0.03,-0.09,0.0,0.0,0.0,0.0,52,51
2012-12-05 03:00:00,3,926.3,940.0,22.47,22.53,0.03,-0.09,0.0,0.0,0.0,0.0,52,52
2012-12-05 04:00:00,4,969.4,978.0,23.42,23.45,0.04,-0.07,0.0,0.0,0.0,0.0,52,52
2012-12-05 05:00:00,5,1066.1,1087.0,36.87,36.91,0.1,-0.14,0.0,0.0,0.0,0.0,51,48
2012-12-05 06:00:00,6,1305.9,1293.0,47.66,47.55,0.0,0.11,0.0,0.0,0.0,0.0,50,47
2012-12-05 07:00:00,7,1382.6,1382.0,50.31,50.38,0.0,-0.07,41.18,41.49,0.0,-0.31,49,46
2012-12-05 08:00:00,8,1351.7,1388.0,47.03,47.11,0.0,-0.08,44.39,44.59,0.0,-0.2,48,43
2012-12-05 09:00:00,9,1370.8,1394.0,46.79,46.75,0.0,0.04,39.56,39.72,0.0,-0.16,49,40
2012-12-05 10:00:00,10,1391.6,1401.0,48.0,48.05,0.0,-0.05,38.46,38.62,0.0,-0.16,51,39
2012-12-05 11:00:00,11,1383.9,1406.0,47.77,47.88,0.0,-0.11,38.76,38.95,0.0,-0.19,52,36
2012-12-05 12:00:00,12,1392.1,1401.0,46.7,46.82,0.0,-0.12,39.21,39.38,0.0,-0.17,50,34
2012-12-05 13:00:00,13,1383.0,1420.0,46.36,46.43,0.0,-0.07,41.73,41.94,0.0,-0.21,49,33
2012-12-05 14:00:00,14,1377.7,1418.0,46.02,46.05,0.0,-0.03,39.28,39.49,0.0,-0.21,47,30
2012-12-05 15:00:00,15,1400.2,1455.0,44.46,44.31,0.0,0.15,39.4,39.59,0.0,-0.19,45,28
2012-12-05 16:00:00,16,1600.3,1607.0,57.84,58.02,-0.14,-0.04,48.48,48.68,0.0,-0.2,41,26
2012-12-05 17:00:00,17,1705.3,1698.0,75.77,76.52,-0.59,-0.16,51.57,52.09,0.0,-0.52,39,24
2012-12-05 18:00:00,18,1658.4,1694.0,68.53,69.13,-0.39,-0.21,55.21,55.72,0.0,-0.51,35,26
2012-12-05 19:00:00,19,1599.1,1654.0,65.95,66.57,-0.33,-0.29,56.09,56.77,0.0,-0.68,34,21
2012-12-05 20:00:00,20,1572.5,1595.0,54.24,54.45,-0.05,-0.16,49.46,50.06,0.0,-0.6,33,18
2012-12-05 21:00:00,21,1458.8,1493.0,49.55,49.39,0.14,0.02,48.39,48.89,0.0,-0.5,32,16
2012-12-05 22:00:00,22,1307.6,1340.0,46.33,46.08,0.11,0.14,42.05,42.32,0.0,-0.27,30,16
2012-12-05 23:00:00,23,1166.6,1208.0,44.27,44.0,0.25,0.02,41.07,41.46,0.0,-0.39,30,15
2012-12-06 00:00:00,0,1058.7,1137.0,52.24,52.27,0.15,-0.18,55.64,55.92,0.0,-0.28,30,17
2012-12-06 01:00:00,1,1021.1,1094.0,49.6,49.54,0.18,-0.12,45.64,45.86,0.0,-0.22,30,17
2012-12-06 02:00:00,2,1005.9,1083.0,46.45,46.37,0.16,-0.08,39.28,39.44,0.0,-0.16,30,16
2012-12-06 03:00:00,3,1009.3,1082.0,46.04,45.95,0.16,-0.07,45.05,45.27,0.0,-0.22,29,17
2012-12-06 04:00:00,4,1054.0,1127.0,49.3,49.16,0.14,0.0,45.98,46.27,0.0,-0.29,28,16
2012-12-06 05:00:00,5,1153.8,1252.0,58.3,58.14,0.07,0.09,59.01,59.67,0.0,-0.66,27,15
2012-12-06 06:00:00,6,1429.2,1462.0,72.74,74.23,-1.05,-0.44,70.19,71.15,0.1,-1.06,27,14
2012-12-06 07:00:00,7,1504.2,1544.0,77.78,79.77,-0.57,-1.42,69.6,70.82,0.08,-1.3,26,14
2012-12-06 08:00:00,8,1483.6,1547.0,71.75,73.46,-0.47,-1.24,71.29,72.55,0.09,-1.35,27,14
2012-12-06 09:00:00,9,1483.0,1540.0,72.14,73.92,-0.48,-1.3,69.0,70.22,0.07,-1.29,30,15
2012-12-06 10:00:00,10,1491.9,1531.0,73.59,75.37,-0.51,-1.27,67.77,68.91,0.07,-1.21,31,15
2012-12-06 11:00:00,11,1474.6,1514.0,71.38,73.03,-0.46,-1.19,64.24,65.06,0.03,-0.85,34,16
2012-12-06 12:00:00,12,1457.3,1484.0,68.79,70.15,-0.4,-0.96,52.63,53.28,0.0,-0.65,36,15
2012-12-06 13:00:00,13,1413.8,1477.0,67.99,69.21,-0.39,-0.83,41.67,42.11,0.0,-0.44,38,15
2012-12-06 14:00:00,14,1374.3,1458.0,67.74,68.92,-0.38,-0.8,34.57,34.91,0.0,-0.34,39,15
2012-12-06 15:00:00,15,1385.7,1481.0,66.15,67.07,-0.35,-0.57,35.13,35.35,0.0,-0.22,39,15
2012-12-06 16:00:00,16,1581.3,1635.0,82.92,84.66,-0.73,-1.01,68.33,68.82,0.07,-0.56,35,15
2012-12-06 17:00:00,17,1619.3,1751.0,110.02,112.96,-1.34,-1.6,74.1,74.79,0.1,-0.79,29,15
2012-12-06 18:00:00,18,1593.4,1753.0,83.62,86.63,-1.69,-1.32,75.82,76.45,0.11,-0.74,25,16
2012-12-06 19:00:00,19,1570.5,1722.0,77.91,80.47,-1.47,-1.09,74.53,75.25,0.1,-0.82,25,17
2012-12-06 20:00:00,20,1505.4,1654.0,74.56,76.22,-0.54,-1.12,70.61,71.36,0.08,-0.83,23,17
2012-12-06 21:00:00,21,1393.6,1542.0,72.7,74.14,-0.49,-0.95,66.94,67.65,0.06,-0.77,22,17
2012-12-06 22:00:00,22,1271.1,1384.0,68.11,69.29,-0.39,-0.79,60.15,60.96,0.04,-0.85,21,18
2012-12-06 23:00:00,23,1108.8,1248.0,60.15,60.51,0.01,-0.37,67.03,67.64,0.1,-0.71,18,16
2012-12-07 00:00:00,0,1046.4,1170.0,46.3,46.44,0.13,-0.27,70.71,71.47,0.0,-0.76,19,17
2012-12-07 01:00:00,1,1025.6,1130.0,41.62,41.72,0.12,-0.22,62.43,63.06,0.0,-0.63,19,17
2012-12-07 02:00:00,2,994.3,1103.0,40.41,40.51,0.15,-0.25,52.16,52.65,0.0,-0.49,19,16
2012-12-07 03:00:00,3,997.1,1107.0,39.31,39.35,0.14,-0.18,38.69,39.0,0.0,-0.31,19,17
2012-12-07 04:00:00,4,1040.7,1141.0,37.87,37.86,0.05,-0.04,44.28,44.7,0.0,-0.42,19,16
2012-12-07 05:00:00,5,1164.5,1256.0,41.38,41.57,0.0,-0.19,38.74,39.12,0.0,-0.38,20,18
2012-12-07 06:00:00,6,1346.9,1458.0,63.42,64.25,0.01,-0.84,52.87,53.44,0.0,-0.57,21,19
2012-12-07 07:00:00,7,1436.3,1547.0,71.82,72.64,0.04,-0.86,66.83,67.83,0.0,-1.0,20,18
2012-12-07 08:00:00,8,1448.8,1550.0,70.38,71.18,0.04,-0.84,52.77,53.6,0.0,-0.83,21,19
2012-12-07 09:00:00,9,1449.2,1551.0,72.34,73.11,0.02,-0.79,45.39,45.97,0.0,-0.58,24,21
2012-12-07 10:00:00,10,1527.5,1548.0,52.11,52.31,0.0,-0.2,50.77,51.36,0.0,-0.59,28,23
2012-12-07 11:00:00,11,1516.2,1521.0,47.92,48.11,0.0,-0.19,46.86,47.36,0.0,-0.5,32,25
2012-12-07 12:00:00,12,1494.1,1490.0,42.36,42.56,0.0,-0.2,42.44,42.87,0.0,-0.43,36,26
2012-12-07 13:00:00,13,1449.1,1474.0,41.0,41.23,0.0,-0.23,38.58,38.9,0.0,-0.32,36,26
2012-12-07 14:00:00,14,1431.6,1462.0,39.49,39.68,0.0,-0.19,37.57,37.9,0.0,-0.33,37,27
2012-12-07 15:00:00,15,1422.6,1491.0,40.96,41.19,0.0,-0.23,39.66,39.98,0.0,-0.32,37,28
2012-12-07 16:00:00,16,1523.2,1617.0,53.82,56.28,-2.28,-0.18,53.41,53.85,0.0,-0.44,36,31
2012-12-07 17:00:00,17,1586.8,1661.0,74.29,77.46,-2.58,-0.59,58.53,59.24,0.0,-0.71,35,33
2012-12-07 18:00:00,18,1501.6,1636.0,56.24,58.97,-2.4,-0.33,46.82,47.28,0.0,-0.46,35,34
2012-12-07 19:00:00,19,1446.1,1581.0,49.87,50.19,0.0,-0.32,44.58,45.03,0.0,-0.45,34,34
2012-12-07 20:00:00,20,1391.2,1511.0,45.5,45.22,0.63,-0.35,39.34,39.7,0.0,-0.36,34,34
2012-12-07 21:00:00,21,1292.5,1415.0,42.55,42.56,0.34,-0.35,37.73,38.13,0.0,-0.4,34,34
2012-12-07 22:00:00,22,1185.3,1280.0,39.14,39.46,0.0,-0.32,35.36,35.71,0.0,-0.35,33,33
2012-12-07 23:00:00,23,1004.0,1143.0,35.45,35.9,0.0,-0.45,32.7,33.01,0.0,-0.31,33,33
2012-12-08 00:00:00,0,1003.9,1049.0,35.18,35.7,0.0,-0.52,38.07,38.63,0.0,-0.56,33,33
2012-12-08 01:00:00,1,948.0,992.0,33.43,33.75,0.0,-0.32,33.67,34.14,0.0,-0.47,33,33
2012-12-08 02:00:00,2,923.4,963.0,30.94,31.21,0.0,-0.27,33.06,33.4,0.0,-0.34,33,33
2012-12-08 03:00:00,3,917.8,955.0,29.71,29.94,0.0,-0.23,31.63,31.97,0.0,-0.34,32,32
2012-12-08 04:00:00,4,929.5,973.0,29.25,29.42,0.0,-0.17,39.96,40.38,0.0,-0.42,32,32
2012-12-08 05:00:00,5,963.9,1015.0,31.45,31.64,0.0,-0.19,31.18,31.47,0.0,-0.29,32,32
2012-12-08 06:00:00,6,1045.5,1107.0,34.95,35.22,0.0,-0.27,31.86,32.17,0.0,-0.31,32,32
2012-12-08 07:00:00,7,1168.9,1216.0,35.32,35.67,0.0,-0.35,21.79,22.0,0.0,-0.21,33,33
2012-12-08 08:00:00,8,1318.7,1323.0,36.95,37.29,0.0,-0.34,28.3,28.52,0.0,-0.22,33,33
2012-12-08 09:00:00,9,1400.3,1404.0,38.17,38.42,0.0,-0.25,35.71,36.03,0.0,-0.32,34,33
2012-12-08 10:00:00,10,1423.0,1431.0,38.61,38.85,0.0,-0.24,36.85,37.27,0.0,-0.42,35,35
2012-12-08 11:00:00,11,1410.3,1430.0,39.72,39.99,0.0,-0.27,37.82,38.21,0.0,-0.39,35,35
2012-12-08 12:00:00,12,1388.2,1407.0,37.06,37.36,0.0,-0.3,36.1,36.42,0.0,-0.32,37,36
2012-12-08 13:00:00,13,1328.4,1382.0,35.01,35.2,0.0,-0.19,35.43,35.78,0.0,-0.35,37,36
2012-12-08 14:00:00,14,1308.1,1367.0,33.61,33.75,0.0,-0.14,33.9,34.13,0.0,-0.23,37,36
2012-12-08 15:00:00,15,1313.8,1391.0,35.04,35.17,0.0,-0.13,34.27,34.45,0.0,-0.18,36,36
2012-12-08 16:00:00,16,1430.7,1504.0,46.3,46.48,0.0,-0.18,43.98,44.24,0.0,-0.26,37,36
2012-12-08 17:00:00,17,1480.2,1556.0,62.12,62.63,0.01,-0.52,40.79,41.12,0.0,-0.33,36,36
2012-12-08 18:00:00,18,1410.6,1519.0,48.33,48.75,0.0,-0.42,36.59,36.87,0.0,-0.28,36,36
2012-12-08 19:00:00,19,1378.2,1462.0,41.5,41.92,0.0,-0.42,35.3,35.62,0.0,-0.32,36,36
2012-12-08 20:00:00,20,1331.9,1402.0,37.43,37.79,0.0,-0.36,30.81,31.07,0.0,-0.26,36,36
2012-12-08 21:00:00,21,1229.7,1322.0,36.38,36.81,0.0,-0.43,28.66,28.95,0.0,-0.29,36,35
2012-12-08 22:00:00,22,1135.4,1211.0,35.51,35.87,0.0,-0.36,24.11,24.37,0.0,-0.26,36,36
2012-12-08 23:00:00,23,1001.9,1093.0,34.01,34.4,0.0,-0.39,24.69,25.03,0.0,-0.34,36,36
2012-12-09 00:00:00,0,970.6,1004.0,33.83,34.32,0.0,-0.49,35.31,35.94,0.0,-0.63,35,35
2012-12-09 01:00:00,1,926.5,952.0,31.24,31.66,0.0,-0.42,31.37,31.94,0.0,-0.57,35,35
2012-12-09 02:00:00,2,903.9,927.0,24.72,25.04,0.0,-0.32,30.93,31.48,0.0,-0.55,33,33
2012-12-09 03:00:00,3,896.6,917.0,24.57,24.89,0.0,-0.32,30.55,31.08,0.0,-0.53,33,33
2012-12-09 04:00:00,4,902.3,930.0,23.68,23.95,0.0,-0.27,23.58,23.97,0.0,-0.39,31,31
2012-12-09 05:00:00,5,932.6,960.0,24.78,25.09,0.0,-0.31,30.07,30.55,0.0,-0.48,28,28
2012-12-09 06:00:00,6,961.7,1026.0,29.77,30.1,0.0,-0.33,25.93,26.37,0.0,-0.44,28,28
2012-12-09 07:00:00,7,1084.7,1103.0,28.37,28.8,0.0,-0.43,19.9,20.29,0.0,-0.39,28,28
2012-12-09 08:00:00,8,1182.8,1210.0,35.31,35.83,0.01,-0.53,24.99,25.42,0.0,-0.43,30,29
2012-12-09 09:00:00,9,1278.6,1288.0,36.24,36.83,0.01,-0.6,25.13,25.52,0.0,-0.39,37,32
2012-12-09 10:00:00,10,1336.5,1319.0,36.64,37.16,0.01,-0.53,18.78,19.04,0.0,-0.26,39,32
2012-12-09 11:00:00,11,1338.5,1324.0,37.04,37.58,0.0,-0.54,34.44,34.98,0.0,-0.54,41,31
2012-12-09 12:00:00,12,1335.5,1313.0,36.74,37.29,0.0,-0.55,34.27,34.83,0.0,-0.56,42,29
2012-12-09 13:00:00,13,1289.3,1290.0,35.02,35.45,0.0,-0.43,33.52,34.06,0.0,-0.54,42,28
2012-12-09 14:00:00,14,1278.5,1275.0,34.81,35.22,0.0,-0.41,31.25,31.75,0.0,-0.5,44,28
2012-12-09 15:00:00,15,1289.3,1308.0,34.89,35.3,0.0,-0.41,30.25,30.65,0.0,-0.4,44,27
2012-12-09 16:00:00,16,1437.2,1493.0,43.66,44.04,0.0,-0.38,44.11,44.52,0.0,-0.41,40,25
2012-12-09 17:00:00,17,1510.1,1607.0,54.5,55.07,0.0,-0.57,51.64,52.2,0.0,-0.56,32,26
2012-12-09 18:00:00,18,1449.4,1590.0,44.68,45.11,0.0,-0.43,50.44,50.99,0.0,-0.55,30,27
2012-12-09 19:00:00,19,1420.8,1541.0,43.49,43.98,0.0,-0.49,39.52,39.92,0.0,-0.4,27,26
2012-12-09 20:00:00,20,1345.6,1469.0,37.67,38.11,0.0,-0.44,39.3,39.79,0.0,-0.49,30,27
2012-12-09 21:00:00,21,1246.6,1352.0,36.85,37.23,0.0,-0.38,36.28,36.72,0.0,-0.44,31,29
2012-12-09 22:00:00,22,1142.9,1201.0,35.21,35.56,0.0,-0.35,33.81,34.29,0.0,-0.48,32,29
2012-12-09 23:00:00,23,1009.3,1078.0,30.59,30.83,0.0,-0.24,29.92,30.32,0.0,-0.4,32,29
2012-12-10 00:00:00,0,919.8,1001.0,29.4,29.84,0.0,-0.44,33.97,34.51,0.0,-0.54,32,31
2012-12-10 01:00:00,1,919.2,966.0,19.79,20.05,0.0,-0.26,32.55,33.1,0.0,-0.55,33,32
2012-12-10 02:00:00,2,878.4,952.0,22.14,22.46,0.0,-0.32,32.49,33.05,0.0,-0.56,34,33
2012-12-10 03:00:00,3,914.5,954.0,19.73,19.98,0.0,-0.25,31.06,31.57,0.0,-0.51,34,34
2012-12-10 04:00:00,4,928.4,997.0,24.83,25.16,0.0,-0.33,31.78,32.23,0.0,-0.45,36,35
2012-12-10 05:00:00,5,1036.6,1111.0,33.18,33.59,0.0,-0.41,29.41,29.74,0.0,-0.33,37,36
2012-12-10 06:00:00,6,1250.5,1320.0,35.45,35.52,0.0,-0.07,42.42,42.71,0.0,-0.29,38,37
2012-12-10 07:00:00,7,1375.7,1444.0,37.17,37.35,0.0,-0.18,45.15,45.59,0.0,-0.44,38,37
2012-12-10 08:00:00,8,1397.7,1473.0,35.48,35.82,0.0,-0.34,41.19,41.65,0.0,-0.46,38,37
2012-12-10 09:00:00,9,1476.8,1493.0,37.88,38.14,0.0,-0.26,38.96,39.39,0.0,-0.43,38,37
2012-12-10 10:00:00,10,1492.6,1511.0,40.15,40.46,0.0,-0.31,46.57,47.19,0.0,-0.62,38,38
2012-12-10 11:00:00,11,1487.9,1510.0,39.83,40.13,0.0,-0.3,46.97,47.6,0.0,-0.63,36,36
2012-12-10 12:00:00,12,1480.0,1497.0,36.87,37.11,0.0,-0.24,43.49,44.07,0.0,-0.58,37,37
2012-12-10 13:00:00,13,1467.4,1496.0,35.35,35.54,0.0,-0.19,37.56,37.98,0.0,-0.42,37,37
2012-12-10 14:00:00,14,1453.3,1486.0,35.09,35.21,0.0,-0.12,36.9,37.34,0.0,-0.44,37,37
2012-12-10 15:00:00,15,1459.4,1512.0,35.25,35.39,0.0,-0.14,39.22,39.67,0.0,-0.45,38,38
2012-12-10 16:00:00,16,1573.3,1631.0,45.11,45.32,0.0,-0.21,59.47,60.09,0.0,-0.62,38,38
2012-12-10 17:00:00,17,1620.0,1703.0,54.4,54.73,0.0,-0.33,44.77,45.32,0.0,-0.55,37,37
2012-12-10 18:00:00,18,1540.2,1691.0,40.39,40.7,0.0,-0.31,44.58,45.12,0.0,-0.54,38,37
2012-12-10 19:00:00,19,1505.1,1634.0,37.34,37.64,0.0,-0.3,44.17,44.79,0.0,-0.62,37,37
2012-12-10 20:00:00,20,1414.4,1553.0,37.12,37.55,0.0,-0.43,36.34,36.88,0.0,-0.54,37,37
2012-12-10 21:00:00,21,1297.9,1423.0,35.18,36.34,-0.97,-0.19,34.25,34.59,0.0,-0.34,37,37
2012-12-10 22:00:00,22,1107.5,1278.0,30.01,30.64,-0.4,-0.23,33.33,33.64,0.0,-0.31,37,37
2012-12-10 23:00:00,23,958.2,1134.0,28.43,29.62,-0.81,-0.38,21.36,21.62,0.0,-0.26,37,37
2012-12-11 00:00:00,0,1045.8,1027.0,31.99,32.3,0.0,-0.31,32.59,33.07,0.0,-0.48,39,39
2012-12-11 01:00:00,1,1000.5,971.0,24.76,24.97,0.0,-0.21,16.71,16.95,0.0,-0.24,38,38
2012-12-11 02:00:00,2,975.8,947.0,24.69,24.88,0.0,-0.19,8.7,8.8,0.0,-0.1,40,38
2012-12-11 03:00:00,3,970.5,945.0,24.67,24.85,0.0,-0.18,27.62,27.91,0.0,-0.29,39,38
2012-12-11 04:00:00,4,1020.4,987.0,25.19,25.34,0.0,-0.15,8.63,8.7,0.0,-0.07,40,38
2012-12-11 05:00:00,5,1128.3,1105.0,33.74,33.93,0.0,-0.19,0.69,0.69,0.0,0.0,38,38
2012-12-11 06:00:00,6,1315.2,1302.0,38.0,37.94,0.0,0.06,0.0,0.0,0.0,0.0,38,38
2012-12-11 07:00:00,7,1375.3,1411.0,39.75,39.96,0.0,-0.21,30.9,31.17,0.0,-0.27,39,37
2012-12-11 08:00:00,8,1407.7,1442.0,40.17,40.6,0.0,-0.43,37.41,37.8,0.0,-0.39,40,37
2012-12-11 09:00:00,9,1383.7,1448.0,39.94,40.44,0.0,-0.5,36.06,36.53,0.0,-0.47,41,35
2012-12-11 10:00:00,10,1405.7,1454.0,42.88,43.51,0.0,-0.63,34.3,34.8,0.0,-0.5,41,34
2012-12-11 11:00:00,11,1397.8,1457.0,42.03,42.64,0.0,-0.61,32.99,33.46,0.0,-0.47,41,34
2012-12-11 12:00:00,12,1401.6,1449.0,39.45,40.06,0.0,-0.61,32.88,33.37,0.0,-0.49,41,30
2012-12-11 13:00:00,13,1397.0,1450.0,38.15,38.72,0.0,-0.57,32.9,33.39,0.0,-0.49,39,29
2012-12-11 14:00:00,14,1388.7,1439.0,36.85,37.29,0.0,-0.44,25.43,25.82,0.0,-0.39,39,28
2012-12-11 15:00:00,15,1406.3,1468.0,36.85,37.22,0.0,-0.37,20.95,21.16,0.0,-0.21,37,27
2012-12-11 16:00:00,16,1616.7,1618.0,45.33,45.49,0.0,-0.16,39.04,39.32,0.0,-0.28,36,26
2012-12-11 17:00:00,17,1766.3,1740.0,69.75,69.95,0.0,-0.2,40.61,40.88,0.0,-0.27,35,26
2012-12-11 18:00:00,18,1703.9,1742.0,56.13,56.39,0.0,-0.26,42.76,43.04,0.0,-0.28,33,24
2012-12-11 19:00:00,19,1648.7,1701.0,46.37,46.57,0.0,-0.2,38.94,39.25,0.0,-0.31,34,24
2012-12-11 20:00:00,20,1591.2,1631.0,44.51,44.74,0.0,-0.23,37.48,37.75,0.0,-0.27,33,23
2012-12-11 21:00:00,21,1485.2,1512.0,38.37,38.46,0.0,-0.09,34.2,34.42,0.0,-0.22,33,23
2012-12-11 22:00:00,22,1319.0,1356.0,37.78,37.79,0.0,-0.01,9.63,9.7,0.0,-0.07,32,23
2012-12-11 23:00:00,23,1224.5,1218.0,33.67,33.84,0.0,-0.17,17.34,17.46,0.0,-0.12,32,20
2012-12-12 00:00:00,0,1103.4,1133.0,33.15,33.41,0.0,-0.26,39.18,39.43,0.0,-0.25,29,20
2012-12-12 01:00:00,1,1071.4,1092.0,26.66,26.86,0.0,-0.2,35.1,35.34,0.0,-0.24,29,19
2012-12-12 02:00:00,2,1055.7,1076.0,21.93,22.07,0.0,-0.14,17.45,17.55,0.0,-0.1,29,19
2012-12-12 03:00:00,3,1060.1,1082.0,21.6,21.72,0.0,-0.12,19.95,20.04,0.0,-0.09,27,19
2012-12-12 04:00:00,4,1105.1,1130.0,22.38,22.47,0.0,-0.09,21.58,21.62,0.0,-0.04,26,18
2012-12-12 05:00:00,5,1183.4,1251.0,38.87,39.02,0.0,-0.15,28.74,28.76,0.0,-0.02,24,18
2012-12-12 06:00:00,6,1447.7,1470.0,52.23,52.37,0.0,-0.14,54.24,54.26,0.0,-0.02,22,19
2012-12-12 07:00:00,7,1569.1,1571.0,54.55,54.77,0.0,-0.22,47.75,47.86,0.0,-0.11,21,18
2012-12-12 08:00:00,8,1501.1,1580.0,49.25,49.4,0.0,-0.15,45.46,45.53,0.0,-0.07,21,18
2012-12-12 09:00:00,9,1490.8,1568.0,50.16,50.47,0.0,-0.31,43.73,43.8,0.0,-0.07,26,21
2012-12-12 10:00:00,10,1454.4,1554.0,49.79,50.07,0.0,-0.28,48.58,48.85,0.0,-0.27,31,22
2012-12-12 11:00:00,11,1464.7,1532.0,47.46,47.7,0.0,-0.24,45.24,45.53,0.0,-0.29,34,21
2012-12-12 12:00:00,12,1444.9,1496.0,45.18,45.45,0.0,-0.27,43.11,43.37,0.0,-0.26,37,19
2012-12-12 13:00:00,13,1440.8,1486.0,43.98,44.19,0.0,-0.21,39.22,39.48,0.0,-0.26,39,18
2012-12-12 14:00:00,14,1424.7,1464.0,42.14,42.37,0.0,-0.23,36.72,36.91,0.0,-0.19,41,19
2012-12-12 15:00:00,15,1403.6,1495.0,45.01,45.35,0.0,-0.34,40.72,40.87,0.0,-0.15,40,20
2012-12-12 16:00:00,16,1525.8,1655.0,54.65,55.2,0.0,-0.55,51.42,51.53,0.0,-0.11,39,20
2012-12-12 17:00:00,17,1579.5,1771.0,70.52,72.06,-0.77,-0.77,66.18,66.62,0.0,-0.44,37,21
2012-12-12 18:00:00,18,1561.8,1758.0,58.44,59.15,0.0,-0.71,55.42,55.9,0.0,-0.48,34,21
2012-12-12 19:00:00,19,1569.9,1726.0,51.78,52.31,0.0,-0.53,55.94,56.56,0.0,-0.62,29,21
2012-12-12 20:00:00,20,1482.1,1658.0,50.3,50.95,0.0,-0.65,51.27,51.94,0.0,-0.67,27,21
2012-12-12 21:00:00,21,1369.9,1542.0,47.31,47.77,0.0,-0.46,47.44,47.9,0.0,-0.46,23,21
2012-12-12 22:00:00,22,1244.0,1383.0,44.57,45.07,0.0,-0.5,47.03,47.47,0.0,-0.44,23,21
2012-12-12 23:00:00,23,1106.3,1245.0,35.41,35.84,0.0,-0.43,39.64,40.08,0.0,-0.44,22,19
2012-12-13 00:00:00,0,1077.3,1156.0,36.99,37.14,0.0,-0.15,44.47,44.79,0.0,-0.32,20,18
2012-12-13 01:00:00,1,1035.4,1117.0,33.73,33.87,0.0,-0.14,46.14,46.31,0.0,-0.17,21,19
2012-12-13 02:00:00,2,1019.3,1098.0,32.45,32.57,0.0,-0.12,37.72,37.83,0.0,-0.11,22,21
2012-12-13 03:00:00,3,1022.3,1104.0,32.47,32.58,0.0,-0.11,37.58,37.68,0.0,-0.1,20,18
2012-12-13 04:00:00,4,1065.3,1147.0,33.13,33.16,0.0,-0.03,48.85,48.95,0.0,-0.1,20,18
2012-12-13 05:00:00,5,1168.3,1268.0,40.5,40.41,0.0,0.09,34.04,34.17,0.0,-0.13,17,15
2012-12-13 06:00:00,6,1441.0,1480.0,47.2,46.96,0.0,0.24,45.59,45.81,0.0,-0.22,17,15
2012-12-13 07:00:00,7,1487.4,1578.0,50.11,50.33,0.0,-0.22,49.42,49.84,0.0,-0.42,18,15
2012-12-13 08:00:00,8,1466.2,1579.0,47.4,47.68,0.0,-0.28,48.58,49.0,0.0,-0.42,16,13
2012-12-13 09:00:00,9,1468.3,1565.0,43.87,44.08,0.0,-0.21,42.44,42.8,0.0,-0.36,24,22
2012-12-13 10:00:00,10,1474.2,1539.0,40.91,41.08,0.0,-0.17,38.97,39.21,0.0,-0.24,29,25
2012-12-13 11:00:00,11,1463.3,1513.0,40.58,40.88,0.0,-0.3,39.55,39.72,0.0,-0.17,35,25
2012-12-13 12:00:00,12,1414.3,1475.0,39.93,40.22,0.0,-0.29,38.81,39.06,0.0,-0.25,39,25
2012-12-13 13:00:00,13,1395.2,1465.0,39.06,39.29,0.0,-0.23,38.72,38.93,0.0,-0.21,39,22
2012-12-13 14:00:00,14,1374.4,1451.0,38.94,39.23,0.0,-0.29,38.41,38.57,0.0,-0.16,40,21
2012-12-13 15:00:00,15,1363.9,1470.0,40.12,40.43,0.0,-0.31,37.93,38.04,0.0,-0.11,40,21
2012-12-13 16:00:00,16,1495.8,1628.0,51.51,52.05,-0.24,-0.3,44.06,44.13,0.0,-0.07,38,21
2012-12-13 17:00:00,17,1576.2,1751.0,66.65,67.58,-0.43,-0.5,86.03,86.73,0.0,-0.7,28,20
2012-12-13 18:00:00,18,1557.1,1753.0,54.02,54.61,-0.18,-0.41,66.17,66.76,0.0,-0.59,28,21
2012-12-13 19:00:00,19,1537.7,1718.0,51.01,51.42,-0.16,-0.25,60.45,61.03,0.0,-0.58,25,21
2012-12-13 20:00:00,20,1458.1,1657.0,46.34,46.63,0.0,-0.29,53.08,53.64,0.0,-0.56,25,22
2012-12-13 21:00:00,21,1351.5,1547.0,41.87,42.18,0.0,-0.31,46.84,47.28,0.0,-0.44,22,21
2012-12-13 22:00:00,22,1224.1,1389.0,42.08,42.05,0.0,0.03,36.78,37.09,0.0,-0.31,21,19
2012-12-13 23:00:00,23,1074.1,1250.0,37.58,37.69,0.0,-0.11,36.64,36.61,0.0,0.03,20,18
2012-12-14 00:00:00,0,1070.5,1166.0,32.1,32.18,0.0,-0.08,69.49,69.74,0.0,-0.25,20,18
2012-12-14 01:00:00,1,1019.2,1119.0,32.32,32.36,0.0,-0.04,51.25,51.36,0.0,-0.11,20,17
2012-12-14 02:00:00,2,995.6,1100.0,31.42,31.69,-0.22,-0.05,44.65,44.72,0.0,-0.07,21,18
2012-12-14 03:00:00,3,997.7,1106.0,30.55,30.79,-0.2,-0.04,42.72,42.76,0.0,-0.04,21,19
2012-12-14 04:00:00,4,1036.5,1143.0,31.6,31.61,0.0,-0.01,32.41,32.44,0.0,-0.03,20,18
2012-12-14 05:00:00,5,1142.4,1268.0,32.33,32.28,0.0,0.05,42.68,42.76,0.0,-0.08,18,15
2012-12-14 06:00:00,6,1441.7,1474.0,34.76,34.74,0.0,0.02,56.26,56.62,0.0,-0.36,19,17
2012-12-14 07:00:00,7,1503.6,1573.0,42.59,42.74,0.0,-0.15,85.27,85.84,0.0,-0.57,16,14
2012-12-14 08:00:00,8,1452.2,1574.0,37.11,37.25,0.0,-0.14,49.14,49.37,0.0,-0.23,18,15
2012-12-14 09:00:00,9,1469.0,1560.0,36.59,36.73,0.0,-0.14,37.0,37.1,0.0,-0.1,20,18
2012-12-14 10:00:00,10,1457.1,1531.0,41.57,41.71,0.0,-0.14,49.48,49.48,0.27,-0.27,28,25
2012-12-14 11:00:00,11,1392.7,1504.0,36.23,36.44,0.0,-0.21,39.76,39.8,0.18,-0.22,36,26
2012-12-14 12:00:00,12,1375.4,1468.0,35.12,35.31,0.0,-0.19,35.97,36.06,0.06,-0.15,42,24
2012-12-14 13:00:00,13,1348.4,1448.0,33.68,33.82,0.0,-0.14,32.34,32.45,0.0,-0.11,46,19
2012-12-14 14:00:00,14,1331.0,1436.0,32.86,33.05,0.0,-0.19,31.16,31.32,0.0,-0.16,46,19
2012-12-14 15:00:00,15,1316.5,1452.0,33.88,34.03,0.0,-0.15,32.17,32.33,0.0,-0.16,44,22
2012-12-14 16:00:00,16,1461.3,1597.0,49.05,49.32,0.0,-0.27,45.45,45.78,0.0,-0.33,41,23
2012-12-14 17:00:00,17,1539.2,1686.0,63.33,63.64,0.01,-0.32,57.83,58.31,0.0,-0.48,39,24
2012-12-14 18:00:00,18,1496.5,1666.0,49.34,49.71,0.0,-0.37,51.04,51.59,0.0,-0.55,39,24
2012-12-14 19:00:00,19,1462.3,1619.0,45.21,45.52,0.0,-0.31,45.59,46.12,0.0,-0.53,39,25
2012-12-14 20:00:00,20,1376.7,1560.0,40.77,41.09,0.0,-0.32,38.26,38.78,0.0,-0.52,34,24
2012-12-14 21:00:00,21,1315.7,1472.0,36.63,36.91,0.0,-0.28,36.84,37.35,0.0,-0.51,35,26
2012-12-14 22:00:00,22,1206.8,1343.0,36.17,36.42,0.0,-0.25,29.63,30.04,0.0,-0.41,36,26
2012-12-14 23:00:00,23,1053.6,1207.0,33.63,33.85,0.0,-0.22,26.46,26.78,0.0,-0.32,37,26
2012-12-15 00:00:00,0,1115.1,1102.0,41.72,41.69,0.0,0.03,33.89,34.26,0.0,-0.37,38,26
2012-12-15 01:00:00,1,1052.4,1046.0,35.82,35.76,0.0,0.06,30.48,30.8,0.0,-0.32,38,25
2012-12-15 02:00:00,2,1010.5,1017.0,33.74,33.72,0.0,0.02,29.66,29.97,0.0,-0.31,34,24
2012-12-15 03:00:00,3,1003.2,1014.0,33.02,32.99,0.0,0.03,24.63,24.84,0.0,-0.21,32,23
2012-12-15 04:00:00,4,1018.0,1039.0,33.69,33.65,0.0,0.04,33.52,33.75,0.0,-0.23,31,23
2012-12-15 05:00:00,5,1053.7,1100.0,34.2,34.16,0.0,0.04,34.97,35.22,0.0,-0.25,29,21
2012-12-15 06:00:00,6,1119.0,1203.0,35.49,35.38,0.0,0.11,34.69,34.87,0.0,-0.18,29,21
2012-12-15 07:00:00,7,1224.6,1296.0,34.14,34.16,0.0,-0.02,39.27,39.43,0.0,-0.16,29,20
2012-12-15 08:00:00,8,1302.7,1393.0,37.43,37.68,0.0,-0.25,42.04,42.29,0.0,-0.25,26,19
2012-12-15 09:00:00,9,1356.3,1446.0,38.69,39.12,0.0,-0.43,35.78,36.16,0.0,-0.38,32,18
2012-12-15 10:00:00,10,1376.2,1444.0,45.28,45.81,0.0,-0.53,40.83,41.34,0.0,-0.51,34,17
2012-12-15 11:00:00,11,1376.8,1425.0,42.34,42.76,0.0,-0.42,35.78,36.2,0.0,-0.42,36,15
2012-12-15 12:00:00,12,1344.3,1389.0,39.16,39.53,0.0,-0.37,34.66,35.03,0.0,-0.37,38,8
2012-12-15 13:00:00,13,1275.9,1366.0,35.06,35.33,0.0,-0.27,33.89,34.19,0.0,-0.3,38,6
2012-12-15 14:00:00,14,1254.2,1355.0,35.18,35.52,0.0,-0.34,32.44,32.69,0.0,-0.25,39,6
2012-12-15 15:00:00,15,1254.0,1388.0,34.99,35.24,0.0,-0.25,32.53,32.74,0.0,-0.21,38,6
2012-12-15 16:00:00,16,1459.8,1550.0,51.49,51.76,0.0,-0.27,47.38,47.53,0.0,-0.15,34,7
2012-12-15 17:00:00,17,1528.7,1649.0,58.4,58.84,0.0,-0.44,67.02,67.47,0.0,-0.45,30,4
2012-12-15 18:00:00,18,1460.6,1628.0,49.86,50.33,0.0,-0.47,56.32,56.79,0.0,-0.47,23,9
2012-12-15 19:00:00,19,1429.3,1587.0,49.7,50.23,0.0,-0.53,57.63,58.15,0.0,-0.52,23,13
2012-12-15 20:00:00,20,1448.6,1536.0,47.24,47.69,0.0,-0.45,54.56,55.1,0.0,-0.54,22,9
2012-12-15 21:00:00,21,1364.8,1461.0,45.02,45.49,0.0,-0.47,50.2,50.72,0.0,-0.52,21,9
2012-12-15 22:00:00,22,1219.0,1356.0,37.87,38.24,0.0,-0.37,35.3,35.6,0.0,-0.3,21,10
2012-12-15 23:00:00,23,1061.0,1236.0,35.09,35.13,0.0,-0.04,34.29,34.34,0.0,-0.05,24,12
2012-12-16 00:00:00,0,1053.6,1151.0,36.42,36.29,0.0,0.13,42.66,42.62,0.0,0.04,24,10
2012-12-16 01:00:00,1,984.3,1098.0,36.74,36.71,0.0,0.03,34.48,34.45,0.0,0.03,24,8
2012-12-16 02:00:00,2,962.9,1070.0,32.37,32.29,0.0,0.08,38.04,38.0,0.0,0.04,23,6
2012-12-16 03:00:00,3,955.2,1060.0,31.69,31.6,0.0,0.09,36.89,36.82,0.0,0.07,23,4
2012-12-16 04:00:00,4,965.4,1072.0,31.69,31.59,0.0,0.1,34.83,34.7,0.0,0.13,23,3
2012-12-16 05:00:00,5,990.1,1106.0,32.23,32.21,0.0,0.02,35.67,35.51,0.0,0.16,23,4
2012-12-16 06:00:00,6,1051.3,1175.0,32.89,32.83,0.0,0.06,35.86,35.79,0.0,0.07,23,7
2012-12-16 07:00:00,7,1143.3,1264.0,35.86,35.93,0.0,-0.07,40.6,40.61,0.0,-0.01,23,5
2012-12-16 08:00:00,8,1228.4,1390.0,38.4,38.52,0.0,-0.12,38.05,37.91,0.0,0.14,23,6
2012-12-16 09:00:00,9,1333.8,1488.0,36.04,36.17,0.0,-0.13,37.09,37.0,0.0,0.09,23,7
2012-12-16 10:00:00,10,1369.7,1529.0,37.8,37.85,0.0,-0.05,51.88,51.97,0.0,-0.09,23,8
2012-12-16 11:00:00,11,1396.6,1552.0,39.09,39.28,0.0,-0.19,54.53,54.75,0.0,-0.22,23,10
2012-12-16 12:00:00,12,1391.5,1574.0,39.08,39.3,0.0,-0.22,57.7,57.99,0.0,-0.29,24,12
2012-12-16 13:00:00,13,1328.8,1580.0,35.12,35.31,0.0,-0.19,57.53,57.83,0.0,-0.3,24,14
2012-12-16 14:00:00,14,1313.2,1575.0,35.03,35.23,0.0,-0.2,59.52,59.84,0.0,-0.32,23,20
2012-12-16 15:00:00,15,1320.8,1609.0,35.42,35.71,0.0,-0.29,56.5,56.82,0.0,-0.32,23,20
2012-12-16 16:00:00,16,1473.1,1738.0,51.69,51.83,0.0,-0.14,82.13,79.68,2.6,-0.15,23,20
2012-12-16 17:00:00,17,1560.9,1811.0,58.6,58.77,0.0,-0.17,71.14,70.97,0.0,0.17,23,21
2012-12-16 18:00:00,18,1529.8,1789.0,52.45,52.7,0.0,-0.25,54.04,54.01,0.0,0.03,23,20
2012-12-16 19:00:00,19,1494.4,1730.0,45.21,45.38,0.0,-0.17,56.16,56.37,0.0,-0.21,23,20
2012-12-16 20:00:00,20,1427.2,1647.0,40.46,40.78,0.0,-0.32,56.68,57.11,0.0,-0.43,22,20
2012-12-16 21:00:00,21,1323.2,1535.0,37.04,37.39,0.0,-0.35,52.13,52.5,0.0,-0.37,22,20
2012-12-16 22:00:00,22,1180.4,1379.0,34.98,35.19,0.0,-0.21,46.81,47.18,0.0,-0.37,22,20
2012-12-16 23:00:00,23,1058.9,1251.0,32.47,32.39,0.0,0.08,40.25,40.35,0.0,-0.1,23,21
2012-12-17 00:00:00,0,986.1,1168.0,32.9,33.02,0.0,-0.12,43.68,43.73,0.0,-0.05,23,21
2012-12-17 01:00:00,1,957.6,1114.0,31.77,31.82,0.0,-0.05,38.56,38.7,0.0,-0.14,24,21
2012-12-17 02:00:00,2,945.3,1091.0,31.87,31.92,0.0,-0.05,34.58,34.7,0.0,-0.12,24,21
2012-12-17 03:00:00,3,949.2,1089.0,31.91,31.95,0.0,-0.04,48.95,49.26,0.0,-0.31,24,22
2012-12-17 04:00:00,4,997.8,1134.0,31.96,31.97,0.0,-0.01,47.88,48.16,0.0,-0.28,25,23
2012-12-17 05:00:00,5,1107.8,1242.0,34.2,34.27,0.0,-0.07,35.2,35.36,0.0,-0.16,25,23
2012-12-17 06:00:00,6,1307.7,1420.0,37.77,37.87,0.0,-0.1,52.86,53.11,0.0,-0.25,25,23
2012-12-17 07:00:00,7,1436.8,1541.0,44.9,45.24,0.0,-0.34,53.64,54.11,0.0,-0.47,25,23
2012-12-17 08:00:00,8,1457.3,1602.0,48.18,48.65,0.0,-0.47,50.91,51.35,0.0,-0.44,26,24
2012-12-17 09:00:00,9,1474.0,1620.0,45.17,45.54,0.0,-0.37,50.03,50.54,0.0,-0.51,26,24
2012-12-17 10:00:00,10,1511.2,1628.0,44.54,44.76,0.0,-0.22,56.96,57.47,0.0,-0.51,27,25
2012-12-17 11:00:00,11,1509.1,1626.0,43.38,43.6,0.0,-0.22,52.85,53.31,0.0,-0.46,28,26
2012-12-17 12:00:00,12,1476.9,1613.0,40.72,40.93,0.0,-0.21,45.8,46.06,0.0,-0.26,29,27
2012-12-17 13:00:00,13,1469.2,1601.0,39.1,39.31,0.0,-0.21,52.99,53.36,0.0,-0.37,30,28
2012-12-17 14:00:00,14,1458.6,1584.0,37.12,37.33,0.0,-0.21,58.93,59.3,0.0,-0.37,30,28
2012-12-17 15:00:00,15,1449.1,1607.0,39.11,39.34,0.0,-0.23,55.02,55.33,0.0,-0.31,30,29
2012-12-17 16:00:00,16,1587.7,1730.0,55.05,55.32,0.0,-0.27,77.32,77.71,0.0,-0.39,30,29
2012-12-17 17:00:00,17,1651.2,1807.0,50.54,50.53,0.0,0.01,271.23,269.79,0.0,1.44,30,29
2012-12-17 18:00:00,18,1635.9,1811.0,42.84,42.94,0.0,-0.1,205.79,205.01,0.0,0.78,31,30
2012-12-17 19:00:00,19,1600.8,1751.0,47.17,47.34,0.0,-0.17,46.62,46.55,0.0,0.07,31,31
2012-12-17 20:00:00,20,1511.6,1655.0,46.38,46.68,0.0,-0.3,42.12,42.19,0.0,-0.07,32,31
2012-12-17 21:00:00,21,1392.2,1516.0,38.85,39.31,0.0,-0.46,38.01,38.17,0.0,-0.16,32,31
2012-12-17 22:00:00,22,1257.2,1350.0,35.33,35.61,0.0,-0.28,36.19,36.36,0.0,-0.17,32,31
2012-12-17 23:00:00,23,1107.3,1194.0,33.28,33.42,0.0,-0.14,34.8,34.9,0.0,-0.1,33,32
2012-12-18 00:00:00,0,963.1,1098.0,31.1,31.25,0.0,-0.15,49.14,49.26,0.0,-0.12,33,32
2012-12-18 01:00:00,1,921.2,1050.0,29.83,30.04,0.0,-0.21,64.83,65.22,0.0,-0.39,33,32
2012-12-18 02:00:00,2,903.9,1027.0,27.62,27.79,0.0,-0.17,33.21,33.4,0.0,-0.19,34,33
2012-12-18 03:00:00,3,903.3,1029.0,27.67,27.85,0.0,-0.18,33.43,33.57,0.0,-0.14,34,33
2012-12-18 04:00:00,4,947.6,1067.0,27.82,27.97,0.0,-0.15,40.41,40.64,0.0,-0.23,35,34
2012-12-18 05:00:00,5,1054.2,1182.0,31.19,31.32,0.0,-0.13,35.37,35.41,0.0,-0.04,35,35
2012-12-18 06:00:00,6,1284.8,1374.0,36.74,36.82,0.0,-0.08,33.12,32.99,0.0,0.13,37,36
2012-12-18 07:00:00,7,1403.2,1500.0,37.38,37.3,0.0,0.08,35.65,35.55,0.0,0.1,36,35
2012-12-18 08:00:00,8,1408.9,1519.0,33.41,33.45,0.0,-0.04,33.2,33.19,0.0,0.01,36,35
2012-12-18 09:00:00,9,1424.0,1526.0,35.77,35.88,0.0,-0.11,34.43,34.47,0.0,-0.04,36,36
2012-12-18 10:00:00,10,1489.7,1527.0,36.02,35.95,0.0,0.07,35.1,35.06,0.0,0.04,38,37
2012-12-18 11:00:00,11,1476.8,1526.0,36.45,36.33,0.0,0.12,34.97,34.86,0.0,0.11,39,38
2012-12-18 12:00:00,12,1426.3,1507.0,34.54,34.48,0.0,0.06,33.15,33.07,0.0,0.08,40,39
2012-12-18 13:00:00,13,1420.0,1503.0,33.23,33.24,0.0,-0.01,32.9,32.83,0.0,0.07,40,39
2012-12-18 14:00:00,14,1403.4,1489.0,33.08,33.07,0.0,0.01,32.89,32.83,0.0,0.06,41,40
2012-12-18 15:00:00,15,1408.5,1516.0,33.16,33.06,0.0,0.1,33.14,32.97,0.0,0.17,40,39
2012-12-18 16:00:00,16,1558.7,1634.0,39.08,39.03,0.0,0.05,39.03,38.95,0.0,0.08,38,38
2012-12-18 17:00:00,17,1598.3,1717.0,46.78,46.76,0.0,0.02,47.54,47.39,0.0,0.15,37,37
2012-12-18 18:00:00,18,1605.6,1706.0,41.26,41.33,0.0,-0.07,51.89,51.86,0.0,0.03,37,37
2012-12-18 19:00:00,19,1571.2,1661.0,40.43,40.55,0.0,-0.12,37.91,37.94,0.0,-0.03,38,38
2012-12-18 20:00:00,20,1534.1,1587.0,37.39,37.38,0.0,0.01,35.11,35.1,0.0,0.01,38,38
2012-12-18 21:00:00,21,1418.9,1458.0,36.35,36.48,0.0,-0.13,32.3,32.35,0.0,-0.05,38,37
2012-12-18 22:00:00,22,1232.2,1303.0,33.87,34.08,0.0,-0.21,25.95,25.95,0.0,0.0,38,37
2012-12-18 23:00:00,23,1084.4,1157.0,30.87,30.99,0.0,-0.12,31.43,31.48,0.0,-0.05,38,38
2012-12-19 00:00:00,0,1028.3,1058.0,34.42,34.57,0.0,-0.15,38.41,38.59,0.0,-0.18,38,38
2012-12-19 01:00:00,1,984.1,1004.0,33.43,33.55,0.0,-0.12,33.27,33.5,0.0,-0.23,38,38
2012-12-19 02:00:00,2,969.8,982.0,30.95,30.94,0.0,0.01,29.58,29.76,0.0,-0.18,38,38
2012-12-19 03:00:00,3,969.0,985.0,30.93,30.9,0.0,0.03,14.65,14.76,0.0,-0.11,38,37
2012-12-19 04:00:00,4,1007.8,1029.0,31.06,30.99,0.0,0.07,29.17,29.35,0.0,-0.18,38,36
2012-12-19 05:00:00,5,1119.1,1150.0,33.59,33.54,0.0,0.05,31.13,31.3,0.0,-0.17,38,35
2012-12-19 06:00:00,6,1332.9,1359.0,37.59,37.25,0.0,0.34,35.46,35.51,0.0,-0.05,37,34
2012-12-19 07:00:00,7,1461.1,1465.0,38.76,38.61,0.0,0.15,35.11,35.25,0.0,-0.14,37,32
2012-12-19 08:00:00,8,1445.2,1473.0,41.44,41.08,0.0,0.36,37.66,37.66,0.0,0.0,36,31
2012-12-19 09:00:00,9,1447.8,1475.0,45.5,45.13,0.0,0.37,34.41,34.37,0.0,0.04,38,31
2012-12-19 10:00:00,10,1462.7,1477.0,37.88,37.46,0.0,0.42,33.38,33.25,0.0,0.13,41,32
2012-12-19 11:00:00,11,1453.5,1472.0,37.69,37.25,0.0,0.44,33.33,33.17,0.0,0.16,42,30
2012-12-19 12:00:00,12,1442.8,1459.0,37.34,36.89,0.0,0.45,32.88,32.69,0.0,0.19,43,29
2012-12-19 13:00:00,13,1436.7,1464.0,35.27,34.83,0.0,0.44,32.79,32.59,0.0,0.2,43,29
2012-12-19 14:00:00,14,1421.6,1461.0,34.61,34.21,0.0,0.4,33.33,33.19,0.0,0.14,41,30
2012-12-19 15:00:00,15,1419.3,1492.0,37.61,37.2,0.0,0.41,33.74,33.61,0.0,0.13,41,30
2012-12-19 16:00:00,16,1562.6,1624.0,46.98,46.59,0.0,0.39,43.63,43.59,0.0,0.04,39,29
2012-12-19 17:00:00,17,1641.5,1729.0,59.25,58.64,0.0,0.61,54.15,53.97,0.0,0.18,38,29
2012-12-19 18:00:00,18,1620.8,1721.0,50.46,50.18,0.0,0.28,42.6,42.47,0.0,0.13,37,29
2012-12-19 19:00:00,19,1590.0,1685.0,46.89,46.6,0.0,0.29,40.3,40.35,0.0,-0.05,36,29
2012-12-19 20:00:00,20,1536.6,1620.0,42.28,42.03,0.0,0.25,35.76,35.78,0.0,-0.02,35,28
2012-12-19 21:00:00,21,1423.2,1499.0,38.31,38.19,0.0,0.12,36.08,36.18,0.0,-0.1,36,28
2012-12-19 22:00:00,22,1292.6,1338.0,36.12,35.9,0.0,0.22,34.28,34.4,0.0,-0.12,36,28
2012-12-19 23:00:00,23,1131.2,1188.0,33.5,33.43,0.0,0.07,31.99,32.07,0.0,-0.08,36,28
2012-12-20 00:00:00,0,1094.0,1090.0,32.73,32.82,0.0,-0.09,28.07,28.18,0.0,-0.11,34,28
2012-12-20 01:00:00,1,1049.8,1038.0,30.83,30.93,0.0,-0.1,29.3,29.53,0.0,-0.23,33,28
2012-12-20 02:00:00,2,1031.7,1018.0,29.91,29.89,0.0,0.02,27.51,27.69,0.0,-0.18,35,29
2012-12-20 03:00:00,3,1033.3,1020.0,29.94,29.92,0.0,0.02,28.02,28.21,0.0,-0.19,35,28
2012-12-20 04:00:00,4,1077.5,1064.0,30.65,30.69,0.0,-0.04,21.91,22.03,0.0,-0.12,32,27
2012-12-20 05:00:00,5,1182.5,1192.0,33.2,33.14,0.0,0.06,21.25,21.28,0.0,-0.03,28,25
2012-12-20 06:00:00,6,1378.6,1399.0,35.82,35.7,0.0,0.12,33.95,33.97,0.0,-0.02,25,24
2012-12-20 07:00:00,7,1491.9,1498.0,45.7,45.68,0.0,0.02,38.04,38.22,0.0,-0.18,25,24
2012-12-20 08:00:00,8,1475.1,1513.0,38.24,38.16,0.0,0.08,34.48,34.5,0.0,-0.02,28,27
2012-12-20 09:00:00,9,1479.0,1520.0,37.91,37.79,0.0,0.12,35.72,35.73,0.0,-0.01,31,29
2012-12-20 10:00:00,10,1484.4,1523.0,36.94,36.82,0.0,0.12,33.91,33.91,0.0,0.0,33,30
2012-12-20 11:00:00,11,1472.2,1507.0,36.92,36.66,0.0,0.26,33.5,33.43,0.0,0.07,35,29
2012-12-20 12:00:00,12,1455.2,1485.0,34.44,34.23,0.0,0.21,31.64,31.55,0.0,0.09,37,28
2012-12-20 13:00:00,13,1449.2,1483.0,33.52,33.3,0.0,0.22,30.51,30.4,0.0,0.11,38,27
2012-12-20 14:00:00,14,1441.4,1479.0,32.7,32.48,0.0,0.22,30.58,30.45,0.0,0.13,38,26
2012-12-20 15:00:00,15,1435.7,1523.0,33.05,32.78,0.0,0.27,31.27,31.11,0.0,0.16,37,26
2012-12-20 16:00:00,16,1552.5,1643.0,45.15,44.79,0.0,0.36,39.91,39.74,0.0,0.17,37,26
2012-12-20 17:00:00,17,1653.0,1719.0,51.29,50.76,0.0,0.53,40.09,39.88,0.0,0.21,36,26
2012-12-20 18:00:00,18,1631.7,1716.0,46.17,45.73,0.0,0.44,36.28,36.17,0.0,0.11,35,27
2012-12-20 19:00:00,19,1599.7,1678.0,42.94,42.64,0.0,0.3,35.9,35.81,0.0,0.09,35,27
2012-12-20 20:00:00,20,1554.5,1610.0,37.39,37.16,0.0,0.23,34.04,33.95,0.0,0.09,35,27
2012-12-20 21:00:00,21,1438.9,1498.0,36.09,35.95,0.0,0.14,35.48,35.46,0.0,0.02,34,27
2012-12-20 22:00:00,22,1278.1,1340.0,34.09,33.85,0.0,0.24,30.01,29.99,0.0,0.02,34,28
2012-12-20 23:00:00,23,1101.7,1192.0,30.44,30.3,0.0,0.14,25.17,25.18,0.0,-0.01,33,29
2012-12-21 00:00:00,0,1029.9,1092.0,30.57,30.74,0.0,-0.17,37.47,37.64,0.0,-0.17,33,30
2012-12-21 01:00:00,1,986.4,1042.0,26.35,26.39,0.0,-0.04,27.51,27.68,0.0,-0.17,34,31
2012-12-21 02:00:00,2,966.9,1018.0,22.03,22.03,0.0,0.0,28.98,29.1,0.0,-0.12,34,32
2012-12-21 03:00:00,3,968.3,1021.0,21.92,21.92,0.0,0.0,27.25,27.34,0.0,-0.09,33,32
2012-12-21 04:00:00,4,1009.3,1059.0,23.24,23.21,0.0,0.03,29.96,30.04,0.0,-0.08,32,32
2012-12-21 05:00:00,5,1091.1,1159.0,30.4,30.43,0.0,-0.03,27.84,27.87,0.0,-0.03,34,33
2012-12-21 06:00:00,6,1307.1,1347.0,34.19,34.0,0.0,0.19,39.64,39.63,0.0,0.01,37,35
2012-12-21 07:00:00,7,1459.5,1468.0,37.95,38.01,0.0,-0.06,36.05,36.2,0.0,-0.15,38,37
2012-12-21 08:00:00,8,1485.2,1509.0,35.73,35.64,0.0,0.09,37.16,37.26,0.0,-0.1,40,39
2012-12-21 09:00:00,9,1495.4,1538.0,35.74,35.67,0.0,0.07,45.39,45.52,0.0,-0.13,41,39
2012-12-21 10:00:00,10,1506.3,1554.0,35.73,35.66,0.0,0.07,43.13,43.25,0.0,-0.12,42,40
2012-12-21 11:00:00,11,1490.7,1552.0,35.47,35.43,0.0,0.04,35.47,35.57,0.0,-0.1,44,42
2012-12-21 12:00:00,12,1481.2,1518.0,35.09,34.92,0.0,0.17,35.12,35.16,0.0,-0.04,46,44
2012-12-21 13:00:00,13,1467.0,1496.0,34.66,34.51,0.0,0.15,35.54,35.54,0.0,0.0,48,47
2012-12-21 14:00:00,14,1415.3,1458.0,32.4,32.26,0.0,0.14,31.56,31.52,0.0,0.04,50,49
2012-12-21 15:00:00,15,1416.2,1444.0,33.69,33.55,0.0,0.14,29.29,29.38,0.0,-0.09,51,50
2012-12-21 16:00:00,16,1560.0,1540.0,42.54,42.31,0.0,0.23,33.06,33.36,0.0,-0.3,50,47
2012-12-21 17:00:00,17,1646.2,1616.0,47.74,47.45,0.0,0.29,35.2,35.7,0.0,-0.5,49,46
2012-12-21 18:00:00,18,1629.4,1598.0,43.1,42.86,0.0,0.24,33.67,34.16,0.0,-0.49,46,43
2012-12-21 19:00:00,19,1599.2,1545.0,39.41,39.28,0.0,0.13,30.27,30.7,0.0,-0.43,41,34
2012-12-21 20:00:00,20,1509.0,1484.0,37.75,37.82,0.0,-0.07,29.26,29.69,0.0,-0.43,39,33
2012-12-21 21:00:00,21,1418.5,1394.0,34.74,34.82,0.0,-0.08,16.47,16.73,0.0,-0.26,38,33
2012-12-21 22:00:00,22,1270.2,1272.0,32.71,32.67,0.0,0.04,22.79,23.11,0.0,-0.32,37,32
2012-12-21 23:00:00,23,1089.4,1133.0,32.38,32.5,0.0,-0.12,13.3,13.51,0.0,-0.21,37,31
2012-12-22 00:00:00,0,1028.7,1031.0,33.86,33.71,0.0,0.15,37.7,38.09,0.0,-0.39,37,31
2012-12-22 01:00:00,1,975.3,982.0,31.69,31.52,0.0,0.17,33.45,33.85,0.0,-0.4,36,31
2012-12-22 02:00:00,2,954.4,958.0,31.7,31.51,0.0,0.19,20.3,20.54,0.0,-0.24,37,30
2012-12-22 03:00:00,3,945.7,957.0,30.11,29.96,0.0,0.15,8.18,8.27,0.0,-0.09,36,30
2012-12-22 04:00:00,4,961.7,963.0,28.84,28.69,0.0,0.15,20.46,20.7,0.0,-0.24,35,29
2012-12-22 05:00:00,5,998.6,1014.0,30.71,30.54,0.0,0.17,30.58,30.91,0.0,-0.33,33,30
2012-12-22 06:00:00,6,1084.2,1099.0,33.68,33.42,0.0,0.26,2.63,2.65,0.0,-0.02,33,30
2012-12-22 07:00:00,7,1215.5,1197.0,39.7,39.41,0.0,0.29,0.0,0.0,0.0,0.0,33,29
2012-12-22 08:00:00,8,1339.8,1305.0,37.82,37.54,0.0,0.28,16.87,17.04,0.0,-0.17,36,29
2012-12-22 09:00:00,9,1381.1,1380.0,42.26,42.17,0.0,0.09,38.37,38.83,0.0,-0.46,36,25
2012-12-22 10:00:00,10,1401.6,1412.0,44.6,44.57,0.0,0.03,37.21,37.66,0.0,-0.45,36,24
2012-12-22 11:00:00,11,1391.1,1414.0,45.55,45.54,0.0,0.01,40.52,41.09,0.0,-0.57,35,21
2012-12-22 12:00:00,12,1364.6,1395.0,40.07,40.0,0.0,0.07,37.13,37.69,0.0,-0.56,36,19
2012-12-22 13:00:00,13,1337.6,1387.0,42.33,42.2,0.0,0.13,35.17,35.69,0.0,-0.52,34,19
2012-12-22 14:00:00,14,1287.9,1385.0,37.59,37.41,0.0,0.18,13.78,13.99,0.0,-0.21,32,17
2012-12-22 15:00:00,15,1306.3,1410.0,37.47,37.22,0.0,0.25,11.07,11.22,0.0,-0.15,31,16
2012-12-22 16:00:00,16,1432.4,1552.0,50.47,47.33,2.93,0.21,43.25,40.93,2.59,-0.27,29,14
2012-12-22 17:00:00,17,1529.7,1646.0,61.4,57.57,3.6,0.23,54.82,52.2,3.13,-0.51,27,15
2012-12-22 18:00:00,18,1542.7,1634.0,57.77,54.54,3.08,0.15,40.5,39.67,1.14,-0.31,27,13
2012-12-22 19:00:00,19,1499.9,1603.0,48.26,46.37,1.74,0.15,37.18,37.03,0.35,-0.2,26,12
2012-12-22 20:00:00,20,1423.4,1557.0,46.58,45.01,1.5,0.07,36.5,36.56,0.19,-0.25,26,13
2012-12-22 21:00:00,21,1339.8,1483.0,40.57,40.46,0.0,0.11,35.95,36.21,0.04,-0.3,26,13
2012-12-22 22:00:00,22,1209.3,1375.0,37.7,37.58,0.0,0.12,34.46,34.81,0.0,-0.35,25,14
2012-12-22 23:00:00,23,1086.1,1256.0,36.32,36.32,0.0,0.0,28.51,28.92,0.0,-0.41,25,16
2012-12-23 00:00:00,0,1044.5,1157.0,33.34,33.43,0.0,-0.09,32.22,32.62,0.0,-0.4,26,16
2012-12-23 01:00:00,1,996.6,1111.0,31.59,31.73,0.0,-0.14,29.81,30.15,0.0,-0.34,26,13
2012-12-23 02:00:00,2,979.4,1084.0,27.73,27.87,0.0,-0.14,31.57,31.9,0.0,-0.33,26,12
2012-12-23 03:00:00,3,974.6,1072.0,23.9,24.0,0.0,-0.1,27.85,28.15,0.0,-0.3,25,11
2012-12-23 04:00:00,4,988.0,1077.0,27.46,27.56,0.0,-0.1,21.53,21.78,0.0,-0.25,24,10
2012-12-23 05:00:00,5,1016.2,1116.0,30.61,30.7,0.0,-0.09,26.79,27.13,0.0,-0.34,22,10
2012-12-23 06:00:00,6,1079.5,1182.0,31.29,31.49,0.0,-0.2,31.29,31.71,0.0,-0.42,19,10
2012-12-23 07:00:00,7,1192.2,1261.0,36.18,36.32,0.0,-0.14,30.55,30.86,0.0,-0.31,17,10
2012-12-23 08:00:00,8,1302.7,1364.0,37.3,37.24,0.0,0.06,34.63,34.85,0.0,-0.22,17,12
2012-12-23 09:00:00,9,1348.2,1425.0,39.09,39.24,0.0,-0.15,36.73,36.92,0.0,-0.19,25,14
2012-12-23 10:00:00,10,1379.2,1437.0,39.29,39.39,0.0,-0.1,36.02,36.23,0.0,-0.21,29,13
2012-12-23 11:00:00,11,1376.7,1431.0,40.94,41.05,0.0,-0.11,34.33,34.59,0.0,-0.26,32,12
2012-12-23 12:00:00,12,1338.8,1421.0,37.62,37.72,0.0,-0.1,36.41,36.73,0.0,-0.32,34,12
2012-12-23 13:00:00,13,1316.5,1402.0,37.54,37.65,0.0,-0.11,32.61,32.93,0.0,-0.32,37,13
2012-12-23 14:00:00,14,1302.4,1388.0,37.21,37.27,0.0,-0.06,33.89,34.2,0.0,-0.31,38,15
2012-12-23 15:00:00,15,1315.4,1404.0,37.36,37.39,0.0,-0.03,22.35,22.54,0.0,-0.19,38,15
2012-12-23 16:00:00,16,1468.7,1551.0,45.48,44.24,1.38,-0.14,35.24,35.42,0.0,-0.18,35,17
2012-12-23 17:00:00,17,1569.6,1660.0,58.73,55.65,3.31,-0.23,36.67,36.83,0.0,-0.16,33,19
2012-12-23 18:00:00,18,1553.0,1652.0,56.75,54.54,2.47,-0.26,37.33,37.51,0.0,-0.18,33,19
2012-12-23 19:00:00,19,1545.3,1616.0,51.35,49.64,1.83,-0.12,39.16,39.42,0.0,-0.26,31,20
2012-12-23 20:00:00,20,1461.9,1558.0,48.81,47.16,1.88,-0.23,37.47,37.78,0.0,-0.31,30,21
2012-12-23 21:00:00,21,1340.3,1475.0,38.27,38.55,0.0,-0.28,40.71,41.21,0.0,-0.5,32,22
2012-12-23 22:00:00,22,1236.8,1348.0,35.39,35.61,0.0,-0.22,31.5,31.97,0.0,-0.47,31,22
2012-12-23 23:00:00,23,1085.4,1218.0,32.2,32.35,0.0,-0.15,27.83,28.1,0.0,-0.27,32,22
2012-12-24 00:00:00,0,1030.9,1125.0,31.81,31.94,0.0,-0.13,34.17,34.6,0.0,-0.43,33,21
2012-12-24 01:00:00,1,996.4,1066.0,29.06,29.19,0.0,-0.13,28.0,28.39,0.0,-0.39,33,21
2012-12-24 02:00:00,2,978.7,1041.0,31.67,31.71,0.0,-0.04,28.41,28.7,0.0,-0.29,33,22
2012-12-24 03:00:00,3,980.0,1035.0,30.74,30.79,0.0,-0.05,25.12,25.39,0.0,-0.27,33,23
2012-12-24 04:00:00,4,1020.5,1051.0,32.05,32.06,0.0,-0.01,15.8,16.01,0.0,-0.21,32,23
2012-12-24 05:00:00,5,1111.2,1121.0,32.22,32.21,0.0,0.01,25.94,26.29,0.0,-0.35,32,21
2012-12-24 06:00:00,6,1266.3,1223.0,38.81,38.86,0.0,-0.05,36.15,36.56,0.0,-0.41,29,22
2012-12-24 07:00:00,7,1392.4,1324.0,40.08,40.23,0.0,-0.15,35.9,36.23,0.0,-0.33,29,15
2012-12-24 08:00:00,8,1446.3,1418.0,38.97,39.17,0.0,-0.2,33.77,34.04,0.0,-0.27,27,19
2012-12-24 09:00:00,9,1462.3,1481.0,41.53,41.73,0.0,-0.2,34.89,35.19,0.0,-0.3,30,15
2012-12-24 10:00:00,10,1474.5,1499.0,42.94,43.14,0.0,-0.2,33.47,33.81,0.0,-0.34,32,13
2012-12-24 11:00:00,11,1471.9,1488.0,41.42,41.63,0.0,-0.21,24.21,24.47,0.0,-0.26,33,13
2012-12-24 12:00:00,12,1456.5,1458.0,39.36,39.42,0.0,-0.06,31.41,31.68,0.0,-0.27,34,12
2012-12-24 13:00:00,13,1438.2,1431.0,37.55,37.5,0.0,0.05,26.16,26.4,0.0,-0.24,34,12
2012-12-24 14:00:00,14,1426.7,1414.0,37.54,37.56,0.0,-0.02,20.12,20.29,0.0,-0.17,35,12
2012-12-24 15:00:00,15,1416.6,1436.0,37.51,37.45,0.0,0.06,31.65,31.88,0.0,-0.23,35,12
2012-12-24 16:00:00,16,1531.5,1560.0,47.46,47.65,0.0,-0.19,44.04,44.45,0.0,-0.41,31,13
2012-12-24 17:00:00,17,1627.9,1606.0,53.44,53.62,0.0,-0.18,37.26,37.58,0.0,-0.32,28,13
2012-12-24 18:00:00,18,1631.7,1544.0,50.34,50.44,0.0,-0.1,32.93,33.17,0.0,-0.24,25,13
2012-12-24 19:00:00,19,1594.3,1483.0,46.11,46.2,0.01,-0.1,10.35,10.42,0.0,-0.07,24,17
2012-12-24 20:00:00,20,1508.4,1444.0,42.76,42.82,0.0,-0.06,26.22,26.37,0.0,-0.15,24,16
2012-12-24 21:00:00,21,1402.5,1401.0,41.03,41.34,0.0,-0.31,31.78,32.03,0.0,-0.25,24,18
2012-12-24 22:00:00,22,1282.1,1327.0,37.47,37.57,0.0,-0.1,34.35,34.54,0.0,-0.19,24,17
2012-12-24 23:00:00,23,1113.1,1229.0,34.42,34.67,0.0,-0.25,29.4,29.64,0.0,-0.24,24,17
2012-12-25 00:00:00,0,965.3,1131.0,33.59,33.75,0.0,-0.16,35.88,36.13,0.0,-0.25,24,17
2012-12-25 01:00:00,1,931.9,1080.0,27.88,27.97,0.0,-0.09,35.87,36.07,0.0,-0.2,24,18
2012-12-25 02:00:00,2,954.4,1052.0,18.35,18.34,0.0,0.01,23.81,23.89,0.0,-0.08,21,17
2012-12-25 03:00:00,3,943.0,1040.0,18.35,18.35,0.0,0.0,9.07,9.1,0.0,-0.03,20,17
2012-12-25 04:00:00,4,966.6,1047.0,18.46,18.45,0.0,0.01,8.3,8.32,0.0,-0.02,24,19
2012-12-25 05:00:00,5,988.9,1083.0,29.02,29.04,0.0,-0.02,31.08,31.16,0.0,-0.08,25,19
2012-12-25 06:00:00,6,1087.0,1156.0,35.46,35.44,0.0,0.02,29.18,29.23,0.0,-0.05,25,19
2012-12-25 07:00:00,7,1198.6,1255.0,45.68,45.75,0.0,-0.07,36.76,36.75,0.0,0.01,25,21
2012-12-25 08:00:00,8,1276.7,1364.0,48.7,48.75,0.0,-0.05,39.77,39.66,0.0,0.11,24,21
2012-12-25 09:00:00,9,1304.5,1426.0,51.06,51.28,0.0,-0.22,45.07,45.02,0.0,0.05,25,22
2012-12-25 10:00:00,10,1340.1,1443.0,50.14,50.22,0.0,-0.08,46.65,46.58,0.0,0.07,26,23
2012-12-25 11:00:00,11,1325.0,1448.0,51.31,51.44,0.0,-0.13,47.88,47.87,0.0,0.01,27,23
2012-12-25 12:00:00,12,1296.2,1423.0,44.2,44.1,0.0,0.1,45.1,45.06,0.0,0.04,28,23
2012-12-25 13:00:00,13,1264.1,1374.0,43.82,43.83,0.0,-0.01,40.37,40.36,0.0,0.01,29,23
2012-12-25 14:00:00,14,1256.4,1323.0,37.89,37.84,0.0,0.05,22.31,22.32,0.0,-0.01,32,24
2012-12-25 15:00:00,15,1247.9,1314.0,40.98,40.97,0.0,0.01,18.48,18.48,0.0,0.0,33,23
2012-12-25 16:00:00,16,1353.6,1403.0,45.57,45.33,0.0,0.24,41.26,41.23,0.0,0.03,31,21
2012-12-25 17:00:00,17,1444.5,1477.0,53.75,53.55,0.0,0.2,35.11,35.07,0.0,0.04,28,20
2012-12-25 18:00:00,18,1414.6,1478.0,51.15,50.95,0.0,0.2,34.72,34.66,0.0,0.06,27,17
2012-12-25 19:00:00,19,1406.6,1470.0,51.22,51.0,0.0,0.22,36.19,36.17,0.0,0.02,27,16
2012-12-25 20:00:00,20,1423.7,1448.0,51.17,50.99,0.0,0.18,37.96,38.02,0.0,-0.06,26,16
2012-12-25 21:00:00,21,1341.5,1387.0,42.5,42.44,0.0,0.06,35.74,35.85,0.0,-0.11,24,15
2012-12-25 22:00:00,22,1210.6,1289.0,40.73,40.84,0.0,-0.11,32.31,32.48,0.0,-0.17,23,13
2012-12-25 23:00:00,23,1021.5,1186.0,34.24,34.34,0.0,-0.1,22.33,22.48,0.0,-0.15,22,12
2012-12-26 00:00:00,0,1075.3,1113.0,35.5,35.51,0.0,-0.01,24.3,24.46,0.0,-0.16,20,11
2012-12-26 01:00:00,1,1032.0,1078.0,34.9,34.95,0.0,-0.05,41.73,42.02,0.0,-0.29,20,10
2012-12-26 02:00:00,2,1016.5,1063.0,35.4,35.45,0.0,-0.05,51.18,51.63,0.0,-0.45,17,10
2012-12-26 03:00:00,3,1003.4,1071.0,40.18,40.25,0.0,-0.07,34.09,34.29,0.0,-0.2,18,9
2012-12-26 04:00:00,4,1049.3,1111.0,40.7,40.67,0.0,0.03,39.93,40.1,0.0,-0.17,15,9
2012-12-26 05:00:00,5,1165.8,1204.0,35.68,35.61,0.0,0.07,36.18,36.31,0.0,-0.13,16,9
2012-12-26 06:00:00,6,1328.7,1343.0,44.28,44.22,0.0,0.06,34.1,34.09,0.0,0.01,17,9
2012-12-26 07:00:00,7,1436.6,1454.0,48.1,47.79,0.0,0.31,43.01,42.85,0.0,0.16,16,9
2012-12-26 08:00:00,8,1489.4,1535.0,49.48,49.2,0.0,0.28,47.33,47.07,0.0,0.26,17,9
2012-12-26 09:00:00,9,1500.2,1571.0,53.41,53.17,0.0,0.24,65.46,65.08,0.0,0.38,20,10
2012-12-26 10:00:00,10,1526.3,1590.0,52.94,52.68,0.0,0.26,54.01,53.65,0.0,0.36,23,11
2012-12-26 11:00:00,11,1497.2,1574.0,54.08,53.71,0.0,0.37,58.49,58.21,0.0,0.28,27,12
2012-12-26 12:00:00,12,1481.0,1549.0,51.37,51.0,0.0,0.37,45.91,45.72,0.0,0.19,29,11
2012-12-26 13:00:00,13,1464.7,1543.0,51.26,50.85,0.0,0.41,40.87,40.74,0.0,0.13,30,12
2012-12-26 14:00:00,14,1443.4,1528.0,50.16,49.73,0.0,0.43,38.93,38.77,0.0,0.16,32,12
2012-12-26 15:00:00,15,1453.1,1545.0,46.31,45.79,0.0,0.52,40.76,40.57,0.0,0.19,32,14
2012-12-26 16:00:00,16,1561.6,1688.0,58.12,57.63,0.0,0.49,63.09,62.84,0.0,0.25,31,14
2012-12-26 17:00:00,17,1636.5,1769.0,76.07,75.41,0.0,0.66,59.94,59.75,0.0,0.19,29,15
2012-12-26 18:00:00,18,1602.0,1762.0,68.4,67.96,0.0,0.44,54.26,54.26,0.0,0.0,29,19
2012-12-26 19:00:00,19,1565.1,1711.0,63.05,62.64,0.0,0.41,48.32,48.29,0.0,0.03,29,19
2012-12-26 20:00:00,20,1525.1,1642.0,54.85,54.48,0.0,0.37,46.91,46.96,0.0,-0.05,29,21
2012-12-26 21:00:00,21,1412.7,1529.0,47.47,47.17,0.0,0.3,39.58,39.69,0.0,-0.11,29,22
2012-12-26 22:00:00,22,1280.9,1385.0,44.52,44.57,0.0,-0.05,37.98,38.23,0.0,-0.25,29,19
2012-12-26 23:00:00,23,1114.9,1255.0,41.89,41.87,0.0,0.02,51.03,51.49,0.0,-0.46,27,23
2012-12-27 00:00:00,0,1016.8,1153.0,37.65,37.62,0.0,0.03,51.13,51.52,0.0,-0.39,26,24
2012-12-27 01:00:00,1,977.2,1108.0,35.87,35.89,0.0,-0.02,34.87,35.16,0.0,-0.29,26,24
2012-12-27 02:00:00,2,965.0,1085.0,32.8,32.83,0.0,-0.03,38.17,38.4,0.0,-0.23,27,24
2012-12-27 03:00:00,3,968.3,1080.0,33.19,33.24,0.0,-0.05,34.26,34.47,0.0,-0.21,27,24
2012-12-27 04:00:00,4,1008.6,1104.0,36.2,36.19,0.0,0.01,66.63,67.01,0.0,-0.38,26,24
2012-12-27 05:00:00,5,1098.8,1176.0,36.82,36.72,0.0,0.1,48.77,49.0,0.0,-0.23,26,23
2012-12-27 06:00:00,6,1266.5,1304.0,39.6,39.25,0.0,0.35,39.27,39.15,0.0,0.12,27,24
2012-12-27 07:00:00,7,1390.8,1400.0,45.11,44.8,0.0,0.31,48.96,48.82,0.0,0.14,27,25
2012-12-27 08:00:00,8,1427.3,1469.0,44.02,43.75,0.0,0.27,38.26,38.04,0.0,0.22,28,26
2012-12-27 09:00:00,9,1493.8,1544.0,44.09,44.05,0.0,0.04,44.34,44.1,0.0,0.24,29,26
2012-12-27 10:00:00,10,1509.5,1595.0,44.87,44.89,0.0,-0.02,47.08,47.0,0.0,0.08,30,28
2012-12-27 11:00:00,11,1499.8,1615.0,45.0,45.06,0.0,-0.06,49.71,49.83,0.0,-0.12,32,29
2012-12-27 12:00:00,12,1484.4,1611.0,43.73,43.65,0.0,0.08,48.85,48.97,0.0,-0.12,32,29
2012-12-27 13:00:00,13,1461.2,1597.0,43.46,43.34,0.0,0.12,49.95,50.11,0.0,-0.16,32,28
2012-12-27 14:00:00,14,1463.9,1570.0,38.11,37.91,0.0,0.2,46.32,46.43,0.0,-0.11,31,28
2012-12-27 15:00:00,15,1444.1,1590.0,41.47,41.25,0.0,0.22,44.14,44.19,0.0,-0.05,32,27
2012-12-27 16:00:00,16,1562.8,1715.0,50.05,50.12,0.0,-0.07,59.14,59.38,0.0,-0.24,31,27
2012-12-27 17:00:00,17,1640.0,1793.0,50.21,50.31,0.0,-0.1,88.01,88.44,0.0,-0.43,30,27
2012-12-27 18:00:00,18,1621.4,1760.0,52.46,52.71,0.0,-0.25,77.98,78.52,0.0,-0.54,30,26
2012-12-27 19:00:00,19,1596.6,1695.0,45.79,45.82,0.0,-0.03,42.83,43.08,0.0,-0.25,30,28
2012-12-27 20:00:00,20,1511.7,1608.0,43.92,43.75,0.0,0.17,39.51,39.65,0.0,-0.14,30,28
2012-12-27 21:00:00,21,1399.8,1481.0,44.12,44.08,0.0,0.04,39.22,39.43,0.0,-0.21,30,28
2012-12-27 22:00:00,22,1274.2,1337.0,43.87,43.99,0.0,-0.12,41.47,41.8,0.0,-0.33,29,27
2012-12-27 23:00:00,23,1126.6,1208.0,33.79,33.95,0.0,-0.16,36.33,36.71,0.0,-0.38,29,27
2012-12-28 00:00:00,0,1072.2,1124.0,50.49,50.55,0.0,-0.06,86.06,86.81,0.0,-0.75,27,23
2012-12-28 01:00:00,1,1043.8,1084.0,44.4,44.39,0.0,0.01,47.59,47.91,0.0,-0.32,26,20
2012-12-28 02:00:00,2,1029.8,1068.0,38.51,38.56,0.0,-0.05,38.65,38.87,0.0,-0.22,25,19
2012-12-28 03:00:00,3,1034.3,1069.0,36.02,36.07,0.0,-0.05,38.62,38.93,0.0,-0.31,25,19
2012-12-28 04:00:00,4,1078.8,1096.0,38.5,38.48,0.0,0.02,28.29,28.61,0.0,-0.32,25,19
2012-12-28 05:00:00,5,1160.9,1185.0,47.06,46.94,0.0,0.12,41.84,42.4,0.0,-0.56,25,18
2012-12-28 06:00:00,6,1320.8,1313.0,52.02,52.3,0.0,-0.28,55.53,56.25,0.0,-0.72,25,18
2012-12-28 07:00:00,7,1425.0,1411.0,58.59,59.2,0.0,-0.61,56.46,57.19,0.0,-0.73,25,17
2012-12-28 08:00:00,8,1450.1,1478.0,56.72,57.07,0.0,-0.35,53.14,53.56,0.0,-0.42,25,17
2012-12-28 09:00:00,9,1491.5,1515.0,70.48,71.25,0.0,-0.77,58.69,59.34,0.0,-0.65,26,18
2012-12-28 10:00:00,10,1501.3,1531.0,67.33,68.03,0.0,-0.7,57.9,58.55,0.0,-0.65,28,18
2012-12-28 11:00:00,11,1473.4,1523.0,62.38,62.95,0.0,-0.57,55.97,56.64,0.0,-0.67,29,19
2012-12-28 12:00:00,12,1407.4,1504.0,56.49,56.92,0.0,-0.43,54.39,54.91,0.0,-0.52,29,19
2012-12-28 13:00:00,13,1411.6,1485.0,54.82,55.13,0.0,-0.31,50.94,51.27,0.0,-0.33,31,20
2012-12-28 14:00:00,14,1373.6,1471.0,54.41,54.65,0.0,-0.24,47.89,48.18,0.0,-0.29,31,21
2012-12-28 15:00:00,15,1359.4,1479.0,54.82,55.19,0.0,-0.37,44.43,44.69,0.0,-0.26,31,21
2012-12-28 16:00:00,16,1474.6,1605.0,74.28,72.11,3.27,-1.1,60.22,60.75,0.0,-0.53,30,20
2012-12-28 17:00:00,17,1624.1,1716.0,88.65,89.86,-0.16,-1.05,61.02,61.77,0.0,-0.75,28,20
2012-12-28 18:00:00,18,1562.5,1698.0,74.02,77.34,-2.23,-1.09,83.9,85.02,0.0,-1.12,26,20
2012-12-28 19:00:00,19,1533.3,1644.0,69.2,70.35,-0.26,-0.89,54.79,55.33,0.0,-0.54,24,19
2012-12-28 20:00:00,20,1470.1,1579.0,59.92,59.62,1.03,-0.73,55.77,56.39,0.0,-0.62,24,19
2012-12-28 21:00:00,21,1375.6,1477.0,57.06,57.81,0.0,-0.75,55.33,55.94,0.0,-0.61,27,21
2012-12-28 22:00:00,22,1300.2,1344.0,54.79,55.18,0.0,-0.39,47.66,48.03,0.0,-0.37,26,20
2012-12-28 23:00:00,23,1166.3,1225.0,49.7,50.01,0.0,-0.31,20.92,21.02,0.0,-0.1,26,19
2012-12-29 00:00:00,0,1114.7,1141.0,67.79,68.18,0.0,-0.39,65.68,66.1,0.0,-0.42,24,19
2012-12-29 01:00:00,1,1060.9,1088.0,64.81,65.25,0.0,-0.44,58.51,59.1,0.0,-0.59,21,17
2012-12-29 02:00:00,2,1047.7,1068.0,54.56,54.84,0.0,-0.28,43.21,43.57,0.0,-0.36,22,18
2012-12-29 03:00:00,3,1040.1,1063.0,52.62,52.9,0.0,-0.28,35.18,35.46,0.0,-0.28,18,16
2012-12-29 04:00:00,4,1057.8,1080.0,53.5,53.74,0.0,-0.24,38.56,38.86,0.0,-0.3,16,14
2012-12-29 05:00:00,5,1097.7,1120.0,51.37,51.62,0.0,-0.25,36.0,36.26,0.0,-0.26,17,14
2012-12-29 06:00:00,6,1158.4,1199.0,60.42,60.74,0.0,-0.32,55.72,56.17,0.0,-0.45,15,13
2012-12-29 07:00:00,7,1269.1,1282.0,69.31,69.88,0.0,-0.57,55.6,55.9,0.0,-0.3,18,16
2012-12-29 08:00:00,8,1366.8,1379.0,77.65,78.19,0.0,-0.54,67.12,67.31,0.0,-0.19,19,17
2012-12-29 09:00:00,9,1446.8,1460.0,83.27,84.24,0.0,-0.97,77.58,78.06,0.0,-0.48,23,20
2012-12-29 10:00:00,10,1475.6,1493.0,85.75,87.32,0.0,-1.57,71.49,72.16,0.0,-0.67,24,21
2012-12-29 11:00:00,11,1476.8,1496.0,84.1,85.52,0.0,-1.42,73.46,74.15,0.0,-0.69,25,20
2012-12-29 12:00:00,12,1423.2,1487.0,79.12,80.31,0.0,-1.19,75.8,76.31,0.0,-0.51,27,20
2012-12-29 13:00:00,13,1397.7,1474.0,78.97,80.18,0.0,-1.21,78.09,78.93,0.0,-0.84,27,20
2012-12-29 14:00:00,14,1353.7,1459.0,75.82,76.71,0.0,-0.89,76.8,77.56,0.0,-0.76,28,21
2012-12-29 15:00:00,15,1330.5,1480.0,77.24,78.33,0.0,-1.09,77.2,77.82,0.0,-0.62,28,24
2012-12-29 16:00:00,16,1490.6,1601.0,91.19,92.77,0.0,-1.58,104.65,105.78,0.0,-1.13,27,25
2012-12-29 17:00:00,17,1587.5,1691.0,97.97,99.67,0.0,-1.7,118.24,119.63,0.0,-1.39,27,25
2012-12-29 18:00:00,18,1526.6,1662.0,94.78,96.29,0.0,-1.51,112.52,113.9,0.0,-1.38,28,25
2012-12-29 19:00:00,19,1469.2,1605.0,87.14,88.75,0.0,-1.61,79.3,80.23,0.0,-0.93,27,25
2012-12-29 20:00:00,20,1396.5,1539.0,87.44,88.98,0.0,-1.54,81.58,82.48,0.0,-0.9,27,25
2012-12-29 21:00:00,21,1310.1,1450.0,86.07,87.76,0.0,-1.69,77.34,78.28,0.0,-0.94,27,25
2012-12-29 22:00:00,22,1220.3,1325.0,91.36,93.3,0.0,-1.94,72.46,73.44,0.0,-0.98,26,24
2012-12-29 23:00:00,23,1096.5,1208.0,74.11,74.6,0.0,-0.49,56.87,57.18,0.0,-0.31,26,24
2012-12-30 00:00:00,0,1091.7,1130.0,59.65,59.83,0.0,-0.18,56.22,56.55,0.0,-0.33,26,24
2012-12-30 01:00:00,1,1053.1,1070.0,49.98,50.11,0.0,-0.13,37.57,37.84,0.0,-0.27,26,24
2012-12-30 02:00:00,2,1033.2,1046.0,35.25,35.32,0.0,-0.07,34.23,34.47,0.0,-0.24,26,25
2012-12-30 03:00:00,3,1037.5,1037.0,35.12,35.22,0.0,-0.1,18.47,18.62,0.0,-0.15,26,22
2012-12-30 04:00:00,4,1046.2,1050.0,35.16,35.21,0.0,-0.05,39.16,39.53,0.0,-0.37,26,21
2012-12-30 05:00:00,5,1065.1,1084.0,41.25,41.29,0.0,-0.04,39.5,39.88,0.0,-0.38,26,20
2012-12-30 06:00:00,6,1121.2,1151.0,43.92,43.98,0.0,-0.06,48.07,48.61,0.0,-0.54,25,18
2012-12-30 07:00:00,7,1220.4,1222.0,44.78,44.95,0.0,-0.17,41.54,42.04,0.0,-0.5,23,15
2012-12-30 08:00:00,8,1313.7,1323.0,68.04,68.11,0.0,-0.07,38.02,38.26,0.0,-0.24,21,13
2012-12-30 09:00:00,9,1415.0,1403.0,77.9,77.89,0.0,0.01,56.33,56.76,0.0,-0.43,20,11
2012-12-30 10:00:00,10,1450.0,1449.0,77.48,77.91,0.0,-0.43,58.43,59.06,0.0,-0.63,21,11
2012-12-30 11:00:00,11,1451.2,1476.0,77.59,78.26,0.0,-0.67,61.08,61.85,0.0,-0.77,22,12
2012-12-30 12:00:00,12,1400.9,1481.0,75.51,75.98,0.0,-0.47,72.37,73.32,0.0,-0.95,23,12
2012-12-30 13:00:00,13,1386.8,1470.0,71.86,72.3,0.0,-0.44,67.75,68.51,0.0,-0.76,25,11
2012-12-30 14:00:00,14,1352.9,1454.0,67.04,67.54,0.0,-0.5,33.42,33.73,0.0,-0.31,24,10
2012-12-30 15:00:00,15,1357.9,1476.0,66.49,66.84,0.0,-0.35,55.38,55.89,0.0,-0.51,25,10
2012-12-30 16:00:00,16,1518.1,1618.0,92.81,93.79,0.02,-1.0,74.81,75.44,0.0,-0.63,23,9
2012-12-30 17:00:00,17,1663.2,1737.0,115.07,117.05,0.03,-2.01,93.85,95.07,0.04,-1.26,21,8
2012-12-30 18:00:00,18,1622.8,1725.0,109.38,111.51,0.03,-2.16,82.83,83.81,0.04,-1.02,20,7
2012-12-30 19:00:00,19,1591.7,1669.0,99.34,100.74,0.04,-1.44,75.8,76.6,0.0,-0.8,19,6
2012-12-30 20:00:00,20,1553.9,1608.0,98.3,99.82,0.0,-1.52,79.81,80.8,0.0,-0.99,18,6
2012-12-30 21:00:00,21,1454.2,1504.0,79.79,80.81,0.0,-1.02,69.3,70.07,0.0,-0.77,18,5
2012-12-30 22:00:00,22,1322.4,1377.0,72.38,72.68,0.0,-0.3,59.42,60.05,0.0,-0.63,18,5
2012-12-30 23:00:00,23,1172.5,1275.0,67.58,67.7,0.0,-0.12,67.14,67.49,0.0,-0.35,17,5
2012-12-31 00:00:00,0,1097.4,1194.0,61.45,61.62,0.0,-0.17,59.85,60.31,0.0,-0.46,18,6
2012-12-31 01:00:00,1,1068.0,1144.0,52.55,52.6,0.0,-0.05,57.32,57.71,0.0,-0.39,18,6
2012-12-31 02:00:00,2,1058.2,1120.0,53.17,53.25,0.0,-0.08,56.24,56.54,0.0,-0.3,18,6
2012-12-31 03:00:00,3,1055.7,1111.0,55.22,55.25,0.0,-0.03,49.01,49.23,0.0,-0.22,19,7
2012-12-31 04:00:00,4,1103.1,1137.0,59.66,59.54,0.0,0.12,30.52,30.64,0.0,-0.12,19,8
2012-12-31 05:00:00,5,1174.9,1208.0,68.05,67.81,0.0,0.24,52.72,52.93,0.0,-0.21,20,10
2012-12-31 06:00:00,6,1334.7,1315.0,79.6,79.61,0.0,-0.01,68.22,68.61,0.0,-0.39,20,11
2012-12-31 07:00:00,7,1469.0,1407.0,79.62,79.53,0.0,0.09,73.38,73.59,0.0,-0.21,17,10
2012-12-31 08:00:00,8,1486.8,1481.0,80.11,80.55,0.0,-0.44,75.17,75.42,0.0,-0.25,17,11
2012-12-31 09:00:00,9,1493.6,1544.0,87.71,88.44,0.0,-0.73,78.11,78.38,0.0,-0.27,21,12
2012-12-31 10:00:00,10,1508.8,1563.0,83.86,84.4,0.0,-0.54,84.93,85.67,0.0,-0.74,27,14
2012-12-31 11:00:00,11,1507.0,1555.0,80.06,80.39,0.0,-0.33,76.65,77.17,0.0,-0.52,29,16
2012-12-31 12:00:00,12,1487.8,1532.0,78.24,78.29,0.0,-0.05,73.43,73.61,0.0,-0.18,30,18
2012-12-31 13:00:00,13,1475.7,1511.0,77.68,77.7,0.0,-0.02,64.67,64.8,0.0,-0.13,32,20
2012-12-31 14:00:00,14,1467.0,1492.0,77.69,77.82,0.0,-0.13,62.1,62.2,0.0,-0.1,31,21
2012-12-31 15:00:00,15,1453.8,1491.0,77.77,77.95,0.0,-0.18,65.1,65.08,0.0,0.02,31,22
2012-12-31 16:00:00,16,1555.4,1598.0,88.97,89.32,0.0,-0.35,98.62,98.89,0.0,-0.27,31,22
2012-12-31 17:00:00,17,1671.5,1681.0,109.29,110.29,0.0,-1.0,136.98,138.01,0.0,-1.03,31,22
2012-12-31 18:00:00,18,1683.9,1620.0,107.68,108.57,0.0,-0.89,75.93,76.23,0.0,-0.3,30,22
2012-12-31 19:00:00,19,1644.7,1533.0,88.86,89.05,0.0,-0.19,51.21,51.42,0.0,-0.21,28,21
2012-12-31 20:00:00,20,1549.0,1450.0,88.15,88.83,0.0,-0.68,51.61,51.91,0.0,-0.3,27,20
2012-12-31 21:00:00,21,1434.0,1371.0,77.66,78.05,0.0,-0.39,56.25,56.71,0.0,-0.46,26,20
2012-12-31 22:00:00,22,1321.9,1281.0,77.6,77.95,0.0,-0.35,47.41,47.81,0.0,-0.4,28,20
2012-12-31 23:00:00,23,1162.5,1202.0,60.75,60.74,0.0,0.01,51.85,51.9,0.0,-0.05,28,20
